human_gene_id,gene_name,n_species,status,spearman_rho,spearman_p,spearman_permutations,spearman_extreme_count,spearman_mc_p_low,spearman_mc_p_high,spearman_asymptotic_p,spearman_q_bh_planned,spearman_q_by_planned,spearman_asymptotic_q_bh_planned,significant_bh_0_05,significant_by_0_05
ENSG00000100439,ABHD4,30,ok,-0.7741648874921184,1e-06,999999,0,0.0,3.6888763390760235e-06,5.19308619227445e-07,0.001518,0.01304823690386289,0.0010265012649090992,True,True
ENSG00000151790,TDO2,35,ok,0.7213310000186016,1e-06,999999,0,0.0,3.6888763390760235e-06,1.0143293131512838e-06,0.001518,0.01304823690386289,0.0010265012649090992,True,True
ENSG00000055813,CCDC85A,30,ok,0.7512238726258927,3e-06,999999,2,2.422096125257076e-07,7.22467601909869e-06,1.7228416643664e-06,0.003036,0.02609647380772578,0.0013076368232540975,True,True
ENSG00000108231,LGI1,32,ok,-0.7477543663681832,5e-06,999999,4,1.0898675043913803e-06,1.0241566955084692e-05,8.718010188803565e-07,0.003795,0.03262059225965722,0.0010265012649090992,True,True
ENSG00000154930,ACSS1,30,ok,0.7283044239053753,7e-06,999999,6,2.201899535967594e-06,1.3059440985450625e-05,5.057951766370877e-06,0.0042504,0.03653506333081609,0.003071188312540396,True,True
ENSG00000126775,ATG14,30,ok,-0.7109479481752744,1.9e-05,999999,18,1.0667985223664863e-05,2.8447640107195094e-05,1.0675888917821535e-05,0.009614000000000001,0.08263883372446497,0.005401999792417696,True,False
ENSG00000074803,SLC12A1,35,ok,-0.6464448352113871,4.1e-05,999999,40,2.857676395355361e-05,5.446830738622716e-05,2.726027153865504e-05,0.017782285714285716,0.1528507751595367,0.011823169198765244,True,False
ENSG00000133059,DSTYK,34,ok,-0.6407826352797309,5.8e-05,999999,57,4.317156345671516e-05,7.38495630555806e-05,4.456553551480512e-05,0.020914666666666668,0.17977570845322202,0.01387268107411263,True,False
ENSG00000106113,CRHR2,31,ok,-0.6727199354317998,6.2e-05,999999,61,4.6660524447528954e-05,7.835645024085945e-05,3.3846110408076596e-05,0.020914666666666668,0.17977570845322202,0.012844598899865068,True,False
ENSG00000085449,WDFY1,33,ok,0.6479297931800418,6.9e-05,999999,68,5.280508835646852e-05,8.620550460883535e-05,4.569394293185978e-05,0.0209484,0.18006566927330786,0.01387268107411263,True,False
ENSG00000151962,RBM46,30,ok,-0.6668892020911731,7.9e-05,999999,78,6.165629790402786e-05,9.734668566782426e-05,5.7119003329854994e-05,0.021803999999999997,0.18742013007366695,0.01576484491903998,True,False
ENSG00000152137,HSPB8,33,ok,-0.6287099762797145,0.00012,999999,119,9.858268894343869e-05,0.00014239971805012536,8.91527111335242e-05,0.029275714285714287,0.25164456886021286,0.0206654417989701,True,False
ENSG00000153162,BMP6,30,ok,-0.6518304257555564,0.000133,999999,132,0.0001104445540846302,0.00015653339459013041,9.52951861612587e-05,0.029275714285714287,0.25164456886021286,0.0206654417989701,True,False
ENSG00000140285,FGF7,36,ok,0.6046736241696686,0.000135,999999,134,0.00011227452877381181,0.0001587027909680712,9.383182407545776e-05,0.029275714285714287,0.25164456886021286,0.0206654417989701,True,False
ENSG00000148484,RSU1,34,ok,-0.6135791076822417,0.000157,999999,156,0.0001324821475726846,0.00018248905523833686,0.00011391104283067454,0.03017025,0.25933370846427495,0.023055595068928528,True,False
ENSG00000106799,TGFBR1,31,ok,-0.6344563760306683,0.000159,999999,158,0.00013432567620931776,0.00018464503331100472,0.00012655147443791626,0.03017025,0.25933370846427495,0.02401314227459461,True,False
ENSG00000152253,SPC25,32,ok,-0.6207718632386592,0.000203,999999,202,0.00017510502286846398,0.00023185671779538442,0.00015017717572576644,0.034514526315789475,0.29667570223519835,0.026474407699920932,True,False
ENSG00000090104,RGS1,32,ok,0.6176551704817019,0.000205,999999,204,0.0001769674421431342,0.00023399395942494847,0.00016568305214048013,0.034514526315789475,0.29667570223519835,0.026474407699920932,True,False
ENSG00000119969,HELLS,30,ok,-0.6362119009126075,0.000216,999999,215,0.00018722253332295155,0.0002457370860124231,0.00015748571475274022,0.034514526315789475,0.29667570223519835,0.026474407699920932,True,False
ENSG00000146197,SCUBE3,30,ok,-0.627309163100292,0.000294,999999,293,0.0002604121543309909,0.0003285377700127022,0.0002071815803810001,0.042089999999999995,0.361792023243471,0.03025905557029768,True,False
ENSG00000116745,RPE65,35,ok,-0.5860305507994683,0.000302,999999,301,0.0002679572892137796,0.00033699185214220546,0.00021644417774824824,0.042089999999999995,0.361792023243471,0.03025905557029768,True,False
ENSG00000104327,CALB1,34,ok,-0.5918538896530643,0.000305,999999,304,0.0002707882780877666,0.00034016057728548975,0.0002270056391476432,0.042089999999999995,0.361792023243471,0.03025905557029768,True,False
ENSG00000104419,NDRG1,31,ok,0.6153691004437272,0.000322,999999,321,0.0002868459339695656,0.000358101373786852,0.00022923526947195213,0.042504,0.3653506333081609,0.03025905557029768,True,False
ENSG00000005884,ITGA3,30,ok,-0.6159323694989549,0.000364,999999,363,0.0003266197626576203,0.00040232417647067305,0.00029063745882912606,0.04507292307692308,0.3874322649916212,0.03393751250020103,True,False
ENSG00000009790,TRAF3IP3,36,ok,-0.5693505930940143,0.00038,999999,379,0.0003418059040317466,0.0004191368937151935,0.000290122647845037,0.04507292307692308,0.3874322649916212,0.03393751250020103,True,False
ENSG00000138303,ASCC1,32,ok,-0.5976895596772125,0.000386,999999,385,0.00034750515524808025,0.00042543723185314234,0.0003035791529229959,0.04507292307692308,0.3874322649916212,0.03413578919534131,True,False
ENSG00000154928,EPHB1,30,ok,0.6160009244960504,0.000401,999999,400,0.0003617633957411694,0.0004411780029967161,0.00029005656225223025,0.04509022222222222,0.38758096284807547,0.03393751250020103,True,False
ENSG00000083782,EPYC,40,ok,-0.5345628754788172,0.000425,999999,424,0.00038460498120500443,0.00046633493969432257,0.0003804574170705107,0.046082142857142856,0.3961071917244091,0.038313746157561716,True,False
ENSG00000106952,TNFSF8,30,ok,-0.6130217066347932,0.000449,999999,448,0.0004074789654158311,0.00049145959001776,0.0003162698189506477,0.046349600000000005,0.39840616679794694,0.034292684654791655,True,False
ENSG00000119689,DLST,31,ok,-0.5995964161486838,0.000458,999999,457,0.0004160645265744798,0.0005008735427540237,0.0003641278589071174,0.046349600000000005,0.39840616679794694,0.03812041998765547,True,False
ENSG00000156469,MTERF3,31,ok,-0.5970751417155512,0.000511,999999,510,0.0004667027527317385,0.0005562327001600674,0.0003912141406075142,0.05004503225806451,0.43017090695960875,0.038313746157561716,False,False
ENSG00000114302,PRKAR2A,30,ok,-0.5993101183201479,0.000555,999999,554,0.0005088340098537784,0.0006020995388608603,0.00046585377097522655,0.052655625000000005,0.452610717602744,0.04419787652127462,False,False
ENSG00000156471,PTDSS1,33,ok,-0.5737691234624249,0.000604,999999,603,0.0005558384411437435,0.000653093214361511,0.00048125469314179214,0.055568,0.47764455090504154,0.04427543176904488,False,False
ENSG00000112992,NNT,30,ok,-0.5920071282368392,0.000703,999999,702,0.0006510406667403542,0.0007558877239553927,0.0005685521046829338,0.06277376470588235,0.5395829731420948,0.050746307538095344,False,False
ENSG00000139746,RBM26,32,ok,-0.571546591787317,0.000752,999999,751,0.0006982605111595335,0.000806666479048299,0.0006331793126986205,0.06523062857142857,0.5607013800974224,0.05339812203758366,False,False
ENSG00000052850,ALX4,32,ok,-0.5744680947696554,0.000775,999999,774,0.0007204450321364335,0.0008304813407244052,0.000585020014437858,0.06535833333333334,0.5617990889163189,0.050746307538095344,False,False
ENSG00000135823,STX6,30,ok,-0.584334682913387,0.000899,999999,898,0.000840243963437492,0.000958679439942628,0.0006973937997740082,0.07376659459459459,0.6340737825174453,0.05689917740801009,False,False
ENSG00000134253,TRIM45,31,ok,-0.5751739700508771,0.000925,999999,924,0.0008654007933567087,0.0009855220520180246,0.000712176792326872,0.07390263157894737,0.6352431124249038,0.05689917740801009,False,False
ENSG00000148798,INA,31,ok,-0.5715150292515635,0.00097,999999,969,0.0009089691042715517,0.0010319528192893573,0.0007839606291578329,0.07551076923076924,0.6490661434229233,0.06102831974674822,False,False
ENSG00000134709,HOOK1,32,ok,0.5561158995048596,0.001068,999999,1067,0.0010039623656275785,0.0011329577174580792,0.000950174579015224,0.077924,0.669809494398295,0.06657228186840326,False,False
ENSG00000135966,TGFBRAP1,30,ok,-0.5751169054096946,0.001069,999999,1068,0.0010049324154059126,0.0011339876499458052,0.0008855104290092481,0.077924,0.669809494398295,0.06631426161353662,False,False
ENSG00000016402,IL20RA,32,ok,0.5574807574454554,0.001078,999999,1077,0.0010136634939666674,0.0011432564126511962,0.0009173909709382535,0.077924,0.669809494398295,0.06631426161353662,False,False
ENSG00000145685,LHFPL2,33,ok,0.5479016963389933,0.00111,999999,1109,0.0010447163447542375,0.0011762030097810404,0.0009648156792522213,0.07837116279069768,0.6736531610831539,0.06657228186840326,False,False
ENSG00000018625,ATP1A2,30,ok,-0.5738453297052505,0.001152,999999,1151,0.0010854937826990508,0.0012194248746161297,0.0009146664727872809,0.079488,0.6832531324204568,0.06631426161353662,False,False
ENSG00000122035,RASL11A,34,ok,0.5392846224396209,0.001227,999999,1226,0.0011583650612584466,0.001296552420442851,0.0009978933830154491,0.0827816,0.7115638524906562,0.06732454024077564,False,False
ENSG00000042429,MED17,36,ok,-0.5188023223961958,0.001319,999999,1318,0.001247841215105567,0.0013910749297885536,0.0011877185382930641,0.08696875,0.7475552392838113,0.07287274184157962,False,False
ENSG00000103591,AAGAB,31,ok,-0.5571025473808391,0.001362,999999,1361,0.001289691967182125,0.0014352235875118812,0.0011322900513355415,0.08696875,0.7475552392838113,0.07287274184157962,False,False
ENSG00000106546,AHR,30,ok,0.5651787023404374,0.001375,999999,1374,0.0013023481203883994,0.0014485672598223464,0.0011367294789176622,0.08696875,0.7475552392838113,0.07287274184157962,False,False
ENSG00000085719,CPNE3,31,ok,-0.5547599838644615,0.001415,999999,1414,0.0013413002529455516,0.0014896146012416734,0.0012001439697229845,0.08767224489795918,0.7536022538353464,0.07287274184157962,False,False
ENSG00000122692,SMU1,31,ok,-0.5551407555248,0.001463,999999,1462,0.0013880622706778259,0.001538851972645543,0.001188878515139817,0.08883336,0.7635828236140563,0.07287274184157962,False,False
ENSG00000088356,PDRG1,30,ok,-0.5577693815860973,0.001587,999999,1586,0.001508955564850489,0.0016659571916469715,0.0013625121331067149,0.09294830769230769,0.7989535827288354,0.07954974684830743,False,False
ENSG00000128815,WDFY4,30,ok,-0.559537057645226,0.001592,999999,1591,0.0015138329015051222,0.0016710797975415476,0.0013053709653356906,0.09294830769230769,0.7989535827288354,0.07770796570115994,False,False
ENSG00000081277,PKP1,31,ok,-0.5413556696802848,0.001994,999999,1993,0.001906535738418153,0.0020823728313501978,0.0016610432287760715,0.1121112,0.9636716055180191,0.09514957061441799,False,False
ENSG00000044524,EPHA3,37,ok,-0.4945433290618161,0.002024,999999,2023,0.001935881545838626,0.002113026747458558,0.0018622566553560323,0.1121112,0.9636716055180191,0.10078369116239824,False,False
ENSG00000144824,PHLDB2,33,ok,0.5241517706507478,0.002031,999999,2030,0.0019427296044933968,0.0021201786248119035,0.00174249757138065,0.1121112,0.9636716055180191,0.09796708567984543,False,False
ENSG00000141665,FBXO15,33,ok,-0.5219789476219022,0.002173,999999,2172,0.0020817024125884733,0.0022652045579892055,0.0018354470984550987,0.11641318032786885,1.0,0.10078369116239824,False,False
ENSG00000143228,NUF2,32,ok,-0.5281012216199945,0.002195,999999,2194,0.0021032424251774626,0.002287664356665285,0.0018921839249857377,0.11641318032786885,1.0,0.10078369116239824,False,False
ENSG00000013016,EHD3,31,ok,-0.5334007032130094,0.002277,999999,2276,0.0021835480553300144,0.002371358036543045,0.0020018623638309507,0.11641318032786885,1.0,0.10134189674230686,False,False
ENSG00000155975,VPS37A,31,ok,0.5333804061698016,0.002303,999999,2302,0.0022090172543604283,0.0023978886229761333,0.0020028042834447997,0.11641318032786885,1.0,0.10134189674230686,False,False
ENSG00000106993,CDC37L1,35,ok,0.5029436698905341,0.002312,999999,2311,0.0022178342193980363,0.002407071584130846,0.002074396086449214,0.11641318032786885,1.0,0.10324371341737401,False,False
ENSG00000138182,KIF20B,34,ok,-0.5113862202474216,0.002339,999999,2338,0.0022442872574171633,0.0024346183260615076,0.001994676353247519,0.11641318032786885,1.0,0.10134189674230686,False,False
ENSG00000145331,TRMT10A,32,ok,-0.5206710077792911,0.002496,999999,2495,0.002398167936324489,0.002594736405755042,0.0022495542189499714,0.12222348387096774,1.0,0.10878738538370407,False,False
ENSG00000027075,PRKCH,32,ok,0.5198019889353284,0.002633,999999,2632,0.002532525873347729,0.002734377433205198,0.0022949539225133376,0.12414904615384617,1.0,0.10878738538370407,False,False
ENSG00000137801,THBS1,35,ok,0.4974071674039775,0.002636,999999,2635,0.002535468803171295,0.0027374344811566045,0.002364943160515306,0.12414904615384617,1.0,0.10878738538370407,False,False
ENSG00000145864,GABRB2,31,ok,0.5273350817026428,0.002658,999999,2657,0.0025570512852213954,0.0027598518366831887,0.002301064583950544,0.12414904615384617,1.0,0.10878738538370407,False,False
ENSG00000135363,LMO2,30,ok,-0.5344904449192517,0.002753,999999,2752,0.00265026806398903,0.0028566343674511,0.002344815608765413,0.126638,1.0,0.10878738538370407,False,False
ENSG00000147454,SLC25A37,32,ok,-0.5140289835196549,0.002888,999999,2887,0.002782786575535572,0.0029941149029601333,0.0026172556207660308,0.12819616901408448,1.0,0.11463836706741397,False,False
ENSG00000133107,TRPC4,31,ok,-0.5211864831165185,0.002929,999999,2928,0.0028230445778700108,0.0030358566172675157,0.002643177106297423,0.12819616901408448,1.0,0.11463836706741397,False,False
ENSG00000100652,SLC10A1,31,ok,-0.5235454297061974,0.002953,999999,2952,0.0028466126680162,0.003060288362487983,0.0025070517958448064,0.12819616901408448,1.0,0.1136031231669378,False,False
ENSG00000122735,DNAI1,33,ok,-0.5048908971746271,0.002994,999999,2993,0.0028868788997162345,0.0031020218515865486,0.002730048840325374,0.12819616901408448,1.0,0.11511705943371993,False,False
ENSG00000120526,NUDCD1,35,ok,-0.49362477715876313,0.002998,999999,2997,0.0028908075848049575,0.003106093139394288,0.002583296527371337,0.12819616901408448,1.0,0.11463836706741397,False,False
ENSG00000112367,FIG4,32,ok,-0.5124254950476826,0.003089,999999,3088,0.002980197954760058,0.0031987021591077212,0.0027134586184805088,0.13025283333333335,1.0,0.11511705943371993,False,False
ENSG00000152910,CNTNAP4,32,ok,-0.5102752637168777,0.003181,999999,3180,0.003070594789993263,0.003292304718453439,0.0028472633912336016,0.1322947397260274,1.0,0.11681475210520559,False,False
ENSG00000079134,THOC1,30,ok,-0.5264566599982253,0.00324,999999,3239,0.003128578970045789,0.003352320155904951,0.0028032042024231127,0.13292756756756754,1.0,0.11658257477474754,False,False
ENSG00000101438,SLC32A1,31,ok,-0.5156281613206548,0.003405,999999,3404,0.0032907867074472843,0.0035201113708583625,0.002989458198868871,0.13513994999999998,1.0,0.12039064376569002,False,False
ENSG00000115827,DCAF17,30,ok,-0.5218649192204777,0.003446,999999,3445,0.0033311035422425713,0.0035617942804529023,0.0030984022225616983,0.13513994999999998,1.0,0.12059934804740148,False,False
ENSG00000085840,ORC1,30,ok,-0.5231419800188014,0.00345,999999,3449,0.0033350371124046185,0.0035658606854486324,0.0030137315303664165,0.13513994999999998,1.0,0.12039064376569002,False,False
ENSG00000126500,FLRT1,33,ok,-0.49974929663448214,0.003495,999999,3494,0.0033792924420559044,0.003611605077465375,0.0030643981159663557,0.13513994999999998,1.0,0.12059934804740148,False,False
ENSG00000072571,HMMR,34,ok,-0.4896414661505811,0.003544,999999,3543,0.003427487068964336,0.0036614101498169314,0.003291210829359674,0.13513994999999998,1.0,0.12268799068070015,False,False
ENSG00000119285,HEATR1,31,ok,-0.5131592241476962,0.003561,999999,3560,0.0034442089702705248,0.0036786881447258076,0.0031554170039984385,0.13513994999999998,1.0,0.12067594065092813,False,False
ENSG00000145358,DDIT4L,31,ok,-0.5128050114346602,0.003629,999999,3628,0.0035111032312033544,0.003747793471416415,0.003179866683818923,0.135861,1.0,0.12067594065092813,False,False
ENSG00000071967,CYBRD1,30,ok,0.5178591330601501,0.003683,999999,3682,0.0035642325861843702,0.0038026637920101046,0.0033774152557001654,0.135861,1.0,0.12268799068070015,False,False
ENSG00000129170,CSRP3,34,ok,-0.4872382699067706,0.003737,999999,3736,0.003617368372664264,0.003857527683698904,0.003471663656944446,0.135861,1.0,0.12268799068070015,False,False
ENSG00000147684,NDUFB9,34,ok,-0.4873538640345206,0.003759,999999,3758,0.003639018097526754,0.0038798778284421897,0.003462791694404736,0.135861,1.0,0.12268799068070015,False,False
ENSG00000145375,AFG2A,30,ok,-0.5173603511181936,0.00384,999999,3839,0.0037187373027302868,0.003962158146631612,0.0034136242516360515,0.13715576470588237,1.0,0.12268799068070015,False,False
ENSG00000145794,MEGF10,32,ok,-0.5006876339004843,0.00393,999999,3929,0.0038073301255085483,0.004053564800447245,0.003515762578794767,0.13801586206896554,1.0,0.12268799068070015,False,False
ENSG00000109133,TMEM33,30,ok,-0.5163049558966605,0.003955,999999,3954,0.003831942144206204,0.004078952637461654,0.0034913421636113833,0.13801586206896554,1.0,0.12268799068070015,False,False
ENSG00000031081,ARHGAP31,34,ok,-0.4833804665860526,0.004029,999999,4028,0.0039048009377155688,0.00415409341955968,0.0037792670402437547,0.1384215824175824,1.0,0.1254448735320021,False,False
ENSG00000143341,HMCN1,32,ok,0.4988541592138912,0.004099,999999,4098,0.003973731143279873,0.00422516281612956,0.0036579590498629594,0.1384215824175824,1.0,0.12502911877342637,False,False
ENSG00000143476,DTL,32,ok,-0.49706637330399706,0.004136,999999,4135,0.004010169416065939,0.0042627243344002235,0.0038013598040000634,0.1384215824175824,1.0,0.1254448735320021,False,False
ENSG00000137265,IRF4,32,ok,-0.4987622648633281,0.004149,999999,4148,0.004022972656880293,0.004275921020390832,0.0036652146148995215,0.1384215824175824,1.0,0.12502911877342637,False,False
ENSG00000070540,WIPI1,30,ok,0.5130202537280213,0.004198,999999,4197,0.004071233817725121,0.004325659584653428,0.003743032552438421,0.13853400000000002,1.0,0.1254448735320021,False,False
ENSG00000136935,GOLGA1,30,ok,-0.5105743670595547,0.004355,999999,4354,0.004225895478790828,0.004484997052970839,0.003940422866033532,0.14216967741935485,1.0,0.1272672746944447,False,False
ENSG00000129009,ISLR,30,ok,-0.5109602791173633,0.004427,999999,4426,0.004296837414910736,0.00455805472249531,0.00390869792367465,0.14298268085106386,1.0,0.1272672746944447,False,False
ENSG00000036565,SLC18A1,30,ok,-0.510020090654613,0.004496,999999,4495,0.00436483158978789,0.0046280601724297135,0.003986374922455683,0.14368269473684211,1.0,0.1273961501534258,False,False
ENSG00000154736,ADAMTS5,32,ok,-0.493442190558435,0.004616,999999,4615,0.004483100790697102,0.00474979032509473,0.004106982629104177,0.14597839175257732,1.0,0.12935219211222665,False,False
ENSG00000146038,DCDC2,30,ok,0.5082897801838796,0.004664,999999,4663,0.0045304148671957934,0.004798475992094349,0.004132794016760865,0.14597839175257732,1.0,0.12935219211222665,False,False
ENSG00000137252,HCRTR2,32,ok,-0.4917897957918922,0.004754,999999,4753,0.004619138342197459,0.004889752039193612,0.004253199519310943,0.14603466666666665,1.0,0.1317623851084492,False,False
ENSG00000141298,SSH2,30,ok,0.5057305027413799,0.004762,999999,4761,0.004627025468842979,0.004897864870255261,0.004357799975085825,0.14603466666666665,1.0,0.1336391992359653,False,False
ENSG00000129493,HEATR5A,30,ok,0.5040090211874368,0.004959,999999,4958,0.004821275714620424,0.005097613592174531,0.00451497983241862,0.15055524,1.0,0.13707478771222928,False,False
ENSG00000151320,AKAP6,30,ok,0.5030592978064233,0.005187,999999,5186,0.005046161598717478,0.005328726533763879,0.004603752280637291,0.15480623529411766,1.0,0.13838605865361203,False,False
ENSG00000119203,CPSF3,33,ok,-0.4793913569132823,0.005201,999999,5200,0.005059972668428955,0.0053429153926094096,0.004760501724906707,0.15480623529411766,1.0,0.14031925472637632,False,False
ENSG00000101871,MID1,32,ok,-0.4867540583288795,0.005336,999999,5335,0.005193163935986947,0.0054797234398460985,0.004726741957561251,0.1572824854368932,1.0,0.14031925472637632,False,False
ENSG00000002745,WNT16,36,ok,-0.4570619324608375,0.005498,999999,5497,0.005353023883107863,0.005643862678931239,0.005072292779638869,0.1604993076923077,1.0,0.14807193152868853,False,False
ENSG00000150750,POU2AF2,31,ok,-0.4890569868545115,0.005695,999999,5694,0.005547464220662362,0.0058434213632839295,0.005239389215841923,0.16466685714285717,1.0,0.15149319675520076,False,False
ENSG00000141376,BCAS3,30,ok,-0.4948809258847096,0.005902,999999,5901,0.0057518227004598734,0.006053061868271355,0.005431954524248409,0.16831357009345793,1.0,0.15412536388428197,False,False
ENSG00000029364,SLC39A9,31,ok,0.4877950472468526,0.005932,999999,5931,0.0057814438077373916,0.006083440614861129,0.005375071584402826,0.16831357009345793,1.0,0.15395016349289603,False,False
ENSG00000104219,ZDHHC2,32,ok,0.47726022373005683,0.006178,999999,6177,0.006024372984804064,0.006332510248429628,0.005743386908192007,0.17367044444444446,1.0,0.16145298753028642,False,False
ENSG00000108375,RNF43,34,ok,-0.4626261082237848,0.006375,999999,6374,0.006218958478206509,0.006531923813325063,0.00587112122386322,0.17756422018348622,1.0,0.162160646874162,False,False
ENSG00000109667,SLC2A9,30,ok,-0.49093137262943887,0.006462,999999,6461,0.006304904289454543,0.006619977589034875,0.005875385756310218,0.1783512,1.0,0.162160646874162,False,False
ENSG00000144771,LRTM1,36,ok,-0.44824924245741227,0.006546,999999,6545,0.006387893296628277,0.006704988184633383,0.0061116127164508845,0.17904194594594594,1.0,0.16716086673103503,False,False
ENSG00000115840,SLC25A12,34,ok,-0.4584989353474043,0.006757,999999,6756,0.006596382592150979,0.006918497897800636,0.0063884553170647125,0.18221326315789474,1.0,0.16943190534417668,False,False
ENSG00000064102,INTS13,34,ok,-0.4596453683888719,0.006822,999999,6821,0.006660617236245962,0.006984262950113379,0.006240980162481245,0.18221326315789474,1.0,0.16917514083297375,False,False
ENSG00000082898,XPO1,31,ok,-0.47936638257007164,0.006842,999999,6841,0.006680382491566674,0.007004497601542944,0.006360645016778259,0.18221326315789474,1.0,0.16943190534417668,False,False
ENSG00000129295,DNAAF11,33,ok,0.46485584411457315,0.006965,999999,6964,0.006801946449901667,0.007128933071369489,0.006417875202430935,0.183876,1.0,0.16943190534417668,False,False
ENSG00000107960,STN1,30,ok,0.48580968581352074,0.007029,999999,7028,0.006865204361756964,0.007193674863065595,0.006496007362369887,0.18396589655172413,1.0,0.1700161926909912,False,False
ENSG00000005175,RPAP3,30,ok,-0.48364121967504997,0.007297,999999,7296,0.007130133735491352,0.007464744255657256,0.006775079392694707,0.18934779487179487,1.0,0.17580462424120627,False,False
ENSG00000107854,TNKS2,30,ok,-0.48168358104346015,0.007658,999999,7657,0.007487087295141237,0.007829789052398796,0.007035695776204285,0.1953001875,1.0,0.18102010488606954,False,False
ENSG00000138379,MSTN,32,ok,0.465199467397228,0.00779,999999,7789,0.007617632152659202,0.007963243598674525,0.007299815511551617,0.1953001875,1.0,0.18191925391835903,False,False
ENSG00000144747,TMF1,31,ok,-0.4721662056507867,0.007893,999999,7892,0.007719505446022698,0.00806736984175543,0.007320641996704411,0.1953001875,1.0,0.18191925391835903,False,False
ENSG00000126950,TMEM35A,31,ok,-0.47211860585171916,0.007959,999999,7958,0.007784787432422109,0.008134087559063898,0.007327376414741642,0.1953001875,1.0,0.18191925391835903,False,False
ENSG00000123219,CENPK,31,ok,-0.4712643773978765,0.007967,999999,7966,0.007792700607994403,0.00814217434761614,0.007449130046366953,0.1953001875,1.0,0.18191925391835903,False,False
ENSG00000108406,DHX40,31,ok,0.4714849264138332,0.008071,999999,8070,0.007895575928659205,0.008247298561318362,0.00741753178945878,0.1953001875,1.0,0.18191925391835903,False,False
ENSG00000135956,TMEM127,34,ok,-0.4486660159273585,0.008151,999999,8150,0.007974715833909306,0.00832815829881585,0.0077805944746226,0.1953001875,1.0,0.18397301381002995,False,False
ENSG00000107669,ATE1,30,ok,-0.47857540641423574,0.008169,999999,8168,0.00799252290950327,0.008346351142948873,0.00746693458864496,0.1953001875,1.0,0.18191925391835903,False,False
ENSG00000111897,SERINC1,32,ok,-0.46387972910277986,0.008183,999999,8182,0.008006373007752742,0.008360500982292147,0.00749008785895747,0.1953001875,1.0,0.18191925391835903,False,False
ENSG00000069018,TRPC7,35,ok,-0.4432606987006293,0.008228,999999,8227,0.00805089206884551,0.00840598172076523,0.007655624968375813,0.1953001875,1.0,0.18397301381002995,False,False
ENSG00000115414,FN1,35,ok,-0.4418295170885671,0.008234,999999,8233,0.008056828045619207,0.008412045717285368,0.007877632343644234,0.1953001875,1.0,0.18397301381002995,False,False
ENSG00000136305,CIDEB,31,ok,-0.46852301195889073,0.008323,999999,8322,0.008144881161410199,0.008501992205853874,0.007851524136276057,0.19588083720930236,1.0,0.18397301381002995,False,False
ENSG00000148677,ANKRD1,37,ok,0.42947768510000023,0.008414,999999,8413,0.008234918351341967,0.008593954612343442,0.007985124730627994,0.19649926153846153,1.0,0.18421559116457484,False,False
ENSG00000077498,TYR,31,ok,-0.4691283388477265,0.008515,999999,8514,0.008334855970046962,0.008696016546807251,0.007761120439760555,0.19734,1.0,0.18397301381002995,False,False
ENSG00000151418,ATP6V1G3,31,ok,-0.4674801060932444,0.008616,999999,8615,0.008434800033891599,0.008798072037252597,0.008009373528894559,0.19784219548872178,1.0,0.18421559116457484,False,False
ENSG00000117222,RBBP5,30,ok,-0.47395949254395725,0.008667,999999,8666,0.008485269251642509,0.00884960259485584,0.008148563846583134,0.19784219548872178,1.0,0.18478333744302292,False,False
ENSG00000110107,PRPF19,30,ok,-0.47360806480206835,0.008769,999999,8768,0.008586212475094718,0.008952658922928491,0.008202546323486343,0.19867674626865675,1.0,0.18478333744302292,False,False
ENSG00000150681,RGS18,33,ok,-0.45234913079117944,0.008873,999999,8872,0.008689141455228127,0.00905772948662023,0.008216650380371572,0.19950538235294119,1.0,0.18478333744302292,False,False
ENSG00000082701,GSK3B,35,ok,-0.43876820441648917,0.008937,999999,8936,0.008752485568041394,0.00912238509361915,0.00837102263156063,0.19950538235294119,1.0,0.18687076992219173,False,False
ENSG00000119397,CNTRL,31,ok,-0.4644549786646274,0.009034,999999,9033,0.008848496071682968,0.00922037416607626,0.008482541736529884,0.20019871532846717,1.0,0.18774276167604798,False,False
ENSG00000115392,FANCL,34,ok,0.44376528635487045,0.009144,999999,9143,0.008957380545117632,0.009331489213007109,0.008565986465129915,0.20116799999999999,1.0,0.18774276167604798,False,False
ENSG00000089101,CFAP61,34,ok,-0.44303508461364727,0.009319,999999,9318,0.009130619966170867,0.009508249031180218,0.008688593350457047,0.20117268085106382,1.0,0.18774276167604798,False,False
ENSG00000118514,ALDH8A1,30,ok,-0.46968517367065876,0.009321,999999,9320,0.009132599943967033,0.00951026904470527,0.008825947343725249,0.20117268085106382,1.0,0.18870124039119615,False,False
ENSG00000116205,TCEANC2,30,ok,-0.4703394575596652,0.009343,999999,9342,0.009154379845377623,0.009532489047851214,0.008719278457286813,0.20117268085106382,1.0,0.18774276167604798,False,False
ENSG00000126785,RHOJ,30,ok,-0.4707976444751843,0.009423,999999,9422,0.0092335817255141,0.009613286821001512,0.008645229181265875,0.2014663943661972,1.0,0.18774276167604798,False,False
ENSG00000014257,ACP3,30,ok,-0.4692401853488486,0.00963,999999,9629,0.009438532627048524,0.009822335024854417,0.008899121896851856,0.20445230769230768,1.0,0.1889352033485471,False,False
ENSG00000138750,NUP54,30,ok,-0.4672606254195811,0.009847,999999,9846,0.009653408735687822,0.01004145798210225,0.00923087831949244,0.20558643243243244,1.0,0.19308301386659002,False,False
ENSG00000074695,LMAN1,33,ok,0.4449748254620283,0.009899,999999,9898,0.009704903374995688,0.010093963119494223,0.009465845245236108,0.20558643243243244,1.0,0.19308301386659002,False,False
ENSG00000132965,ALOX5AP,30,ok,0.46689663135375803,0.009965,999999,9964,0.00977026392107321,0.010160602290290876,0.009293001243206709,0.20558643243243244,1.0,0.19308301386659002,False,False
ENSG00000132821,VSTM2L,30,ok,0.4669485866904072,0.010003,999999,10002,0.009807896740249887,0.010198969308249414,0.009284112517644019,0.20558643243243244,1.0,0.19308301386659002,False,False
ENSG00000101445,PPP1R16B,31,ok,-0.4585602029108992,0.010022,999999,10021,0.009826713419379561,0.010218152547727243,0.00947274979806073,0.20558643243243244,1.0,0.19308301386659002,False,False
ENSG00000150756,ATPSCKMT,30,ok,-0.46583574449143117,0.0101,999999,10099,0.009903962709513218,0.010296902923731517,0.009476076767497336,0.2057959731543624,1.0,0.19308301386659002,False,False
ENSG00000112984,KIF20A,30,ok,-0.465005010111381,0.01034,999999,10339,0.010141671393907932,0.010539193214773035,0.009621547938523819,0.2092816,1.0,0.1947401302757221,False,False
ENSG00000140274,DUOXA2,31,ok,-0.45592981040742236,0.010651,999999,10650,0.01044974266548545,0.01085312062130342,0.009945119309985952,0.2137502745098039,1.0,0.19995617367627383,False,False
ENSG00000114742,WDR48,31,ok,-0.4551599118954459,0.010765,999999,10764,0.010562680190188101,0.01096818261359639,0.010087079082349666,0.2137502745098039,1.0,0.20147613219745777,False,False
ENSG00000013523,ANGEL1,33,ok,0.4410067746833581,0.010772,999999,10771,0.010569615140272118,0.010975247633880364,0.010202187695917667,0.2137502745098039,1.0,0.20244341075036626,False,False
ENSG00000117593,DARS2,31,ok,-0.4538027124821318,0.010888,999999,10887,0.010684540332787554,0.011092321950752763,0.010341490034020502,0.21447870967741936,1.0,0.20297240060749785,False,False
ENSG00000105851,PIK3CG,35,ok,-0.42723070877186003,0.01095,999999,10949,0.01074596829234526,0.011154893729301193,0.010474311985167462,0.21447870967741936,1.0,0.20384622555748982,False,False
ENSG00000118434,SPACA1,30,ok,-0.46093055460946497,0.011025,999999,11024,0.010820278540537312,0.011230583164603312,0.010362556684506643,0.21456346153846154,1.0,0.20297240060749785,False,False
ENSG00000138796,HADH,31,ok,-0.45241701538574264,0.011388,999999,11387,0.011179973927666804,0.011596886250076469,0.010606798397241081,0.21976412658227848,1.0,0.20510980849696767,False,False
ENSG00000153266,FEZF2,36,ok,-0.41982620673385423,0.011437,999999,11436,0.011228532049079337,0.0116463279230363,0.010801371665420596,0.21976412658227848,1.0,0.20755040744441094,False,False
ENSG00000080854,IGSF9B,30,ok,0.4568821659529385,0.011706,999999,11705,0.011495123497804169,0.011917735347674903,0.01114576131744622,0.22351833962264148,1.0,0.21282095194821837,False,False
ENSG00000006555,TTC22,34,ok,0.4283421246174562,0.012197,999999,12196,0.011981800041990707,0.012413056756197615,0.011492229714742525,0.23143807499999997,1.0,0.21806505883723942,False,False
ENSG00000116668,SWT1,32,ok,-0.4406857426476408,0.012415,999999,12414,0.012197909428094216,0.012632946464648118,0.011589374888563438,0.23379062576687118,1.0,0.21854249789862484,False,False
ENSG00000131730,CKMT2,33,ok,0.43289320343923365,0.01254,999999,12539,0.012321833127893748,0.012759022246596858,0.0118594663653186,0.23379062576687118,1.0,0.22225518447597079,False,False
ENSG00000150722,PPP1R1C,33,ok,-0.43238047475760616,0.012552,999999,12551,0.012333730096727396,0.012771125228045712,0.011971401836973159,0.23379062576687118,1.0,0.2229765397365062,False,False
ENSG00000034533,ASTE1,33,ok,0.43093646087482895,0.012743,999999,12742,0.012523097021023447,0.012963757513213058,0.012291442653699388,0.2354464,1.0,0.22616254482806875,False,False
ENSG00000102890,ELMO3,31,ok,-0.44509430291103985,0.012796,999999,12795,0.012575646121607128,0.01301720819352826,0.01210586951565491,0.2354464,1.0,0.2241062185946848,False,False
ENSG00000135272,MDFIC,31,ok,-0.4428528217832112,0.013234,999999,13233,0.01300995639639682,0.013458896112230414,0.012598799123464276,0.24203869879518072,1.0,0.23042141047492498,False,False
ENSG00000136404,TM6SF1,30,ok,0.449020480854853,0.013591,999999,13590,0.013363995772475967,0.013818855268947735,0.012808980187422835,0.24607864285714284,1.0,0.2328626577785373,False,False
ENSG00000136770,DNAJC1,33,ok,0.4280936454849498,0.013617,999999,13616,0.013389781743895006,0.013845069190847617,0.012942578692544894,0.24607864285714284,1.0,0.23389088637241842,False,False
ENSG00000009765,IYD,30,ok,-0.4447535356341685,0.014402,999999,14401,0.014168417278396472,0.014636430445772031,0.013795357174567159,0.25872468639053253,1.0,0.2463688493057994,False,False
ENSG00000065135,GNAI3,31,ok,-0.4379098176220774,0.014497,999999,14496,0.014262659465128974,0.014732187871789822,0.013745504497225022,0.2588993647058824,1.0,0.2463688493057994,False,False
ENSG00000086189,DIMT1,32,ok,0.4295406637655684,0.014678,999999,14677,0.014442222778659395,0.0149146238211718,0.014149287448017973,0.26059887719298247,1.0,0.24975137611734052,False,False
ENSG00000115816,CEBPZ,31,ok,0.4362701130634598,0.014793,999999,14792,0.014556314773078626,0.015030531358920376,0.014144648163783592,0.2611136511627907,1.0,0.24975137611734052,False,False
ENSG00000135362,PRR5L,33,ok,-0.4225658302487022,0.014896,999999,14895,0.01465850464420121,0.015134341069094458,0.014291895191503132,0.26141188439306356,1.0,0.2508103687942399,False,False
ENSG00000111834,RSPH4A,33,ok,-0.421703872387617,0.015229,999999,15228,0.014988905352843702,0.015469939008734022,0.014512559996708254,0.2657197931034483,1.0,0.2532191502873923,False,False
ENSG00000151379,MSGN1,30,ok,-0.44129104335638264,0.015425,999999,15424,0.01518338933519844,0.01566745423212128,0.014641622041868174,0.2676017142857143,1.0,0.2540112258234959,False,False
ENSG00000138160,KIF11,32,ok,-0.42413129361355795,0.016097,999999,16096,0.015850266798107356,0.016344574053150884,0.01555293290942972,0.27725369491525426,1.0,0.2648709468700573,False,False
ENSG00000048342,CC2D2A,30,ok,-0.4383348283149175,0.016164,999999,16163,0.015916762271176048,0.0164120783098587,0.015397952251636036,0.27725369491525426,1.0,0.264114028451791,False,False
ENSG00000109321,AREG,30,ok,0.4384110408803161,0.016401,999999,16400,0.016151986358972633,0.016650853266991193,0.01537805364011302,0.2780301333333333,1.0,0.264114028451791,False,False
ENSG00000112769,LAMA4,33,ok,0.41750250752256773,0.016437,999999,16436,0.01618771778257144,0.016687121698424807,0.015629415317145016,0.2780301333333333,1.0,0.2648709468700573,False,False
ENSG00000124602,UNC5CL,31,ok,0.4302138046361077,0.016484,999999,16483,0.016234367605995496,0.01673447168577909,0.015703811079252412,0.2780301333333333,1.0,0.2648709468700573,False,False
ENSG00000143171,RXRG,34,ok,-0.4088338873556979,0.016817,999999,16816,0.01656490146104453,0.017069936491395533,0.016363950701670845,0.28188599999999997,1.0,0.27103055592019454,False,False
ENSG00000132915,PDE6A,30,ok,-0.43578901591285135,0.017007,999999,17006,0.016753505852280658,0.017261331336982988,0.016075056694296957,0.28188599999999997,1.0,0.2696346526181523,False,False
ENSG00000046653,GPM6B,34,ok,0.40861858667800394,0.017064,999999,17063,0.016810088771736408,0.017318748188713148,0.016426094298193607,0.28188599999999997,1.0,0.27103055592019454,False,False
ENSG00000132394,EEFSEC,32,ok,-0.421144331306774,0.017084,999999,17083,0.0168299426015768,0.017338894278602104,0.016376568660990274,0.28188599999999997,1.0,0.27103055592019454,False,False
ENSG00000154319,FAM167A,32,ok,0.4200201685994211,0.017277,999999,17276,0.017021536665589476,0.017533299440372505,0.016695817620111936,0.2835295783783784,1.0,0.27303688541966786,False,False
ENSG00000118454,ANKRD13C,33,ok,-0.41319623866627336,0.017582,999999,17581,0.01732433161944672,0.017840503264435207,0.01684783196831916,0.28531974603174604,1.0,0.2735295072503582,False,False
ENSG00000127325,BEST3,31,ok,-0.4256177530472342,0.017673,999999,17672,0.01741467763343734,0.017932156886152316,0.016980348441337383,0.28531974603174604,1.0,0.2742145631271292,False,False
ENSG00000138675,FGF5,32,ok,-0.4179433519171537,0.017729,999999,17728,0.01747027606314324,0.017988558232339958,0.017299244337268965,0.28531974603174604,1.0,0.2749777609638366,False,False
ENSG00000155886,SLC24A2,30,ok,-0.4334186254431281,0.017762,999999,17761,0.01750303973684028,0.018021794426606164,0.01672755622136305,0.28531974603174604,1.0,0.27303688541966786,False,False
ENSG00000113966,ARL6,31,ok,-0.42463958276089947,0.017924,999999,17923,0.017663882936449923,0.018184950579092165,0.017262866852280543,0.2860198115183246,1.0,0.2749777609638366,False,False
ENSG00000144278,GALNT13,33,ok,0.41166638809961564,0.017994,999999,17993,0.01773338479254351,0.018255448443180094,0.01729932554153254,0.2860198115183246,1.0,0.2749777609638366,False,False
ENSG00000151689,INPP1,31,ok,0.42230515192375057,0.01864,999999,18639,0.01837483514288702,0.018905995514347917,0.01795290825599222,0.294745,1.0,0.28360096989843353,False,False
ENSG00000120129,DUSP1,32,ok,0.41551191439566104,0.018837,999999,18836,0.018570464356997895,0.019104365515239415,0.01802865190724561,0.2956657113402062,1.0,0.28360096989843353,False,False
ENSG00000128059,PPAT,30,ok,-0.4285714391817148,0.018893,999999,18892,0.01862607607866516,0.019160753570533907,0.018130360635902166,0.2956657113402062,1.0,0.28373079840514936,False,False
ENSG00000156103,MMP16,33,ok,0.40767366187736687,0.019057,999999,19056,0.018788942471059732,0.019325886525226665,0.018525385533960177,0.29670283076923076,1.0,0.2878339684656865,False,False
ENSG00000086062,B4GALT1,30,ok,0.4270764173217846,0.019282,999999,19281,0.019012395594225035,0.019552432506941216,0.01858216660713918,0.2986742448979592,1.0,0.2878339684656865,False,False
ENSG00000138075,ABCG5,33,ok,0.4049310503068517,0.020002,999999,20001,0.01972750891116477,0.020277316330393095,0.019408755006841312,0.3069886666666667,1.0,0.29610542814457397,False,False
ENSG00000135914,HTR2B,34,ok,-0.39943451482864206,0.020021,999999,20020,0.019746381232604006,0.02029644393358658,0.01926686089232402,0.3069886666666667,1.0,0.29610542814457397,False,False
ENSG00000136044,APPL2,31,ok,-0.41786830907212685,0.020157,999999,20156,0.019881469196918758,0.02043335542993768,0.019327496661715574,0.3075208643216081,1.0,0.29610542814457397,False,False
ENSG00000114812,VIPR1,31,ok,-0.41617098709330325,0.020491,999999,20490,0.020213243135674287,0.020769580167640207,0.019875861436200213,0.31030013793103445,1.0,0.29953797328507376,False,False
ENSG00000155511,GRIA1,35,ok,-0.39126780732779964,0.020652,999999,20651,0.020373176989998052,0.0209316456758161,0.020113290282478425,0.31030013793103445,1.0,0.29953797328507376,False,False
ENSG00000155229,MMS19,30,ok,0.4224945263776261,0.020657,999999,20656,0.020378143950847236,0.02093667869517381,0.020025178353722885,0.31030013793103445,1.0,0.29953797328507376,False,False
ENSG00000122417,ODF2L,34,ok,-0.39648452542226553,0.020748,999999,20747,0.020468543380671937,0.021028278905167216,0.020261742570259193,0.31030013793103445,1.0,0.29953797328507376,False,False
ENSG00000153140,CETN3,31,ok,-0.4142208795651637,0.020967,999999,20966,0.02068610377897759,0.021248717640453555,0.020521705679609797,0.3108250961538462,1.0,0.29953797328507376,False,False
ENSG00000115504,EHBP1,30,ok,-0.4214333407522813,0.021058,999999,21057,0.02077650794555265,0.021340313114029178,0.020372236363423245,0.3108250961538462,1.0,0.29953797328507376,False,False
ENSG00000008196,TFAP2B,30,ok,-0.4220837148222872,0.021146,999999,21145,0.02086393305905714,0.02142888765262918,0.020158950277855955,0.3108250961538462,1.0,0.29953797328507376,False,False
ENSG00000055955,ITIH4,31,ok,-0.41481638611250593,0.021203,999999,21202,0.020920561369898272,0.02148625911649378,0.020322671832719064,0.3108250961538462,1.0,0.29953797328507376,False,False
ENSG00000132321,DRC11,33,ok,0.4018722835172183,0.021295,999999,21294,0.02101196257304654,0.021578857549790113,0.02043492369214079,0.3108250961538462,1.0,0.29953797328507376,False,False
ENSG00000089916,GPATCH2L,34,ok,0.3949843548817672,0.021428,999999,21427,0.02114409935567741,0.02171272024175181,0.02078381282712478,0.31087494339622646,1.0,0.30051685697585717,False,False
ENSG00000137558,PI15,33,ok,-0.40056867937646234,0.021505,999999,21504,0.021220600904724204,0.021790218388611084,0.020885723590878084,0.31087494339622646,1.0,0.30051685697585717,False,False
ENSG00000120800,UTP20,32,ok,-0.40566556655665564,0.021679,999999,21678,0.021393478033007146,0.021965340573392497,0.021248782593509874,0.31087494339622646,1.0,0.3028699716145351,False,False
ENSG00000156671,SAMD8,30,ok,-0.41993993660550827,0.021708,999999,21707,0.02142229135624384,0.02199452713569821,0.02086903324886924,0.31087494339622646,1.0,0.30051685697585717,False,False
ENSG00000092140,G2E3,34,ok,0.39370321264608527,0.022077,999999,22076,0.021788927594301667,0.02236588944203993,0.021238450132099473,0.314674985915493,1.0,0.3028699716145351,False,False
ENSG00000065534,MYLK,35,ok,0.38523500185074555,0.022782,999999,22781,0.022489469523575806,0.023075344735567875,0.02229432974141665,0.3232063177570093,1.0,0.31628778081748105,False,False
ENSG00000148175,STOM,30,ok,0.41520142443801467,0.023309,999999,23308,0.023013185119968107,0.02360562706626465,0.022511814330343514,0.3277333888888889,1.0,0.3178877595670833,False,False
ENSG00000154265,ABCA5,30,ok,0.4145798578820997,0.023317,999999,23316,0.023021135570504035,0.02361367658428087,0.02273497092644375,0.3277333888888889,1.0,0.31806841899737726,False,False
ENSG00000131067,GGT7,31,ok,0.40782574447923575,0.023776,999999,23775,0.02347730780946861,0.02407550254193833,0.022762385056337712,0.33045265753424663,1.0,0.31806841899737726,False,False
ENSG00000139323,POC1B,30,ok,-0.4142920747996438,0.023796,999999,23795,0.023497185265309393,0.024095625007560375,0.022838904921419056,0.33045265753424663,1.0,0.31806841899737726,False,False
ENSG00000112414,ADGRG6,30,ok,-0.4132176337281643,0.023837,999999,23836,0.023537934222784322,0.024136875889094862,0.02323039545026119,0.33045265753424663,1.0,0.3202520894037766,False,False
ENSG00000104164,BLOC1S6,30,ok,-0.41299511480854756,0.024014,999999,24013,0.02371385310999071,0.02431495630704272,0.023312158023133932,0.3313932,1.0,0.3202520894037766,False,False
ENSG00000095383,TBC1D2,30,ok,0.4137815900068318,0.024175,999999,24174,0.02387387344211699,0.024476935343107607,0.023024227863898385,0.3319225066666667,1.0,0.319185186277605,False,False
ENSG00000132600,PRMT7,31,ok,0.4046610498994107,0.024458,999999,24457,0.024155159893280986,0.024761647781883608,0.023943471237857242,0.3319225066666667,1.0,0.32325223866714015,False,False
ENSG00000138769,CDKL2,33,ok,-0.3927586042135151,0.024461,999999,24460,0.02415814178581242,0.02476466587758819,0.023762274461408623,0.3319225066666667,1.0,0.32325223866714015,False,False
ENSG00000108395,TRIM37,33,ok,0.39226011367435637,0.024549,999999,24548,0.024245611164774198,0.02485319615358116,0.023956440612683313,0.3319225066666667,1.0,0.32325223866714015,False,False
ENSG00000006576,PHTF2,30,ok,0.4121967607102148,0.024599,999999,24598,0.024295310132117855,0.024903496990216215,0.023607450872083963,0.3319225066666667,1.0,0.32284784165606717,False,False
ENSG00000118113,MMP8,32,ok,-0.39732306563989733,0.024798,999999,24797,0.024493115279106456,0.025103691063255624,0.024336099122762717,0.33312711504424775,1.0,0.325481924831311,False,False
ENSG00000085511,MAP3K4,30,ok,0.4105532698265256,0.024959,999999,24958,0.02465315236801589,0.025265653343535963,0.02422499791122322,0.3338128810572687,1.0,0.32542961795784825,False,False
ENSG00000136193,SCRN1,31,ok,0.4031461147853193,0.025157,999999,25156,0.024849972751019606,0.025464832185020894,0.0245264078408606,0.33454333624454147,1.0,0.3265884833546175,False,False
ENSG00000113263,ITK,36,ok,0.3737926717677122,0.025234,999999,25233,0.024926515365153116,0.025542289269378245,0.024722733776322413,0.33454333624454147,1.0,0.3274533919453602,False,False
ENSG00000111490,TBC1D30,30,ok,-0.40903529596233396,0.025649,999999,25648,0.025339063117758343,0.02595973989249719,0.024807075147375776,0.33856680000000006,1.0,0.3274533919453602,False,False
ENSG00000105223,PLD3,30,ok,0.40763409748497664,0.026111,999999,26110,0.02579835825330376,0.02642444295014749,0.025354484098721354,0.3403033021276596,1.0,0.3317940246711984,False,False
ENSG00000081320,STK17B,36,ok,-0.3715885715651268,0.026132,999999,26131,0.025819235922861367,0.02644556519849709,0.025652988029638012,0.3403033021276596,1.0,0.33369545521843524,False,False
ENSG00000111052,LIN7A,30,ok,0.407704307591018,0.026253,999999,26252,0.025939532101511304,0.02656726854689388,0.025326821950264203,0.3403033021276596,1.0,0.3317940246711984,False,False
ENSG00000105792,CFAP69,36,ok,0.3708805478230341,0.026297,999999,26296,0.025983276602294474,0.02661152387415191,0.025957877447262294,0.3403033021276596,1.0,0.3339326946181709,False,False
ENSG00000134744,TUT4,31,ok,-0.40002028759966196,0.026341,999999,26340,0.02602702133461593,0.026655778969884466,0.025766027419392552,0.3403033021276596,1.0,0.33369545521843524,False,False
ENSG00000135655,USP15,30,ok,0.4064380502192126,0.026731,999999,26730,0.02641476876756669,0.027048030013419183,0.0258295230488578,0.34387845762711866,1.0,0.33369545521843524,False,False
ENSG00000129467,ADCY4,31,ok,0.3986282106533418,0.027236,999999,27235,0.026916878318461276,0.0275559184912007,0.026334359998275682,0.347634756302521,1.0,0.3373464850412024,False,False
ENSG00000091164,TXNL1,33,ok,-0.3856069591883543,0.027252,999999,27251,0.026932787217662263,0.02757200952956761,0.026675475741592097,0.347634756302521,1.0,0.34028043845156974,False,False
ENSG00000116218,NPHS2,33,ok,-0.3835284495435431,0.027862,999999,27861,0.02753933544982362,0.028185458918318796,0.027575078858039743,0.352402755186722,1.0,0.34594189840086226,False,False
ENSG00000154611,PSMA8,30,ok,-0.40262631756197553,0.02792,999999,27919,0.02759700939922956,0.028243784742817513,0.02739218402514598,0.352402755186722,1.0,0.34507332240806304,False,False
ENSG00000127954,STEAP4,33,ok,-0.3846218257129208,0.027974,999999,27973,0.02765070616632029,0.028298087765241484,0.02709880276377435,0.352402755186722,1.0,0.3442341639783219,False,False
ENSG00000147113,DIPK2B,30,ok,-0.4029385674200104,0.028166,999999,28165,0.027841630579616677,0.028491162603686494,0.027261343502257722,0.35335527272727274,1.0,0.3448559953035602,False,False
ENSG00000147655,RSPO2,31,ok,-0.39447415337290154,0.028577,999999,28576,0.028250341509961103,0.028904450072288458,0.02809154927889933,0.3570360987654321,1.0,0.35097096136106326,False,False
ENSG00000072840,EVC,30,ok,0.39986649855116385,0.029093,999999,29092,0.028763492936585547,0.02942329663686653,0.02857101800362674,0.3619932295081967,1.0,0.35356403582122353,False,False
ENSG00000143702,CEP170,32,ok,-0.38703465982028246,0.029214,999999,29213,0.028883828961626806,0.029544960140970834,0.028641940903775708,0.3620151183673469,1.0,0.35356403582122353,False,False
ENSG00000110768,GTF2H1,30,ok,-0.3996884413304811,0.029404,999999,29403,0.02907278938415311,0.029735998979236674,0.028648469305672265,0.36288839024390246,1.0,0.35356403582122353,False,False
ENSG00000139053,PDE6H,32,ok,-0.38599064982989184,0.029659,999999,29658,0.02932639992222722,0.02999238744935197,0.02911162024439786,0.363324192,1.0,0.354951321534104,False,False
ENSG00000151498,ACAD8,33,ok,-0.3802675797959525,0.02983,999999,29829,0.02949647182616114,0.03016431488050081,0.02903641485333551,0.363324192,1.0,0.354951321534104,False,False
ENSG00000091129,NRCAM,34,ok,-0.37421672452953136,0.029892,999999,29891,0.029558136043689457,0.030226650421926456,0.0292325738202321,0.363324192,1.0,0.3550003764728986,False,False
ENSG00000091664,SLC17A6,33,ok,-0.38012389305374705,0.029918,999999,29917,0.029583995345272552,0.03025279101926506,0.029102236217083962,0.363324192,1.0,0.354951321534104,False,False
ENSG00000145555,MYO10,31,ok,-0.39130436574522054,0.030306,999999,30305,0.029969903605495715,0.03064288125102468,0.02949577706294302,0.3665697848605578,1.0,0.3567696380999801,False,False
ENSG00000088756,ARHGAP28,32,ok,-0.3840513355090326,0.030474,999999,30473,0.030137002462658175,0.030811781741125015,0.03000076278316143,0.36713914285714283,1.0,0.36044092939155514,False,False
ENSG00000117528,ABCD3,31,ok,-0.3901159878641473,0.030847,999999,30846,0.030508011415036444,0.031186771339975345,0.03003674411596293,0.3689752,1.0,0.36044092939155514,False,False
ENSG00000138758,SEPTIN11,30,ok,-0.39608366711170445,0.030987,999999,30986,0.030647267521734523,0.03132751468966341,0.030253568302240404,0.3689752,1.0,0.3609966100587889,False,False
ENSG00000120279,MYCT1,31,ok,-0.3891521342490675,0.030991,999999,30990,0.03065124629482115,0.03133153590104625,0.03048141001121632,0.3689752,1.0,0.3609966100587889,False,False
ENSG00000006042,TMEM98,31,ok,0.3893038049556924,0.031152,999999,31151,0.030811393159181508,0.031493388411639435,0.030411085205703545,0.36944325,1.0,0.3609966100587889,False,False
ENSG00000047617,ANO2,30,ok,0.39541611036938135,0.031485,999999,31484,0.031142636265499284,0.0318281440128796,0.030558672195358613,0.37160404651162793,1.0,0.3609966100587889,False,False
ENSG00000112333,NR2E1,32,ok,-0.3824692174258272,0.031579,999999,31578,0.031236142179181973,0.0319226377344489,0.030742427945749492,0.37160404651162793,1.0,0.36122682220527735,False,False
ENSG00000101146,RAE1,30,ok,-0.39485701318606387,0.031828,999999,31827,0.031483837279570194,0.03217294166804519,0.0308161221841788,0.3730880617760618,1.0,0.36122682220527735,False,False
ENSG00000109674,NEIL3,30,ok,-0.39385848772151355,0.031992,999999,31991,0.031646980899459526,0.03233779741204455,0.03128029343817786,0.3735681230769231,1.0,0.3635675346028847,False,False
ENSG00000071282,LMCD1,31,ok,0.3873764950711686,0.032228,999999,32227,0.0318817527870013,0.032575024609314766,0.031314597062988364,0.3748820229885057,1.0,0.3635675346028847,False,False
ENSG00000134871,COL4A2,30,ok,0.3936560959272446,0.032379,999999,32378,0.03203196960584508,0.03272680720502273,0.03137506392159282,0.3752009312977099,1.0,0.3635675346028847,False,False
ENSG00000106123,EPHB6,30,ok,0.392300855284197,0.032718,999999,32717,0.032369218656576264,0.033067556840267236,0.03201567228394108,0.37768763498098856,1.0,0.3695801560990309,False,False
ENSG00000146151,HMGCLL1,33,ok,-0.3727538667427366,0.033259,999999,33258,0.03290744502643569,0.03361132837430687,0.03264567074476369,0.3806484494382022,1.0,0.37260246759813,False,False
ENSG00000108384,RAD51C,30,ok,0.39158972319296986,0.033268,999999,33267,0.03291639909671218,0.03362037426916921,0.0323560304622319,0.3806484494382022,1.0,0.37209435031566684,False,False
ENSG00000143479,DYRK3,30,ok,-0.39034162628832086,0.033422,999999,33421,0.03306961425219657,0.03377515851721753,0.032960465788871955,0.3806484494382022,1.0,0.37338796319035544,False,False
ENSG00000084754,HADHA,33,ok,-0.37293869927654943,0.033476,999999,33475,0.03312333952161429,0.033829433038669504,0.03255270170132471,0.3806484494382022,1.0,0.37260246759813,False,False
ENSG00000104537,ANXA13,34,ok,0.365859259249766,0.033912,999999,33911,0.03355713027120706,0.03426764060092769,0.03334457275328105,0.3816877058823529,1.0,0.375292678774168,False,False
ENSG00000154153,RETREG1,30,ok,-0.3905397909552449,0.033963,999999,33962,0.033607872881561515,0.03431889779315037,0.03286389224847212,0.3816877058823529,1.0,0.37338796319035544,False,False
ENSG00000113048,MRPS27,36,ok,-0.3552292897849363,0.034113,999999,34112,0.033757117094438724,0.03446965299967046,0.03349944530559932,0.3816877058823529,1.0,0.375292678774168,False,False
ENSG00000134013,LOXL2,33,ok,-0.371082324739406,0.034179,999999,34178,0.03382278513279418,0.03453598470587458,0.03349629323122557,0.3816877058823529,1.0,0.375292678774168,False,False
ENSG00000147647,DPYS,37,ok,0.34977765154635926,0.034196,999999,34195,0.03383969968520181,0.03455307008767414,0.03382620413102741,0.3816877058823529,1.0,0.3761771272593378,False,False
ENSG00000136237,RAPGEF5,31,ok,0.38233515598903445,0.034369,999999,34368,0.034011831469132586,0.034726937634261115,0.0337814344427183,0.38221349450549447,1.0,0.3761771272593378,False,False
ENSG00000103978,TMEM87A,33,ok,0.36998004917795413,0.035085,999999,35084,0.03472426375936929,0.035446502574288906,0.03406701875042562,0.3852467142857143,1.0,0.37747251432953355,False,False
ENSG00000099250,NRP1,34,ok,0.36384474752443063,0.035117,999999,35116,0.03475610525909931,0.03547866095081117,0.03440311519059864,0.3852467142857143,1.0,0.37781518849472745,False,False
ENSG00000109323,MANBA,30,ok,-0.3872871194489623,0.035212,999999,35211,0.03485063518494821,0.03557413065760568,0.034478304627353226,0.3852467142857143,1.0,0.37781518849472745,False,False
ENSG00000137807,KIF23,33,ok,-0.36863663089587606,0.035262,999999,35261,0.03490038806135815,0.03562437758786181,0.0347732548683173,0.3852467142857143,1.0,0.37781518849472745,False,False
ENSG00000111046,MYF6,36,ok,-0.35279730023326483,0.035287,999999,35286,0.034925264572804086,0.03564950097975189,0.03481771842242502,0.3852467142857143,1.0,0.37781518849472745,False,False
ENSG00000155087,ODF1,32,ok,-0.37422075540887423,0.035511,999999,35510,0.03514816028521159,0.03587460440132372,0.03485480478776194,0.3852467142857143,1.0,0.37781518849472745,False,False
ENSG00000010818,HIVEP2,36,ok,-0.3526837460031077,0.03553,999999,35529,0.035167066796921616,0.035893697816163875,0.03488028993751446,0.3852467142857143,1.0,0.37781518849472745,False,False
ENSG00000118900,UBN1,30,ok,-0.3856524161615991,0.035931,999999,35930,0.03556610017349829,0.03629666288967089,0.035313501371505164,0.3871330638297872,1.0,0.38014842958925465,False,False
ENSG00000156463,SH3RF2,32,ok,0.3740031182639978,0.035959,999999,35958,0.03559396331194281,0.03632479964302128,0.03496906059519711,0.3871330638297872,1.0,0.37781518849472745,False,False
ENSG00000115661,STK16,32,ok,-0.3731206704848917,0.036177,999999,36176,0.035810899777524295,0.03654386233506695,0.035435443206113,0.3881037879858657,1.0,0.38014842958925465,False,False
ENSG00000136352,NKX2-1,30,ok,-0.38484708570861403,0.036404,999999,36403,0.036036796136497476,0.036771965099095444,0.035730914261991126,0.3881817123287671,1.0,0.38154348472477007,False,False
ENSG00000048540,LMO3,33,ok,0.366067698729414,0.036617,999999,36616,0.03624876405709837,0.03698599635572258,0.036156819858348316,0.3881817123287671,1.0,0.38154348472477007,False,False
ENSG00000099219,ERMP1,30,ok,-0.3841531366014206,0.036691,999999,36690,0.036322406281103004,0.03706035384590326,0.036093777851738694,0.3881817123287671,1.0,0.38154348472477007,False,False
ENSG00000113302,IL12B,34,ok,-0.3600856083284861,0.03671,999999,36709,0.03634131448489767,0.037079445568726305,0.03645142342010422,0.3881817123287671,1.0,0.38154348472477007,False,False
ENSG00000105856,HBP1,31,ok,-0.3779122560824611,0.037003,999999,37002,0.036632902246876084,0.03737385667524708,0.03607309390233952,0.3881817123287671,1.0,0.38154348472477007,False,False
ENSG00000136169,SETDB2,33,ok,-0.3659311471655107,0.037044,999999,37043,0.036673705130380214,0.03741505363342958,0.03623159346098478,0.3881817123287671,1.0,0.38154348472477007,False,False
ENSG00000147416,ATP6V1B2,35,ok,-0.35466468120791833,0.037263,999999,37262,0.03689165430572345,0.037635103612541465,0.03657086760701848,0.3881817123287671,1.0,0.38154348472477007,False,False
ENSG00000122707,RECK,33,ok,-0.3648976295225147,0.037308,999999,37307,0.03693643881218076,0.037680318932358646,0.03680160306071597,0.3881817123287671,1.0,0.3826358455216907,False,False
ENSG00000120332,TNN,30,ok,-0.38330551155596,0.037335,999999,37334,0.03696330958604592,0.0377074480542609,0.036541018964094285,0.3881817123287671,1.0,0.38154348472477007,False,False
ENSG00000136925,TSTD2,36,ok,-0.3486096922960002,0.037556,999999,37555,0.037183253812061494,0.03792950297515788,0.037186577356753694,0.3891468122866894,1.0,0.38400832943913,False,False
ENSG00000017427,IGF1,35,ok,-0.3540177563541273,0.03776,999999,37759,0.03738628234327177,0.03813447365660074,0.036938653496277056,0.3899297959183674,1.0,0.38275000687609945,False,False
ENSG00000083097,DOP1A,31,ok,-0.37511344347208303,0.038407,999999,38406,0.03803022063260117,0.03878453287088161,0.03758696414625247,0.39406459459459464,1.0,0.3868271971119407,False,False
ENSG00000120659,TNFSF11,32,ok,-0.3684645081265606,0.03842,999999,38419,0.038043159413013894,0.03879759404032085,0.03798033003846929,0.39406459459459464,1.0,0.388615744032135,False,False
ENSG00000121578,B4GALT4,32,ok,0.36831973754528025,0.038803,999999,38802,0.03842436099881821,0.039182390977271754,0.03806175846420082,0.3963406308724832,1.0,0.388615744032135,False,False
ENSG00000014919,COX15,32,ok,-0.3679046324501257,0.038903,999999,38902,0.03852389308764983,0.03928285850279774,0.03829602178506174,0.3963406308724832,1.0,0.3886296450482934,False,False
ENSG00000135913,USP37,37,ok,-0.3417977589357729,0.03908,999999,39079,0.03870006654482691,0.03946068436309489,0.03840213883876417,0.39640040000000004,1.0,0.3886296450482934,False,False
ENSG00000112186,CAP2,31,ok,0.3741050892161208,0.03917,999999,39169,0.038789647078718736,0.039551103482185844,0.038144760119096253,0.39640040000000004,1.0,0.388615744032135,False,False
ENSG00000120075,HOXB5,30,ok,0.37825362931103834,0.039512,999999,39511,0.03913005805006858,0.039894691192351416,0.039299968636642806,0.3985329966777409,1.0,0.39432913979681,False,False
ENSG00000102359,SRPX2,30,ok,0.3786850618604744,0.039849,999999,39848,0.039465499836521624,0.04023324810696542,0.03905801556277572,0.40060120529801324,1.0,0.3939539377029472,False,False
ENSG00000138663,COPS4,32,ok,-0.36582905971203006,0.04013,999999,40129,0.039745206243603615,0.040515540617001924,0.03948486775304026,0.4020946534653465,1.0,0.39432913979681,False,False
ENSG00000129173,E2F8,34,ok,-0.3548830853002131,0.040307,999999,40306,0.03992139404865913,0.04069335212994077,0.039448287833816494,0.4025396447368421,1.0,0.39432913979681,False,False
ENSG00000122176,FMOD,30,ok,0.3773920876698797,0.040469,999999,40468,0.04008265245268658,0.040856093101767764,0.03978673038660868,0.40283240655737707,1.0,0.39604102771719335,False,False
ENSG00000135341,MAP3K7,33,ok,-0.3583912011542839,0.041021,999999,41020,0.04063213809484867,0.041410605333331116,0.040558873377246236,0.405858,1.0,0.3990461865771036,False,False
ENSG00000139428,MMAB,32,ok,0.3640781165022566,0.041113,999999,41112,0.040723720905767674,0.041503022168098626,0.04051072417109169,0.405858,1.0,0.3990461865771036,False,False
ENSG00000087111,PIGS,32,ok,0.3639031792908047,0.041174,999999,41173,0.04078444458350469,0.041564298255446545,0.040614384602215094,0.405858,1.0,0.3990461865771036,False,False
ENSG00000134640,MTNR1B,30,ok,-0.37595995417849815,0.041443,999999,41442,0.0410522288136159,0.04183451298949458,0.040606556371763046,0.40718753398058255,1.0,0.3990461865771036,False,False
ENSG00000070190,DAPP1,35,ok,-0.3465956884671067,0.04176,999999,41759,0.04136780184843555,0.04215293873419862,0.04137701259942372,0.4089785806451613,1.0,0.4037369136151598,False,False
ENSG00000084652,TXLNA,31,ok,-0.3680705087992591,0.042257,999999,42256,0.04186257697636607,0.04265216169320003,0.04162373318891469,0.41251527974276536,1.0,0.4037369136151598,False,False
ENSG00000119919,NKX2-3,30,ok,-0.37427597951078784,0.042454,999999,42453,0.0420586992136578,0.042850038697749865,0.04158779875922348,0.41311007692307694,1.0,0.4037369136151598,False,False
ENSG00000118271,TTR,30,ok,-0.3742625538008307,0.04276,999999,42759,0.04236334038064421,0.0431573963532711,0.04159569736974434,0.4142206242038216,1.0,0.4037369136151598,False,False
ENSG00000067221,STOML1,30,ok,-0.3737340034276753,0.042841,999999,42840,0.04244398161932919,0.043238754802928124,0.04190760888404613,0.4142206242038216,1.0,0.405195861694153,False,False
ENSG00000134690,CDCA8,30,ok,-0.37338674711677955,0.043093,999999,43092,0.04269486794433534,0.043491867508401734,0.04211355010188656,0.41533443809523807,1.0,0.4058944066962781,False,False
ENSG00000145725,PPIP5K2,36,ok,-0.339448953502253,0.043402,999999,43401,0.04300250743555255,0.04380222682853615,0.042826519837895295,0.4168140183486239,1.0,0.41145985515142447,False,False
ENSG00000081138,CDH7,33,ok,-0.3544557766259823,0.043731,999999,43730,0.043330064945713856,0.044132668052991465,0.042977520763779725,0.4168140183486239,1.0,0.4116080537502689,False,False
ENSG00000113742,CPEB4,40,ok,-0.3212760969991267,0.043893,999999,43892,0.0434913569450005,0.0442953754307032,0.0432343824166416,0.4168140183486239,1.0,0.41176459586034764,False,False
ENSG00000148584,A1CF,34,ok,-0.3481849456098385,0.043986,999999,43985,0.043583951176497174,0.04438878084157948,0.04359660065583388,0.4168140183486239,1.0,0.41176459586034764,False,False
ENSG00000072201,LNX1,30,ok,0.370799029882947,0.044323,999999,44322,0.04391948491744924,0.044727245804843135,0.04367380456454929,0.4168140183486239,1.0,0.41176459586034764,False,False
ENSG00000152785,BMP3,31,ok,-0.3643332660883599,0.044446,999999,44445,0.04404195134844195,0.04485077890095982,0.04390280716708238,0.4168140183486239,1.0,0.41176459586034764,False,False
ENSG00000153820,SPHKAP,31,ok,-0.3636180314947127,0.044568,999999,44567,0.04416342295410218,0.04497330682628051,0.04435013927744851,0.4168140183486239,1.0,0.41176459586034764,False,False
ENSG00000137821,LRRC49,33,ok,-0.35269537255726335,0.04461,999999,44609,0.04420524124007699,0.04501548837884627,0.044096290438676446,0.4168140183486239,1.0,0.41176459586034764,False,False
ENSG00000073737,DHRS9,32,ok,-0.3585701251817029,0.044627,999999,44626,0.04422216771709854,0.045032561836473,0.04387828604035753,0.4168140183486239,1.0,0.41176459586034764,False,False
ENSG00000113838,TBCCD1,31,ok,-0.36405809534372924,0.044846,999999,44845,0.044440222003429175,0.04525250670830415,0.04407447946004956,0.4168140183486239,1.0,0.41176459586034764,False,False
ENSG00000115556,PLCD4,33,ok,-0.35255767301905716,0.044878,999999,44877,0.04447208403937342,0.04528464454935866,0.04418477699157402,0.4168140183486239,1.0,0.41176459586034764,False,False
ENSG00000137809,ITGA11,30,ok,0.36982644440291285,0.044894,999999,44893,0.044488015078552136,0.04530071344868001,0.04427201136363751,0.4168140183486239,1.0,0.41176459586034764,False,False
ENSG00000100592,DAAM1,34,ok,0.3467359771449035,0.045163,999999,45162,0.04475585778457668,0.04557086970875459,0.044538551475475543,0.4174227305389221,1.0,0.41215584587511,False,False
ENSG00000092978,GPATCH2,33,ok,-0.3517218370776243,0.045456,999999,45455,0.04504760174167543,0.045865124625653286,0.04472495089511734,0.4174227305389221,1.0,0.41215584587511,False,False
ENSG00000134014,ELP3,35,ok,-0.3410173800300105,0.045625,999999,45624,0.04521587938570494,0.046034846332221276,0.04498845901332651,0.4174227305389221,1.0,0.4126433884122637,False,False
ENSG00000134765,DSC1,35,ok,-0.34017513218319195,0.045738,999999,45737,0.045328397250045505,0.04614832803369172,0.04555510845421961,0.4174227305389221,1.0,0.41397621748456653,False,False
ENSG00000117595,IRF6,35,ok,-0.34057160204888476,0.045863,999999,45862,0.045452864713402985,0.046273860090061604,0.04528766039135177,0.4174227305389221,1.0,0.413872102247127,False,False
ENSG00000123454,DBH,30,ok,-0.36897741410130147,0.045899,999999,45898,0.045488711498122246,0.04631001316702864,0.04479954846468587,0.4174227305389221,1.0,0.41215584587511,False,False
ENSG00000108848,LUC7L3,30,ok,0.3680285005549061,0.045922,999999,45921,0.04551161364686586,0.04633311092991908,0.04539506259825207,0.4174227305389221,1.0,0.413872102247127,False,False
ENSG00000090273,NUDC,31,ok,-0.36089250613919527,0.046477,999999,46476,0.04606426097673567,0.04689046146800385,0.046088261366858854,0.4202602915451895,1.0,0.41397621748456653,False,False
ENSG00000132874,SLC14A2,33,ok,0.3498829871689485,0.04661,999999,46609,0.04619669959720783,0.04702402233668332,0.045931979544834876,0.4202602915451895,1.0,0.41397621748456653,False,False
ENSG00000136167,LCP1,34,ok,-0.34459046857101683,0.046651,999999,46650,0.04623752672712369,0.0470651950492936,0.04596326183996289,0.4202602915451895,1.0,0.41397621748456653,False,False
ENSG00000154080,CHST9,32,ok,0.35542721536195204,0.046791,999999,46790,0.046376937100292934,0.04720578413842888,0.045898085762032165,0.4202602915451895,1.0,0.41397621748456653,False,False
ENSG00000100372,SLC25A17,31,ok,-0.3601413374512354,0.046984,999999,46983,0.04656912592836212,0.04739959456915894,0.04657672224791908,0.4202602915451895,1.0,0.41519914109423856,False,False
ENSG00000152601,MBNL1,33,ok,0.3488799781278526,0.047331,999999,47330,0.04691467233788829,0.047748046827153945,0.0466012667882146,0.4202602915451895,1.0,0.41519914109423856,False,False
ENSG00000022355,GABRA1,32,ok,-0.3541170057711215,0.047393,999999,47392,0.04697641326928675,0.04781030565769531,0.046761734304859574,0.4202602915451895,1.0,0.41519914109423856,False,False
ENSG00000101447,FAM83D,30,ok,-0.3655172413793104,0.047458,999999,47457,0.047041141875939205,0.04787557680146994,0.047001520627850735,0.4202602915451895,1.0,0.41602512135905195,False,False
ENSG00000116675,DNAJC6,30,ok,-0.3658726715772305,0.04748,999999,47479,0.04706305006853963,0.04789766852440017,0.04677144474776995,0.4202602915451895,1.0,0.41519914109423856,False,False
ENSG00000139174,PRICKLE1,31,ok,-0.35897954652544223,0.047992,999999,47991,0.047572920390822955,0.048411796236491396,0.04734031350615823,0.42355730232558136,1.0,0.41780579012993135,False,False
ENSG00000136141,LRCH1,33,ok,-0.3474590437980608,0.048162,999999,48161,0.04774221618984116,0.04858249978491081,0.047562756016250325,0.42382559999999997,1.0,0.4183529435887619,False,False
ENSG00000117597,UTP25,35,ok,-0.33709282044182876,0.048498,999999,48497,0.04807682859427787,0.04891988609082869,0.04767790463824493,0.4242746218487395,1.0,0.4183529435887619,False,False
ENSG00000103051,COG4,30,ok,-0.36413330109045383,0.04851,999999,48509,0.048088779140834766,0.048931935498216075,0.04790595253240681,0.4242746218487395,1.0,0.41914257028353624,False,False
ENSG00000113360,DROSHA,31,ok,-0.3574742860717215,0.048944,999999,48943,0.04852099533739086,0.049367717636117074,0.048344438234717596,0.4242746218487395,1.0,0.41968822130513245,False,False
ENSG00000155890,TRIM42,30,ok,-0.3632317027424788,0.049079,999999,49078,0.048655442347080316,0.049503270108398674,0.048502560832559084,0.4242746218487395,1.0,0.41968822130513245,False,False
ENSG00000152763,DNAI4,31,ok,-0.35693395481565904,0.049133,999999,49132,0.04870922139915995,0.04955749084911465,0.04870898465069849,0.4242746218487395,1.0,0.41968822130513245,False,False
ENSG00000155755,TMEM237,31,ok,0.3557886316821819,0.049326,999999,49325,0.04890143286998967,0.049751278637754415,0.04948892728169876,0.4242746218487395,1.0,0.41968822130513245,False,False
ENSG00000091138,SLC26A3,32,ok,-0.35105408472544025,0.049353,999999,49352,0.048928322701164935,0.04977838870298576,0.048831363377163074,0.4242746218487395,1.0,0.41968822130513245,False,False
ENSG00000112874,NUDT12,36,ok,-0.33032897770122543,0.049539,999999,49538,0.049113564714054515,0.049965145976480184,0.0491079761570715,0.4242746218487395,1.0,0.41968822130513245,False,False
ENSG00000119943,PYROXD2,33,ok,-0.34517343333210837,0.049733,999999,49732,0.04930677589303016,0.050159934053246064,0.04914252659495155,0.4242746218487395,1.0,0.41968822130513245,False,False
ENSG00000100884,CPNE6,31,ok,0.35676113359747597,0.049754,999999,49753,0.049327690613035234,0.05018101925268,0.04882604243250727,0.4242746218487395,1.0,0.41968822130513245,False,False
ENSG00000133800,LYVE1,32,ok,-0.3506874486056225,0.049757,999999,49756,0.04933067843189508,0.05018403142231149,0.04908391332940794,0.4242746218487395,1.0,0.41968822130513245,False,False
ENSG00000137207,YIPF3,32,ok,0.3503765665218846,0.04989,999999,49889,0.049463138831867426,0.050317570512134036,0.04929887199473863,0.4242746218487395,1.0,0.41968822130513245,False,False
ENSG00000116991,SIPA1L2,32,ok,-0.3502933626696003,0.050254,999999,50253,0.049825666317282816,0.0506830416304895,0.04935653002220802,0.425166852367688,1.0,0.41968822130513245,False,False
ENSG00000138190,EXOC6,30,ok,-0.36154108709528504,0.050275,999999,50274,0.04984658155510517,0.05070412631212084,0.049637162914473565,0.425166852367688,1.0,0.41977277606780433,False,False
ENSG00000131634,TMEM204,31,ok,-0.3539020035657995,0.051476,999999,51475,0.05104276805201294,0.05190993520968618,0.05079528024340977,0.4341142666666667,1.0,0.4283735300527557,False,False
ENSG00000047410,TPR,34,ok,-0.3366215975121815,0.051839,999999,51838,0.05140432617307388,0.05227437569697297,0.05157782336379687,0.43484409944751384,1.0,0.4325698114157108,False,False
ENSG00000104221,BRF2,30,ok,-0.35937674123524826,0.051849,999999,51848,0.051414286536025526,0.052284415295686094,0.0511202816651539,0.43484409944751384,1.0,0.42992015272966,False,False
ENSG00000116147,TNR,35,ok,-0.3314886172757136,0.052291,999999,52290,0.05185453905150984,0.052728161085906625,0.05174016276061444,0.43734290909090906,1.0,0.4327359067251389,False,False
ENSG00000103375,AQP8,32,ok,-0.345984598459846,0.052986,999999,52985,0.05254680882007208,0.053425888653710785,0.05241650680553661,0.44021174999999996,1.0,0.43652950377715144,False,False
ENSG00000104412,EMC2,31,ok,-0.35152310580134005,0.052998,999999,52997,0.052558761865444927,0.05343793556235215,0.05248131385990128,0.44021174999999996,1.0,0.43652950377715144,False,False
ENSG00000113492,AGXT2,31,ok,-0.3512150869928132,0.053075,999999,53074,0.05263546072249409,0.05351523641023136,0.052702822218045314,0.44021174999999996,1.0,0.43717423020214635,False,False
ENSG00000001460,STPG1,33,ok,0.3399364760949515,0.053327,999999,53326,0.05288647696379937,0.05376821920328501,0.05292014034107721,0.44021174999999996,1.0,0.43778077949730354,False,False
ENSG00000136267,DGKB,34,ok,-0.3345572341651837,0.053359,999999,53358,0.05291835223874304,0.05380034380572548,0.05311795604889391,0.44021174999999996,1.0,0.43822313740337476,False,False
ENSG00000126773,PCNX4,34,ok,0.3342503477827589,0.053992,999999,53991,0.053548894057927426,0.05443579956128434,0.05335000095656638,0.4442268617886179,1.0,0.4389447233174405,False,False
ENSG00000131951,LRRC9,31,ok,-0.3494705010210109,0.054614,999999,54613,0.05416849516451904,0.055060196072014546,0.05397142139297082,0.4475849595687332,1.0,0.4428573928352957,False,False
ENSG00000117069,ST6GALNAC5,33,ok,0.3380140468493138,0.054695,999999,54694,0.05424918396318594,0.05514150696309416,0.05436336471405228,0.4475849595687332,1.0,0.443675202343717,False,False
ENSG00000135048,CEMIP2,35,ok,0.3283121986618905,0.055178,999999,55177,0.05473033393860463,0.05562635513779102,0.05416240529993791,0.44998729222520106,1.0,0.4432265835326456,False,False
ENSG00000148156,ACTL7B,30,ok,-0.3543289561540172,0.055285,999999,55284,0.05483692540235335,0.05573376326426694,0.05471560384218658,0.44998729222520106,1.0,0.44498284035652785,False,False
ENSG00000100351,GRAP2,38,ok,-0.3134614449280021,0.055611,999999,55610,0.05516168359517869,0.056061003823040786,0.055318314289504546,0.450485728,1.0,0.4466659632524888,False,False
ENSG00000124496,TRERF1,31,ok,-0.34832594496322455,0.055643,999999,55642,0.05519356193378241,0.05609312536190058,0.05481672671058676,0.450485728,1.0,0.44498284035652785,False,False
ENSG00000156510,HKDC1,30,ok,-0.35380508219051215,0.055878,999999,55877,0.05542766975695106,0.05632901663888689,0.0550998667862617,0.4511851276595744,1.0,0.4460885215015747,False,False
ENSG00000112837,TBX18,33,ok,-0.3360080240722166,0.056232,999999,56231,0.055780330008629975,0.05668435503180289,0.055902439013117464,0.45283912997347475,1.0,0.44944759105815046,False,False
ENSG00000112280,COL9A1,31,ok,-0.3465806001530575,0.056602,999999,56601,0.05614893507437181,0.05705574854952915,0.0561258278114558,0.453423811023622,1.0,0.44944759105815046,False,False
ENSG00000153234,NR4A2,31,ok,0.34644082172424134,0.056606,999999,56605,0.05615292002379589,0.05705976358479195,0.056231725852554364,0.453423811023622,1.0,0.44944759105815046,False,False
ENSG00000138615,CILP,31,ok,-0.3459715657399776,0.056887,999999,56886,0.056432864307160616,0.057341818225720244,0.056588393085466586,0.453423811023622,1.0,0.45092483309048964,False,False
ENSG00000102794,ACOD1,30,ok,-0.35224744103248784,0.056902,999999,56901,0.05644780803990932,0.05735687443555164,0.056254968577765865,0.453423811023622,1.0,0.44944759105815046,False,False
ENSG00000082269,FAM135A,31,ok,-0.3448623593211086,0.057805,999999,57804,0.057347436969838426,0.05826324204934306,0.05743855590049613,0.4586155064267352,1.0,0.45320602316176034,False,False
ENSG00000147588,PMP2,35,ok,-0.3242486011329271,0.058199,999999,58198,0.05773997598468547,0.05865870152668186,0.05739178295529793,0.4586155064267352,1.0,0.45320602316176034,False,False
ENSG00000146350,TBC1D32,31,ok,-0.34462593965467314,0.058288,999999,58287,0.05782864678794399,0.058748030382845616,0.057621055645731056,0.4586155064267352,1.0,0.45320602316176034,False,False
ENSG00000008311,AASS,30,ok,-0.35046729839626206,0.058298,999999,58297,0.05783860981841886,0.058758067314104066,0.05759830643634248,0.4586155064267352,1.0,0.45320602316176034,False,False
ENSG00000135334,AKIRIN2,31,ok,-0.34466758497662886,0.058334,999999,58333,0.05787447675966308,0.05879420023510048,0.05758887523985464,0.4586155064267352,1.0,0.45320602316176034,False,False
ENSG00000107796,ACTA2,37,ok,-0.31378942596664033,0.058691,999999,58690,0.05823015992341907,0.05915251570529468,0.05858756900570287,0.4586155064267352,1.0,0.4565997323030796,False,False
ENSG00000139330,KERA,42,ok,-0.2941391060248039,0.05874,999999,58739,0.05827897955746678,0.059201695883758995,0.05865411580968414,0.4586155064267352,1.0,0.4565997323030796,False,False
ENSG00000137872,SEMA6D,33,ok,-0.33280401286313394,0.058762,999999,58761,0.05830089860627795,0.05922377675077023,0.05843196826970211,0.4586155064267352,1.0,0.4565997323030796,False,False
ENSG00000111725,PRKAB1,30,ok,-0.3496215580846002,0.059067,999999,59066,0.05860477820275917,0.05952989598732632,0.0582452892123957,0.45981387692307696,1.0,0.4565997323030796,False,False
ENSG00000116703,PDC,31,ok,-0.34281105758510494,0.059418,999999,59417,0.0589544931243363,0.0598821797228878,0.059037266037329915,0.4613171020408163,1.0,0.4574080538488863,False,False
ENSG00000100109,TFIP11,32,ok,-0.3372764800975979,0.059564,999999,59563,0.05909995993804909,0.06002871235063774,0.059059274410001125,0.4613171020408163,1.0,0.4574080538488863,False,False
ENSG00000103494,RPGRIP1L,38,ok,-0.3088372134636097,0.059945,999999,59944,0.059479572244663714,0.06041109858655757,0.05921202653346371,0.4630865648854962,1.0,0.45742420497607084,False,False
ENSG00000104356,POP1,30,ok,-0.34769059759024945,0.060191,999999,60190,0.059724679081628235,0.06065799080861845,0.059743837772796134,0.4638067918781726,1.0,0.4596620094011996,False,False
ENSG00000134882,UBAC2,30,ok,0.3476132212462202,0.060428,999999,60427,0.0599608206799766,0.06089584830376999,0.05980451044580825,0.4644541974683544,1.0,0.4596620094011996,False,False
ENSG00000111049,MYF5,36,ok,-0.3157725416508315,0.060667,999999,60666,0.06019895709466714,0.06113571097497733,0.06064264570402285,0.46508155163727966,1.0,0.4637558497667843,False,False
ENSG00000135374,ELF5,35,ok,-0.32067806422845885,0.060816,999999,60815,0.060347419750761515,0.06128524774902745,0.06035364411180028,0.46508155163727966,1.0,0.4627112715238022,False,False
ENSG00000129988,LBP,32,ok,-0.33406674000733405,0.0624,999999,62399,0.06192575604992064,0.06287490539292058,0.06166855478035607,0.4749323609022556,1.0,0.4704164128471383,False,False
ENSG00000141425,RPRD1A,31,ok,0.3391560694889008,0.062417,999999,62416,0.06194269574206479,0.06289196563578207,0.0619723107540652,0.4749323609022556,1.0,0.47154871039935325,False,False
ENSG00000153707,PTPRD,37,ok,-0.30916528554997724,0.062791,999999,62790,0.062315371493252746,0.06326728845477506,0.0626114050122543,0.47658369,1.0,0.47522056404301016,False,False
ENSG00000118492,ADGB,32,ok,-0.33226369644128095,0.063501,999999,63500,0.06302287072094342,0.06397978651301471,0.06317351037060046,0.4807706633416459,1.0,0.47675980410643637,False,False
ENSG00000086570,FAT2,31,ok,-0.33763615047390727,0.063717,999999,63716,0.06323811331406434,0.06419654309427979,0.06322598828035304,0.48120599999999997,1.0,0.47675980410643637,False,False
ENSG00000131747,TOP2A,30,ok,-0.3432736195725319,0.064068,999999,64067,0.06358788587090966,0.06454876919588487,0.06328530996538005,0.48239334653465343,1.0,0.47675980410643637,False,False
ENSG00000103647,CORO2B,30,ok,-0.34267913620967855,0.064192,999999,64191,0.06371145322867618,0.06467320136420207,0.06377421447479403,0.48239334653465343,1.0,0.47899546881878596,False,False
ENSG00000100483,VCPKMT,32,ok,-0.3314081463846935,0.064357,999999,64356,0.0638758783286511,0.06483877563362997,0.06389761688788152,0.4824391407407407,1.0,0.47899546881878596,False,False
ENSG00000105887,MTPN,31,ok,-0.3357215002779099,0.065056,999999,65055,0.06457245281852601,0.06554019847253169,0.06483340065743141,0.48560335135135135,1.0,0.48362212382300185,False,False
ENSG00000103544,VPS35L,33,ok,-0.32561251965242227,0.065099,999999,65098,0.0646153041333225,0.06558334699342228,0.06443856298017352,0.48560335135135135,1.0,0.4818607813000167,False,False
ENSG00000151687,ANKAR,30,ok,0.34063856034570267,0.065658,999999,65657,0.0651723766967361,0.06614427229405744,0.0654748457456158,0.4873964780487805,1.0,0.4859222838334229,False,False
ENSG00000124151,NCOA3,32,ok,-0.32991014675414165,0.065753,999999,65752,0.06526705014106299,0.06623959848675481,0.0651811141142633,0.4873964780487805,1.0,0.48502417267378284,False,False
ENSG00000077092,RARB,34,ok,-0.31934892624237526,0.065821,999999,65820,0.06533481657434448,0.06630783179366291,0.06562191580095632,0.4873964780487805,1.0,0.4859222838334229,False,False
ENSG00000144580,CNOT9,33,ok,-0.3237977113028288,0.06607,999999,66069,0.06558296257470062,0.06655768484196894,0.06602834612186517,0.4880499270072993,1.0,0.4865583952086958,False,False
ENSG00000122218,COPA,34,ok,-0.31892291118189187,0.066686,999999,66685,0.06619685836395035,0.06717578669938733,0.06600280390804332,0.4914046019417475,1.0,0.4865583952086958,False,False
ENSG00000147679,UTP23,35,ok,0.3135991039715369,0.06696,999999,66959,0.06646992625713728,0.0674507177595068,0.0665822335797423,0.49222895883777246,1.0,0.48945196403897734,False,False
ENSG00000120709,FAM53C,32,ok,0.32798460115051825,0.06746,999999,67459,0.06696823139449595,0.067952410712249,0.06686046587846418,0.4945614807692308,1.0,0.4898032180454604,False,False
ENSG00000153930,ANKFN1,33,ok,0.3225779498020829,0.067673,999999,67672,0.06718051174581743,0.0681661295473592,0.06711401143178904,0.4945614807692308,1.0,0.4898032180454604,False,False
ENSG00000114019,AMOTL2,30,ok,-0.3387150840347217,0.067766,999999,67765,0.06727319797332065,0.06825944296464509,0.06711003834636718,0.4945614807692308,1.0,0.4898032180454604,False,False
ENSG00000116748,AMPD1,32,ok,0.32694599935710067,0.068186,999999,68185,0.06769178425335715,0.06868085508049813,0.06778020116046628,0.49528825775656327,1.0,0.49143236312320865,False,False
ENSG00000150893,FREM2,33,ok,-0.3219092302172801,0.068197,999999,68196,0.06770274730008778,0.06869189199175657,0.06771511284383978,0.49528825775656327,1.0,0.49143236312320865,False,False
ENSG00000119321,FKBP15,31,ok,-0.3322571033052506,0.068355,999999,68354,0.06786021692474974,0.06885042176367318,0.0678228458987564,0.49528825775656327,1.0,0.49143236312320865,False,False
ENSG00000135443,KRT85,30,ok,-0.33663586983606647,0.069248,999999,69247,0.06875023353476475,0.06974640174346916,0.06891316863703326,0.4995443033175355,1.0,0.4969605225226436,False,False
ENSG00000136504,KAT7,31,ok,-0.33148391170378855,0.06939,999999,69389,0.06889176134403163,0.06988887339197707,0.06850446131603358,0.4995443033175355,1.0,0.495189391798757,False,False
ENSG00000152611,CAPSL,33,ok,-0.3202942204566198,0.069436,999999,69435,0.06893760851003719,0.06993502605032366,0.06918417946330618,0.4995443033175355,1.0,0.4977326276080511,False,False
ENSG00000124134,KCNS1,31,ok,-0.32960161539297655,0.070035,999999,70034,0.06953462408763485,0.0705360081855999,0.07018611103646277,0.5026625531914893,1.0,0.5037471231836903,False,False
ENSG00000106366,SERPINE1,30,ok,0.33485421767193413,0.070474,999999,70473,0.06997217645190609,0.07097645414525414,0.07048797628007263,0.5046204339622641,1.0,0.504720509401652,False,False
ENSG00000150656,CNDP1,33,ok,0.31862255207741585,0.07102,999999,71019,0.07051638382906592,0.07152424468365469,0.07073086925496289,0.5073334588235294,1.0,0.5052680448425113,False,False
ENSG00000075539,FRYL,34,ok,0.31313518053582723,0.071594,999999,71593,0.07108850856963367,0.07210011775193399,0.07135116293277598,0.5094934145199063,1.0,0.5073117814143041,False,False
ENSG00000092098,RNF31,30,ok,-0.33407642760842277,0.071658,999999,71657,0.07115230006717907,0.07216432601009018,0.07118415232193333,0.5094934145199063,1.0,0.5073117814143041,False,False
ENSG00000144285,SCN1A,35,ok,-0.3082258998874083,0.072232,999999,72231,0.0717244352729753,0.07274018861334301,0.07163842660849065,0.5123746542056075,1.0,0.5081641663163029,False,False
ENSG00000123737,EXOSC9,30,ok,-0.33307351108647776,0.072601,999999,72600,0.07209224139739312,0.07311038108055089,0.07208967992283599,0.5130204558139535,1.0,0.5101731194539163,False,False
ENSG00000104635,SLC39A14,30,ok,0.3325542591548224,0.072661,999999,72660,0.07215204763295523,0.07317057461599175,0.07256199877327256,0.5130204558139535,1.0,0.5111327802219385,False,False
ENSG00000078725,BRINP1,31,ok,0.32731673051354343,0.073023,999999,73022,0.07251288072325524,0.07353374014411662,0.07227033574182748,0.5139484166666667,1.0,0.5102621844469494,False,False
ENSG00000091181,IL5RA,35,ok,-0.3066900182656538,0.073131,999999,73130,0.07262053329173382,0.0736420871634688,0.07313746654732083,0.5139484166666667,1.0,0.5139938621242269,False,False
ENSG00000112078,KCTD20,30,ok,-0.3311804748147233,0.073497,999999,73496,0.07298535828951423,0.07400926076893798,0.07382315941137389,0.5153276951501156,1.0,0.5164219169883206,False,False
ENSG00000134324,LPIN1,31,ok,-0.32587215826913496,0.074186,999999,74185,0.07367215633392836,0.07470046009530949,0.07361260038112054,0.5189601290322581,1.0,0.5161382326953393,False,False
ENSG00000102452,NALCN,31,ok,0.32405727619956676,0.075748,999999,75747,0.07522921198591591,0.07626739848363234,0.07532621605126778,0.5286687999999999,1.0,0.525725038923331,False,False
ENSG00000148702,HABP2,35,ok,-0.3035367761564321,0.076259,999999,76258,0.07573860856952694,0.07677999995059787,0.0762916779004131,0.5302092631578947,1.0,0.5300263938344488,False,False
ENSG00000113739,STC2,32,ok,0.3178401226876162,0.076318,999999,76317,0.07579742388115099,0.0768391844139016,0.07627271344886398,0.5302092631578947,1.0,0.5300263938344488,False,False
ENSG00000138074,SLC5A6,32,ok,0.3173817381738173,0.077083,999999,77082,0.07656003740956424,0.07760656796732653,0.07672102704562003,0.5343013424657534,1.0,0.5309351213489667,False,False
ENSG00000146857,STRA8,33,ok,-0.3123537278502174,0.077479,999999,77478,0.07695480800896799,0.07800379585745104,0.07677223922009103,0.5348673,1.0,0.5309351213489667,False,False
ENSG00000151876,FBXO4,31,ok,-0.3220373188340802,0.077517,999999,77516,0.07699269024807859,0.07804191347339992,0.07726954913946402,0.5348673,1.0,0.5331598890623017,False,False
ENSG00000079819,EPB41L2,33,ok,0.3110739668198353,0.078151,999999,78150,0.07762473094022421,0.07867787036313251,0.07805329429455596,0.5380191292517007,1.0,0.5357547121283752,False,False
ENSG00000115317,HTRA2,31,ok,-0.32068623435697,0.078568,999999,78567,0.0780404478071663,0.07909615190581994,0.07859081746212682,0.5388423497757848,1.0,0.5357547121283752,False,False
ENSG00000139668,WDFY2,34,ok,0.3057169061449098,0.078746,999999,78745,0.078217901424869,0.0792746976092774,0.07869390080620874,0.5388423497757848,1.0,0.5357547121283752,False,False
ENSG00000132437,DDC,31,ok,-0.32042360223484895,0.079063,999999,79062,0.0785339303391895,0.07959266748604592,0.07884966256411807,0.5388423497757848,1.0,0.5357547121283752,False,False
ENSG00000124491,F13A1,36,ok,-0.29696852735771495,0.079123,999999,79122,0.07859374681997221,0.07965285077645211,0.07860302556736261,0.5388423497757848,1.0,0.5357547121283752,False,False
ENSG00000122965,RBM19,35,ok,0.3010232954696014,0.079158,999999,79157,0.07862863980852068,0.07968795765443125,0.07888088152878252,0.5388423497757848,1.0,0.5357547121283752,False,False
ENSG00000149257,SERPINH1,30,ok,0.32599021723842786,0.079459,999999,79458,0.07892872076718631,0.07998987554792471,0.07874130978631154,0.5396812617449664,1.0,0.5357547121283752,False,False
ENSG00000139908,TSSK4,30,ok,0.3255814134890613,0.079667,999999,79666,0.07913608699404844,0.08019850852789279,0.07913912702549411,0.5398861875,1.0,0.536308905467411,False,False
ENSG00000132911,NMUR2,32,ok,-0.31438525849565296,0.079963,999999,79962,0.0794311869261981,0.08049540746703307,0.0797020696441987,0.5406852293986637,1.0,0.538920898529593,False,False
ENSG00000106144,CASP2,31,ok,0.31880549478684206,0.080653,999999,80652,0.0801190971295668,0.08118749463269208,0.08045895289181314,0.5441389066666668,1.0,0.5428297355100993,False,False
ENSG00000145283,SLC10A6,31,ok,-0.318608171060714,0.081311,999999,81310,0.08077511501617596,0.08184747423730915,0.08065691685598747,0.5473618536585365,1.0,0.5429587573720132,False,False
ENSG00000112290,WASF1,31,ok,-0.3179388944267413,0.081666,999999,81665,0.08112904996174423,0.08220353793829575,0.08133115571332192,0.548314945054945,1.0,0.546286258286826,False,False
ENSG00000101247,NDUFAF5,37,ok,-0.28982327941546865,0.081927,999999,81926,0.0813892688406339,0.08246531806437017,0.08186215028956005,0.548314945054945,1.0,0.5474305909231373,False,False
ENSG00000139163,ETNK1,34,ok,-0.30270600825561844,0.082105,999999,82104,0.08156673705055195,0.08264384917586065,0.08183591418489405,0.548314945054945,1.0,0.5474305909231373,False,False
ENSG00000109618,SEPSECS,30,ok,-0.32257347192905805,0.082175,999999,82174,0.08163652812532007,0.08271405783423416,0.08211390499787659,0.548314945054945,1.0,0.5479072869748425,False,False
ENSG00000070915,SLC12A3,31,ok,-0.315922155483343,0.08306,999999,83059,0.08251889666548437,0.08360168592038204,0.0833890546674655,0.5530047368421053,1.0,0.5551955481807571,False,False
ENSG00000109861,CTSC,32,ok,0.31033851280705016,0.083821,999999,83820,0.08327764851865095,0.08436493116646496,0.08386879135953812,0.5568502319474836,1.0,0.5562303213118251,False,False
ENSG00000126602,TRAP1,30,ok,-0.32020035173817024,0.084571,999999,84570,0.08402544591554631,0.08511713091096035,0.08452073956027296,0.5590784121475054,1.0,0.5571641360266923,False,False
ENSG00000126822,PLEKHG3,30,ok,-0.32079670833958157,0.084627,999999,84626,0.08408128196979447,0.08517329464327769,0.08391089827431354,0.5590784121475054,1.0,0.5562303213118251,False,False
ENSG00000138722,MMRN1,30,ok,0.32016470064544844,0.084729,999999,84728,0.08418298353740414,0.0852755926869152,0.08455730384344437,0.5590784121475054,1.0,0.5571641360266923,False,False
ENSG00000034152,MAP2K3,30,ok,0.31994213220565326,0.084893,999999,84892,0.0843465041996712,0.08544007139960262,0.08478584678667057,0.5590784121475054,1.0,0.5571641360266923,False,False
ENSG00000138193,PLCE1,30,ok,-0.32001780547507336,0.085344,999999,85343,0.08479618915446686,0.08589238472598182,0.08470808927073041,0.560832,1.0,0.5571641360266923,False,False
ENSG00000109118,PHF12,31,ok,-0.3137552120088587,0.085648,999999,85647,0.08509930531855754,0.08619726740334496,0.08564448585719701,0.5616140993520519,1.0,0.561591056290389,False,False
ENSG00000138623,SEMA7A,32,ok,-0.30815765870677025,0.086302,999999,86301,0.08575141089980148,0.08685315932981308,0.08618261437837388,0.5631617473233405,1.0,0.562449186214205,False,False
ENSG00000132792,CTNNBL1,31,ok,0.31352175272092697,0.086469,999999,86468,0.08591792867769799,0.0870206409155306,0.08589023710536402,0.5631617473233405,1.0,0.5619887065773387,False,False
ENSG00000138152,BTBD16,35,ok,0.29380035098358886,0.086566,999999,86565,0.08601464886731966,0.08711792035627602,0.08670165321088535,0.5631617473233405,1.0,0.562449186214205,False,False
ENSG00000147573,TRIM55,32,ok,0.3078756774652676,0.086626,999999,86625,0.08607447589255107,0.0871780931024073,0.08648532474760261,0.5631617473233405,1.0,0.562449186214205,False,False
ENSG00000150347,ARID5B,34,ok,0.2979813566508235,0.087074,999999,87073,0.08652118684786485,0.08762738043997412,0.08696051218527152,0.5648646666666667,1.0,0.5629256183251266,False,False
ENSG00000101323,HAO1,30,ok,-0.3181969969623954,0.087279,999999,87278,0.08672559846002816,0.08783296804667413,0.08659422764907929,0.5649873006396589,1.0,0.562449186214205,False,False
ENSG00000139826,ABHD13,31,ok,-0.3117498881987008,0.087496,999999,87495,0.08694197662776862,0.08805058905208739,0.08777301804384967,0.5651869276595745,1.0,0.5647234563944665,False,False
ENSG00000155099,PIP4P2,31,ok,-0.31155475527587484,0.087896,999999,87895,0.0873408330709237,0.0884517310848331,0.08798227762667414,0.5660982203389832,1.0,0.5647234563944665,False,False
ENSG00000141469,SLC14A1,33,ok,0.30171333160118363,0.08801,999999,88009,0.08745450779058714,0.08856605593081113,0.08793265644609682,0.5660982203389832,1.0,0.5647234563944665,False,False
ENSG00000117543,DPH5,32,ok,-0.3061411600477729,0.08844,999999,88439,0.0878832833721966,0.08899727871087049,0.08836530195580775,0.5664100750000001,1.0,0.565076167277994,False,False
ENSG00000139899,CBLN3,30,ok,0.3169021940170407,0.088456,999999,88455,0.08789923788898267,0.08901332413312446,0.0879548647574266,0.5664100750000001,1.0,0.5647234563944665,False,False
ENSG00000108960,MMD,31,ok,-0.3103065752319484,0.088809,999999,88808,0.08825123580701245,0.08936732487018621,0.08932984425705959,0.5664100750000001,1.0,0.5654951813121379,False,False
ENSG00000114541,FRMD4B,32,ok,-0.3058025599179218,0.088921,999999,88920,0.08836291842096144,0.08947964182953254,0.08873591615176428,0.5664100750000001,1.0,0.565076167277994,False,False
ENSG00000109099,PMP22,32,ok,-0.3055912058680464,0.089235,999999,89234,0.088676030026274,0.0897945290279444,0.08896785505892002,0.5664100750000001,1.0,0.565076167277994,False,False
ENSG00000145757,SPATA9,32,ok,0.306013934726806,0.089361,999999,89360,0.0888016741234861,0.08992088445070709,0.088504417114533,0.5664100750000001,1.0,0.565076167277994,False,False
ENSG00000070193,FGF10,32,ok,0.3056472519402037,0.089455,999999,89454,0.08889540882700343,0.09001514938907898,0.08890630527250301,0.5664100750000001,1.0,0.565076167277994,False,False
ENSG00000125266,EFNB2,30,ok,-0.31523311645023744,0.089551,999999,89550,0.08899113807814742,0.09011141977220773,0.0897327710892096,0.5664100750000001,1.0,0.5654951813121379,False,False
ENSG00000123607,TTC21B,34,ok,-0.29533124560887775,0.090087,999999,90086,0.0895256299541586,0.09064892585427298,0.0899409564267679,0.567482636550308,1.0,0.5654951813121379,False,False
ENSG00000014641,MDH1,31,ok,0.30959346470448185,0.090239,999999,90238,0.08967720337101473,0.09080135185838031,0.09010676976190488,0.567482636550308,1.0,0.5654951813121379,False,False
ENSG00000083937,CHMP2B,32,ok,0.30473047816949417,0.090439,999999,90438,0.08987664281048584,0.09100191165702999,0.08991720253080818,0.567482636550308,1.0,0.5654951813121379,False,False
ENSG00000142623,PADI1,32,ok,-0.3045192056061276,0.090557,999999,90556,0.08999431246959998,0.09112024154841293,0.09015140571642778,0.567482636550308,1.0,0.5654951813121379,False,False
ENSG00000137055,PLAA,32,ok,-0.30390102685311104,0.090985,999999,90984,0.09042111670274704,0.09154943568490144,0.09083935450420111,0.567482636550308,1.0,0.5681877350474973,False,False
ENSG00000102580,DNAJC3,30,ok,-0.31407259740968363,0.091004,999999,91003,0.09044006370729786,0.09156848860797592,0.0909849827509817,0.567482636550308,1.0,0.5681877350474973,False,False
ENSG00000133110,POSTN,33,ok,-0.29884673658276056,0.091029,999999,91028,0.09046499398777062,0.0915935582322735,0.09114210374444373,0.567482636550308,1.0,0.5681877350474973,False,False
ENSG00000136936,XPA,32,ok,0.3033749082905356,0.091376,999999,91375,0.09081102760737206,0.09194152329090359,0.09142800200058104,0.5684785573770491,1.0,0.5688020780200083,False,False
ENSG00000148843,PDCD11,32,ok,-0.3027691179167431,0.091996,999999,91995,0.091429307065139,0.09256324147156582,0.09210938838585188,0.5711653496932515,1.0,0.5707022513049925,False,False
ENSG00000089723,OTUB2,31,ok,-0.3079249911367384,0.092663,999999,92662,0.09209446480415788,0.09323208119208119,0.09194466422089516,0.5741323836734693,1.0,0.5707022513049925,False,False
ENSG00000023318,ERP44,35,ok,-0.28809640650825735,0.093015,999999,93014,0.09244549618671874,0.09358504846887727,0.09328900070667934,0.5751395926680244,1.0,0.575483020921873,False,False
ENSG00000149571,KIRREL3,32,ok,-0.3014213676130517,0.09361,999999,93609,0.09303886452029497,0.09418167786923849,0.09363920037398066,0.5768646328600405,1.0,0.575483020921873,False,False
ENSG00000127743,IL17B,35,ok,0.28782572149061364,0.093674,999999,93673,0.09310268943248051,0.0942458527133144,0.09361086448502494,0.5768646328600405,1.0,0.575483020921873,False,False
ENSG00000136986,DERL1,36,ok,-0.2837821018867221,0.09415,999999,94149,0.09357738975757715,0.09472315057544894,0.09348716068617328,0.5778864769539077,1.0,0.575483020921873,False,False
ENSG00000120725,SIL1,33,ok,0.2963891716438345,0.094223,999999,94222,0.09365019083267118,0.09479634922235192,0.09396421012285312,0.5778864769539077,1.0,0.5763138220868325,False,False
ENSG00000095261,PSMD5,31,ok,0.30535660399493864,0.094623,999999,94622,0.09404910268947314,0.0951974358422721,0.09482941147273945,0.5778864769539077,1.0,0.5774097473307328,False,False
ENSG00000121316,PLBD1,31,ok,-0.305334276030502,0.094816,999999,94815,0.09424157877972696,0.09539095901705263,0.0948547872120664,0.5778864769539077,1.0,0.5774097473307328,False,False
ENSG00000134242,PTPN22,30,ok,-0.3105175311385391,0.094928,999999,94927,0.09435327508218339,0.09550326228809233,0.09490364424177723,0.5778864769539077,1.0,0.5774097473307328,False,False
ENSG00000106278,PTPRZ1,34,ok,-0.29132594659014577,0.094982,999999,94981,0.09440712874381275,0.09555740842082842,0.09459327208972929,0.5778864769539077,1.0,0.5774097473307328,False,False
ENSG00000119408,NEK6,32,ok,-0.2995691643349865,0.09587,999999,95869,0.09529273039053386,0.09644780339267522,0.09577306064332278,0.5821226399999999,1.0,0.581534024226256,False,False
ENSG00000152254,G6PC2,33,ok,-0.29440775828010785,0.096434,999999,96433,0.09585521498625277,0.09701331664940013,0.09628763567830399,0.5833676959064328,1.0,0.5819279738696457,False,False
ENSG00000088325,TPX2,30,ok,-0.30889063699440666,0.096669,999999,96668,0.09608958535906348,0.09724894538179925,0.09673897359681342,0.5833676959064328,1.0,0.5819279738696457,False,False
ENSG00000154415,PPP1R3A,37,ok,-0.27696054226191946,0.097109,999999,97108,0.09652840929977845,0.09769011976577145,0.09701400013102705,0.5833676959064328,1.0,0.5819279738696457,False,False
ENSG00000127955,GNAI1,33,ok,0.29398980291628035,0.097149,999999,97148,0.09656830256681764,0.09773022634643355,0.0967832665662732,0.5833676959064328,1.0,0.5819279738696457,False,False
ENSG00000111181,SLC6A12,31,ok,0.3028531117316578,0.097314,999999,97313,0.09673286261219385,0.09789566567282973,0.0977068605395295,0.5833676959064328,1.0,0.5819279738696457,False,False
ENSG00000078401,EDN1,32,ok,-0.2983131847070854,0.097325,999999,97324,0.09674383330011654,0.09790669494302545,0.09724090976223558,0.5833676959064328,1.0,0.5819279738696457,False,False
ENSG00000151617,EDNRA,31,ok,-0.3030853056178898,0.097452,999999,97451,0.09687049504367017,0.09803403271593214,0.09743723608663182,0.5833676959064328,1.0,0.5819279738696457,False,False
ENSG00000080493,SLC4A4,33,ok,-0.2936308967808208,0.09775,999999,97749,0.09716770252817739,0.09833282409683611,0.09721041979339591,0.5833676959064328,1.0,0.5819279738696457,False,False
ENSG00000005812,FBXL3,31,ok,-0.3022786913647484,0.097833,999999,97832,0.09725048209009012,0.09841604421891781,0.09837630551746557,0.5833676959064328,1.0,0.5819279738696457,False,False
ENSG00000035664,DAPK2,30,ok,-0.3077436658298607,0.098344,999999,98343,0.0977601277656557,0.09892839659786258,0.09804892852055874,0.5833676959064328,1.0,0.5819279738696457,False,False
ENSG00000134982,APC,30,ok,-0.3073328159673688,0.098483,999999,98482,0.09789876020794452,0.09906776362638153,0.09852140269071076,0.5833676959064328,1.0,0.5819279738696457,False,False
ENSG00000135740,SLC9A5,31,ok,-0.3025015130119024,0.09851,999999,98509,0.09792568885337158,0.0990948348781623,0.09811621259430366,0.5833676959064328,1.0,0.5819279738696457,False,False
ENSG00000024526,DEPDC1,33,ok,-0.29273593682479776,0.098573,999999,98572,0.0979885224118507,0.09915800107983548,0.0982817981757424,0.5833676959064328,1.0,0.5819279738696457,False,False
ENSG00000139687,RB1,30,ok,0.30736701535722244,0.098824,999999,98823,0.09823886001609103,0.09940966252002134,0.09848200822813735,0.5837152996108949,1.0,0.5819279738696457,False,False
ENSG00000006283,CACNA1G,30,ok,-0.3061428889383485,0.100011,999999,100010,0.09942274316027971,0.1005997748570549,0.0998995040918782,0.5887495598455598,1.0,0.5873269400969626,False,False
ENSG00000116747,RO60,31,ok,0.30082694634933443,0.100235,999999,100234,0.09964615785511476,0.10082435930951515,0.10008366656116655,0.5887495598455598,1.0,0.5873269400969626,False,False
ENSG00000152133,GPATCH11,31,ok,-0.30082695246823943,0.100358,999999,100357,0.09976883684612048,0.10094767985028827,0.10008365931803502,0.5887495598455598,1.0,0.5873269400969626,False,False
ENSG00000091732,ZC3HC1,30,ok,-0.3058771224503284,0.100452,999999,100451,0.09986259170641008,0.10104192463217358,0.10020927370560824,0.5887495598455598,1.0,0.5873269400969626,False,False
ENSG00000151702,FLI1,31,ok,-0.3000907669830663,0.101104,999999,101103,0.10051289575196436,0.1016956181047415,0.10095797229161234,0.5910566538461539,1.0,0.5905749593012236,False,False
ENSG00000114738,MAPKAPK3,34,ok,-0.28568153033234606,0.101235,999999,101234,0.10064355591972304,0.10182695743833539,0.10145834863290065,0.5910566538461539,1.0,0.5914252255223018,False,False
ENSG00000119328,ABITRAM,32,ok,0.29475422359349823,0.101636,999999,101635,0.10104351757202569,0.10222899425966377,0.1014929323113041,0.5922589174664107,1.0,0.5914252255223018,False,False
ENSG00000058272,PPP1R12A,37,ok,-0.2729916438955611,0.102008,999999,102007,0.10141455687064604,0.10260195354509366,0.10209740954779965,0.5924785927342257,1.0,0.5934852331405167,False,False
ENSG00000041353,RAB27B,31,ok,-0.29902208035822125,0.102064,999999,102063,0.10147041246102949,0.10265809774155922,0.10223741005681497,0.5924785927342257,1.0,0.5934852331405167,False,False
ENSG00000078246,TULP3,30,ok,0.3034720676608057,0.102978,999999,102977,0.10238206328976807,0.10357444343399358,0.10304553052979906,0.5966435267175573,1.0,0.5959498758610909,False,False
ENSG00000112357,PEX7,33,ok,-0.2886158515753414,0.103363,999999,103362,0.10276607813348268,0.10396042712496507,0.10333001116821756,0.5971280988593156,1.0,0.5959498758610909,False,False
ENSG00000005156,LIG3,30,ok,-0.30320570653373163,0.103455,999999,103454,0.1028578431010563,0.10405266180724349,0.10336331974908916,0.5971280988593156,1.0,0.5959498758610909,False,False
ENSG00000152127,MGAT5,33,ok,0.28836509931506743,0.103656,999999,103655,0.10305833011685148,0.10425417402645758,0.10364345667149408,0.5971529715370019,1.0,0.5959498758610909,False,False
ENSG00000137573,SULF1,33,ok,-0.28850815783594147,0.103882,999999,103881,0.10328375416338098,0.10448074911979988,0.10346454269521596,0.5973215000000001,1.0,0.5959498758610909,False,False
ENSG00000134028,ADAMDEC1,30,ok,-0.302470509681727,0.104439,999999,104438,0.10383933842419925,0.105039162739156,0.10424428649897308,0.5993890434782609,1.0,0.5982715572984542,False,False
ENSG00000120727,PAIP2,32,ok,-0.2909593627020061,0.105805,999999,105804,0.1052018888543976,0.1064086071105304,0.10617997294844177,0.6060829811320755,1.0,0.6082309393801306,False,False
ENSG00000150394,CDH8,35,ok,0.27742749054224464,0.106734,999999,106733,0.10612856082683034,0.10733993160293541,0.10662970461015821,0.6102531525423729,1.0,0.6096568421778538,False,False
ENSG00000133048,CHI3L1,33,ok,0.2854993821458795,0.107287,999999,107286,0.10668018186759179,0.10789430845790465,0.10727685599691078,0.6113296435272045,1.0,0.6122040127944006,False,False
ENSG00000138459,SLC35A5,33,ok,0.285236586498115,0.107325,999999,107324,0.10671808729692174,0.1079324028839798,0.10761478977043676,0.6113296435272045,1.0,0.612454075474619,False,False
ENSG00000146352,CLVS2,32,ok,0.2897367806643302,0.107757,999999,107756,0.10714901385249198,0.10836547468461465,0.1077241358048243,0.6126409213483146,1.0,0.612454075474619,False,False
ENSG00000116906,GNPAT,31,ok,-0.29402864635868475,0.108416,999999,108415,0.10780638225590192,0.10902610377372861,0.10837802341916813,0.6152354691588785,1.0,0.6150199609356906,False,False
ENSG00000115896,PLCL1,33,ok,-0.28432929476654484,0.10896,999999,108959,0.10834904072172148,0.1095714432380694,0.10878765286799849,0.6167715977653632,1.0,0.6153866183357692,False,False
ENSG00000006468,ETV1,37,ok,-0.267947122410457,0.109093,999999,109092,0.10848171346677296,0.10970476998698143,0.1088480283419987,0.6167715977653632,1.0,0.6153866183357692,False,False
ENSG00000088543,C3orf18,31,ok,0.2927001411574914,0.109426,999999,109425,0.108813895352843,0.11003858683393279,0.11005733800264464,0.6175043420074349,1.0,0.6199148018108147,False,False
ENSG00000113460,BRIX1,31,ok,-0.292877344267761,0.110117,999999,110116,0.10950320339533148,0.11073127616243689,0.10983222371580768,0.6202508571428572,1.0,0.6197967122698739,False,False
ENSG00000155974,GRIP1,31,ok,-0.2917632840717102,0.110873,999999,110872,0.11025736101624554,0.11148911566531786,0.11125323845130485,0.6233526444444445,1.0,0.6254904295151139,False,False
ENSG00000110315,RNF141,36,ok,-0.269807556715115,0.11113,999999,111129,0.11051373676965086,0.11174673893417952,0.11152268621075559,0.6236426617375231,1.0,0.625846349973852,False,False
ENSG00000102908,NFAT5,33,ok,-0.28151120420091225,0.112397,999999,112396,0.11177767443584816,0.11301679644797474,0.11249192957195261,0.6295890996309963,1.0,0.6291985177326088,False,False
ENSG00000140543,DET1,35,ok,-0.2730265522207648,0.112732,999999,112731,0.11211186893008818,0.11335260067935386,0.11253451749960691,0.6303026740331491,1.0,0.6291985177326088,False,False
ENSG00000101384,JAG1,32,ok,0.2853868768175798,0.113304,999999,113303,0.11268249757343182,0.11392596986009906,0.11335519073576565,0.6314879999999999,1.0,0.6323859491678734,False,False
ENSG00000106100,NOD1,30,ok,-0.2946478264596642,0.113452,999999,113451,0.11283014356806487,0.1140743233024775,0.1139701205768636,0.6314879999999999,1.0,0.6330760539145859,False,False
ENSG00000121879,PIK3CA,31,ok,-0.29000706006067495,0.113568,999999,113567,0.11294586633963696,0.11419060008964683,0.11352119311478621,0.6314879999999999,1.0,0.6323859491678734,False,False
ENSG00000092108,SCFD1,30,ok,-0.29457624987555475,0.113854,999999,113853,0.11323118370946221,0.11447728163190116,0.11406212170331965,0.6319209213893966,1.0,0.6330760539145859,False,False
ENSG00000140287,HDC,30,ok,-0.2940129162517245,0.114375,999999,114374,0.11375094338835468,0.1149995199712044,0.11478813362660287,0.6325865882352941,1.0,0.6351727003710399,False,False
ENSG00000107807,TLX1,30,ok,0.2937966529949766,0.114545,999999,114544,0.11392053957097781,0.1151699231419375,0.1150677597084148,0.6325865882352941,1.0,0.6351727003710399,False,False
ENSG00000124701,APOBEC2,33,ok,0.27931467656075215,0.115013,999999,115012,0.11438743014766545,0.11563903078510332,0.1154441153845736,0.6325865882352941,1.0,0.6351727003710399,False,False
ENSG00000122012,SV2C,30,ok,-0.29315526058025515,0.115646,999999,115645,0.1150189348363733,0.11627352368869263,0.1159000509724202,0.6325865882352941,1.0,0.6351727003710399,False,False
ENSG00000146648,EGFR,30,ok,-0.2931744958130908,0.115665,999999,115664,0.1150378900464229,0.116292568406375,0.1158750258620127,0.6325865882352941,1.0,0.6351727003710399,False,False
ENSG00000067596,DHX8,30,ok,-0.2933511981718621,0.115709,999999,115708,0.11508178634308532,0.1163366719423552,0.11564532318872706,0.6325865882352941,1.0,0.6351727003710399,False,False
ENSG00000075391,RASAL2,35,ok,0.2705050087184601,0.116021,999999,116020,0.11539305182273872,0.11664940527599499,0.11602665486501353,0.6325865882352941,1.0,0.6351727003710399,False,False
ENSG00000153767,GTF2E1,31,ok,-0.28778864722293684,0.116104,999999,116103,0.1154758566662546,0.11673260011678742,0.11643508354212266,0.6325865882352941,1.0,0.6351727003710399,False,False
ENSG00000154553,PDLIM3,33,ok,0.2788132139457418,0.116151,999999,116150,0.11552274620149612,0.11677971040278125,0.11612613744524235,0.6325865882352941,1.0,0.6351727003710399,False,False
ENSG00000036257,CUL3,30,ok,-0.2921536056005202,0.116391,999999,116390,0.11576218263880873,0.11702027305263357,0.11720876289015339,0.6325865882352941,1.0,0.6355094606201082,False,False
ENSG00000128271,ADORA2A,30,ok,-0.2926123792959267,0.116393,999999,116392,0.11576417794605154,0.11702227773778384,0.11660799823716785,0.6325865882352941,1.0,0.6351727003710399,False,False
ENSG00000138411,HECW2,31,ok,0.28755798124491744,0.116524,999999,116523,0.11589487069981487,0.11715358448576879,0.1167412275385508,0.6325865882352941,1.0,0.6351727003710399,False,False
ENSG00000078687,TNRC6C,31,ok,-0.2870398400882532,0.116837,999999,116836,0.11620713762250016,0.11746731637261562,0.11743109598415041,0.6325865882352941,1.0,0.6355094606201082,False,False
ENSG00000118557,PMFBP1,31,ok,0.2870398400882531,0.116891,999999,116890,0.1162610112957232,0.11752144249401003,0.11743109598415041,0.6325865882352941,1.0,0.6355094606201082,False,False
ENSG00000121691,CAT,30,ok,-0.2914533791306837,0.118189,999999,118188,0.11755598767835246,0.11882246117473468,0.11813013309076803,0.6376353617021276,1.0,0.6374006016996897,False,False
ENSG00000152689,RASGRP3,31,ok,0.28580073191250105,0.118414,999999,118413,0.11778046605876134,0.11904798193861733,0.11909316356937967,0.6376353617021276,1.0,0.6399413599889499,False,False
ENSG00000132837,DMGDH,32,ok,0.28177150666355677,0.118454,999999,118453,0.11782037340343765,0.11908807444181596,0.1182004409607791,0.6376353617021276,1.0,0.6374006016996897,False,False
ENSG00000145431,PDGFC,31,ok,0.2858007260992337,0.11908,999999,119079,0.11844492636821438,0.11971551909631443,0.11909317140769324,0.6398705840707964,1.0,0.6399413599889499,False,False
ENSG00000030304,MUSK,37,ok,-0.2603901113250087,0.11963,999999,119629,0.1189936596768356,0.12026678369605293,0.11958534317799914,0.6416902473498234,1.0,0.6414507100501863,False,False
ENSG00000118402,ELOVL4,30,ok,-0.28971963334091005,0.120303,999999,120302,0.11966511560455563,0.12094132520898955,0.12043451739854644,0.6434502676056338,1.0,0.6448663048006825,False,False
ENSG00000106771,TMEM245,31,ok,-0.2846045429484511,0.120382,999999,120381,0.11974393477753621,0.12102050573558543,0.12071416357611468,0.6434502676056338,1.0,0.6452257053117679,False,False
ENSG00000106524,ANKMY2,31,ok,-0.28404277358294805,0.12109,999999,121089,0.12045031815406664,0.12173011966669389,0.1214810562254684,0.6460970826010545,1.0,0.6481836321626047,False,False
ENSG00000082684,SEMA5B,30,ok,0.28863914721917255,0.121907,999999,121906,0.12126546143210105,0.12254897328189016,0.12188735116976329,0.6493151789473683,1.0,0.6492105230726339,False,False
ENSG00000109511,ANXA10,30,ok,0.2879074442111949,0.122901,999999,122900,0.12225721504314147,0.12354521589114364,0.1228785342646593,0.6534631103327495,1.0,0.6533436602933549,False,False
ENSG00000127580,WDR24,30,ok,-0.2873678370608272,0.123525,999999,123524,0.12287981183340788,0.12417061672817742,0.12361330236836811,0.6546652682926829,1.0,0.6554351397751897,False,False
ENSG00000101605,MYOM1,34,ok,0.2691014701346166,0.123611,999999,123610,0.12296561886304241,0.1242568093715406,0.12381108179208025,0.6546652682926829,1.0,0.6554351397751897,False,False
ENSG00000100982,PCIF1,30,ok,-0.2870824694258092,0.123774,999999,123773,0.12312825339569122,0.12442017421911121,0.12400318735680652,0.6546652682926829,1.0,0.6554351397751897,False,False
ENSG00000112249,ASCC3,34,ok,0.2688780189544482,0.124429,999999,124428,0.1237817884689147,0.12507663665539662,0.12413544313924048,0.6564709879518071,1.0,0.6554351397751897,False,False
ENSG00000091039,OSBPL8,32,ok,-0.2767030359113096,0.124616,999999,124615,0.12396837131239562,0.1252640531009011,0.12525035880103652,0.6564709879518071,1.0,0.6568059989862519,False,False
ENSG00000110844,PRPF40B,31,ok,-0.2811617587736991,0.124997,999999,124996,0.12434852285445276,0.12564590011021445,0.1254708327959863,0.6564709879518071,1.0,0.6568059989862519,False,False
ENSG00000103507,BCKDK,30,ok,0.2861601954964742,0.125246,999999,125245,0.12459696941345123,0.12589545260448473,0.125269450492036,0.6564709879518071,1.0,0.6568059989862519,False,False
ENSG00000011114,BTBD7,31,ok,0.281089260128588,0.125462,999999,125461,0.12481248999870032,0.1261119311979818,0.12557246466784283,0.6564709879518071,1.0,0.6568059989862519,False,False
ENSG00000008197,TFAP2D,36,ok,0.2599819874658788,0.125589,999999,125588,0.12493920841431864,0.12623921229949964,0.1256931111366971,0.6564709879518071,1.0,0.6568059989862519,False,False
ENSG00000133935,ERG28,32,ok,0.2768610380502145,0.125629,999999,125628,0.12497911977130938,0.12627930079042624,0.1250259970724909,0.6564709879518071,1.0,0.6568059989862519,False,False
ENSG00000114124,GRK7,30,ok,0.28563480759892684,0.126155,999999,126154,0.1255039561159164,0.12680646244595292,0.12599504211796084,0.6580869072164948,1.0,0.6572524877493626,False,False
ENSG00000038295,TLL1,31,ok,-0.2801532933143711,0.126542,999999,126541,0.12589010233256917,0.12719431475793969,0.12689000505572579,0.6584850461538462,1.0,0.6601345840062102,False,False
ENSG00000109906,ZBTB16,31,ok,0.2800363173736205,0.126691,999999,126690,0.1260387741478537,0.12734364237616774,0.12705538312311887,0.6584850461538462,1.0,0.6601345840062102,False,False
ENSG00000113946,CLDN16,34,ok,-0.2666411929834781,0.126882,999999,126881,0.12622935388695336,0.12753506191090408,0.12741728136615257,0.6584850461538462,1.0,0.6601345840062102,False,False
ENSG00000077942,FBLN1,30,ok,0.28463336105884485,0.127119,999999,127118,0.12646583308526008,0.1277725818115525,0.12738666014146946,0.6585892218430034,1.0,0.6601345840062102,False,False
ENSG00000135373,EHF,35,ok,-0.2622583459627776,0.127572,999999,127571,0.1269178396992282,0.12822657347535477,0.1280154283630231,0.6598102078364565,1.0,0.6621036465249371,False,False
ENSG00000140332,TLE3,30,ok,-0.2838544581943366,0.127913,999999,127912,0.12725809370577798,0.1285683181723985,0.12847681774102745,0.6604487551020408,1.0,0.6622336479826135,False,False
ENSG00000007402,CACNA2D2,31,ok,0.2790885315869325,0.128446,999999,128445,0.12778993074217654,0.1291024791096825,0.1284012043358379,0.6620747979626486,1.0,0.6622336479826135,False,False
ENSG00000137502,RAB30,34,ok,0.26488346129880097,0.12991,999999,129909,0.129250755475209,0.13056964881111918,0.13004095454765274,0.6678275329949239,1.0,0.6683414385723769,False,False
ENSG00000139263,LRIG3,31,ok,-0.2779011326276463,0.130002,999999,130001,0.12934255686364007,0.13066184707295075,0.13010203893157932,0.6678275329949239,1.0,0.6683414385723769,False,False
ENSG00000120903,CHRNA2,34,ok,0.26440471967303086,0.13028,999999,130279,0.12961995737342022,0.13094044550636214,0.1307624151213047,0.6679558381112984,1.0,0.670280048272307,False,False
ENSG00000090402,SI,32,ok,0.27277727314436295,0.130467,999999,130466,0.1298065546779363,0.13112784749097675,0.1309209712205132,0.6679558381112984,1.0,0.670280048272307,False,False
ENSG00000146005,PSD2,30,ok,-0.2813578203291135,0.131832,999999,131831,0.13116862874782712,0.13249576823225165,0.13201731194617067,0.6727776,1.0,0.6736211076782759,False,False
ENSG00000145860,RNF145,30,ok,-0.28156313323257354,0.131852,999999,131851,0.13118858605308872,0.13251581085096484,0.13172348951588808,0.6727776,1.0,0.6732533908589835,False,False
ENSG00000034693,PEX3,32,ok,-0.2710512015134996,0.133236,999999,133235,0.13256964381625796,0.1339027478269712,0.13347313152622103,0.6786988187919463,1.0,0.6799067572375957,False,False
ENSG00000147687,TATDN1,36,ok,0.25415218441625165,0.134099,999999,134098,0.13343082129610548,0.13476756706682638,0.13471075443983915,0.6804277138103162,1.0,0.6816457687991383,False,False
ENSG00000133636,NTS,31,ok,0.2749092375958047,0.134228,999999,134227,0.13355954966261366,0.1348968382099916,0.1344609837655975,0.6804277138103162,1.0,0.6816457687991383,False,False
ENSG00000137975,CLCA2,32,ok,0.27030992568960804,0.134418,999999,134417,0.13374914995703735,0.13508723719338495,0.13458031816483262,0.6804277138103162,1.0,0.6816457687991383,False,False
ENSG00000105402,NAPA,30,ok,-0.2791760088636554,0.134599,999999,134598,0.1339297695994353,0.1352686168630166,0.1351693967777496,0.6804277138103162,1.0,0.6827628572111434,False,False
ENSG00000137747,TMPRSS13,33,ok,-0.26592011068410065,0.134696,999999,134695,0.1340265659276117,0.13536582016615048,0.13471260252947398,0.6804277138103162,1.0,0.6816457687991383,False,False
ENSG00000107371,EXOSC3,31,ok,-0.27425069897979343,0.135236,999999,135235,0.13456543419946276,0.13590694984181967,0.13543460919679595,0.6813615643564357,1.0,0.6827628572111434,False,False
ENSG00000033800,PIAS1,31,ok,0.2740113050129947,0.135424,999999,135423,0.1347530410297572,0.13609534229696607,0.13578981952486305,0.6813615643564357,1.0,0.6827628572111434,False,False
ENSG00000137601,NEK1,30,ok,-0.2786867017816853,0.135644,999999,135643,0.13497258148639932,0.1363158010041428,0.13588378435583745,0.6813615643564357,1.0,0.6827628572111434,False,False
ENSG00000011376,LARS2,31,ok,-0.27367147461914876,0.13594,999999,135939,0.13526796412358408,0.136612417241923,0.1362952257670249,0.6813615643564357,1.0,0.6827628572111434,False,False
ENSG00000113721,PDGFRB,33,ok,0.2649837080729104,0.136003,999999,136002,0.135330832863162,0.13667554826289632,0.13614293674861913,0.6813615643564357,1.0,0.6827628572111434,False,False
ENSG00000151023,ENKUR,34,ok,-0.260660250637172,0.136459,999999,136458,0.1357858842254512,0.13713249516746762,0.13650759365189857,0.6825198088962108,1.0,0.6827628572111434,False,False
ENSG00000118729,CASQ2,35,ok,-0.25602409889799416,0.137117,999999,137116,0.13644251979475375,0.13779185709731623,0.1376708197801538,0.6836234482758621,1.0,0.6851944407418802,False,False
ENSG00000133773,CCDC59,31,ok,0.2731033091202582,0.13713,999999,137129,0.13645549289053308,0.13780488395212853,0.13714328820280972,0.6836234482758621,1.0,0.68481418253903,False,False
ENSG00000145390,USP53,30,ok,-0.27767271280956046,0.137379,999999,137378,0.13670397796363237,0.1380543979326722,0.13737297091166703,0.6837420393442624,1.0,0.6848347121310692,False,False
ENSG00000145817,YIPF5,32,ok,-0.26779164060143584,0.137963,999999,137962,0.13728677318213459,0.13863960049462856,0.13839200829571566,0.6848681109298531,1.0,0.6876565256723285,False,False
ENSG00000112796,ENPP5,33,ok,-0.26293356447041477,0.138061,999999,138060,0.1373845714097349,0.13873780189457463,0.13931334032188536,0.6848681109298531,1.0,0.6888522821127752,False,False
ENSG00000011465,DCN,34,ok,-0.2590356850230519,0.138282,999999,138281,0.13760511681297746,0.13895925565141495,0.13905705039094446,0.6848681109298531,1.0,0.6888522821127752,False,False
ENSG00000156475,PPP2R2B,33,ok,-0.2629994984116369,0.138763,999999,138762,0.13808512940609155,0.13944124123026416,0.1392105447456161,0.6861310553745928,1.0,0.6888522821127752,False,False
ENSG00000091409,ITGA6,32,ok,-0.26657496673293,0.140363,999999,140362,0.13968186457142312,0.14104449998432303,0.1402615897538117,0.6907414991922456,1.0,0.6920559091287852,False,False
ENSG00000109572,CLCN3,34,ok,0.25817792723937627,0.140366,999999,140365,0.1396848584781032,0.14104750606624206,0.1404171409826521,0.6907414991922456,1.0,0.6920559091287852,False,False
ENSG00000152766,ANKRD22,33,ok,-0.26145101972584417,0.140429,999999,140428,0.13974773054268455,0.14111063376224225,0.14163941953268214,0.6907414991922456,1.0,0.6932264828296566,False,False
ENSG00000115446,UNC50,35,ok,-0.25390598192752967,0.140803,999999,140802,0.14012097200696302,0.1414853908766627,0.14107011148503096,0.6907414991922456,1.0,0.6930240428293754,False,False
ENSG00000113722,CDX1,31,ok,0.27060010223358505,0.140833,999999,140832,0.14015091123249188,0.14151545153712633,0.14092558971881997,0.6907414991922456,1.0,0.6930240428293754,False,False
ENSG00000122482,ZNF644,30,ok,-0.27473016749581236,0.14164,999999,141639,0.14095628032195565,0.14232407938089622,0.14176181392769663,0.6908776179775281,1.0,0.6932264828296566,False,False
ENSG00000112200,ZNF451,31,ok,0.2696923866465175,0.141716,999999,141715,0.14103212711806928,0.1424002322959704,0.14231571956061864,0.6908776179775281,1.0,0.6932264828296566,False,False
ENSG00000120451,SNX19,31,ok,0.2700141157491429,0.141771,999999,141770,0.14108701628845052,0.14245534291658066,0.14182186836290958,0.6908776179775281,1.0,0.6932264828296566,False,False
ENSG00000152952,PLOD2,30,ok,0.2742043246193222,0.141771,999999,141770,0.14108701628845052,0.14245534291658066,0.1425567139774405,0.6908776179775281,1.0,0.6932264828296566,False,False
ENSG00000144895,EIF2A,31,ok,0.2697932439339694,0.14212,999999,142119,0.1414353138373623,0.14280504404142222,0.14216077019322512,0.6914684615384615,1.0,0.6932264828296566,False,False
ENSG00000144045,DQX1,31,ok,-0.26943632283801233,0.142449,999999,142448,0.14176365292513343,0.14313470370341844,0.14270966790794973,0.6919602624,1.0,0.6932264828296566,False,False
ENSG00000146166,LGSN,33,ok,-0.26040447935818145,0.14309,999999,143089,0.1424033688158149,0.14377698537690453,0.14329840911070643,0.6921114658187599,1.0,0.6935284304945947,False,False
ENSG00000149380,P4HA3,30,ok,-0.2735061772801567,0.143205,999999,143204,0.14251813893424528,0.14389221482147269,0.14361707137193794,0.6921114658187599,1.0,0.6935284304945947,False,False
ENSG00000138780,GSTCD,31,ok,-0.26883131208899674,0.143318,999999,143317,0.14263091319748342,0.14400544012883437,0.1436436111634726,0.6921114658187599,1.0,0.6935284304945947,False,False
ENSG00000057704,TMCC3,31,ok,-0.2688041998593793,0.143392,999999,143391,0.14270476544868363,0.14407958759643472,0.14368556745095523,0.6921114658187599,1.0,0.6935284304945947,False,False
ENSG00000130227,XPO7,35,ok,-0.25145338718261817,0.144361,999999,144360,0.14367183647504655,0.14505051288792917,0.14508258791896111,0.6956825333333333,1.0,0.6991598998761365,False,False
ENSG00000130224,LRCH2,30,ok,-0.27220122883748316,0.145598,999999,145597,0.14490638938644052,0.14628995527614105,0.14561435693485475,0.6997932113564668,1.0,0.700610440022534,False,False
ENSG00000154174,TOMM70,30,ok,-0.27193769989830335,0.145678,999999,145677,0.14498623171713693,0.146370112641463,0.14602012752600765,0.6997932113564668,1.0,0.7014511189382266,False,False
ENSG00000110675,ELMOD1,30,ok,0.271280740524419,0.145954,999999,145953,0.14526168830600858,0.14664665500385943,0.14703524519715747,0.6997932113564668,1.0,0.7033511173915074,False,False
ENSG00000128683,GAD1,31,ok,0.2669893123613631,0.146136,999999,146135,0.14544333043384663,0.1468290121844702,0.14651439325780513,0.6997932113564668,1.0,0.7027135828289043,False,False
ENSG00000152092,ASTN1,36,ok,-0.24658856848609678,0.146744,999999,146743,0.14605013757142138,0.14743820273668118,0.14711065861120132,0.7015980850393702,1.0,0.7033511173915074,False,False
ENSG00000106299,WASL,36,ok,-0.24610332895264886,0.147814,999999,147813,0.14711804820604982,0.1485102880364634,0.14793368405392304,0.7056026792452831,1.0,0.7052432713551613,False,False
ENSG00000115806,GORASP2,33,ok,-0.2575035541145639,0.14809,999999,148089,0.14739351130731582,0.1487868238865205,0.14797100258670545,0.7058104238618524,1.0,0.7052432713551613,False,False
ENSG00000135299,ANKRD6,32,ok,-0.2610449173101968,0.148508,999999,148507,0.1478106997635049,0.14920563384213106,0.14899192665556804,0.7066932413793103,1.0,0.7089960647747721,False,False
ENSG00000113525,IL5,32,ok,0.26033550388964555,0.149191,999999,149190,0.1484923778182958,0.14988995319230045,0.15013973560217164,0.7084141869158878,1.0,0.7102505068365382,False,False
ENSG00000120334,CENPL,30,ok,-0.2694704116557926,0.149575,999999,149574,0.14887563680857224,0.1502746927430449,0.14985889425988813,0.7084141869158878,1.0,0.7102505068365382,False,False
ENSG00000064313,TAF2,30,ok,0.26919652793233917,0.149634,999999,149633,0.14893452309679056,0.15033380623066173,0.15028946332238022,0.7084141869158878,1.0,0.7102505068365382,False,False
ENSG00000066405,CLDN18,35,ok,0.24847635787763223,0.149803,999999,149802,0.149103197587913,0.15050313109744162,0.15006427412847875,0.7084141869158878,1.0,0.7102505068365382,False,False
ENSG00000100353,EIF3D,32,ok,0.26015964575001044,0.150211,999999,150210,0.14951041301209425,0.15091191412311777,0.1504252555651825,0.7092388740279939,1.0,0.7102505068365382,False,False
ENSG00000140557,ST8SIA2,32,ok,-0.25868549013259845,0.151279,999999,151278,0.1505763677226597,0.1519819553548955,0.1528341281548123,0.7131724285714286,1.0,0.7182730852600775,False,False
ENSG00000113196,HAND1,30,ok,0.2681651423474496,0.151819,999999,151818,0.15111533821832024,0.15252298280764853,0.15191889118615978,0.7145597275541796,1.0,0.7161890584490389,False,False
ENSG00000117016,RIMS3,33,ok,0.25493146461187116,0.152044,999999,152043,0.15133991017156576,0.1527484099995827,0.15220562845084287,0.7145597275541796,1.0,0.7164283534523395,False,False
ENSG00000021776,AQR,32,ok,-0.258250829423425,0.153002,999999,153001,0.15229609362967939,0.15370822290188263,0.15354968017186135,0.7177122711864408,1.0,0.7204844391266378,False,False
ENSG00000125869,LAMP5,34,ok,-0.25005731826940114,0.153322,999999,153321,0.15261548900298194,0.15402882631286907,0.1537792874025235,0.7177122711864408,1.0,0.7204844391266378,False,False
ENSG00000117009,KMO,30,ok,-0.26660732333736986,0.153424,999999,153423,0.15271729650382448,0.15413101842452043,0.1544040440270512,0.7177122711864408,1.0,0.7211856579478885,False,False
ENSG00000019505,SYT13,31,ok,0.2621760733050982,0.153953,999999,153952,0.15324529989542626,0.15466101302321983,0.15421169705516405,0.7190789353846154,1.0,0.7211856579478885,False,False
ENSG00000128595,CALU,30,ok,-0.2656354328956154,0.154754,999999,154753,0.15404479640152788,0.15546351347412113,0.15596918874383978,0.7204386156202145,1.0,0.7251492450632429,False,False
ENSG00000117394,SLC2A1,32,ok,-0.2571507193939323,0.154861,999999,154860,0.15415159606434126,0.15557071340481896,0.15537150921283663,0.7204386156202145,1.0,0.7237519475655145,False,False
ENSG00000113845,TIMMDC1,30,ok,0.2659692921429302,0.154956,999999,154955,0.15424641829417562,0.15566589081408416,0.15543026014911576,0.7204386156202145,1.0,0.7237519475655145,False,False
ENSG00000112182,BACH2,34,ok,-0.24858627831214325,0.155376,999999,155375,0.15466563348033463,0.15608667403237417,0.15629505232367938,0.721286752293578,1.0,0.725553178676897,False,False
ENSG00000154165,GPR15,33,ok,-0.2522989466644374,0.15593,999999,155929,0.15521860105327018,0.15664170435485267,0.1566298392105043,0.7227534045801528,1.0,0.7259972394551009,False,False
ENSG00000140279,DUOX2,30,ok,-0.2640543395610631,0.157552,999999,157551,0.15683759637499264,0.15826670287146932,0.15853965600631273,0.7278475993930197,1.0,0.7314990815124095,False,False
ENSG00000114423,CBLB,32,ok,0.25543229226272646,0.157855,999999,157854,0.15714003804713456,0.1585702600483126,0.15824837098987116,0.7278475993930197,1.0,0.7313571662551721,False,False
ENSG00000077097,TOP2B,33,ok,0.251337806698908,0.157866,999999,157865,0.15715101779527843,0.1585812802583829,0.1582680033694493,0.7278475993930197,1.0,0.7313571662551721,False,False
ENSG00000066629,EML1,31,ok,0.25932648238496764,0.157988,999999,157987,0.15727279326576968,0.15870350432444882,0.15890363113274608,0.7278475993930197,1.0,0.7315910355446854,False,False
ENSG00000153246,PLA2R1,36,ok,0.23955719053763522,0.158479,999999,158478,0.15776289114489192,0.15919540458017115,0.15936710276811206,0.728369419939577,1.0,0.7315910355446854,False,False
ENSG00000138674,SEC31A,33,ok,0.2506060361509833,0.158612,999999,158611,0.15789564720008079,0.15932864801976007,0.15952347349492152,0.728369419939577,1.0,0.7315910355446854,False,False
ENSG00000156687,UNC5D,32,ok,0.2546988183438098,0.158821,999999,158820,0.15810426421736448,0.15953803020855847,0.15948787998200556,0.728369419939577,1.0,0.7315910355446854,False,False
ENSG00000143322,ABL2,31,ok,0.25872152169511153,0.159224,999999,159223,0.1585065269755571,0.15994176591951936,0.15991274044854684,0.7291162352941176,1.0,0.7319081474929822,False,False
ENSG00000135775,COG2,31,ok,-0.2585233214255331,0.159683,999999,159682,0.15896468926697202,0.16040160188455002,0.16024434573668175,0.7301168493975903,1.0,0.7319081474929822,False,False
ENSG00000080802,CNOT4,33,ok,-0.25014631670518606,0.16013,999999,160129,0.15941087547790486,0.1608494139756611,0.16031584917089367,0.7303722522522523,1.0,0.7319081474929822,False,False
ENSG00000115232,ITGA4,31,ok,-0.2580937985895431,0.16022,999999,160219,0.1595007118680516,0.16093957724364588,0.1609646613990158,0.7303722522522523,1.0,0.7326667346437961,False,False
ENSG00000151893,CACUL1,34,ok,-0.24590918630210332,0.160699,999999,160698,0.1599788424516921,0.16141944484051537,0.16094942675469742,0.7314575172413794,1.0,0.7326667346437961,False,False
ENSG00000125485,DDX31,30,ok,-0.2613775469613865,0.161928,999999,161927,0.16120562209933414,0.162650660524573,0.16296030876227535,0.7355152466367713,1.0,0.7373286101375082,False,False
ENSG00000125447,GGA3,30,ok,-0.2615179167594035,0.162075,999999,162074,0.1613523575181915,0.16279792454735034,0.16272633217228646,0.7355152466367713,1.0,0.7373286101375082,False,False
ENSG00000124232,RBPJL,31,ok,-0.2571082879612825,0.162484,999999,162483,0.16176062248314652,0.16320765802885648,0.1626261250944005,0.7359426885245902,1.0,0.7373286101375082,False,False
ENSG00000156127,BATF,30,ok,0.26145973054959243,0.162654,999999,162653,0.1619303174480216,0.16337796241825978,0.16282329127148165,0.7359426885245902,1.0,0.7373286101375082,False,False
ENSG00000136937,NCBP1,38,ok,-0.2301328308935084,0.16375,999999,163749,0.1630243576163699,0.16447591808695636,0.16453412390238553,0.7397991071428572,1.0,0.7433416669161347,False,False
ENSG00000074410,CA12,32,ok,-0.25077938749312306,0.164984,999999,164983,0.16425616491439965,0.165712106101906,0.1662296223045615,0.7438694755555556,1.0,0.7476639012098499,False,False
ENSG00000144642,RBMS3,30,ok,0.2595971975567964,0.165238,999999,165237,0.16450971539551498,0.16596655465605253,0.16594873076555483,0.7438694755555556,1.0,0.7475079326472174,False,False
ENSG00000109072,VTN,31,ok,-0.25552531257845945,0.165386,999999,165385,0.16465745375573698,0.1661148157337017,0.16532043409489142,0.7438694755555556,1.0,0.7457843059615012,False,False
ENSG00000139436,GIT2,30,ok,-0.2591892318801652,0.166097,999999,166096,0.16536719973787778,0.16682706705108488,0.16663897601009123,0.7459622662721893,1.0,0.7483963478796405,False,False
ENSG00000112893,MAN2A1,32,ok,-0.2503668547036031,0.166437,999999,166436,0.1657066017667653,0.16716766373084277,0.16695085890155942,0.7463851285081241,1.0,0.7486895238185146,False,False
ENSG00000106819,ASPN,34,ok,-0.24209078687146324,0.167153,999999,167152,0.1664213460914506,0.16788491668674238,0.16775936569512082,0.748490424778761,1.0,0.7512056552365587,False,False
ENSG00000079102,RUNX1T1,34,ok,-0.24147944650057568,0.168173,999999,168172,0.167439565626275,0.1689066932779507,0.16886850793177324,0.7510128488372094,1.0,0.7539482207071523,False,False
ENSG00000100629,CEP128,36,ok,-0.23442327691671433,0.168447,999999,168446,0.16771308900761128,0.16918116885597229,0.16877060806408212,0.7510128488372094,1.0,0.7539482207071523,False,False
ENSG00000048740,CELF2,31,ok,-0.25292457150195924,0.168649,999999,168648,0.16791473808124044,0.1693835190151576,0.16981585077913897,0.7510128488372094,1.0,0.753950762880207,False,False
ENSG00000136842,TMOD1,31,ok,0.2529245715019592,0.169096,999999,169095,0.16836096287939,0.1698312925193348,0.16981585077913897,0.7510128488372094,1.0,0.753950762880207,False,False
ENSG00000105976,MET,30,ok,0.2569838635838304,0.169564,999999,169563,0.1688281532506248,0.17030010037068438,0.17040561572743926,0.7510128488372094,1.0,0.753950762880207,False,False
ENSG00000152527,PLEKHH2,31,ok,-0.25267191479655093,0.169786,999999,169785,0.16904976990660306,0.17052248287157812,0.17025715035109074,0.7510128488372094,1.0,0.753950762880207,False,False
ENSG00000096401,CDC5L,32,ok,-0.24850933721325047,0.169821,999999,169820,0.1690847095111421,0.17055754313411373,0.17022603121982643,0.7510128488372094,1.0,0.753950762880207,False,False
ENSG00000104047,DTWD1,31,ok,0.25211778943122226,0.169928,999999,169927,0.16919152494389988,0.17066472729498483,0.17122785485778705,0.7510128488372094,1.0,0.7543736332961619,False,False
ENSG00000041982,TNC,34,ok,0.24039123425224806,0.170145,999999,170144,0.16940815095970782,0.1708821004550433,0.17085577235229987,0.7510128488372094,1.0,0.753950762880207,False,False
ENSG00000132855,ANGPTL3,34,ok,0.240599205136044,0.17019,999999,170189,0.16945307345984736,0.17092717778400082,0.17047469834042034,0.7510128488372094,1.0,0.753950762880207,False,False
ENSG00000151148,UBE3B,36,ok,0.23332474890548546,0.170439,999999,170438,0.1697016449650647,0.17117660533312318,0.1708333006134528,0.7510200348330914,1.0,0.753950762880207,False,False
ENSG00000053770,AP5M1,32,ok,0.2478225003539662,0.171306,999999,171305,0.17056715742961545,0.17204508957588252,0.171448553021855,0.7537464,1.0,0.7543736332961619,False,False
ENSG00000145721,LIX1,33,ok,-0.2433765156849437,0.171994,999999,171993,0.1712539819117696,0.17273426248087817,0.17231346597996278,0.755213774566474,1.0,0.7570820299785339,False,False
ENSG00000140848,CPNE2,31,ok,0.25100847115772484,0.172137,999999,172136,0.1713967381241584,0.1728775057254153,0.1731829126890272,0.755213774566474,1.0,0.7578052213387358,False,False
ENSG00000085741,WNT11,33,ok,0.24287505308394455,0.172441,999999,172440,0.17170022048101607,0.17318202221405463,0.17322688524673344,0.7554558095238095,1.0,0.7578052213387358,False,False
ENSG00000116857,TMEM9,32,ok,-0.2468818823626936,0.172934,999999,172933,0.17219238279860702,0.17367585802420638,0.17313288770809085,0.75652395389049,1.0,0.7578052213387358,False,False
ENSG00000077380,DYNC1I2,32,ok,0.2463064483335317,0.173379,999999,173378,0.17263662856632392,0.1741216105665338,0.17416906690196918,0.7573793438848921,1.0,0.7608306289415516,False,False
ENSG00000123104,ITPR2,30,ok,0.2541448775052391,0.173954,999999,173953,0.17321065664408913,0.17469758030513613,0.175342671356712,0.7584361714285713,1.0,0.762665258222031,False,False
ENSG00000102524,TNFSF13B,31,ok,0.2500756391525552,0.174367,999999,174366,0.17362296038637245,0.17511127499444762,0.17483912043897618,0.7584361714285713,1.0,0.7626603012251892,False,False
ENSG00000151694,ADAM17,30,ok,-0.2537280213665702,0.174726,999999,174725,0.17398135640799853,0.1754708776094947,0.17607599564873994,0.7584361714285713,1.0,0.7632675171128018,False,False
ENSG00000114331,ACAP2,30,ok,-0.2539788552179736,0.174864,999999,174863,0.17411912454506812,0.17560910894836276,0.17563447566744916,0.7584361714285713,1.0,0.7628415853023972,False,False
ENSG00000145996,CDKAL1,31,ok,-0.24979830576845496,0.17487,999999,174869,0.17412511446793452,0.17561511900271107,0.17533366718249918,0.7584361714285713,1.0,0.762665258222031,False,False
ENSG00000042088,TDP1,31,ok,-0.2492940752603043,0.175459,999999,175458,0.1747131267937889,0.17620510444011123,0.17623535227143414,0.7599051697574893,1.0,0.7632675171128018,False,False
ENSG00000121361,KCNJ8,34,ok,0.23674155862619733,0.176851,999999,176850,0.17610280485148486,0.1775994210963349,0.17764237175592656,0.7648427863247863,1.0,0.7682653000726397,False,False
ENSG00000109943,CRTAM,32,ok,-0.2437660473684371,0.177131,999999,177130,0.17638233986428029,0.17787988502026122,0.17879607384027132,0.7649640341394026,1.0,0.771445302596658,False,False
ENSG00000122420,PTGFR,30,ok,-0.25214198442507524,0.178272,999999,178271,0.17752145216644563,0.17902276838542708,0.17888586726879024,0.768798,1.0,0.771445302596658,False,False
ENSG00000082516,GEMIN5,32,ok,0.24275233035554478,0.17992,999999,179919,0.1791667457373805,0.18067346855654118,0.1806664243364567,0.7748044255319149,1.0,0.7780188145893369,False,False
ENSG00000138039,LHCGR,34,ok,-0.23452071822763754,0.18058,999999,180579,0.1798256684508932,0.18133454333685325,0.18186438236199765,0.7752633681241183,1.0,0.7787591887884695,False,False
ENSG00000112038,OPRM1,31,ok,-0.2462145409605204,0.180702,999999,180701,0.1799474697272385,0.18145674159724798,0.18181340597135545,0.7752633681241183,1.0,0.7787591887884695,False,False
ENSG00000143258,USP21,30,ok,-0.25083463164923214,0.180892,999999,180891,0.18013716049449627,0.18164705010852128,0.1812255965136103,0.7752633681241183,1.0,0.7787591887884695,False,False
ENSG00000009830,POMT2,33,ok,-0.23831814845445415,0.181048,999999,181047,0.1802929068300141,0.18180330318064108,0.18168535877266975,0.7752633681241183,1.0,0.7787591887884695,False,False
ENSG00000118263,KLF7,31,ok,-0.2452601905473544,0.182567,999999,182566,0.18180944773989063,0.1833247565028951,0.1835669500265441,0.7806667774647887,1.0,0.7838386220542727,False,False
ENSG00000134852,CLOCK,34,ok,0.23368485404248818,0.183134,999999,183133,0.18237553486719982,0.18389266722263448,0.1834716417858491,0.7810152640449438,1.0,0.7838386220542727,False,False
ENSG00000139719,VPS33A,31,ok,-0.245007060722211,0.183163,999999,183162,0.18240448825033143,0.18392171372938773,0.18403404025978112,0.7810152640449438,1.0,0.7847294188605274,False,False
ENSG00000118245,TNP1,30,ok,-0.24910952804986639,0.183675,999999,183674,0.18291566639293497,0.1844345336426886,0.18434570005354256,0.7813703025210085,1.0,0.7849558840989553,False,False
ENSG00000115252,PDE1A,33,ok,-0.23627246217078843,0.183761,999999,183760,0.18300152856378643,0.18452067114529114,0.18557573384236448,0.7813703025210085,1.0,0.7881715654914988,False,False
ENSG00000113749,HRH2,31,ok,0.2441508672851957,0.184675,999999,184674,0.18391406757650444,0.1854361286620976,0.18562011506140372,0.7841584615384616,1.0,0.7881715654914988,False,False
ENSG00000106927,AMBP,31,ok,-0.2429652054717504,0.186684,999999,186683,0.18591988084993372,0.1874483077606107,0.1878322912124238,0.7911613036211699,1.0,0.7956116912261774,False,False
ENSG00000102385,DRP2,32,ok,-0.2385405247283465,0.187072,999999,187071,0.1863072692588377,0.18783691787851697,0.18858496666113145,0.7911613036211699,1.0,0.7963935839511254,False,False
ENSG00000132823,OSER1,35,ok,-0.22791903116775483,0.187106,999999,187105,0.18634121572512027,0.18787097128314076,0.1878964369595419,0.7911613036211699,1.0,0.7956116912261774,False,False
ENSG00000141367,CLTC,31,ok,-0.24255297078148866,0.187628,999999,187627,0.18686239502264215,0.18839379000366013,0.18860572689751617,0.7922651015299026,1.0,0.7963935839511254,False,False
ENSG00000153002,CPB1,33,ok,-0.23436977926940558,0.188882,999999,188881,0.1881144326053569,0.18964974765974424,0.18924637282861753,0.7952976265560165,1.0,0.7979888720940039,False,False
ENSG00000088387,DOCK9,30,ok,-0.24593813206522,0.188952,999999,188951,0.18818432344009417,0.1897198565592325,0.19017929690031812,0.7952976265560165,1.0,0.7988088612889618,False,False
ENSG00000135269,TES,30,ok,0.2460494101936346,0.189181,999999,189180,0.18841296659326606,0.18994921253660013,0.18997245784292355,0.7952976265560165,1.0,0.7988088612889618,False,False
ENSG00000152377,SPOCK1,30,ok,0.24591077368791028,0.189394,999999,189393,0.18862563506291766,0.19016254325823875,0.1902301734887745,0.7952976265560165,1.0,0.7988088612889618,False,False
ENSG00000076003,MCM6,30,ok,-0.24543836833719182,0.190595,999999,190594,0.18982477263260622,0.1913654011286837,0.19111016940138784,0.7985350013793103,1.0,0.8013956827384163,False,False
ENSG00000143921,ABCG8,32,ok,-0.2370519764290927,0.190691,999999,190690,0.18992062426680992,0.19146154912999738,0.19144077622604197,0.7985350013793103,1.0,0.8016747539617427,False,False
ENSG00000118705,RPN2,31,ok,-0.23974174714065727,0.191662,999999,191661,0.19089012778803843,0.19243404192220487,0.19393949676250985,0.8008984704264099,1.0,0.8076821840479833,False,False
ENSG00000111799,COL12A1,31,ok,-0.24019361792797844,0.191783,999999,191782,0.19101094183788725,0.19255522741296255,0.1930751600681672,0.8008984704264099,1.0,0.8055602620497432,False,False
ENSG00000134200,TSHB,31,ok,-0.24021388705299712,0.192631,999999,192630,0.19185764194422802,0.19340452408708972,0.1930364522771536,0.8029532839506173,1.0,0.8055602620497432,False,False
ENSG00000065183,WDR3,37,ok,-0.21883525239924245,0.192804,999999,192803,0.19203037746016483,0.19357778791434221,0.19316464781693446,0.8029532839506173,1.0,0.8055602620497432,False,False
ENSG00000152495,CAMK4,32,ok,0.23526175949251837,0.194162,999999,194161,0.1933863096138606,0.19493785060492091,0.19491515784655383,0.8075011397260273,1.0,0.8106334509892293,False,False
ENSG00000059728,MXD1,30,ok,0.24295739206711175,0.194923,999999,194922,0.19414615721912043,0.19570000011051814,0.1957782119302982,0.8076959509536785,1.0,0.8127393236605658,False,False
ENSG00000145321,GC,31,ok,0.23862378175343307,0.194955,999999,194954,0.1941781088611471,0.19573204834700378,0.19608948764471196,0.8076959509536785,1.0,0.8127393236605658,False,False
ENSG00000004766,VPS50,32,ok,-0.23459281392413456,0.195099,999999,195098,0.19432189135010816,0.1958762653113487,0.196224612728325,0.8076959509536785,1.0,0.8127393236605658,False,False
ENSG00000048052,HDAC9,34,ok,0.22703653023835774,0.195273,999999,195272,0.19449562874209853,0.196050527258771,0.19661313093427102,0.8076959509536785,1.0,0.8132390538371209,False,False
ENSG00000143093,STRIP1,31,ok,-0.23779257949765406,0.196484,999999,196483,0.19570480763408613,0.1972633437692856,0.197698677998406,0.81159375,1.0,0.8166165801403547,False,False
ENSG00000075420,FNDC3B,33,ok,0.22993982267123206,0.19675,999999,196749,0.19597040915912733,0.19752974123439831,0.1979889443929463,0.81159375,1.0,0.8167043956209035,False,False
ENSG00000119913,TECTB,33,ok,0.22968907041095807,0.197684,999999,197683,0.19690301436770655,0.19846513247999348,0.1984920636188391,0.8128674316644113,1.0,0.8171118175418512,False,False
ENSG00000156804,FBXO32,33,ok,-0.2293547308592444,0.197857,999999,197856,0.19707575676158282,0.19863838942934647,0.19916427700295453,0.8128674316644113,1.0,0.8171118175418512,False,False
ENSG00000069122,ADGRF5,35,ok,-0.22261138447374657,0.197862,999999,197861,0.19708074931976885,0.19864339685217863,0.1986674758615855,0.8128674316644113,1.0,0.8171118175418512,False,False
ENSG00000143850,PLEKHA6,30,ok,0.24121050886447504,0.198427,999999,198426,0.1976449096413263,0.19920923438568566,0.1991120430258293,0.8137782305630027,1.0,0.8171118175418512,False,False
ENSG00000153391,INO80C,30,ok,-0.2407654710252416,0.198854,999999,198853,0.19807127668892124,0.19963686571706027,0.19996760249038892,0.8137782305630027,1.0,0.8176573633992034,False,False
ENSG00000101442,ACTR5,30,ok,-0.24062326248083202,0.199471,999999,199470,0.198687364575905,0.20025477548775847,0.20024152428372036,0.8137782305630027,1.0,0.8176573633992034,False,False
ENSG00000124818,OPN5,33,ok,-0.22862158401365557,0.199487,999999,199486,0.19870334096198594,0.20027079904093698,0.2006438523492775,0.8137782305630027,1.0,0.8176573633992034,False,False
ENSG00000066382,MPPED2,31,ok,-0.23636181377967316,0.19966,999999,199659,0.1988760857619778,0.200444053584188,0.20048999905933768,0.8137782305630027,1.0,0.8176573633992034,False,False
ENSG00000148935,GAS2,32,ok,0.23204623459346477,0.199901,999999,199900,0.19911673063476587,0.20068540779649774,0.2012654342329829,0.8137782305630027,1.0,0.8188580829198707,False,False
ENSG00000101577,LPIN2,35,ok,-0.22187193498668908,0.19996,999999,199959,0.1991756437627269,0.20074449444455691,0.2002015394807593,0.8137782305630027,1.0,0.8176573633992034,False,False
ENSG00000116679,IVNS1ABP,32,ok,-0.231939860652732,0.200395,999999,200394,0.19961000408756138,0.20118013246819966,0.20147792751684568,0.8138501304926765,1.0,0.8188580829198707,False,False
ENSG00000109927,TECTA,32,ok,0.23155193835511706,0.200938,999999,200937,0.20015220762468466,0.20172392686971966,0.20225415888497264,0.8138501304926765,1.0,0.8190679635055025,False,False
ENSG00000075884,ARHGAP15,33,ok,-0.22758044375346903,0.201132,999999,201131,0.20034592361370196,0.20191821014423536,0.20275807049424202,0.8138501304926765,1.0,0.8190679635055025,False,False
ENSG00000101194,SLC17A9,30,ok,0.23926107277987985,0.201252,999999,201251,0.20046574808015533,0.20203838522223624,0.20287849425432736,0.8138501304926765,1.0,0.8190679635055025,False,False
ENSG00000094880,CDC23,31,ok,-0.23537717300062713,0.201318,999999,201317,0.20053165158337447,0.20210448146846716,0.20242671519916197,0.8138501304926765,1.0,0.8190679635055025,False,False
ENSG00000135336,ORC3,36,ok,-0.21785875639702199,0.201602,999999,201601,0.20081523673236307,0.20238889524135684,0.20180791999354525,0.8139144574468085,1.0,0.8190679635055025,False,False
ENSG00000151065,DCP1B,30,ok,0.23837080492475174,0.203333,999999,203332,0.2025437213840299,0.20412240401853515,0.20461476422856853,0.8198127330677291,1.0,0.8238865042412917,False,False
ENSG00000145675,PIK3R1,33,ok,0.22669121472917958,0.203824,999999,203823,0.20303401201192137,0.20461411152675119,0.20457597988272505,0.8205633333333334,1.0,0.8238865042412917,False,False
ENSG00000109670,FBXW7,38,ok,-0.2102440638617809,0.204158,999999,204157,0.2033675304984917,0.20494859177228408,0.20517157346525725,0.8205633333333334,1.0,0.8239429855033347,False,False
ENSG00000125124,BBS2,37,ok,0.21326059943383688,0.20433,999999,204329,0.20353928285916226,0.20512083875868645,0.20503773609546852,0.8205633333333334,1.0,0.8239429855033347,False,False
ENSG00000087253,LPCAT2,34,ok,0.22220524768135333,0.205691,999999,205690,0.20489833112183337,0.20648378532958211,0.20656553551430648,0.8249377490092471,1.0,0.8284451331855145,False,False
ENSG00000123700,KCNJ2,35,ok,-0.2182990051842511,0.206191,999999,206190,0.20539761755594238,0.20698449699746355,0.20773012041439892,0.8258520791556729,1.0,0.8298271652343621,False,False
ENSG00000086589,RBM22,30,ok,-0.23683335147880236,0.206637,999999,206636,0.20584298261633943,0.20743113024405027,0.20763722239097748,0.826548,1.0,0.8298271652343621,False,False
ENSG00000106302,HYAL4,32,ok,0.22845617895122844,0.20695,999999,206949,0.20615553789677465,0.20774457377547165,0.20852291658854905,0.8267107894736843,1.0,0.8318995726187055,False,False
ENSG00000068912,ERLEC1,30,ok,-0.2368128258075965,0.207671,999999,207670,0.20687551622392375,0.2084665927114317,0.2076777794196147,0.828500862023653,1.0,0.8298271652343621,False,False
ENSG00000018236,CNTN1,35,ok,-0.21713245558860206,0.209049,999999,209048,0.2082515741722793,0.2098465295322927,0.2102300279711094,0.8329038897637796,1.0,0.8376094027825304,False,False
ENSG00000139874,SSTR1,30,ok,0.2352548408635655,0.209336,999999,209335,0.20853817144023476,0.21013393117491624,0.21077209302022745,0.8329542542595019,1.0,0.8379860516721754,False,False
ENSG00000116981,NT5C1A,30,ok,-0.2352024980348249,0.209773,999999,209772,0.20897455937189308,0.21057154158445926,0.21087659534833403,0.8336005602094241,1.0,0.8379860516721754,False,False
ENSG00000150625,GPM6A,33,ok,0.22261218428186558,0.211474,999999,211473,0.21067319009974964,0.21227490439988292,0.2130593185590433,0.8392615215686275,1.0,0.8433482283510502,False,False
ENSG00000102802,MEDAG,32,ok,-0.22598093522497084,0.212022,999999,212021,0.21122043125006024,0.21282366116947646,0.2136303409437658,0.8394836098829649,1.0,0.8438163410851838,False,False
ENSG00000143924,EML4,30,ok,0.23429849327847266,0.212093,999999,212092,0.21129133308974996,0.21289475906028607,0.21268702898084516,0.8394836098829649,1.0,0.8433482283510502,False,False
ENSG00000116221,MRPL37,35,ok,0.215823925302447,0.212519,999999,212518,0.21171674488674389,0.21332134564629207,0.21305881722242226,0.8394836098829649,1.0,0.8433482283510502,False,False
ENSG00000106025,TSPAN12,32,ok,0.22576799728120878,0.212636,999999,212635,0.21183358356549897,0.21343850652343258,0.21407368285227452,0.8394836098829649,1.0,0.8438163410851838,False,False
ENSG00000116117,PARD3B,33,ok,-0.22164646964164514,0.213353,999999,213352,0.21254959709220955,0.21415649027516964,0.2151025818874482,0.8396030542635659,1.0,0.8443018743039599,False,False
ENSG00000114439,BBX,34,ok,0.21866401967476648,0.213592,999999,213591,0.21278826908258472,0.21439581737761454,0.21407805386609594,0.8396030542635659,1.0,0.8438163410851838,False,False
ENSG00000093183,SEC22C,30,ok,0.23302917955261235,0.213877,999999,213876,0.21307287847283932,0.2146812069055791,0.21524692052413208,0.8396030542635659,1.0,0.8443018743039599,False,False
ENSG00000095464,PDE6C,32,ok,-0.2256645317477895,0.214,999999,213999,0.21319571007228375,0.21480437483926165,0.2142893277261781,0.8396030542635659,1.0,0.8438163410851838,False,False
ENSG00000145088,EAF2,31,ok,0.22925698271564238,0.214049,999999,214048,0.213244643015819,0.21485344170973658,0.2147542924192042,0.8396030542635659,1.0,0.8443018743039599,False,False
ENSG00000152661,GJA1,31,ok,-0.22869819618136678,0.214804,999999,214803,0.21399861195154582,0.2156094699082582,0.21590480111200946,0.8404673041237114,1.0,0.8446997115670886,False,False
ENSG00000003436,TFPI,31,ok,0.22834089879121752,0.214823,999999,214822,0.21401758605631244,0.21562849573137366,0.2166426547459813,0.8404673041237114,1.0,0.8464956239495486,False,False
ENSG00000085433,WDR47,31,ok,-0.22869820548306258,0.215501,999999,215500,0.2146946636747766,0.21630741553944452,0.2159047819254468,0.841713439588689,1.0,0.8446997115670886,False,False
ENSG00000145715,RASA1,31,ok,-0.22795703364919612,0.215696,999999,215695,0.2148893989885344,0.2165026794855339,0.2174372863614701,0.841713439588689,1.0,0.8481245357189228,False,False
ENSG00000012232,EXTL3,32,ok,0.22407628222903933,0.216864,999999,216863,0.216055819182115,0.21767225485865585,0.21761825208334679,0.8449927538461538,1.0,0.8481245357189228,False,False
ENSG00000121742,GJB6,31,ok,0.2275110978103748,0.217093,999999,217092,0.2162845105642695,0.21790156260730742,0.21836289901959352,0.8449927538461538,1.0,0.8499355915685717,False,False
ENSG00000129595,EPB41L4A,30,ok,0.23094893901949026,0.218588,999999,218587,0.21777750478113697,0.2193985627160525,0.21948746833042962,0.8497223661971832,1.0,0.8532188909746278,False,False
ENSG00000113494,PRLR,35,ok,-0.21263482489038799,0.218898,999999,218897,0.21808709081200672,0.21970897550856353,0.22006246197854842,0.8498392941176471,1.0,0.8543601465049527,False,False
ENSG00000005700,IBTK,31,ok,-0.2261220384672746,0.219933,999999,219932,0.21912071350744056,0.2207453488847635,0.22126328872341092,0.8527670344827586,1.0,0.8568307966381066,False,False
ENSG00000017260,ATP2C1,33,ok,-0.21878656498145052,0.22029,999999,220289,0.21947724015237702,0.22110282088483368,0.22123216439115098,0.8530617857142858,1.0,0.8568307966381066,False,False
ENSG00000091157,WDR7,35,ok,-0.21141856444169554,0.221531,999999,221530,0.22071660149545558,0.2223454548315737,0.2227745358966715,0.8567746700636943,1.0,0.8615840649455984,False,False
ENSG00000120370,GORAB,34,ok,-0.21449876897357326,0.222311,999999,222310,0.2214955769547475,0.2231264764118393,0.22315194023964913,0.8586974503816793,1.0,0.8619456622997134,False,False
ENSG00000136872,ALDOB,30,ok,-0.22832016171751734,0.223826,999999,223825,0.22300859881720053,0.2246434487993529,0.224926784774692,0.8634507445997459,1.0,0.8676972281778461,False,False
ENSG00000055917,PUM2,31,ok,-0.22339889170607188,0.225563,999999,225562,0.22474334991945083,0.22638269110458126,0.22702489602171624,0.8679455457967378,1.0,0.8724652966100386,False,False
ENSG00000153233,PTPRR,31,ok,0.2235555118757011,0.225735,999999,225734,0.22491512833522034,0.22655491203601685,0.22669080114230636,0.8679455457967378,1.0,0.8724652966100386,False,False
ENSG00000047932,GOPC,33,ok,-0.21623883485417128,0.226192,999999,226191,0.22537154055445943,0.2270124980823216,0.22679197947498766,0.8679455457967378,1.0,0.8724652966100386,False,False
ENSG00000038002,AGA,32,ok,-0.2193288098294517,0.226237,999999,226236,0.22541648275233345,0.22705755571365913,0.2277784942451429,0.8679455457967378,1.0,0.8726239946782094,False,False
ENSG00000013293,SLC7A14,32,ok,0.21947195088380536,0.226438,999999,226437,0.2256172247348632,0.2272588129682746,0.22746754342008138,0.8679455457967378,1.0,0.8726239946782094,False,False
ENSG00000004142,POLDIP2,32,ok,-0.2192235105643746,0.227052,999999,227051,0.226230438233338,0.22787359713949518,0.22800742329525753,0.8679455457967378,1.0,0.8726239946782094,False,False
ENSG00000113643,RARS1,30,ok,-0.22675134376534217,0.22706,999999,227059,0.22623842800235838,0.22788160734011256,0.22821589320635646,0.8679455457967378,1.0,0.8726239946782094,False,False
ENSG00000083535,PIBF1,32,ok,0.21861531499528908,0.227494,999999,227493,0.22667187361050148,0.2283161600848232,0.22933273270112553,0.8679455457967378,1.0,0.8746911764831874,False,False
ENSG00000114686,MRPL3,31,ok,-0.22239031883155233,0.227746,999999,227745,0.22692355228059505,0.22856848045832484,0.22918430147259852,0.8679455457967378,1.0,0.8746911764831874,False,False
ENSG00000137513,NARS2,33,ok,0.2148110999665664,0.22785,999999,227849,0.22702741979125884,0.22867261255295487,0.2299487332417549,0.8679455457967378,1.0,0.8759402184717289,False,False
ENSG00000151665,PIGF,32,ok,0.2177700385050268,0.229744,999999,229743,0.22891901948548962,0.2305690056705752,0.23118328431019616,0.8740636390977444,1.0,0.8787740263962396,False,False
ENSG00000133858,ZFC3H1,33,ok,-0.2139931462796922,0.230231,999999,230230,0.22940540612465138,0.23105661718315823,0.23177056739464771,0.8744551760299625,1.0,0.8787740263962396,False,False
ENSG00000154133,ROBO4,33,ok,-0.21395737642632418,0.230462,999999,230461,0.22963611573243392,0.2312879066986904,0.23185045953339523,0.8744551760299625,1.0,0.8787740263962396,False,False
ENSG00000072858,SIDT1,32,ok,-0.21751490233591686,0.230711,999999,230710,0.2298848031043047,0.23153721838182298,0.2317438222807448,0.8744551760299625,1.0,0.8787740263962396,False,False
ENSG00000148700,ADD3,31,ok,-0.2207766022323212,0.231194,999999,231193,0.23036719783911752,0.23202082181394967,0.2326680654683581,0.875193246882793,1.0,0.8803338938119455,False,False
ENSG00000061676,NCKAP1,31,ok,-0.22067441074693173,0.231573,999999,231572,0.23074572396846255,0.23240029424624523,0.2328898723850314,0.8755362739726027,1.0,0.8803338938119455,False,False
ENSG00000101310,SEC23B,32,ok,0.21676141573445806,0.232194,999999,232193,0.2313659495468534,0.2330220663110795,0.23340458620471902,0.8767922686567166,1.0,0.8803338938119455,False,False
ENSG00000136824,SMC2,31,ok,0.22042957547882489,0.232558,999999,232557,0.23172949678594731,0.233386517690564,0.2334218657834704,0.8770758857142856,1.0,0.8803338938119455,False,False
ENSG00000134247,PTGFRN,30,ok,0.22345871355441796,0.233469,999999,233468,0.2326393674109377,0.23429864360824137,0.23522393826445653,0.8777684702970298,1.0,0.8838364809045668,False,False
ENSG00000066557,LRRC40,31,ok,-0.21944332838447503,0.233606,999999,233605,0.2327761980359512,0.23443581246330186,0.2355731057210216,0.8777684702970298,1.0,0.884054325054415,False,False
ENSG00000005381,MPO,31,ok,-0.2198467123840258,0.233609,999999,233608,0.23277919432836847,0.23443881615949927,0.23469162891547501,0.8777684702970298,1.0,0.8833337115322177,False,False
ENSG00000126860,EVI2A,30,ok,-0.2236563939516334,0.233949,999999,233948,0.23311877451263055,0.23477923468491227,0.23479917826301044,0.877959411619283,1.0,0.8833337115322177,False,False
ENSG00000112159,MDN1,31,ok,0.21899576972789642,0.235561,999999,235560,0.23472879423404253,0.23639320884588663,0.23655370671124262,0.8821150344827586,1.0,0.8866383377473241,False,False
ENSG00000144445,KANSL1L,33,ok,-0.21159953496296133,0.235841,999999,235840,0.23500845196691242,0.23667355005041146,0.2371577400528962,0.8821150344827586,1.0,0.8867129295573803,False,False
ENSG00000155561,NUP205,30,ok,-0.2225684453078914,0.235928,999999,235927,0.23509534572189922,0.23676065596525847,0.23714324530623349,0.8821150344827586,1.0,0.8867129295573803,False,False
ENSG00000127993,RBM48,31,ok,-0.21855774190837834,0.236351,999999,236350,0.2355178298415363,0.2371841702403336,0.23751606859978075,0.8823011351351352,1.0,0.8869603742545318,False,False
ENSG00000114956,DGUOK,30,ok,0.22212330291564655,0.236559,999999,236558,0.23572557658934987,0.23739242270316055,0.23810682788551116,0.8823011351351352,1.0,0.8880741148162309,False,False
ENSG00000138315,OIT3,30,ok,-0.22187604454704324,0.237228,999999,237227,0.2363937639142923,0.23806223283937292,0.23864318565457604,0.8831002205882353,1.0,0.8887497921279192,False,False
ENSG00000092439,TRPM7,32,ok,-0.2143053726211949,0.237355,999999,237354,0.2365206099616716,0.23818938631003184,0.23887346191580433,0.8831002205882353,1.0,0.8887497921279192,False,False
ENSG00000070182,SPTB,31,ok,-0.2170011103096566,0.239725,999999,239724,0.23888775575217328,0.24056223152552209,0.2409572156792906,0.890676293398533,1.0,0.8954052714838754,False,False
ENSG00000155666,KDM8,31,ok,0.21654059615933918,0.239978,999999,239977,0.23914045315820823,0.24081553315937626,0.24198158605679837,0.890676293398533,1.0,0.8981125859027381,False,False
ENSG00000101782,RIOK3,31,ok,-0.21567866939665437,0.242162,999999,242161,0.24132185773754214,0.243002120292042,0.24390664970673723,0.8975304585365853,1.0,0.9030494981825051,False,False
ENSG00000118946,PCDH17,33,ok,-0.20866075907038956,0.242416,999999,242415,0.2415755578241955,0.24325641924149935,0.24388606956358533,0.8975304585365853,1.0,0.9030494981825051,False,False
ENSG00000124155,PIGT,31,ok,-0.2151937221230225,0.243367,999999,243366,0.24252543848410887,0.2442085349727083,0.24499421736912852,0.8996716934306569,1.0,0.9057200498844126,False,False
ENSG00000138378,STAT4,30,ok,0.21874653340534947,0.243587,999999,243586,0.2427451803406629,0.24442879228129644,0.24550145023638223,0.8996716934306569,1.0,0.9057200498844126,False,False
ENSG00000115474,KCNJ13,36,ok,0.19862264642642188,0.244065,999999,244064,0.2432226204985186,0.2449073503095264,0.24552292524864017,0.9001211524609845,1.0,0.9057200498844126,False,False
ENSG00000122008,POLK,31,ok,0.21480435659540137,0.244541,999999,244540,0.24369806440269667,0.24538390459902948,0.24586975749787815,0.9001211524609845,1.0,0.9058987667033471,False,False
ENSG00000130150,MOSPD2,31,ok,-0.21459582893629914,0.245402,999999,245401,0.24455806207342426,0.24624590366100457,0.24633951292022677,0.9001211524609845,1.0,0.9060452387495366,False,False
ENSG00000155252,PI4K2A,30,ok,-0.21815146930337448,0.245559,999999,245558,0.24471487979443735,0.24640308534421454,0.2468201528928541,0.9001211524609845,1.0,0.9060452387495366,False,False
ENSG00000137819,PAQR5,30,ok,0.2180928020622892,0.245774,999999,245773,0.24492963042243351,0.24661833390034651,0.2469504169886544,0.9001211524609845,1.0,0.9060452387495366,False,False
ENSG00000109452,INPP4B,32,ok,-0.21045392110494485,0.246186,999999,246185,0.24534115334885967,0.2470308094104854,0.24762101143970344,0.9001211524609845,1.0,0.9060452387495366,False,False
ENSG00000116717,GADD45A,30,ok,0.21721711645138003,0.246838,999999,246837,0.24599240049362844,0.2476835597915518,0.24890018994989296,0.9001211524609845,1.0,0.9068067236481889,False,False
ENSG00000144452,ABCA12,35,ok,-0.20056042080734737,0.246845,999999,246844,0.2459993924249384,0.24769056783367877,0.2479985485510095,0.9001211524609845,1.0,0.9060452387495366,False,False
ENSG00000137509,PRCP,34,ok,0.20371360951960357,0.246896,999999,246895,0.24605033364780834,0.24774162641727793,0.24785251535026515,0.9001211524609845,1.0,0.9060452387495366,False,False
ENSG00000117569,PTBP2,31,ok,-0.21318268613050978,0.246962,999999,246961,0.2461162576068825,0.24780770220775214,0.24953862847418845,0.9001211524609845,1.0,0.9068067236481889,False,False
ENSG00000153956,CACNA2D1,32,ok,0.21041533048921654,0.24697,999999,246969,0.24612424839160915,0.24781571139266773,0.24770972214021564,0.9001211524609845,1.0,0.9060452387495366,False,False
ENSG00000151376,ME3,33,ok,0.20641818774032955,0.248111,999999,248110,0.24726393806190036,0.24895801739261708,0.24910535607584566,0.9025646227544911,1.0,0.9068067236481889,False,False
ENSG00000146618,FERD3L,30,ok,-0.21709135552220732,0.248235,999999,248234,0.2473877961373301,0.2490821588466457,0.24918103817298648,0.9025646227544911,1.0,0.9068067236481889,False,False
ENSG00000131378,RFTN1,32,ok,0.20955175418836008,0.248831,999999,248830,0.24798311528705214,0.2496788374352936,0.24970040216399406,0.9026545458879619,1.0,0.9068067236481889,False,False
ENSG00000143493,INTS7,33,ok,0.20560201818782925,0.248908,999999,248907,0.2480600274820711,0.24975592494808477,0.2510231656188551,0.9026545458879619,1.0,0.9083072213985509,False,False
ENSG00000128052,KDR,32,ok,-0.20920426782469853,0.24939,999999,249389,0.24854147866187426,0.2502384719392524,0.2505043972829292,0.9026545458879619,1.0,0.9083072213985509,False,False
ENSG00000138207,RBP4,30,ok,0.2162379075870287,0.249449,999999,249448,0.24860041157924706,0.2502975387979947,0.251092481461878,0.9026545458879619,1.0,0.9083072213985509,False,False
ENSG00000103174,NAGPA,30,ok,0.21600267082127753,0.250139,999999,250138,0.24928962861524975,0.25098831914368286,0.25162103006239306,0.9032551248513674,1.0,0.9083489265986032,False,False
ENSG00000146674,IGFBP3,32,ok,0.20885669841151866,0.25021,999999,250209,0.24936054821247586,0.2510593992770373,0.25131029841066627,0.9032551248513674,1.0,0.9083072213985509,False,False
ENSG00000151090,THRB,33,ok,0.2045644569639177,0.251184,999999,251183,0.25033344828743037,0.25203449550611406,0.2534752992925458,0.9056031459074733,1.0,0.9109861815466423,False,False
ENSG00000120217,CD274,30,ok,0.21544625505803885,0.251457,999999,251456,0.25060614101560974,0.252307801742005,0.252874146540449,0.9056031459074733,1.0,0.9109861815466423,False,False
ENSG00000106070,GRB10,31,ok,0.21155591516248118,0.251763,999999,251762,0.2509117971325626,0.25261414446390235,0.2532552614994875,0.9056308862559243,1.0,0.9109861815466423,False,False
ENSG00000090989,EXOC1,33,ok,0.204532186555584,0.252277,999999,252276,0.25142522076156415,0.25312871888447763,0.25355181930398973,0.9064058840236686,1.0,0.9109861815466423,False,False
ENSG00000146070,PLA2G7,34,ok,-0.2011002468467664,0.252614,999999,252613,0.25176184372633054,0.2534660946409353,0.254101590696711,0.9065438581560283,1.0,0.9115360908734412,False,False
ENSG00000125998,FAM83C,33,ok,0.20401170150650674,0.253203,999999,253202,0.2523501863820903,0.25405574975016987,0.2547881122683975,0.9065837283372367,1.0,0.9115360908734412,False,False
ENSG00000144021,CIAO1,34,ok,0.20100926616031084,0.253349,999999,253348,0.25249602376099545,0.2542019118172577,0.2543210071708841,0.9065837283372367,1.0,0.9115360908734412,False,False
ENSG00000049759,NEDD4L,33,ok,0.20396222324854935,0.253711,999999,253710,0.25285762109725074,0.2545643131073709,0.2549058435940552,0.9065837283372367,1.0,0.9115360908734412,False,False
ENSG00000140691,ARMC5,30,ok,-0.21428571959085746,0.254043,999999,254042,0.25318925248861035,0.2548966804562193,0.25550101872145936,0.9065837283372367,1.0,0.9118392517541047,False,False
ENSG00000089057,SLC23A2,30,ok,0.21411083908301798,0.254395,999999,254394,0.2535408623896466,0.25524906921950274,0.2558984090835961,0.9065837283372367,1.0,0.9118392517541047,False,False
ENSG00000122547,EEPD1,32,ok,0.20676691729323304,0.25445,999999,254449,0.2535958015030973,0.2553041298973523,0.25619199003499715,0.9065837283372367,1.0,0.9118392517541047,False,False
ENSG00000152208,GRID2,31,ok,-0.21004843042601432,0.254982,999999,254981,0.2541272134894973,0.2558367158922597,0.2567317954504757,0.9065837283372367,1.0,0.9126905515077802,False,False
ENSG00000005981,ASB4,37,ok,-0.19161676949795708,0.255014,999999,255013,0.2541591781736968,0.25586875108663537,0.25590599804303465,0.9065837283372367,1.0,0.9118392517541047,False,False
ENSG00000148459,PDSS1,30,ok,-0.21353065671302707,0.255614,999999,255613,0.25475851712353204,0.2564694098600874,0.2572196943041358,0.9076539228070176,1.0,0.9133555460904753,False,False
ENSG00000140955,ADAD2,30,ok,-0.21297429752409264,0.256886,999999,256885,0.2560291227199033,0.2577427994371122,0.2584909209270823,0.9098233846153846,1.0,0.9148700673937553,False,False
ENSG00000103569,AQP9,33,ok,-0.20255810065206484,0.257078,999999,257077,0.2562209130706971,0.25793500835777766,0.2582618855129433,0.9098233846153846,1.0,0.9148700673937553,False,False
ENSG00000122584,NXPH1,30,ok,0.21287019009121422,0.257124,999999,257123,0.2562668628743827,0.25798105837954594,0.25872925262285434,0.9098233846153846,1.0,0.9148700673937553,False,False
ENSG00000144229,THSD7B,33,ok,0.20187244072869406,0.257855,999999,257854,0.25699706685492574,0.25871285162524377,0.2599112375197554,0.9104293255813953,1.0,0.9172341746299147,False,False
ENSG00000145868,FBXO38,32,ok,0.20510239169382655,0.257895,999999,257894,0.25703702338742496,0.25875289494096604,0.2601247115798276,0.9104293255813953,1.0,0.9172341746299147,False,False
ENSG00000100473,COCH,31,ok,0.2091358369364514,0.258585,999999,258584,0.2577262750457311,0.25944364066448566,0.258851577039274,0.9118049477351917,1.0,0.9148700673937553,False,False
ENSG00000100605,ITPK1,30,ok,0.21179745198392008,0.260049,999999,260048,0.2591886964543827,0.26090921370078596,0.2611934387179874,0.9146413979238754,1.0,0.9199341994754173,False,False
ENSG00000107099,DOCK8,31,ok,-0.20794675695256779,0.260663,999999,260662,0.2598020381021212,0.2615238697232802,0.2616307702075348,0.9146413979238754,1.0,0.9203627741278259,False,False
ENSG00000149260,CAPN5,32,ok,0.20341002927152235,0.260952,999999,260951,0.26009072898224844,0.2618131777465715,0.2641636380412267,0.9146413979238754,1.0,0.9235128958333961,False,False
ENSG00000105875,WDR91,32,ok,-0.20434743504910652,0.261002,999999,261001,0.26014067555034825,0.26186323098875197,0.2619214218861797,0.9146413979238754,1.0,0.9203627741278259,False,False
ENSG00000127720,METTL25,33,ok,0.20053520936109084,0.261129,999999,261128,0.2602675398983291,0.261990366158883,0.2631478427819301,0.9146413979238754,1.0,0.9225367790830713,False,False
ENSG00000077063,CTTNBP2,31,ok,0.20752243727568467,0.261197,999999,261196,0.26033546730408735,0.2620584384951061,0.2626272276367718,0.9146413979238754,1.0,0.9217760267112592,False,False
ENSG00000140025,EFCAB11,32,ok,0.20341002927152235,0.262233,999999,262232,0.2613703646110612,0.26309553725715473,0.2641636380412267,0.9172112764976957,1.0,0.9235128958333961,False,False
ENSG00000109832,DDX25,32,ok,-0.2033370037845782,0.262906,999999,262905,0.2620426515991959,0.26376924771541455,0.2643388361262257,0.9185070379746835,1.0,0.9235128958333961,False,False
ENSG00000150628,SPATA4,31,ok,0.2062323517547398,0.263498,999999,263497,0.26263402655397433,0.2643618705143817,0.2656720466206945,0.918598899082569,1.0,0.9249774467206748,False,False
ENSG00000010671,BTK,30,ok,0.21010461237064945,0.263733,999999,263732,0.2628687789935412,0.264597117183145,0.2651131604908243,0.918598899082569,1.0,0.9249774467206748,False,False
ENSG00000112077,RHAG,31,ok,-0.20623235175473975,0.26384,999999,263839,0.2629756663793298,0.26470422939136246,0.2656720466206945,0.918598899082569,1.0,0.9249774467206748,False,False
ENSG00000135900,MRPL44,32,ok,-0.2023656702732441,0.265808,999999,265807,0.26494160678132755,0.2666742815221533,0.2666764272495192,0.9242902491428572,1.0,0.9274108054175719,False,False
ENSG00000133055,MYBPH,32,ok,0.20203501780731647,0.266226,999999,266225,0.2653591721656228,0.26709271455184463,0.2674752376415797,0.9242902491428572,1.0,0.9291245097023296,False,False
ENSG00000038532,CLEC16A,33,ok,0.19854540484735747,0.266388,999999,266387,0.2655210039927397,0.2672548821100537,0.2680126693181862,0.9242902491428572,1.0,0.9299273874857295,False,False
ENSG00000134444,RELCH,33,ok,-0.1982275736381919,0.267211,999999,267210,0.26634315193007874,0.26807873105002694,0.2687951321320455,0.9260874383561642,1.0,0.9315776497179111,False,False
ENSG00000124145,SDC4,30,ok,-0.20790206027483552,0.268756,999999,268755,0.26788656270730515,0.2696253144106835,0.27027015481469024,0.9298888500000001,1.0,0.9345560250767649,False,False
ENSG00000102104,RS1,33,ok,-0.19739152865673268,0.269235,999999,269234,0.26836507272655813,0.27010480257399416,0.27086048885123887,0.9298888500000001,1.0,0.935531790844552,False,False
ENSG00000143498,TAF1A,30,ok,-0.20796706482368293,0.269377,999999,269376,0.2685069277189606,0.2702469470428118,0.27011703050671315,0.9298888500000001,1.0,0.9345560250767649,False,False
ENSG00000132259,CNGA4,32,ok,-0.2002567427768331,0.269533,999999,269532,0.26866276854528015,0.27040310562459385,0.2717980523711003,0.9298888500000001,1.0,0.9367076099129572,False,False
ENSG00000149090,PAMR1,32,ok,-0.2002016691883753,0.270472,999999,270471,0.26960081332303265,0.27134305728407754,0.2719326513755723,0.9320692304199772,1.0,0.9367076099129572,False,False
ENSG00000132294,EFR3A,32,ok,0.20001833432648114,0.270782,999999,270781,0.26991049905051384,0.271653370380395,0.27238103092631594,0.9320795374149661,1.0,0.9367076099129572,False,False
ENSG00000105974,CAV1,33,ok,-0.1967569402283098,0.271116,999999,271115,0.27024416104779025,0.2719877071158584,0.27243505255373557,0.9321723397508495,1.0,0.9367076099129572,False,False
ENSG00000014824,SLC30A9,32,ok,-0.19944957150149445,0.271848,999999,271847,0.2709754224505979,0.2727204429357097,0.2737750997994765,0.9336318190045249,1.0,0.9402502296280664,False,False
ENSG00000155016,CYP2U1,32,ok,-0.19893656366660714,0.273401,999999,273400,0.2725268653165778,0.2742749941773995,0.27503647216502297,0.9379044474576271,1.0,0.943514948579672,False,False
ENSG00000123892,RAB38,30,ok,-0.2054078125545847,0.275059,999999,275058,0.2741832176327356,0.27593463557057507,0.27618808586874255,0.9404627692307692,1.0,0.9447882603683379,False,False
ENSG00000079215,SLC1A3,32,ok,-0.19836832056943418,0.27549,999999,275489,0.2746137917952065,0.27636605977284273,0.2764380431879596,0.9404627692307692,1.0,0.9447882603683379,False,False
ENSG00000112339,HBS1L,32,ok,-0.1976712277945369,0.275582,999999,275581,0.27470570102942055,0.27645815018957104,0.27816372168307196,0.9404627692307692,1.0,0.9447882603683379,False,False
ENSG00000132466,ANKRD17,32,ok,0.19807342450401402,0.275591,999999,275590,0.2747146921526558,0.2764671590321888,0.27716722191937393,0.9404627692307692,1.0,0.9447882603683379,False,False
ENSG00000152620,NADK2,32,ok,-0.19781832263275634,0.276265,999999,276264,0.2753880286450124,0.2771418199826103,0.27779900517563816,0.9404627692307692,1.0,0.9447882603683379,False,False
ENSG00000140265,ZSCAN29,30,ok,0.2047428392739212,0.276503,999999,276502,0.2756257949451225,0.2773800527795069,0.27777981333763985,0.9404627692307692,1.0,0.9447882603683379,False,False
ENSG00000118855,MFSD1,30,ok,0.20440882270265126,0.276722,999999,276721,0.2758445801759931,0.27759926671773155,0.2785815621980018,0.9404627692307692,1.0,0.9447882603683379,False,False
ENSG00000139350,NEDD1,36,ok,-0.18560484169024224,0.277268,999999,277267,0.27639004586662774,0.2781457989555302,0.27846312753412583,0.9404627692307692,1.0,0.9447882603683379,False,False
ENSG00000137841,PLCB2,31,ok,0.20078661158708166,0.277331,999999,277330,0.2764529843203892,0.2782088602627422,0.27877776151736744,0.9404627692307692,1.0,0.9447882603683379,False,False
ENSG00000122042,UBL3,30,ok,-0.20391808163355232,0.277627,999999,277626,0.27674869544084607,0.27850514801924064,0.2797621977567162,0.9404627692307692,1.0,0.9468371906621149,False,False
ENSG00000070961,ATP2B1,37,ok,-0.18280462528429559,0.277664,999999,277663,0.2767856593645231,0.27854218395518326,0.2788307909387453,0.9404627692307692,1.0,0.9447882603683379,False,False
ENSG00000120156,TEK,36,ok,0.18562142329675976,0.277864,999999,277863,0.27698546448663364,0.27874237807425983,0.2784194263253177,0.9404627692307692,1.0,0.9447882603683379,False,False
ENSG00000133105,RXFP2,34,ok,-0.19067634751899626,0.279165,999999,279164,0.2782852021223038,0.28004463550252967,0.28005922174393255,0.9438139643652561,1.0,0.9468371906621149,False,False
ENSG00000119681,LTBP2,31,ok,0.19985882929077112,0.279773,999999,279772,0.2788926153305239,0.28065321998753706,0.28105136416008286,0.944817383759733,1.0,0.9491345290211475,False,False
ENSG00000087301,TXNDC16,30,ok,0.20271473577079033,0.280675,999999,280674,0.2797937484820398,0.28155608341381483,0.28267081792873017,0.9455643853820597,1.0,0.9524845762837123,False,False
ENSG00000110756,HPS5,33,ok,-0.19251024057895755,0.28111,999999,281109,0.28022833200574426,0.28199149823971664,0.2831251262563573,0.9455643853820597,1.0,0.9527311110328761,False,False
ENSG00000143995,MEIS1,33,ok,-0.19309537808831606,0.281159,999999,281158,0.28027728515630695,0.2820405449032478,0.28163635709187107,0.9455643853820597,1.0,0.9500533112565784,False,False
ENSG00000148541,FAM13C,30,ok,0.20242599599376804,0.28124,999999,281239,0.2803582077397107,0.2821216220125297,0.28337160515898785,0.9455643853820597,1.0,0.9527311110328761,False,False
ENSG00000137692,DCUN1D5,31,ok,-0.19862806516882525,0.282301,999999,282300,0.2814181969406728,0.2831836287861408,0.28408579179388,0.9480816769911505,1.0,0.9540757343874112,False,False
ENSG00000128463,EMC4,32,ok,-0.19471947522021826,0.283731,999999,283730,0.28284684416648576,0.28461497613494835,0.28554784786246257,0.9511426092715233,1.0,0.9561842194226212,False,False
ENSG00000155097,ATP6V1C1,30,ok,-0.20135797471348044,0.283839,999999,283838,0.28295474244373836,0.2847230774479483,0.2859734094979381,0.9511426092715233,1.0,0.9561842194226212,False,False
ENSG00000147869,CER1,30,ok,-0.20140203636883147,0.284317,999999,284316,0.2834322929748907,0.2852015251032862,0.2858657702622951,0.9511430627062707,1.0,0.9561842194226212,False,False
ENSG00000131023,LATS1,30,ok,0.20153572722629565,0.284537,999999,284536,0.2836520865163716,0.28542173072713684,0.2855393321819321,0.9511430627062707,1.0,0.9561842194226212,False,False
ENSG00000153823,PID1,31,ok,-0.19739761952794027,0.284779,999999,284778,0.28389385971020764,0.28566395661516647,0.28714034934602645,0.9511430627062707,1.0,0.9583038578919819,False,False
ENSG00000124302,CHST8,31,ok,-0.19707513968111268,0.285779,999999,285778,0.28489292580224523,0.2866648867291957,0.28794435832629794,0.9529278289473684,1.0,0.9585516139020182,False,False
ENSG00000107521,HPS1,36,ok,0.18223366629322568,0.286082,999999,286081,0.28519564387784585,0.2869681675040366,0.2874405522294096,0.9529278289473684,1.0,0.9583038578919819,False,False
ENSG00000105810,CDK6,30,ok,0.20071206549424025,0.286255,999999,286254,0.2853684831297163,0.2871413275958183,0.2875542867389972,0.9529278289473684,1.0,0.9583038578919819,False,False
ENSG00000145901,TNIP1,33,ok,0.19043638187594047,0.286623,999999,286622,0.2857361417195448,0.2875096676098295,0.2884424023547404,0.9531078072289157,1.0,0.9591578680711849,False,False
ENSG00000151465,CDC123,31,ok,-0.19648806618888653,0.28715,999999,287149,0.2862626540475282,0.2880371532824575,0.28941174240608597,0.9538155361050329,1.0,0.9601420049361004,False,False
ENSG00000128652,HOXD3,32,ok,0.19317559337250675,0.287917,999999,287916,0.2870289469107375,0.2888048575093301,0.28945964272593716,0.9541217666303163,1.0,0.9601420049361004,False,False
ENSG00000131095,GFAP,30,ok,-0.19984422066524057,0.287981,999999,287980,0.2870928880463046,0.288868916130954,0.2896871134787444,0.9541217666303163,1.0,0.9601420049361004,False,False
ENSG00000104112,SCG3,33,ok,-0.18976759739174054,0.288185,999999,288184,0.2872967005601627,0.28907310284314314,0.29017068900434995,0.9541217666303163,1.0,0.9606959779904105,False,False
ENSG00000140836,ZFHX3,33,ok,0.18948512203276496,0.288718,999999,288717,0.2878292117421621,0.2896065896390053,0.29090265353524486,0.9546239999999999,1.0,0.9608620309408531,False,False
ENSG00000053108,FSTL4,31,ok,-0.1958628007825295,0.288982,999999,288981,0.2880929701800042,0.2898708301995804,0.29097982293191055,0.9546239999999999,1.0,0.9608620309408531,False,False
ENSG00000012822,CALCOCO1,30,ok,0.19924310377950794,0.28928,999999,289279,0.28839069794809286,0.29016910130091855,0.29117031240631913,0.9546239999999999,1.0,0.9608620309408531,False,False
ENSG00000006611,USH1C,34,ok,-0.18621532873191077,0.290423,999999,290422,0.2895326581082444,0.2913131368043873,0.2916739920605189,0.9569590542299349,1.0,0.9609514707261448,False,False
ENSG00000134775,FHOD3,30,ok,-0.1989761851769419,0.290618,999999,290617,0.289727481391695,0.2915083127811364,0.29183045323106244,0.9569590542299349,1.0,0.9609514707261448,False,False
ENSG00000144583,MARCHF4,31,ok,-0.19437159967838813,0.292276,999999,292275,0.29138398687710704,0.2931678010055498,0.29474135289527703,0.9603419999999999,1.0,0.9673889160973632,False,False
ENSG00000003756,RBM5,32,ok,0.19163381522276862,0.292278,999999,292277,0.2913859850829754,0.2931698027920938,0.29340011776360214,0.9603419999999999,1.0,0.9650734101086631,False,False
ENSG00000105880,DLX5,31,ok,0.19443045557668726,0.292921,999999,292920,0.29202840934900043,0.293813376086646,0.29459230757418686,0.9614142227027026,1.0,0.9673889160973632,False,False
ENSG00000146282,RARS2,33,ok,-0.18774554943132377,0.294097,999999,294096,0.293203361930657,0.2949904190434802,0.295436319248305,0.9640331650485437,1.0,0.9677564218976392,False,False
ENSG00000103479,RBL2,33,ok,0.18772473205436266,0.294354,999999,294353,0.29346013398529347,0.29524764601383985,0.295490844235544,0.9640331650485437,1.0,0.9677564218976392,False,False
ENSG00000077522,ACTN2,30,ok,-0.1970169189670525,0.294697,999999,294696,0.29380283029507065,0.2955909484027946,0.2967051670667556,0.9641164784482757,1.0,0.9695017186569052,False,False
ENSG00000152380,FAM151B,30,ok,0.19695115288278164,0.295165,999999,295164,0.2942704169117412,0.29605936001063565,0.29686968272632736,0.9643017882352941,1.0,0.9695017186569052,False,False
ENSG00000134198,TSPAN2,33,ok,-0.18689401799086683,0.295989,999999,295988,0.2950936918221243,0.2968840819741872,0.29767188270531636,0.9643017882352941,1.0,0.9695017186569052,False,False
ENSG00000111860,CEP85L,33,ok,-0.18690963870366872,0.296307,999999,296306,0.2954114129296558,0.29720235966024,0.297630776456528,0.9643017882352941,1.0,0.9695017186569052,False,False
ENSG00000112079,STK38,30,ok,-0.19632721323597957,0.296479,999999,296478,0.2955832622990564,0.2973745096383133,0.29843335268579607,0.9643017882352941,1.0,0.9700425081373472,False,False
ENSG00000127329,PTPRB,32,ok,0.1901356834306651,0.296501,999999,296500,0.2956052430433303,0.2973965288105768,0.29726159899410415,0.9643017882352941,1.0,0.9695017186569052,False,False
ENSG00000002587,HS3ST1,32,ok,-0.18956346613807118,0.296841,999999,296840,0.2959449457712659,0.2977368247927655,0.298744975332154,0.9643017882352941,1.0,0.9700425081373472,False,False
ENSG00000116754,SRSF11,35,ok,-0.18105381877014914,0.296977,999999,296976,0.2960808270287911,0.2978729430192904,0.29793975741333745,0.9643017882352941,1.0,0.9695017186569052,False,False
ENSG00000136051,WASHC4,33,ok,0.1860892853296612,0.297996,999999,297995,0.2970989403533234,0.29889282582893717,0.2997944326669895,0.9665767692307692,1.0,0.9724101469839532,False,False
ENSG00000113555,PCDH12,31,ok,-0.192133132595967,0.298856,999999,298855,0.297958196168904,0.29975356675075215,0.3004455113384924,0.9680863130990416,1.0,0.973481934283525,False,False
ENSG00000135312,HTR1B,32,ok,-0.18861177333577844,0.299215,999999,299214,0.29831688663348793,0.30011287492422384,0.30122244326382036,0.9680863130990416,1.0,0.9739204874855789,False,False
ENSG00000068024,HDAC4,31,ok,-0.19183056073361116,0.299418,999999,299417,0.29851971189485405,0.300316048892734,0.30122184723987483,0.9680863130990416,1.0,0.9739204874855789,False,False
ENSG00000116698,SMG7,30,ok,0.19456812592546363,0.300513,999999,300512,0.2996137729605427,0.30141198367294003,0.30286977483715055,0.9702566114649681,1.0,0.9761280641248292,False,False
ENSG00000115657,ABCB6,30,ok,-0.19494825980261773,0.300782,999999,300781,0.29988254323344327,0.30168121237953593,0.30190758412584995,0.9702566114649681,1.0,0.9750972610702984,False,False
ENSG00000066136,NFYC,32,ok,-0.18816515028466668,0.301048,999999,301047,0.30014831642984874,0.30194743817400904,0.30238956542033035,0.9702566114649681,1.0,0.9756160686675058,False,False
ENSG00000140015,KCNH5,30,ok,-0.19434550311665183,0.301647,999999,301646,0.30074680701018247,0.30254694532125886,0.30343416907966575,0.9711561951219513,1.0,0.97691000776868,False,False
ENSG00000119718,EIF2B2,30,ok,-0.19402992777621308,0.302292,999999,302291,0.3013912605029135,0.30319248938160775,0.3042353481749149,0.972201813559322,1.0,0.9784518189184762,False,False
ENSG00000118596,SLC16A7,31,ok,0.19015931017809057,0.303244,999999,303243,0.30234245771951157,0.30414528855344225,0.30553269778313585,0.9742315174603176,1.0,0.9793598977905407,False,False
ENSG00000130348,QRSL1,30,ok,-0.19345503596021496,0.303908,999999,303907,0.30300590050250464,0.3048098432514644,0.30569828622187073,0.9745431763463569,1.0,0.9793598977905407,False,False
ENSG00000135211,TMEM60,30,ok,-0.19341197897255763,0.303983,999999,303982,0.3030808377034701,0.3048849057659754,0.30580803132590006,0.9745431763463569,1.0,0.9793598977905407,False,False
ENSG00000113441,LNPEP,33,ok,0.1834670704337893,0.304633,999999,304632,0.30373029463087403,0.3055354463727044,0.3067771340940718,0.9752214246575343,1.0,0.9803951359048443,False,False
ENSG00000116701,NCF2,37,ok,-0.17312937391971936,0.304837,999999,304836,0.3039341246275939,0.3057396156020829,0.3054935245524636,0.9752214246575343,1.0,0.9793598977905407,False,False
ENSG00000113851,CRBN,31,ok,0.189846650499633,0.305233,999999,305232,0.3043297952178463,0.30613594350955237,0.30634345832092436,0.9754604084210525,1.0,0.9800408213512396,False,False
ENSG00000128617,OPN1SW,30,ok,0.19276572183940846,0.30562,999999,305619,0.30471647405488733,0.306523263204378,0.30745819929564216,0.9756701577287066,1.0,0.9815384785084854,False,False
ENSG00000150773,PIH1D2,30,ok,-0.19203382762919,0.307356,999999,307355,0.30645104261068484,0.3082606880628708,0.3093337494392747,0.9791944218258132,1.0,0.9847527644364023,False,False
ENSG00000134533,RERG,32,ok,-0.18536854931706415,0.307369,999999,307368,0.30646403194814414,0.30827369867609483,0.30976248024926356,0.9791944218258132,1.0,0.9847527644364023,False,False
ENSG00000135945,REV1,30,ok,-0.19189671000886682,0.308075,999999,308074,0.30716945415541674,0.30898027379054416,0.30968591973292986,0.9804147798742139,1.0,0.9847527644364023,False,False
ENSG00000073849,ST6GAL1,31,ok,0.18870398482260067,0.308598,999999,308597,0.3076920277308304,0.30950369823108487,0.3093179881580823,0.9806470543933055,1.0,0.9847527644364023,False,False
ENSG00000054219,LY75,31,ok,-0.1883634173134008,0.308794,999999,308793,0.3078878682739463,0.3096998569444269,0.31020802080530757,0.9806470543933055,1.0,0.9851376058210396,False,False
ENSG00000009413,REV3L,30,ok,-0.19087367953498005,0.309397,999999,309396,0.30849037889656605,0.3103033440342806,0.3123213488234493,0.9807229739311784,1.0,0.9877162656541585,False,False
ENSG00000096872,IFT74,30,ok,0.1912501498169926,0.309687,999999,309686,0.3087801441835034,0.3105935776472078,0.3113499042369099,0.9807229739311784,1.0,0.9866996965169712,False,False
ENSG00000113658,SMAD5,32,ok,0.18499496251977018,0.309787,999999,309786,0.3088800633446462,0.31069365810670824,0.31075585605799744,0.9807229739311784,1.0,0.9858461640460608,False,False
ENSG00000092421,SEMA6A,36,ok,-0.1732415216921559,0.310286,999999,310285,0.3093786606991431,0.3111930588592228,0.31228861014092485,0.9812794750000001,1.0,0.9877162656541585,False,False
ENSG00000101463,SYNDIG1,31,ok,0.18707140356305202,0.311606,999999,311605,0.31069760152229403,0.3125141130285833,0.3135990892504768,0.9836766237006237,1.0,0.9896952546407979,False,False
ENSG00000128512,DOCK4,33,ok,0.18094442186054366,0.311692,999999,311691,0.3107835328138218,0.31260018141081075,0.3135905341753162,0.9836766237006237,1.0,0.9896952546407979,False,False
ENSG00000110442,COMMD9,31,ok,0.18666801509175698,0.313603,999999,313602,0.3126930154414781,0.3145126915337188,0.31466255220543365,0.9864770879007239,1.0,0.9918273767490475,False,False
ENSG00000076321,KLHL20,30,ok,0.18978183907489443,0.3137,999999,313699,0.31278993890010265,0.3146097677071231,0.31514939795193064,0.9864770879007239,1.0,0.9918273767490475,False,False
ENSG00000156831,NSMCE2,37,ok,0.169384004566382,0.313863,999999,313862,0.3129528103829612,0.3147728956059216,0.31623481577505863,0.9864770879007239,1.0,0.9918273767490475,False,False
ENSG00000151892,GFRA1,32,ok,-0.18324319446316956,0.313897,999999,313896,0.3129867835921267,0.3148069222677765,0.31544041693044156,0.9864770879007239,1.0,0.9918273767490475,False,False
ENSG00000118690,ARMC2,32,ok,0.1831683199105443,0.314204,999999,314203,0.3132935419432083,0.31511416275208676,0.3156416214201468,0.9864770879007239,1.0,0.9918273767490475,False,False
ENSG00000127824,TUBA4A,31,ok,0.18616377571601453,0.314597,999999,314596,0.3136862332748715,0.31550746992957507,0.31599504443159865,0.986690590909091,1.0,0.9918273767490475,False,False
ENSG00000117151,CTBS,30,ok,-0.1882929047304761,0.316587,999999,316586,0.31567468188535164,0.3174990137700446,0.31903152902294885,0.9919072569659443,1.0,0.9984183913565263,False,False
ENSG00000133119,RFC3,30,ok,-0.18804940585983104,0.317185,999999,317184,0.31627221946093387,0.31809747392596344,0.31966921152073713,0.9923284691358024,1.0,0.998472969317858,False,False
ENSG00000113272,THG1L,32,ok,-0.18188485515218186,0.317386,999999,317385,0.31647306442115586,0.31829862820325355,0.31910300560023036,0.9923284691358024,1.0,0.9984183913565263,False,False
ENSG00000132464,ENAM,30,ok,-0.18818161584687293,0.317702,999999,317701,0.3167888210738993,0.31861487035177405,0.3193228781314845,0.9923284691358024,1.0,0.9984183913565263,False,False
ENSG00000128510,CPA4,34,ok,0.175607521537444,0.318446,999999,318445,0.31753225004350133,0.31935943855983634,0.32051217266243387,0.9936300678314491,1.0,1.0,False,False
ENSG00000149089,APIP,32,ok,-0.18090959409280755,0.320022,999999,320021,0.31910704929464184,0.32093663333022193,0.3217488925843076,0.9975223737166324,1.0,1.0,False,False
ENSG00000008118,CAMK1G,32,ok,-0.18050078036114592,0.321362,999999,321361,0.32044603778583863,0.32227763975582835,0.3228620361286225,1.0,1.0,1.0,False,False
ENSG00000114023,FAM162A,32,ok,0.17967532552118481,0.323356,999999,323355,0.32243854858381443,0.3242731213937914,0.32511688949962164,1.0,1.0,1.0,False,False
ENSG00000140043,PTGR2,30,ok,-0.18606722027739728,0.323465,999999,323464,0.32254746772766185,0.32438220183646355,0.32488950790505317,1.0,1.0,1.0,False,False
ENSG00000076043,REXO2,32,ok,0.17921673612475503,0.324563,999999,324562,0.3236446564009183,0.3254810089980631,0.32637378555804186,1.0,1.0,1.0,False,False
ENSG00000091137,SLC26A4,32,ok,-0.17915100469539394,0.325273,999999,325272,0.3243541348374812,0.3261915278681996,0.3265541866168228,1.0,1.0,1.0,False,False
ENSG00000141424,SLC39A6,33,ok,0.1759297958505517,0.32599,999999,325989,0.3250706105698831,0.3269090494159491,0.3274131716126374,1.0,1.0,1.0,False,False
ENSG00000151552,QDPR,30,ok,-0.1844184763786951,0.327304,999999,327303,0.3263836561235488,0.32822399887780634,0.329271353793046,1.0,1.0,1.0,False,False
ENSG00000138375,SMARCAL1,34,ok,-0.17241115831777779,0.327415,999999,327414,0.32649457587225417,0.32833507870803863,0.3295378210400143,1.0,1.0,1.0,False,False
ENSG00000090861,AARS1,30,ok,-0.18426616337507704,0.327624,999999,327623,0.32670342492701054,0.32854422886047174,0.3296779717600154,1.0,1.0,1.0,False,False
ENSG00000013392,RWDD2A,33,ok,0.1748871450627364,0.327957,999999,327956,0.32703618485337765,0.32887746767091947,0.33033368613195263,1.0,1.0,1.0,False,False
ENSG00000144460,NYAP2,32,ok,-0.17802441567461033,0.328541,999999,328540,0.3276197650910983,0.329461885217886,0.32965568186599403,1.0,1.0,1.0,False,False
ENSG00000120708,TGFBI,31,ok,0.18067184597123717,0.32882,999999,328819,0.32789856512344256,0.3297410841272001,0.33073451681557486,1.0,1.0,1.0,False,False
ENSG00000133794,BMAL1,35,ok,-0.1690831444486727,0.330295,999999,330294,0.3293725140545481,0.3312171296009337,0.3315503215088669,1.0,1.0,1.0,False,False
ENSG00000040731,CDH10,32,ok,-0.1765676567656766,0.331633,999999,331632,0.33070956947485186,0.3325560691051756,0.33369287521001273,1.0,1.0,1.0,False,False
ENSG00000120051,CFAP58,30,ok,0.18250612063209434,0.332856,999999,332855,0.3319317134350328,0.3337799205057881,0.3343988974038974,1.0,1.0,1.0,False,False
ENSG00000132640,BTBD3,34,ok,-0.17023227383863085,0.334341,999999,334340,0.3334156834212813,0.33526594488650957,0.3357793181158424,1.0,1.0,1.0,False,False
ENSG00000150593,PDCD4,31,ok,-0.17873713939883,0.334578,999999,334577,0.33365251998844647,0.3355031074203378,0.3360256515724744,1.0,1.0,1.0,False,False
ENSG00000108469,RECQL5,31,ok,0.17843453701835793,0.334897,999999,334896,0.3339713004228545,0.3358223257758751,0.33685786395988887,1.0,1.0,1.0,False,False
ENSG00000119720,NRDE2,31,ok,0.17787637480772964,0.336443,999999,336442,0.3355162430348423,0.3373693772995003,0.33839620277955385,1.0,1.0,1.0,False,False
ENSG00000028528,SNX1,31,ok,0.1776813867517106,0.336938,999999,336937,0.33601090682749846,0.3378647116291832,0.3389346103497056,1.0,1.0,1.0,False,False
ENSG00000145819,ARHGAP26,31,ok,-0.17759177087535294,0.337282,999999,337281,0.3363546738500608,0.3382089433017429,0.33918223524471797,1.0,1.0,1.0,False,False
ENSG00000103037,SETD6,30,ok,0.18063439176983828,0.337323,999999,337322,0.3363956461190041,0.33824997087727643,0.3394643388966688,1.0,1.0,1.0,False,False
ENSG00000025156,HSF2,33,ok,-0.17168171180207287,0.337415,999999,337414,0.33648758392158185,0.3383420327257199,0.33941223895186634,1.0,1.0,1.0,False,False
ENSG00000123094,RASSF8,31,ok,0.17747303423729724,0.337934,999999,337933,0.3370062337817168,0.33886138089689116,0.33951049533969413,1.0,1.0,1.0,False,False
ENSG00000105852,PON3,32,ok,-0.17431195301418556,0.338401,999999,338400,0.33747291978933325,0.339328693117832,0.34000364685936274,1.0,1.0,1.0,False,False
ENSG00000072952,IRAG1,33,ok,-0.1712231424761776,0.338493,999999,338492,0.3375648580511311,0.33942075450705633,0.3407233354485361,1.0,1.0,1.0,False,False
ENSG00000148053,NTRK2,32,ok,0.17407645136846367,0.338674,999999,338673,0.33774573670217656,0.33960187516943535,0.3406666662169664,1.0,1.0,1.0,False,False
ENSG00000123124,WWP1,30,ok,-0.17981528986360173,0.339637,999999,339636,0.3387080936170054,0.3405655146017267,0.34169561705708357,1.0,1.0,1.0,False,False
ENSG00000067248,DHX29,33,ok,-0.1708194003816988,0.339908,999999,339907,0.3389789134166827,0.3408366937740857,0.34188022429047216,1.0,1.0,1.0,False,False
ENSG00000125885,MCM8,30,ok,0.1796127353634684,0.33991,999999,339909,0.33898091208805,0.34083869509513204,0.34224875132225085,1.0,1.0,1.0,False,False
ENSG00000149187,CELF1,30,ok,-0.17963272231455274,0.339991,999999,339990,0.33906185829391877,0.34091974858201224,0.34219414705422696,1.0,1.0,1.0,False,False
ENSG00000128641,MYO1B,30,ok,0.17969273658950996,0.340312,999999,340311,0.3393826454071344,0.3412409602511731,0.34203021995349575,1.0,1.0,1.0,False,False
ENSG00000090905,TNRC6A,32,ok,0.1735741793508161,0.341287,999999,341286,0.34035700169739497,0.3422166002625297,0.34208336057395883,1.0,1.0,1.0,False,False
ENSG00000139209,SLC38A4,36,ok,-0.16259011463251524,0.341461,999999,341460,0.34053088727974495,0.3423907140201615,0.3434162190373841,1.0,1.0,1.0,False,False
ENSG00000008086,CDKL5,32,ok,0.17270144570904222,0.342908,999999,342907,0.34197694115645694,0.34383865465468944,0.3445534586052352,1.0,1.0,1.0,False,False
ENSG00000052795,FNIP2,30,ok,0.1780349492763151,0.344638,999999,344637,0.3437058225804711,0.345569766668466,0.3465758649046261,1.0,1.0,1.0,False,False
ENSG00000121281,ADCY7,30,ok,-0.17801513569333946,0.345382,999999,345381,0.34444934573212477,0.3463142406946917,0.3466304125123519,1.0,1.0,1.0,False,False
ENSG00000143079,CTTNBP2NL,32,ok,-0.17189219210824352,0.345636,999999,345635,0.34470318351500473,0.3465684019483469,0.34685351116013674,1.0,1.0,1.0,False,False
ENSG00000122033,MTIF3,33,ok,-0.16886808462080663,0.345898,999999,345897,0.3449650164966129,0.34683056797292927,0.34750516523545744,1.0,1.0,1.0,False,False
ENSG00000069424,KCNAB2,31,ok,-0.1743646631706333,0.34637,999999,346369,0.3454367163970958,0.34730286628207374,0.3481724668125269,1.0,1.0,1.0,False,False
ENSG00000136541,ERMN,34,ok,-0.16586409893288367,0.34736,999999,347359,0.34642609024172016,0.34829348868222526,0.3485086231606057,1.0,1.0,1.0,False,False
ENSG00000112282,MED23,34,ok,0.1654181337172776,0.347697,999999,347696,0.3467628781113796,0.3486306995342744,0.3498244232968444,1.0,1.0,1.0,False,False
ENSG00000115325,DOK1,31,ok,0.17407967814206785,0.34808,999999,348079,0.34714563765102513,0.3490139385418538,0.3489732226237558,1.0,1.0,1.0,False,False
ENSG00000119723,COQ6,30,ok,-0.17656241467825962,0.348498,999999,348497,0.3475633759753225,0.34943219863202285,0.3506438804812486,1.0,1.0,1.0,False,False
ENSG00000067715,SYT1,34,ok,-0.16526525189313968,0.348528,999999,348527,0.34759335722521334,0.34946221726833787,0.35027618415736633,1.0,1.0,1.0,False,False
ENSG00000115956,PLEK,36,ok,0.1597682655386034,0.349732,999999,349731,0.3487966080825498,0.35066696184406676,0.35196914121572925,1.0,1.0,1.0,False,False
ENSG00000134748,PRPF38A,32,ok,0.1695708111161033,0.351584,999999,351583,0.3506474685267293,0.35252009437502646,0.35350260799931826,1.0,1.0,1.0,False,False
ENSG00000151276,MAGI1,31,ok,-0.17224687373941108,0.352102,999999,352101,0.35116515256128916,0.35303840837563505,0.3541495001270897,1.0,1.0,1.0,False,False
ENSG00000092529,CAPN3,31,ok,0.17180883591912313,0.353183,999999,353182,0.3522454970668662,0.35412005976971267,0.355393389842092,1.0,1.0,1.0,False,False
ENSG00000101138,CSTF1,31,ok,-0.17182615797753478,0.353827,999999,353826,0.3528891090529086,0.354764445340916,0.355344151119432,1.0,1.0,1.0,False,False
ENSG00000121454,LHX4,32,ok,-0.16853108664094285,0.354794,999999,354793,0.3538555299199219,0.35573202080598504,0.3565052949866837,1.0,1.0,1.0,False,False
ENSG00000140030,GPR65,30,ok,0.17432929837800376,0.354854,999999,354853,0.35391549412404494,0.35579205637427697,0.35686740691626406,1.0,1.0,1.0,False,False
ENSG00000100889,PCK2,32,ok,0.16799708162903848,0.356099,999999,356098,0.35515975499081115,0.3570377907851265,0.3580533923376173,1.0,1.0,1.0,False,False
ENSG00000122592,HOXA7,32,ok,-0.16815064746690073,0.356104,999999,356103,0.35516475203636166,0.3570427937206107,0.357607789552324,1.0,1.0,1.0,False,False
ENSG00000057657,PRDM1,32,ok,-0.16793473349501076,0.356622,999999,356621,0.35568244655970344,0.3575610972324575,0.35823440282075425,1.0,1.0,1.0,False,False
ENSG00000149403,GRIK4,31,ok,0.170414440717156,0.357166,999999,357165,0.35622612703808615,0.35810541469064594,0.3593703853053181,1.0,1.0,1.0,False,False
ENSG00000100234,TIMP3,35,ok,0.15953198385683418,0.357666,999999,357665,0.35672583452261614,0.35860570530958424,0.35997681183858266,1.0,1.0,1.0,False,False
ENSG00000100697,DICER1,32,ok,0.1671863648808309,0.358332,999999,358331,0.35739144661955535,0.3592720906864679,0.3604113438095447,1.0,1.0,1.0,False,False
ENSG00000154188,ANGPT1,39,ok,0.15052892819180946,0.35874,999999,358739,0.35779920995911263,0.35968032579934445,0.36035193284410666,1.0,1.0,1.0,False,False
ENSG00000145439,CBR4,30,ok,-0.17315825044953953,0.358867,999999,358866,0.3579261364436429,0.35980739883309665,0.36015714541977495,1.0,1.0,1.0,False,False
ENSG00000146281,PM20D2,30,ok,0.17282439778157763,0.359526,999999,359525,0.35858475612309076,0.36046677665402954,0.36109829869987536,1.0,1.0,1.0,False,False
ENSG00000149564,ESAM,32,ok,-0.16646805459985783,0.361259,999999,361258,0.36031676516333266,0.3622007610404508,0.3625082404342666,1.0,1.0,1.0,False,False
ENSG00000138356,AOX1,31,ok,0.1691206165904249,0.36131,999999,361309,0.36036773620194207,0.36225178980839684,0.3630841223406265,1.0,1.0,1.0,False,False
ENSG00000148143,ZNF462,37,ok,-0.15331713054508567,0.363275,999999,363274,0.3623316290815895,0.364217889475457,0.36495952405516874,1.0,1.0,1.0,False,False
ENSG00000101542,CDH20,32,ok,0.1653832161068169,0.363447,999999,363446,0.362503532983696,0.36438998492095204,0.36568881738225945,1.0,1.0,1.0,False,False
ENSG00000006740,ARHGAP44,30,ok,-0.17089453026560592,0.364171,999999,364170,0.36322712990635403,0.36511438525215306,0.3665672461878157,1.0,1.0,1.0,False,False
ENSG00000115866,DARS1,32,ok,0.1651806589730397,0.364223,999999,364222,0.36327910104480976,0.36516641391646093,0.3662845087943331,1.0,1.0,1.0,False,False
ENSG00000079156,OSBPL6,37,ok,-0.15329895100739857,0.364364,999999,364363,0.3634200228454501,0.3653074915810064,0.3650170710566752,1.0,1.0,1.0,False,False
ENSG00000133392,MYH11,32,ok,0.16519985609549587,0.364745,999999,364744,0.36380081197789427,0.3656887010034267,0.36622802819176464,1.0,1.0,1.0,False,False
ENSG00000073331,ALPK1,33,ok,0.16247388272373992,0.36482,999999,364819,0.3638757705436704,0.36576374215317536,0.3663262033035089,1.0,1.0,1.0,False,False
ENSG00000138311,ZNF365,31,ok,-0.16762481174514288,0.365131,999999,365130,0.36418659899337835,0.36607491252384333,0.3674058495794591,1.0,1.0,1.0,False,False
ENSG00000137976,DNASE2B,31,ok,-0.16757411109013068,0.365884,999999,365883,0.3649391853903275,0.366828323270766,0.3675528652649489,1.0,1.0,1.0,False,False
ENSG00000054690,PLEKHH1,31,ok,-0.16740622580269118,0.365901,999999,365900,0.36495617608138436,0.36684533251522805,0.368039926604733,1.0,1.0,1.0,False,False
ENSG00000070269,TMEM260,31,ok,0.16735600483921645,0.365978,999999,365977,0.36503313393321474,0.36692237437133707,0.36818569935531203,1.0,1.0,1.0,False,False
ENSG00000011143,MKS1,31,ok,-0.16759101301272045,0.366108,999999,366107,0.36516306283294936,0.3670524449785131,0.36750385123841917,1.0,1.0,1.0,False,False
ENSG00000054967,RELT,31,ok,-0.16738933911017803,0.366346,999999,366345,0.365400932856691,0.3672905740520389,0.3680889385846323,1.0,1.0,1.0,False,False
ENSG00000067141,NEO1,30,ok,-0.1699120963005692,0.367057,999999,367056,0.36611154604388707,0.36800195816802705,0.36936995949941864,1.0,1.0,1.0,False,False
ENSG00000121966,CXCR4,33,ok,-0.16149795709680217,0.367309,999999,367308,0.3663634094767493,0.36825409377933216,0.3692509775525773,1.0,1.0,1.0,False,False
ENSG00000065325,GLP2R,30,ok,0.16980082446278236,0.367395,999999,367394,0.366449362934078,0.3683401399958067,0.3696881905428978,1.0,1.0,1.0,False,False
ENSG00000119844,AFTPH,31,ok,-0.1670371291825599,0.367566,999999,367565,0.3666202704860171,0.36851123179526735,0.3691120706663831,1.0,1.0,1.0,False,False
ENSG00000101474,APMAP,31,ok,0.1664985881403792,0.368354,999999,368353,0.3674078461193505,0.36929965317306523,0.37067970948450624,1.0,1.0,1.0,False,False
ENSG00000133121,STARD13,34,ok,0.1584778829749404,0.369224,999999,369223,0.3682773807414222,0.3701701152511057,0.3706864314832298,1.0,1.0,1.0,False,False
ENSG00000111530,CAND1,31,ok,-0.16617900065100147,0.369343,999999,369342,0.36839631734292844,0.37028917819823604,0.3716118445986304,1.0,1.0,1.0,False,False
ENSG00000049130,KITLG,33,ok,-0.16110971895474357,0.36938,999999,369379,0.3684332976433714,0.3703261977574532,0.3704183241278499,1.0,1.0,1.0,False,False
ENSG00000115590,IL1R2,30,ok,0.1691143789086725,0.369584,999999,369583,0.36863718913672566,0.37053030549033306,0.3716549446070107,1.0,1.0,1.0,False,False
ENSG00000143033,MTF2,30,ok,0.16818789374907073,0.371059,999999,371058,0.3701114099822968,0.37200607905014116,0.37431914646008657,1.0,1.0,1.0,False,False
ENSG00000107643,MAPK8,30,ok,0.16881963679190332,0.371082,999999,371081,0.37013439790770236,0.37202909103749754,0.3725012969755672,1.0,1.0,1.0,False,False
ENSG00000113140,SPARC,34,ok,-0.1569736343903881,0.373004,999999,373003,0.37205539700648044,0.3739520846486679,0.3753031155821408,1.0,1.0,1.0,False,False
ENSG00000065491,TBC1D22B,31,ok,-0.16483405712842072,0.37363,999999,373629,0.3726810744681393,0.3745784048126274,0.3755496839043102,1.0,1.0,1.0,False,False
ENSG00000129521,EGLN3,35,ok,-0.15445503093572563,0.373765,999999,373764,0.3728160051335226,0.37471347363519725,0.37566291765798177,1.0,1.0,1.0,False,False
ENSG00000131386,GALNT15,31,ok,0.1645493076408503,0.373945,999999,373944,0.37299591281003386,0.37489356527595713,0.3763865170065473,1.0,1.0,1.0,False,False
ENSG00000115263,GCG,39,ok,-0.14567826387129454,0.37408,999999,374079,0.3731308436593952,0.3750286339145493,0.3762133398052779,1.0,1.0,1.0,False,False
ENSG00000079246,XRCC5,31,ok,-0.16448035305281972,0.374626,999999,374625,0.37367656478733385,0.37557491071566834,0.37658932727180544,1.0,1.0,1.0,False,False
ENSG00000116774,OLFML3,32,ok,0.1616717081302041,0.37512,999999,375119,0.3741703135845211,0.37606916004477325,0.37669475744730613,1.0,1.0,1.0,False,False
ENSG00000111276,CDKN1B,31,ok,0.1641444746893013,0.375254,999999,375253,0.3743042456261874,0.3762032274948544,0.3775781304617143,1.0,1.0,1.0,False,False
ENSG00000139329,LUM,37,ok,0.1495050094511443,0.375893,999999,375892,0.3749429226220325,0.37684254807532946,0.3771450632462881,1.0,1.0,1.0,False,False
ENSG00000110171,TRIM3,30,ok,-0.16690775668032332,0.376384,999999,376383,0.3754336756258585,0.37733379320917865,0.37801862174317286,1.0,1.0,1.0,False,False
ENSG00000153292,ADGRF1,30,ok,-0.1664626693291759,0.377927,999999,377926,0.37697590618196025,0.37887755680060836,0.3793098518902712,1.0,1.0,1.0,False,False
ENSG00000134256,CD101,34,ok,0.15521589651746748,0.378644,999999,378643,0.3776925521215617,0.37959490814149194,0.3807404119148932,1.0,1.0,1.0,False,False
ENSG00000081181,ARG2,31,ok,0.1629009481541255,0.378844,999999,378843,0.3778924537537815,0.3797950057506912,0.3812521583646509,1.0,1.0,1.0,False,False
ENSG00000095585,BLNK,32,ok,0.16005133981315695,0.379337,999999,379336,0.378385212010335,0.3802882456242368,0.3815598631722086,1.0,1.0,1.0,False,False
ENSG00000068305,MEF2A,35,ok,-0.1524556859343307,0.379949,999999,379948,0.378996913365211,0.38090054194810663,0.3819489938887177,1.0,1.0,1.0,False,False
ENSG00000091986,CCDC80,33,ok,0.15709388901989144,0.38064,999999,380639,0.3796875780985031,0.38159187459392435,0.38262041894473736,1.0,1.0,1.0,False,False
ENSG00000004700,RECQL,31,ok,0.16196047122493884,0.381719,999999,381718,0.3807660586646307,0.3826713899352697,0.38404457013955334,1.0,1.0,1.0,False,False
ENSG00000135622,SEMA4F,31,ok,0.1619278113181407,0.382283,999999,382282,0.3813297891339054,0.3832356573268087,0.38414175458346195,1.0,1.0,1.0,False,False
ENSG00000104043,ATP8B4,30,ok,-0.16468231992458573,0.38303,999999,383029,0.38207643423970983,0.3839830093877234,0.38450035840776003,1.0,1.0,1.0,False,False
ENSG00000152242,ARK2N,30,ok,0.1644414815967223,0.383226,999999,383225,0.38227234151582973,0.3841791013681997,0.38520564719024986,1.0,1.0,1.0,False,False
ENSG00000134769,DTNA,30,ok,-0.16377392483787231,0.38505,999999,385049,0.38409548646507374,0.3860039495007607,0.3871644725361868,1.0,1.0,1.0,False,False
ENSG00000137968,SLC44A5,31,ok,-0.1603792616501917,0.386608,999999,386607,0.3856527673144864,0.38756266274207274,0.38876603688020744,1.0,1.0,1.0,False,False
ENSG00000110060,PUS3,32,ok,0.15740741005325554,0.386853,999999,386852,0.3858976551637162,0.38780777396359367,0.3895762624892344,1.0,1.0,1.0,False,False
ENSG00000125810,CD93,30,ok,0.1631426704106844,0.387092,999999,387091,0.38613654600481795,0.38804688221600014,0.3890220462829227,1.0,1.0,1.0,False,False
ENSG00000140694,PARN,33,ok,-0.1549719964882249,0.387143,999999,387142,0.3861875227428549,0.38809790528452787,0.38916119769248336,1.0,1.0,1.0,False,False
ENSG00000128918,ALDH1A2,34,ok,0.15236494631245476,0.387968,999999,387967,0.3870121479778725,0.38892327692040973,0.3896566949714172,1.0,1.0,1.0,False,False
ENSG00000120756,PLS1,31,ok,-0.15954015013244427,0.388698,999999,388697,0.38774181877132624,0.3896536033581795,0.39128514167521355,1.0,1.0,1.0,False,False
ENSG00000103657,HERC1,30,ok,0.16204785854398315,0.390204,999999,390203,0.3892471467339808,0.3911602696835112,0.39225584566020577,1.0,1.0,1.0,False,False
ENSG00000104611,SH2D4A,31,ok,0.1588502277368231,0.391503,999999,391502,0.3905455747601193,0.39245983673048707,0.39336337725766274,1.0,1.0,1.0,False,False
ENSG00000117000,RLF,30,ok,-0.16143399507731693,0.391674,999999,391673,0.3907164999955531,0.3926309108464801,0.39407576513500403,1.0,1.0,1.0,False,False
ENSG00000138795,LEF1,32,ok,0.15606088391710984,0.391724,999999,391723,0.3907664781578472,0.3926809324945447,0.39369600136365857,1.0,1.0,1.0,False,False
ENSG00000089048,ESF1,37,ok,0.1441868740306059,0.393684,999999,393683,0.39272563041092373,0.39464177280754303,0.3945396167801674,1.0,1.0,1.0,False,False
ENSG00000136859,ANGPTL2,36,ok,-0.14533985702304805,0.395718,999999,395717,0.39475876772337454,0.39667662778052126,0.397682464380355,1.0,1.0,1.0,False,False
ENSG00000101333,PLCB4,34,ok,-0.14990831470872173,0.396006,999999,396005,0.395046646975118,0.3969647474364509,0.3974358344475268,1.0,1.0,1.0,False,False
ENSG00000151475,SLC25A31,31,ok,-0.1568014528492175,0.397327,999999,397326,0.3963670975759515,0.39828629182533254,0.3995720517013307,1.0,1.0,1.0,False,False
ENSG00000145451,GLRA3,30,ok,-0.15978181003027003,0.39759,999999,397589,0.3966299890666042,0.3985493993371754,0.39899792450733007,1.0,1.0,1.0,False,False
ENSG00000132669,RIN2,33,ok,-0.15160886393812226,0.397803,999999,397802,0.396842901398326,0.398762486197589,0.3996595650950036,1.0,1.0,1.0,False,False
ENSG00000073734,ABCB11,32,ok,-0.15393783873263384,0.397876,999999,397875,0.3969158713960181,0.39883551592302313,0.4002421154557881,1.0,1.0,1.0,False,False
ENSG00000138448,ITGAV,32,ok,-0.1538743702022211,0.398606,999999,398605,0.39764557259734445,0.39956581195296115,0.40043876236970577,1.0,1.0,1.0,False,False
ENSG00000154143,PANX3,30,ok,-0.15887850467289724,0.399539,999999,399538,0.39857819394656135,0.4004991870650767,0.4017037546351702,1.0,1.0,1.0,False,False
ENSG00000064999,ANKS1A,32,ok,-0.15269626852802162,0.40163,999999,401629,0.4006683585075919,0.40259101457335084,0.404098910739739,1.0,1.0,1.0,False,False
ENSG00000070882,OSBPL3,32,ok,-0.15270394390406877,0.401906,999999,401905,0.4009442495939972,0.402867122440141,0.40407500343089614,1.0,1.0,1.0,False,False
ENSG00000083067,TRPM3,33,ok,-0.1502131577596121,0.402428,999999,402427,0.4014660444711019,0.4033893255832114,0.40406348678057824,1.0,1.0,1.0,False,False
ENSG00000111817,DSE,31,ok,0.15497076023391812,0.403011,999999,403010,0.40204881671623044,0.40397255112690056,0.40516676612797903,1.0,1.0,1.0,False,False
ENSG00000072310,SREBF1,30,ok,-0.1575609223062253,0.403462,999999,403461,0.40249964149667533,0.40442372463591963,0.40566914428068346,1.0,1.0,1.0,False,False
ENSG00000152193,OBI1,30,ok,0.15744965046843842,0.403667,999999,403666,0.40270456213048333,0.4046288032245956,0.4060050363182044,1.0,1.0,1.0,False,False
ENSG00000116874,WARS2,35,ok,0.14485850378257217,0.404828,999999,404827,0.40386511593540614,0.405790245016281,0.4063900416921082,1.0,1.0,1.0,False,False
ENSG00000152104,PTPN14,33,ok,0.14943585927307745,0.405171,999999,405170,0.4042079851827627,0.4061333744680098,0.40652804400198367,1.0,1.0,1.0,False,False
ENSG00000109458,GAB1,30,ok,-0.15678201944171705,0.405255,999999,405254,0.4042919532359859,0.40621740609619544,0.4080236825347164,1.0,1.0,1.0,False,False
ENSG00000124788,ATXN1,35,ok,0.14443821940565363,0.405673,999999,405672,0.40470979469714247,0.40663556304966864,0.4077676024496685,1.0,1.0,1.0,False,False
ENSG00000129151,BBOX1,32,ok,0.1512651290552543,0.405844,999999,405843,0.4048807300487966,0.4068066270494542,0.40857065485568556,1.0,1.0,1.0,False,False
ENSG00000071051,NCK2,31,ok,-0.15387718138129,0.406411,999999,406410,0.4054475165541404,0.4073738383936219,0.408529858055773,1.0,1.0,1.0,False,False
ENSG00000110169,HPX,33,ok,-0.149042882740895,0.406475,999999,406474,0.4055114925394954,0.40743786216553113,0.4077772813971404,1.0,1.0,1.0,False,False
ENSG00000067704,IARS2,31,ok,0.1536366395389136,0.4065,999999,406499,0.40553648316337493,0.4074628714468329,0.40927170461503704,1.0,1.0,1.0,False,False
ENSG00000039139,DNAH5,32,ok,0.15135680234690138,0.40702,999999,407019,0.40605628872587557,0.4079830639121046,0.40828337689551075,1.0,1.0,1.0,False,False
ENSG00000130935,NOL11,30,ok,0.15614913841841221,0.407367,999999,407366,0.4064031595978959,0.4083301917240022,0.40994246626440983,1.0,1.0,1.0,False,False
ENSG00000136261,BZW2,32,ok,-0.1508344056171659,0.407625,999999,407624,0.4066610639115935,0.4085882864317772,0.40992194736002996,1.0,1.0,1.0,False,False
ENSG00000147862,NFIB,30,ok,-0.15622566025278267,0.407634,999999,407633,0.40667006057866134,0.4085972897305747,0.4097101964673027,1.0,1.0,1.0,False,False
ENSG00000122481,RWDD3,34,ok,0.1456199374914112,0.409207,999999,409206,0.4082424831912339,0.4101708611520258,0.4112269278015378,1.0,1.0,1.0,False,False
ENSG00000152779,SLC16A12,32,ok,-0.15051792667422892,0.409512,999999,409511,0.4085473724186577,0.41047597076781833,0.4109164296299653,1.0,1.0,1.0,False,False
ENSG00000113407,TARS1,33,ok,-0.14791575296340137,0.409823,999999,409822,0.4088582598616625,0.4107870821452739,0.411372367526268,1.0,1.0,1.0,False,False
ENSG00000151500,THYN1,30,ok,0.1554813587815552,0.410506,999999,410505,0.40954101406867505,0.4114703253478271,0.4119725425338229,1.0,1.0,1.0,False,False
ENSG00000095587,TLL2,34,ok,-0.14523773802299672,0.410556,999999,410555,0.4095909961504909,0.4115203430763748,0.4124690316759612,1.0,1.0,1.0,False,False
ENSG00000005421,PON1,32,ok,-0.1492209007658007,0.412676,999999,412675,0.4117102458797123,0.4136410853065807,0.41500629327194266,1.0,1.0,1.0,False,False
ENSG00000145416,MARCHF1,30,ok,-0.154428130213972,0.412739,999999,412738,0.41177322386651294,0.41370410708083877,0.41518582450533986,1.0,1.0,1.0,False,False
ENSG00000136960,ENPP2,35,ok,0.1423868889200168,0.413043,999999,413042,0.4120771178731253,0.4140082119212405,0.4145292007688238,1.0,1.0,1.0,False,False
ENSG00000144191,CNGA3,31,ok,-0.15158850304028268,0.413115,999999,413114,0.4121490928249947,0.4140802366962955,0.4156189664208962,1.0,1.0,1.0,False,False
ENSG00000116984,MTR,31,ok,0.15167406520691648,0.413241,999999,413240,0.4122750490419636,0.41420628000144416,0.41535270883178443,1.0,1.0,1.0,False,False
ENSG00000127980,PEX1,35,ok,-0.14207613681784562,0.413521,999999,413520,0.4125549519795905,0.4144863760018571,0.41555898671447566,1.0,1.0,1.0,False,False
ENSG00000102468,HTR2A,30,ok,-0.15420561129435537,0.413718,999999,413717,0.41275188388204437,0.41468344335223867,0.4158664910926057,1.0,1.0,1.0,False,False
ENSG00000134760,DSG1,36,ok,-0.13915003681137403,0.415797,999999,415796,0.4148301749261967,0.41676314442304396,0.4182942942238192,1.0,1.0,1.0,False,False
ENSG00000134258,VTCN1,30,ok,-0.15368350767861114,0.416624,999999,416623,0.4156568978326876,0.41759041837998767,0.41746600448514154,1.0,1.0,1.0,False,False
ENSG00000108984,MAP2K6,35,ok,0.14119624735804423,0.416873,999999,416872,0.41590581495100226,0.41783950031729056,0.41848261270152914,1.0,1.0,1.0,False,False
ENSG00000144468,RHBDD1,33,ok,0.1457584667630017,0.416884,999999,416883,0.41591681129540903,0.4178505039311641,0.4183028658509665,1.0,1.0,1.0,False,False
ENSG00000140829,DHX38,34,ok,-0.14349056930795498,0.416952,999999,416951,0.41598478870817707,0.4179185262604926,0.4181740242060983,1.0,1.0,1.0,False,False
ENSG00000134245,WNT2B,30,ok,0.1532383707990207,0.417309,999999,417308,0.41634167043529885,0.41827564317937715,0.4188324251834224,1.0,1.0,1.0,False,False
ENSG00000117114,ADGRL2,34,ok,0.1431410015643607,0.417631,999999,417630,0.41666356420453116,0.4185977481888963,0.41932074705010275,1.0,1.0,1.0,False,False
ENSG00000034677,RNF19A,30,ok,0.15269894362798409,0.41829,999999,418289,0.41732234811467095,0.41925696177937,0.4204916139517879,1.0,1.0,1.0,False,False
ENSG00000134061,CD180,30,ok,-0.15257066925855955,0.418362,999999,418361,0.41739432461291304,0.41932898500805393,0.42088670093129243,1.0,1.0,1.0,False,False
ENSG00000135324,MRAP2,30,ok,-0.15264797507788164,0.418598,999999,418597,0.41763024772772406,0.41956506099816726,0.4206485731945378,1.0,1.0,1.0,False,False
ENSG00000130347,RTN4IP1,30,ok,0.15242545993742193,0.419179,999999,419178,0.4182110594153063,0.420146247107031,0.42133419625967733,1.0,1.0,1.0,False,False
ENSG00000081800,SLC13A1,33,ok,0.14474344176771292,0.419651,999999,419650,0.4186829074453603,0.4206183972868276,0.42158620168672817,1.0,1.0,1.0,False,False
ENSG00000123552,USP45,30,ok,-0.15193678025644045,0.420324,999999,420323,0.4193556923300664,0.4212916098496428,0.42284210964987323,1.0,1.0,1.0,False,False
ENSG00000125245,GPR18,32,ok,-0.14666789444504647,0.421556,999999,421555,0.4205873033180636,0.42252399418905956,0.42312292356517106,1.0,1.0,1.0,False,False
ENSG00000117475,BLZF1,32,ok,0.146419731063738,0.422251,999999,422250,0.42128208659267063,0.42321920827854004,0.4239165686468518,1.0,1.0,1.0,False,False
ENSG00000115825,PRKD3,30,ok,0.1511912864241354,0.42297,999999,422969,0.42200086445037077,0.42393842769390505,0.425148215972296,1.0,1.0,1.0,False,False
ENSG00000129083,COPB1,33,ok,-0.1431322798877139,0.423655,999999,423654,0.4226856547668694,0.42462363477942444,0.4268272688011201,1.0,1.0,1.0,False,False
ENSG00000138670,RASGEF1B,31,ok,0.14802864446610928,0.424454,999999,424453,0.42348441259472125,0.42542287392122813,0.4267810813509813,1.0,1.0,1.0,False,False
ENSG00000144810,COL8A1,33,ok,0.14309595453025742,0.424818,999999,424817,0.4238483031275633,0.4257869820078544,0.42694584878584857,1.0,1.0,1.0,False,False
ENSG00000075891,PAX2,30,ok,0.15021698101229103,0.425949,999999,425948,0.4249789664263118,0.4269183144196001,0.4281725661102356,1.0,1.0,1.0,False,False
ENSG00000075188,NUP37,32,ok,-0.14491424927180807,0.426532,999999,426531,0.42556179489100504,0.42750148374378416,0.4287488860413491,1.0,1.0,1.0,False,False
ENSG00000112234,FBXL4,32,ok,0.14475614228089478,0.426982,999999,426981,0.42601166342956037,0.42795161349853117,0.4292581376133242,1.0,1.0,1.0,False,False
ENSG00000156150,ALX3,31,ok,0.14720710119830974,0.427755,999999,427754,0.4267844395216336,0.4287248344747322,0.4293803626916371,1.0,1.0,1.0,False,False
ENSG00000109689,STIM2,31,ok,0.14722194286807555,0.427793,999999,427792,0.4268224285768749,0.42876284527537,0.4293333279806086,1.0,1.0,1.0,False,False
ENSG00000115207,GTF3C2,30,ok,-0.1494713420498416,0.428036,999999,428035,0.4270653587261453,0.4290059142044838,0.4304950814079567,1.0,1.0,1.0,False,False
ENSG00000132170,PPARG,35,ok,-0.137703999777445,0.428732,999999,428731,0.42776115998146474,0.429702110309476,0.43019959206003183,1.0,1.0,1.0,False,False
ENSG00000092208,GEMIN2,31,ok,-0.14685105639749294,0.428774,999999,428773,0.4278031480509139,0.4297441220807354,0.43050955348853615,1.0,1.0,1.0,False,False
ENSG00000115310,RTN4,30,ok,0.1493766733363686,0.429216,999999,429215,0.42824502292840433,0.4301862455268921,0.4307904489309943,1.0,1.0,1.0,False,False
ENSG00000144591,GMPPA,32,ok,-0.14403675786414788,0.429242,999999,429241,0.428271015592844,0.4302122527638436,0.43157943220983497,1.0,1.0,1.0,False,False
ENSG00000036054,TBC1D23,30,ok,0.1489480138361961,0.429871,999999,429870,0.428899838960939,0.43084142701017075,0.4321292616861521,1.0,1.0,1.0,False,False
ENSG00000102081,FMR1,30,ok,-0.14889828991097934,0.430262,999999,430261,0.42929072996810286,0.43123253452008087,0.43228470946563347,1.0,1.0,1.0,False,False
ENSG00000144481,TRPM8,33,ok,-0.1415677773409386,0.430492,999999,430491,0.429520666142997,0.4314625974728774,0.43195091713726547,1.0,1.0,1.0,False,False
ENSG00000100644,HIF1A,34,ok,0.13908855215495203,0.431039,999999,431038,0.4300675152079357,0.43200974633336064,0.4327423151729502,1.0,1.0,1.0,False,False
ENSG00000143105,KCNA10,33,ok,-0.1410781450811075,0.431204,999999,431203,0.4302324699160902,0.4321747909994195,0.4335613624097671,1.0,1.0,1.0,False,False
ENSG00000150627,WDR17,32,ok,0.14293572994888387,0.432101,999999,432100,0.4311292256141496,0.4330720318993582,0.4351455386230054,1.0,1.0,1.0,False,False
ENSG00000111785,RIC8B,33,ok,-0.14095811436271255,0.432385,999999,432384,0.4314131489415942,0.4333561074948032,0.43395665749177087,1.0,1.0,1.0,False,False
ENSG00000110906,KCTD10,30,ok,-0.1482635796972395,0.432834,999999,432833,0.4318620283864996,0.43380522634700197,0.43427163838453814,1.0,1.0,1.0,False,False
ENSG00000118526,TCF21,34,ok,-0.13833690164674145,0.433168,999999,433167,0.4321959392353297,0.43413931423143004,0.4352575095767225,1.0,1.0,1.0,False,False
ENSG00000120094,HOXB1,30,ok,-0.14767416346178597,0.433171,999999,433170,0.43219893843660667,0.4341423150187752,0.4361212338181835,1.0,1.0,1.0,False,False
ENSG00000102239,BRS3,32,ok,0.142817862215864,0.433357,999999,433356,0.43238488898656696,0.434328363763384,0.4355282527670589,1.0,1.0,1.0,False,False
ENSG00000004948,CALCR,37,ok,0.13204862349444685,0.433946,999999,433945,0.4329737333137313,0.4349175172023561,0.4359369704894516,1.0,1.0,1.0,False,False
ENSG00000115919,KYNU,30,ok,0.1474680031392704,0.434806,999999,434805,0.4338335085231061,0.4357777387313149,0.4367691791370564,1.0,1.0,1.0,False,False
ENSG00000114904,NEK4,33,ok,-0.139764273663924,0.435659,999999,435658,0.4346862885006769,0.43663095551862846,0.43789907472837486,1.0,1.0,1.0,False,False
ENSG00000136161,RCBTB2,35,ok,0.135341509118359,0.436737,999999,436736,0.43576401462498626,0.4377092253058644,0.43822793837470936,1.0,1.0,1.0,False,False
ENSG00000072422,RHOBTB1,34,ok,-0.1369402478768992,0.438708,999999,438707,0.4377345259389794,0.43968070651660757,0.4399522913160932,1.0,1.0,1.0,False,False
ENSG00000151577,DRD3,38,ok,0.12881857697047244,0.438976,999999,438975,0.43800246069517873,0.4399487707439857,0.4408349187298089,1.0,1.0,1.0,False,False
ENSG00000109063,MYH3,30,ok,-0.14565483566302892,0.440081,999999,440080,0.4391071947268874,0.4410540325214325,0.4424903403965207,1.0,1.0,1.0,False,False
ENSG00000103540,CCP110,32,ok,-0.14064362395226931,0.44037,999999,440369,0.43939612597303407,0.44134310017921946,0.4426209227900141,1.0,1.0,1.0,False,False
ENSG00000116783,TNNI3K,34,ok,0.1364157436157949,0.440881,999999,440880,0.43990700522339493,0.44185421899083155,0.4417225045099807,1.0,1.0,1.0,False,False
ENSG00000137478,FCHSD2,30,ok,-0.144988896505975,0.441528,999999,441527,0.44055385383661544,0.44250136792378947,0.4446017311203223,1.0,1.0,1.0,False,False
ENSG00000103266,STUB1,30,ok,-0.14514693146842364,0.44209,999999,442089,0.44111572369789703,0.44306349593105937,0.44410018295023534,1.0,1.0,1.0,False,False
ENSG00000146021,KLHL3,31,ok,-0.14218010129238018,0.443197,999999,443196,0.44222247105187507,0.4441707443786615,0.44547373545711544,1.0,1.0,1.0,False,False
ENSG00000097046,CDC7,31,ok,0.14219443613148422,0.443364,999999,443363,0.44238943336345316,0.4443377814337178,0.44542738638533264,1.0,1.0,1.0,False,False
ENSG00000119929,CUTC,31,ok,-0.14089763057037583,0.447305,999999,447304,0.4463295762860736,0.44827962356444784,0.44963088870394263,1.0,1.0,1.0,False,False
ENSG00000113593,PPWD1,31,ok,0.1407825736183945,0.447429,999999,447428,0.44645355032437406,0.4484036490558653,0.4500048634089843,1.0,1.0,1.0,False,False
ENSG00000113456,RAD1,30,ok,0.14327062317427833,0.447468,999999,447467,0.44649254217167006,0.44844265706065806,0.4500746060679516,1.0,1.0,1.0,False,False
ENSG00000114861,FOXP1,39,ok,-0.12456975160006215,0.448204,999999,448203,0.4472283894520777,0.44917880698889906,0.44990249402201543,1.0,1.0,1.0,False,False
ENSG00000129152,MYOD1,32,ok,-0.13810179339645684,0.44916,999999,449159,0.44818419430453343,0.450134998510723,0.45099159210433926,1.0,1.0,1.0,False,False
ENSG00000101654,RNMT,31,ok,0.14042166923057628,0.449365,999999,449364,0.4483891529319251,0.4503400391058497,0.45117900945339695,1.0,1.0,1.0,False,False
ENSG00000120057,SFRP5,30,ok,0.14265050310764749,0.450169,999999,450168,0.4491929922851477,0.45114419670338307,0.45205857397589033,1.0,1.0,1.0,False,False
ENSG00000070761,CFAP20,31,ok,0.14003229550246377,0.450352,999999,450351,0.44937595607941955,0.4513272322150671,0.45244761522909704,1.0,1.0,1.0,False,False
ENSG00000116729,WLS,30,ok,0.14222123655174257,0.451189,999999,451188,0.4502127921808634,0.4521643929392258,0.4534346707311668,1.0,1.0,1.0,False,False
ENSG00000101349,PAK5,34,ok,0.13309902355891604,0.451491,999999,451490,0.4505147337282389,0.4524664502464886,0.45300596594497555,1.0,1.0,1.0,False,False
ENSG00000134259,NGF,30,ok,-0.1419828720478614,0.451653,999999,451652,0.45067670252229314,0.4526284808380352,0.45419975780999255,1.0,1.0,1.0,False,False
ENSG00000116678,LEPR,32,ok,-0.13731781155869333,0.451931,999999,451930,0.4509546492144887,0.4529065330915005,0.453590419092029,1.0,1.0,1.0,False,False
ENSG00000102755,FLT1,33,ok,-0.1348821680214137,0.452155,999999,452154,0.45117860648492525,0.4531305749715244,0.45422336806575797,1.0,1.0,1.0,False,False
ENSG00000148848,ADAM12,31,ok,0.13915499275424445,0.45292,999999,452919,0.45194346205916247,0.45389571649595933,0.4553129090406397,1.0,1.0,1.0,False,False
ENSG00000137869,CYP19A1,30,ok,-0.14176032134048802,0.453002,999999,453001,0.4520254467162071,0.4539777315279228,0.4549147072865402,1.0,1.0,1.0,False,False
ENSG00000107593,PKD2L1,30,ok,-0.14134668980141385,0.454169,999999,454168,0.4531922312542601,0.4551449425639253,0.4562450986621045,1.0,1.0,1.0,False,False
ENSG00000075336,TIMM21,34,ok,0.13224278251567592,0.454214,999999,454213,0.45323722305423936,0.4551899505932798,0.4559438416797599,1.0,1.0,1.0,False,False
ENSG00000043462,LCP2,30,ok,0.14129951045838893,0.455021,999999,455020,0.45404407736507474,0.45599709322183174,0.45639697607509666,1.0,1.0,1.0,False,False
ENSG00000121542,SEC22A,32,ok,-0.13595526219288595,0.455976,999999,455975,0.454998908295612,0.4569522586693816,0.4581261563561302,1.0,1.0,1.0,False,False
ENSG00000143353,LYPLAL1,30,ok,0.14052069425901198,0.456957,999999,456956,0.4559797383893042,0.45793342485517147,0.45890798113465625,1.0,1.0,1.0,False,False
ENSG00000145050,MANF,31,ok,-0.13803909702676728,0.457754,999999,457753,0.4567766031599083,0.45873055706188504,0.458971389261847,1.0,1.0,1.0,False,False
ENSG00000078328,RBFOX1,30,ok,-0.1399955520986637,0.458813,999999,458812,0.4578354273699537,0.4597897288355046,0.4606052295670572,1.0,1.0,1.0,False,False
ENSG00000140632,GLYR1,30,ok,0.1393251342199662,0.459934,999999,459933,0.45895624612708313,0.46091090582690314,0.4627768187177165,1.0,1.0,1.0,False,False
ENSG00000107447,DNTT,38,ok,-0.12281757995517471,0.460849,999999,460848,0.4598711018770935,0.461826046606692,0.4625859031214347,1.0,1.0,1.0,False,False
ENSG00000149084,HSD17B12,32,ok,-0.1343967730106344,0.461091,999999,461090,0.46011306427965365,0.4620680832863304,0.46334360795918156,1.0,1.0,1.0,False,False
ENSG00000103995,CEP152,31,ok,-0.1367486917690019,0.461162,999999,461161,0.4601840532929559,0.46213909400375586,0.46322137773664995,1.0,1.0,1.0,False,False
ENSG00000139344,AMDHD1,31,ok,-0.13673058631461898,0.461335,999999,461334,0.46035702660603883,0.4623121200345588,0.4632811559823131,1.0,1.0,1.0,False,False
ENSG00000117155,SSX2IP,30,ok,0.13889816446627123,0.461694,999999,461693,0.4607159716045312,0.4626711736745348,0.46416264869843427,1.0,1.0,1.0,False,False
ENSG00000089169,RPH3A,31,ok,0.13666162449739389,0.461835,999999,461834,0.4608569501416755,0.4628121946026386,0.4635088824727195,1.0,1.0,1.0,False,False
ENSG00000141378,PTRH2,31,ok,-0.1365883190647991,0.462107,999999,462106,0.46112890896026093,0.46308423475247523,0.46375101725297624,1.0,1.0,1.0,False,False
ENSG00000039537,C6,33,ok,0.13155035933770912,0.463548,999999,463547,0.46256969566876843,0.4645254425788821,0.46554835404802525,1.0,1.0,1.0,False,False
ENSG00000110693,SOX6,35,ok,0.1274777642487922,0.464242,999999,464241,0.46326359587314714,0.4652195397424649,0.4655340695186194,1.0,1.0,1.0,False,False
ENSG00000134602,STK26,33,ok,0.131227021710793,0.46515,999999,465149,0.4641714681777354,0.46612766399423083,0.4666552744533758,1.0,1.0,1.0,False,False
ENSG00000151806,GUF1,34,ok,-0.12763680831549984,0.46889,999999,468889,0.46791097651531877,0.4698681414724819,0.47192128322384463,1.0,1.0,1.0,False,False
ENSG00000115271,GCA,36,ok,-0.12409886817556977,0.468937,999999,468936,0.4679579706877281,0.46991514712182253,0.470841849490246,1.0,1.0,1.0,False,False
ENSG00000146414,SHPRH,34,ok,0.1277034806203971,0.469477,999999,469476,0.4684979043572763,0.47045521140429497,0.471687931814298,1.0,1.0,1.0,False,False
ENSG00000147677,EIF3H,30,ok,0.1362370916584489,0.469963,999999,469962,0.468983845642674,0.4709412682757163,0.4728487876415457,1.0,1.0,1.0,False,False
ENSG00000110921,MVK,31,ok,0.13411313973598665,0.470177,999999,470176,0.469197820084128,0.4711552930226558,0.47196580285749745,1.0,1.0,1.0,False,False
ENSG00000154227,CERS3,31,ok,-0.13370979194730703,0.470467,999999,470466,0.4694877857367168,0.4714453262702268,0.4733116164343245,1.0,1.0,1.0,False,False
ENSG00000139517,LNX2,32,ok,0.1312677655283166,0.471468,999999,471467,0.47048866972487324,0.47244643848572593,0.4739129567003957,1.0,1.0,1.0,False,False
ENSG00000130234,ACE2,32,ok,0.13126776552831654,0.47177,999999,471769,0.4707906354994001,0.47274847156584865,0.4739129567003957,1.0,1.0,1.0,False,False
ENSG00000064692,SNCAIP,31,ok,-0.13349465889490555,0.47227,999999,472269,0.47129057962441095,0.47324852554456265,0.4740302479377325,1.0,1.0,1.0,False,False
ENSG00000139793,MBNL2,34,ok,-0.12683374231217026,0.472668,999999,472667,0.4716885358516713,0.4736465678078675,0.47473674775401015,1.0,1.0,1.0,False,False
ENSG00000107816,LZTS2,31,ok,-0.13290309636994768,0.472827,999999,472826,0.47184751853893764,0.47380558451758575,0.4760092308819296,1.0,1.0,1.0,False,False
ENSG00000143036,SLC44A3,32,ok,-0.13074173044295442,0.473249,999999,473248,0.47226947307208933,0.4742276283839785,0.47570208924103613,1.0,1.0,1.0,False,False
ENSG00000118407,FILIP1,36,ok,-0.12274716888527575,0.473289,999999,473288,0.4723094687988132,0.47426763250555265,0.4757250013686533,1.0,1.0,1.0,False,False
ENSG00000095906,NUBP2,30,ok,-0.13557438464288743,0.47332,999999,473319,0.47234046549135655,0.4742986356954403,0.47502503427946585,1.0,1.0,1.0,False,False
ENSG00000029363,BCLAF1,31,ok,-0.1326067380442716,0.474087,999999,474086,0.47310738486315407,0.4750657134147583,0.4770022630600334,1.0,1.0,1.0,False,False
ENSG00000124664,SPDEF,31,ok,-0.13290309636994768,0.474201,999999,474200,0.4732213730769576,0.4751797247686043,0.4760092308819296,1.0,1.0,1.0,False,False
ENSG00000118922,KLF12,31,ok,0.13270142247560793,0.474688,999999,474687,0.4737083233030861,0.4756667726955052,0.47668487943973553,1.0,1.0,1.0,False,False
ENSG00000049883,PTCD2,35,ok,-0.12387024482164376,0.476028,999999,476027,0.47504819116472646,0.47700689975185295,0.47835576833366633,1.0,1.0,1.0,False,False
ENSG00000115415,STAT1,32,ok,0.12997617084940272,0.476329,999999,476328,0.47534916245445386,0.4773079273205695,0.4783121510993495,1.0,1.0,1.0,False,False
ENSG00000154479,CFAP210,33,ok,-0.12770580905446222,0.476458,999999,476457,0.4754781502591388,0.47743693902664613,0.47879925830697617,1.0,1.0,1.0,False,False
ENSG00000130762,ARHGEF16,30,ok,-0.13440142744847133,0.477012,999999,477011,0.47603209862951895,0.4779909885551962,0.4788895799372506,1.0,1.0,1.0,False,False
ENSG00000073910,FRY,33,ok,0.1273608575369483,0.477766,999999,477765,0.4767860303001372,0.47874505402499984,0.47999768519939817,1.0,1.0,1.0,False,False
ENSG00000108018,SORCS1,31,ok,0.131807180314643,0.477965,999999,477964,0.47698501263908055,0.47894407093134034,0.47968675623096113,1.0,1.0,1.0,False,False
ENSG00000107779,BMPR1A,30,ok,-0.13395638960923797,0.477979,999999,477978,0.47699901140245593,0.4789580721148693,0.48036008193188157,1.0,1.0,1.0,False,False
ENSG00000106034,CPED1,32,ok,0.12906774711164087,0.479424,999999,479423,0.478443887908771,0.4804031901283303,0.4814188949836902,1.0,1.0,1.0,False,False
ENSG00000135960,EDAR,33,ok,-0.12679705961187168,0.479962,999999,479961,0.47898184402628613,0.4809412319704277,0.4819597684438199,1.0,1.0,1.0,False,False
ENSG00000132970,WASF3,33,ok,0.1267970596118717,0.48014,999999,480139,0.47915982975794963,0.4811192455636918,0.4819597684438199,1.0,1.0,1.0,False,False
ENSG00000066926,FECH,30,ok,0.1334446307652718,0.480346,999999,480345,0.47936581340056406,0.48132526113981394,0.4820539156199447,1.0,1.0,1.0,False,False
ENSG00000144827,ABHD10,36,ok,-0.12085506431593387,0.480758,999999,480757,0.4797777811859821,0.4817372917918691,0.4826047187144866,1.0,1.0,1.0,False,False
ENSG00000144369,FAM171B,30,ok,-0.133303668270641,0.481186,999999,481185,0.4802057484265623,0.4821653229280816,0.48252101586137747,1.0,1.0,1.0,False,False
ENSG00000105989,WNT2,31,ok,-0.13059701758175327,0.481195,999999,481194,0.4802147477454211,0.4821743235750899,0.4837646441078127,1.0,1.0,1.0,False,False
ENSG00000136011,STAB2,30,ok,0.13265079011796127,0.482209,999999,482208,0.48122867304080524,0.4831883944340704,0.48468745351894543,1.0,1.0,1.0,False,False
ENSG00000155957,TMBIM4,33,ok,-0.12618112279288785,0.482747,999999,482746,0.4817666350443214,0.4837264303901682,0.48410803111621126,1.0,1.0,1.0,False,False
ENSG00000156017,CARNMT1,33,ok,-0.12608695828468022,0.483246,999999,483245,0.4822656008182556,0.48422546272375727,0.48443689225404224,1.0,1.0,1.0,False,False
ENSG00000112146,FBXO9,30,ok,-0.13194522504311149,0.48407,999999,484069,0.48308954644088103,0.4850495139760803,0.48703431037527356,1.0,1.0,1.0,False,False
ENSG00000125484,GTF3C4,30,ok,-0.13219094329081607,0.484386,999999,484385,0.48340552629457917,0.48536553292394025,0.48621634233765565,1.0,1.0,1.0,False,False
ENSG00000103429,BFAR,32,ok,0.12776300584533457,0.484502,999999,484501,0.48352151899746404,0.485481539781121,0.4858991828145447,1.0,1.0,1.0,False,False
ENSG00000134343,ANO3,32,ok,0.12748785220747672,0.484901,999999,484900,0.4839204943012217,0.48588056296414095,0.486846744513097,1.0,1.0,1.0,False,False
ENSG00000148942,SLC5A12,33,ok,-0.12553280445013235,0.48509,999999,485089,0.4841094828211175,0.48606957372745563,0.4863745548500963,1.0,1.0,1.0,False,False
ENSG00000105855,ITGB8,37,ok,-0.11792956243329775,0.485417,999999,485416,0.4844364632898625,0.486396592018551,0.4869623362437471,1.0,1.0,1.0,False,False
ENSG00000119508,NR4A3,30,ok,-0.13150868149345454,0.486781,999999,486780,0.48580038634625267,0.48776066378914107,0.48848924513383574,1.0,1.0,1.0,False,False
ENSG00000131389,SLC6A6,31,ok,0.12886961848315107,0.487783,999999,487782,0.48680233447468296,0.4887627118605899,0.48961617758193876,1.0,1.0,1.0,False,False
ENSG00000113578,FGF1,33,ok,-0.12468661206752464,0.487809,999999,487808,0.4868283331811496,0.48878871305551735,0.4893410308673683,1.0,1.0,1.0,False,False
ENSG00000153147,SMARCA5,31,ok,-0.12857000324840342,0.487969,999999,487968,0.4869883252793239,0.4889487203505374,0.4906347773535656,1.0,1.0,1.0,False,False
ENSG00000138639,ARHGAP24,32,ok,-0.12575618909746838,0.490692,999999,490691,0.4897112061982304,0.49167182910455925,0.4928318440809459,1.0,1.0,1.0,False,False
ENSG00000143324,XPR1,32,ok,0.12547005886318569,0.49089,999999,490889,0.4899091986736423,0.49186983587822547,0.49382437687141795,1.0,1.0,1.0,False,False
ENSG00000128805,ARHGAP22,33,ok,-0.12378803248858403,0.490918,999999,490917,0.4899371976219682,0.49189783682370875,0.4925012681911919,1.0,1.0,1.0,False,False
ENSG00000112214,FHL5,31,ok,0.1278483591229156,0.491667,999999,491666,0.49068617063086417,0.492646860974205,0.49309256717564015,1.0,1.0,1.0,False,False
ENSG00000126353,CCR7,30,ok,0.12972853013652116,0.492584,999999,492583,0.49160314058119453,0.49356388754612157,0.4944450768808254,1.0,1.0,1.0,False,False
ENSG00000148225,WDR31,30,ok,-0.12950601121690453,0.492794,999999,492793,0.4918131341636187,0.4937738931672655,0.49519212719203454,1.0,1.0,1.0,False,False
ENSG00000110435,PDHX,31,ok,-0.1265133274928599,0.494679,999999,494678,0.4936980843003436,0.49565893588161614,0.49765585798849776,1.0,1.0,1.0,False,False
ENSG00000114737,CISH,32,ok,-0.12430104054217685,0.495678,999999,495677,0.4946970635220954,0.4966579528711244,0.4978900067917038,1.0,1.0,1.0,False,False
ENSG00000067798,NAV3,32,ok,0.12412907957462412,0.496641,999999,496640,0.4956600471962017,0.4976209655448095,0.498489477974357,1.0,1.0,1.0,False,False
ENSG00000066827,ZFAT,32,ok,-0.1237396904384711,0.497959,999999,497958,0.49697803074466873,0.4989389769977853,0.49984826791142845,1.0,1.0,1.0,False,False
ENSG00000115137,DNAJC27,30,ok,0.1277258598599711,0.498176,999999,498175,0.49719502868890986,0.4991559782305647,0.5011889827133111,1.0,1.0,1.0,False,False
ENSG00000088930,XRN2,31,ok,0.12578244641910827,0.498526,999999,498525,0.4975450257621318,0.4995059798299565,0.5001630806007468,1.0,1.0,1.0,False,False
ENSG00000138231,DBR1,30,ok,-0.1277400761057561,0.499094,999999,499093,0.49811302203437385,0.5000739814035562,0.5011409483819644,1.0,1.0,1.0,False,False
ENSG00000135521,LTV1,38,ok,-0.11264367883585108,0.499701,999999,499700,0.4987200194485632,0.5006809816873001,0.500734605495332,1.0,1.0,1.0,False,False
ENSG00000122786,CALD1,30,ok,0.12715733923985942,0.500708,999999,500707,0.4997270183442868,0.5016879789724968,0.50311180729909,1.0,1.0,1.0,False,False
ENSG00000071189,SNX13,31,ok,-0.12472251268256021,0.500914,999999,500913,0.49993301860813977,0.5018939779273823,0.503810331970308,1.0,1.0,1.0,False,False
ENSG00000147894,C9orf72,30,ok,-0.12721202082127236,0.50095,999999,500949,0.49996901867132526,0.5019299777276656,0.5029267057597253,1.0,1.0,1.0,False,False
ENSG00000122477,LRRC39,33,ok,0.12068533264047346,0.50129,999999,501289,0.5003090195186408,0.5022699755908893,0.5034926741410504,1.0,1.0,1.0,False,False
ENSG00000100505,TRIM9,34,ok,-0.11860909472925134,0.502539,999999,502538,0.5015580265212054,0.5035189638514521,0.5040700979358801,1.0,1.0,1.0,False,False
ENSG00000115318,LOXL3,30,ok,0.12597373692410416,0.504095,999999,504094,0.5031140437997712,0.5050749406717064,0.5071267178764035,1.0,1.0,1.0,False,False
ENSG00000106066,CPVL,34,ok,0.11815055441457642,0.504255,999999,504254,0.5032740461146581,0.5052349377500143,0.5057318368602555,1.0,1.0,1.0,False,False
ENSG00000124608,AARS2,30,ok,-0.1260158146640487,0.505071,999999,505070,0.5040900594817161,0.5060509212882498,0.5069837133022622,1.0,1.0,1.0,False,False
ENSG00000119487,MAPKAP1,31,ok,0.1235501771286402,0.505226,999999,505225,0.5042450623158279,0.5062059178662954,0.5078597870097855,1.0,1.0,1.0,False,False
ENSG00000029559,IBSP,31,ok,-0.12334846757263385,0.506781,999999,506780,0.5058000959610296,0.5077608783237053,0.5085581549859226,1.0,1.0,1.0,False,False
ENSG00000064199,SPA17,33,ok,-0.11882677404234716,0.508078,999999,508077,0.5070971312758981,0.5090578380899214,0.5101351202533633,1.0,1.0,1.0,False,False
ENSG00000149573,MPZL2,34,ok,0.1169277802421099,0.508164,999999,508163,0.5071831338507127,0.5091438351889487,0.5101765251681067,1.0,1.0,1.0,False,False
ENSG00000087502,ERGIC2,31,ok,-0.12236457737792018,0.510067,999999,510066,0.5090861982480037,0.5110467635744659,0.5119714468740776,1.0,1.0,1.0,False,False
ENSG00000066084,DIP2B,31,ok,-0.1221628171251637,0.510597,999999,510596,0.5096162187118984,0.5115767411005279,0.5126727853334073,1.0,1.0,1.0,False,False
ENSG00000138698,RAP1GDS1,31,ok,0.12196106681772917,0.511252,999999,511251,0.5102712455244927,0.5122317118038233,0.5133745631481033,1.0,1.0,1.0,False,False
ENSG00000080298,RFX3,33,ok,0.11784371452742685,0.511571,999999,511570,0.5105902591922664,0.512550696926231,0.5136660841051555,1.0,1.0,1.0,False,False
ENSG00000143167,GPA33,30,ok,-0.12420701245541561,0.511638,999999,511637,0.5106572621136561,0.5126176937507414,0.5131490960048544,1.0,1.0,1.0,False,False
ENSG00000113282,CLINT1,30,ok,-0.12381598515806862,0.512603,999999,512602,0.5116223061439475,0.5135826460606533,0.5144867641199837,1.0,1.0,1.0,False,False
ENSG00000138650,PCDH10,30,ok,-0.12366429207479963,0.512683,999999,512682,0.5117023099581293,0.5136626419430688,0.5150061529441581,1.0,1.0,1.0,False,False
ENSG00000139508,SLC46A3,33,ok,-0.11770606921919412,0.513227,999999,513226,0.5122463365605445,0.5142066132775142,0.5141614431753597,1.0,1.0,1.0,False,False
ENSG00000148948,LRRC4C,33,ok,0.11726847208291538,0.513429,999999,513428,0.5124483467343031,0.5144086023376633,0.5157378387730379,1.0,1.0,1.0,False,False
ENSG00000119865,CNRIP1,32,ok,-0.11924839596700276,0.513753,999999,513752,0.5127723633869976,0.5147325844561869,0.5156545955655084,1.0,1.0,1.0,False,False
ENSG00000155897,ADCY8,31,ok,-0.12066182650793136,0.515143,999999,515142,0.5141624395042348,0.5161225030673237,0.5179052221410629,1.0,1.0,1.0,False,False
ENSG00000135315,CEP162,30,ok,0.1230529625480209,0.51561,999999,515609,0.5146294667794022,0.516589474021041,0.5171019179130251,1.0,1.0,1.0,False,False
ENSG00000121775,TMEM39B,31,ok,-0.12042360121762972,0.516185,999999,516184,0.5152045015383567,0.5171644370813773,0.518738071564264,1.0,1.0,1.0,False,False
ENSG00000138172,CALHM2,31,ok,0.12037503841797582,0.516537,999999,516536,0.5155565234574233,0.5175164138273374,0.5189079303066685,1.0,1.0,1.0,False,False
ENSG00000106541,AGR2,34,ok,0.11415909217191948,0.517974,999999,517973,0.5169936179868323,0.5189533138480499,0.5203118810707157,1.0,1.0,1.0,False,False
ENSG00000078114,NEBL,33,ok,0.11578331544545406,0.518937,999999,518936,0.5179566858738658,0.5199162423088004,0.5211056683802302,1.0,1.0,1.0,False,False
ENSG00000144619,CNTN4,35,ok,0.11200616529080511,0.519707,999999,519706,0.5187267427762906,0.5206861824861193,0.5217872565772931,1.0,1.0,1.0,False,False
ENSG00000112175,BMP5,33,ok,-0.11550355565737866,0.519917,999999,519916,0.5189367586994182,0.5208961657665581,0.5221198605867392,1.0,1.0,1.0,False,False
ENSG00000152760,DYNLT5,32,ok,0.1178951228456179,0.519942,999999,519941,0.5189617606065708,0.5209211637645919,0.52046496534345,1.0,1.0,1.0,False,False
ENSG00000111241,FGF6,31,ok,0.11889874949576439,0.521148,999999,521147,0.5201678555245786,0.5221270642727787,0.5240845174055139,1.0,1.0,1.0,False,False
ENSG00000128573,FOXP2,40,ok,0.1037346349692194,0.521931,999999,521930,0.520950920210974,0.5229099966168221,0.5241291362016555,1.0,1.0,1.0,False,False
ENSG00000106341,PPP1R17,30,ok,0.12065895223295342,0.522826,999999,522825,0.5218459971021236,0.5238049163313457,0.5253490641236304,1.0,1.0,1.0,False,False
ENSG00000044446,PHKA2,30,ok,0.12085466580218503,0.523009,999999,523008,0.522029013211838,0.523987899527596,0.5246724697317486,1.0,1.0,1.0,False,False
ENSG00000114395,CYB561D2,32,ok,0.11625561614829041,0.52402,999999,524019,0.5230401045850641,0.5249988043201068,0.5263220306739044,1.0,1.0,1.0,False,False
ENSG00000145246,ATP10D,33,ok,-0.11450063042735803,0.524207,999999,524206,0.5232271219265202,0.5251857862694447,0.5257635997932688,1.0,1.0,1.0,False,False
ENSG00000075856,SART3,31,ok,0.11823514333047012,0.524567,999999,524566,0.5235871556984653,0.5255457511321832,0.5264195819930605,1.0,1.0,1.0,False,False
ENSG00000139304,PTPRQ,36,ok,0.10897270945085047,0.525019,999999,525018,0.5240391988229913,0.5259977062934261,0.5269624365377127,1.0,1.0,1.0,False,False
ENSG00000073282,TP63,34,ok,-0.1123423770953605,0.525404,999999,525403,0.5244242361891289,0.5263826674671579,0.527015599402223,1.0,1.0,1.0,False,False
ENSG00000153936,HS2ST1,35,ok,0.11058164957857877,0.526033,999999,526032,0.525053298491627,0.5270116027791475,0.5271288870865226,1.0,1.0,1.0,False,False
ENSG00000138395,CDK15,30,ok,-0.118891245637106,0.529489,999999,529488,0.52850966860037,0.5304672195633513,0.5314791902523687,1.0,1.0,1.0,False,False
ENSG00000094975,SUCO,31,ok,-0.11646476291758467,0.530631,999999,530630,0.5296518012418334,0.531609082590792,0.5326736309836742,1.0,1.0,1.0,False,False
ENSG00000072657,TRHDE,30,ok,0.11861577908081648,0.53099,999999,530989,0.5300108440011224,0.5319680384699759,0.5324375414016741,1.0,1.0,1.0,False,False
ENSG00000139514,SLC7A1,30,ok,0.11836689360151137,0.531257,999999,531256,0.5302778761320844,0.5322350053264018,0.5333041271328951,1.0,1.0,1.0,False,False
ENSG00000054965,FAM168A,33,ok,-0.1124111997239867,0.531371,999999,531370,0.5303918899365511,0.532348991089584,0.5333942118751898,1.0,1.0,1.0,False,False
ENSG00000023516,AKAP11,33,ok,0.11203076704984276,0.532785,999999,532784,0.5318060654208887,0.5337628102425718,0.5347892572155719,1.0,1.0,1.0,False,False
ENSG00000145103,ILDR1,30,ok,-0.11748998955760408,0.53478,999999,534779,0.5338013264272976,0.535757541670008,0.5363627491871201,1.0,1.0,1.0,False,False
ENSG00000101134,DOK5,31,ok,-0.11506656143689611,0.535529,999999,535528,0.5345504284761236,0.5365064367805537,0.5376379532613691,1.0,1.0,1.0,False,False
ENSG00000109101,FOXN1,31,ok,-0.11478716965906802,0.536099,999999,536098,0.5351205076215322,0.5370763554733846,0.5386325665394036,1.0,1.0,1.0,False,False
ENSG00000146263,MMS22L,32,ok,-0.11292392490384918,0.536574,999999,536573,0.5355955745565593,0.5375512867368899,0.5383219269208045,1.0,1.0,1.0,False,False
ENSG00000135829,DHX9,30,ok,-0.1168354296762264,0.537463,999999,537462,0.5364847022267409,0.5384401556951186,0.538651264467458,1.0,1.0,1.0,False,False
ENSG00000122121,XPNPEP2,30,ok,0.11684843378664302,0.537487,999999,537486,0.5365087057167104,0.5384641521141276,0.5386057536228533,1.0,1.0,1.0,False,False
ENSG00000111348,ARHGDIB,33,ok,-0.1104796924619756,0.538384,999999,538383,0.5374058377874793,0.5393610166414271,0.540495085260541,1.0,1.0,1.0,False,False
ENSG00000144834,TAGLN3,35,ok,-0.10676007031449437,0.538999,999999,538998,0.5380209301763541,0.5399759219201232,0.5415891542118193,1.0,1.0,1.0,False,False
ENSG00000145348,TBCK,32,ok,0.11205868914607522,0.539036,999999,539035,0.5380579357824219,0.5400129161737306,0.5414594420173042,1.0,1.0,1.0,False,False
ENSG00000115966,ATF2,34,ok,0.10846965422588581,0.539551,999999,539550,0.5385730143751775,0.540527835627802,0.5414446698122326,1.0,1.0,1.0,False,False
ENSG00000120729,MYOT,30,ok,-0.11597106934694938,0.53965,999999,539649,0.5386720296035568,0.5406268200239585,0.5416803705552878,1.0,1.0,1.0,False,False
ENSG00000111859,NEDD9,36,ok,0.1049243645559724,0.540525,999999,540524,0.5395471658842883,0.5415016804247283,0.5425156647828114,1.0,1.0,1.0,False,False
ENSG00000066933,MYO9A,31,ok,0.11355385235982254,0.540646,999999,540645,0.539668184968491,0.5416226608816244,0.5430334960599196,1.0,1.0,1.0,False,False
ENSG00000079931,MOXD1,30,ok,0.11550017334300944,0.54178,999999,541779,0.5408023666414576,0.5427564749078809,0.5433339755814109,1.0,1.0,1.0,False,False
ENSG00000115020,PIKFYVE,30,ok,0.11530328396398795,0.542336,999999,542335,0.5413584575766198,0.5433123818640477,0.5440260785980217,1.0,1.0,1.0,False,False
ENSG00000138246,DNAJC13,33,ok,-0.10948600427725474,0.542988,999999,542987,0.5420105657732925,0.543964271194616,0.5441656361936286,1.0,1.0,1.0,False,False
ENSG00000132670,PTPRA,30,ok,0.11451146227464942,0.54442,999999,544419,0.5434428093230633,0.5453960222138746,0.5468136570455442,1.0,1.0,1.0,False,False
ENSG00000143156,NME7,34,ok,-0.10676050843001073,0.545838,999999,545837,0.5448610585072627,0.5468137676517965,0.5478717977966311,1.0,1.0,1.0,False,False
ENSG00000064933,PMS1,33,ok,0.10824139235159777,0.54675,999999,546749,0.5457732229899348,0.5477255997102888,0.5487796183843571,1.0,1.0,1.0,False,False
ENSG00000059691,GATB,34,ok,0.10671967255658416,0.546825,999999,546824,0.545848236663457,0.5478005857523227,0.5480257964057852,1.0,1.0,1.0,False,False
ENSG00000021826,CPS1,34,ok,-0.10576188416354326,0.549241,999999,549240,0.5482646890909996,0.5502161241618904,0.5516435992195349,1.0,1.0,1.0,False,False
ENSG00000132623,ANKEF1,30,ok,-0.11326213008488722,0.549992,999999,549991,0.5490158344542688,0.5509669759503858,0.5512254296742632,1.0,1.0,1.0,False,False
ENSG00000137507,LRRC32,33,ok,-0.10763831004435002,0.549996,999999,549995,0.5490198352345153,0.550970975154969,0.5510219263893684,1.0,1.0,1.0,False,False
ENSG00000117601,SERPINC1,35,ok,0.1037650171874601,0.550361,999999,550360,0.5493849067000162,0.551335902305172,0.5530523344339937,1.0,1.0,1.0,False,False
ENSG00000122122,SASH3,32,ok,0.10927759442610928,0.550481,999999,550480,0.5495049303113455,0.5514558782387317,0.5516025170790624,1.0,1.0,1.0,False,False
ENSG00000114648,KLHL18,30,ok,0.11295348319608281,0.550746,999999,550745,0.5497699826560991,0.5517208248889409,0.5523178981991651,1.0,1.0,1.0,False,False
ENSG00000091704,CPA1,33,ok,0.10715479922374388,0.55075,999999,550749,0.5497739834483504,0.5517248240815191,0.5528227463340163,1.0,1.0,1.0,False,False
ENSG00000138604,GLCE,32,ok,-0.10873751213558476,0.551126,999999,551125,0.5501500582044183,0.5521007478994362,0.5535824999893416,1.0,1.0,1.0,False,False
ENSG00000138071,ACTR2,31,ok,0.11055073858199965,0.551283,999999,551282,0.5503070895856632,0.5522577159227537,0.5538200997519954,1.0,1.0,1.0,False,False
ENSG00000070367,EXOC5,32,ok,0.10920594168347698,0.55142,999999,551419,0.5504441170495029,0.5523946879393288,0.5518650113805659,1.0,1.0,1.0,False,False
ENSG00000113532,ST8SIA4,33,ok,0.10716375528537712,0.551782,999999,551781,0.5508061899779408,0.5527566136379712,0.5527893648550181,1.0,1.0,1.0,False,False
ENSG00000101639,CEP192,30,ok,0.1125945733260372,0.551839,999999,551838,0.550863201508718,0.5528136018910161,0.553589536453841,1.0,1.0,1.0,False,False
ENSG00000156049,GNA14,31,ok,-0.11029337690893262,0.552173,999999,552172,0.551197269335184,0.553147532797823,0.554749093713563,1.0,1.0,1.0,False,False
ENSG00000047365,ARAP2,30,ok,0.11238456173067392,0.552187,999999,552186,0.5512112721879158,0.5531615298919947,0.5543342476962035,1.0,1.0,1.0,False,False
ENSG00000092067,CEBPE,31,ok,0.11022589978135622,0.552874,999999,552873,0.5518984131352118,0.5538483863391841,0.5549927840819979,1.0,1.0,1.0,False,False
ENSG00000151611,MMAA,36,ok,0.10184112269859665,0.553053,999999,553052,0.5520774501684277,0.5540273486270932,0.5545057690593387,1.0,1.0,1.0,False,False
ENSG00000074706,IPCEF1,30,ok,0.11095036723792562,0.557071,999999,557070,0.5560963150966423,0.5580444684601945,0.5594323162136386,1.0,1.0,1.0,False,False
ENSG00000153006,SREK1IP1,32,ok,-0.10729023428879542,0.557881,999999,557880,0.556906497271338,0.5588542832134838,0.5589045576863817,1.0,1.0,1.0,False,False
ENSG00000132912,DCTN4,32,ok,-0.1070445861814734,0.558063,999999,558062,0.5570885385654585,0.5590362412291081,0.5598102115216438,1.0,1.0,1.0,False,False
ENSG00000136982,DSCC1,30,ok,0.11059190304948717,0.558717,999999,558716,0.5577426880457899,0.5596900892684074,0.5607098835114486,1.0,1.0,1.0,False,False
ENSG00000140396,NCOA2,32,ok,-0.10689402453237971,0.558731,999999,558730,0.5577566912643872,0.5597040859967135,0.5603656348336755,1.0,1.0,1.0,False,False
ENSG00000106809,OGN,30,ok,-0.11108637577916296,0.558774,999999,558773,0.557799701154984,0.5597470759430343,0.5589479310967885,1.0,1.0,1.0,False,False
ENSG00000085274,MYNN,30,ok,0.11051752989984566,0.558787,999999,558786,0.5578127041466214,0.5597600729020928,0.5609751167872808,1.0,1.0,1.0,False,False
ENSG00000082196,C1QTNF3,33,ok,0.1049816173686344,0.558866,999999,558865,0.5578917223411173,0.5598390544079803,0.5609503910862182,1.0,1.0,1.0,False,False
ENSG00000037749,MFAP3,33,ok,0.10463853233215488,0.560051,999999,560050,0.5590769982571745,0.5610237739976727,0.56223852686731,1.0,1.0,1.0,False,False
ENSG00000145863,GABRA6,36,ok,0.09948486882240563,0.561845,999999,561844,0.5608714266802206,0.5628173387706646,0.5637513825726204,1.0,1.0,1.0,False,False
ENSG00000111728,ST8SIA1,33,ok,-0.10396122491861134,0.563166,999999,563165,0.5621927503994986,0.5641380100413284,0.564785502746563,1.0,1.0,1.0,False,False
ENSG00000139116,KIF21A,33,ok,-0.10382879117204481,0.563269,999999,563268,0.5622957759346919,0.5642409841154943,0.5652841282149171,1.0,1.0,1.0,False,False
ENSG00000143797,MBOAT2,31,ok,0.10708883789444953,0.563302,999999,563301,0.5623287841248822,0.5642739758001474,0.5663764702398675,1.0,1.0,1.0,False,False
ENSG00000134759,ELP2,33,ok,0.10382879262328805,0.563597,999999,563596,0.5626238575345308,0.5645689012716733,0.5652841227497485,1.0,1.0,1.0,False,False
ENSG00000136574,GATA4,30,ok,-0.10860131905855218,0.565672,999999,565671,0.5646993837724518,0.5666433671640405,0.5678285144637054,1.0,1.0,1.0,False,False
ENSG00000139055,ERP27,30,ok,-0.10836671385332043,0.566679,999999,566678,0.5657066453983473,0.5676501017189595,0.5686701833912055,1.0,1.0,1.0,False,False
ENSG00000140470,ADAMTS17,31,ok,-0.10668549010576985,0.566822,999999,566821,0.5658496828818151,0.5677930636931441,0.5678477871229994,1.0,1.0,1.0,False,False
ENSG00000073803,MAP3K13,30,ok,0.10837877537195689,0.567324,999999,567323,0.566351815119206,0.568294929551848,0.5686268977837772,1.0,1.0,1.0,False,False
ENSG00000137942,FNBP1L,30,ok,-0.10783440908079239,0.568049,999999,568048,0.5670770078916587,0.5690197340297297,0.5705819654659627,1.0,1.0,1.0,False,False
ENSG00000115306,SPTBN1,34,ok,-0.10102399982882854,0.568554,999999,568553,0.5675821434196234,0.5695245965864797,0.5697021902608156,1.0,1.0,1.0,False,False
ENSG00000051009,FHIP1B,31,ok,0.10588947156111336,0.568979,999999,568978,0.5680072582748381,0.5699494801193906,0.570756545699151,1.0,1.0,1.0,False,False
ENSG00000140382,HMG20A,31,ok,0.10600100911200076,0.569121,999999,569120,0.5681492968123983,0.5700914410432745,0.5703485679103657,1.0,1.0,1.0,False,False
ENSG00000088035,ALG6,31,ok,0.10579929453709686,0.570278,999999,570277,0.5693066138451862,0.5712481196223917,0.5710864879801617,1.0,1.0,1.0,False,False
ENSG00000138696,BMPR1B,33,ok,0.10179691084709638,0.570707,999999,570706,0.569735732770448,0.5716769990700825,0.5729594433150211,1.0,1.0,1.0,False,False
ENSG00000106692,FKTN,32,ok,-0.10377704611548352,0.570998,999999,570997,0.5700268138632991,0.5719679168735693,0.5719207157163909,1.0,1.0,1.0,False,False
ENSG00000109771,LRP2BP,31,ok,0.10506150647167041,0.572044,999999,572043,0.5710731081783639,0.573013618591387,0.5737891522225089,1.0,1.0,1.0,False,False
ENSG00000137699,TRIM29,33,ok,0.10160562108996059,0.572661,999999,572660,0.5716902838599546,0.5736304405697262,0.5736844434137414,1.0,1.0,1.0,False,False
ENSG00000082213,C5orf22,30,ok,-0.10620060705786434,0.574559,999999,574558,0.5735888339511972,0.5755278832800096,0.5764677914783242,1.0,1.0,1.0,False,False
ENSG00000116106,EPHA4,32,ok,-0.1026581135489538,0.57456,999999,574559,0.5735898342448713,0.5755288829825427,0.5760948010897479,1.0,1.0,1.0,False,False
ENSG00000118520,ARG1,30,ok,0.10614152202937249,0.574671,999999,574670,0.5737008668679139,0.5756398499385141,0.5766811533765559,1.0,1.0,1.0,False,False
ENSG00000070718,AP3M2,33,ok,0.10048486875104505,0.575545,999999,575544,0.5745751254834204,0.5765135880082155,0.5779404452694215,1.0,1.0,1.0,False,False
ENSG00000006116,CACNG3,32,ok,-0.10172446963443019,0.577702,999999,577701,0.5767327770079531,0.5786699283028848,0.5795880877816814,1.0,1.0,1.0,False,False
ENSG00000117154,IGSF21,30,ok,0.10507569011576132,0.577856,999999,577855,0.5768868242469791,0.5788238804797863,0.5805360069504825,1.0,1.0,1.0,False,False
ENSG00000119938,PPP1R3C,30,ok,-0.1055091826234176,0.577987,999999,577986,0.5770178645067449,0.5789548397231796,0.5789667943356445,1.0,1.0,1.0,False,False
ENSG00000120053,GOT1,33,ok,0.0993726644625312,0.579037,999999,579036,0.578068189722186,0.580004510525423,0.5821778908961438,1.0,1.0,1.0,False,False
ENSG00000144331,ZNF385B,34,ok,-0.09809763952535192,0.579161,999999,579160,0.578192228424854,0.5801284713524621,0.5809884930964029,1.0,1.0,1.0,False,False
ENSG00000115165,CYTIP,32,ok,-0.10099899226728164,0.579316,999999,579315,0.5783472768912382,0.580283422298212,0.5823089991003247,1.0,1.0,1.0,False,False
ENSG00000085978,ATG16L1,31,ok,-0.10242181493779876,0.581239,999999,581238,0.5802708863290073,0.5822058055671031,0.5835055495039929,1.0,1.0,1.0,False,False
ENSG00000136535,TBR1,30,ok,0.10377898800933665,0.58329,999999,583289,0.582322552962502,0.5842561311547875,0.5852411798649181,1.0,1.0,1.0,False,False
ENSG00000148841,ITPRIP,30,ok,0.10327175862286159,0.584598,999999,584597,0.5836309870800642,0.5855636920763692,0.5870862412377291,1.0,1.0,1.0,False,False
ENSG00000113522,RAD50,30,ok,0.10304918762519472,0.586422,999999,586421,0.5854556041525603,0.5873870680859694,0.5878966524838641,1.0,1.0,1.0,False,False
ENSG00000101109,STK4,34,ok,-0.09576582084989299,0.588115,999999,588114,0.5871491891196448,0.5890794766978134,0.5900524535119062,1.0,1.0,1.0,False,False
ENSG00000119684,MLH3,34,ok,0.09582760201742316,0.588704,999999,588703,0.5877383953924709,0.5896682681910734,0.5898115074064915,1.0,1.0,1.0,False,False
ENSG00000124191,TOX2,33,ok,0.09704112337011032,0.588938,999999,588937,0.5879724777372171,0.5899021849588295,0.5911054082198508,1.0,1.0,1.0,False,False
ENSG00000019991,HGF,36,ok,-0.0926772812671586,0.589172,999999,589171,0.588206560307208,0.5901361015013409,0.5908542283684538,1.0,1.0,1.0,False,False
ENSG00000144227,NXPH2,32,ok,-0.09827649596801977,0.590397,999999,590396,0.5894319962430041,0.5913606609194512,0.5925698551567298,1.0,1.0,1.0,False,False
ENSG00000115155,OTOF,31,ok,-0.0997174325856658,0.591184,999999,591183,0.5902192795710983,0.5921473746064754,0.5935346643923932,1.0,1.0,1.0,False,False
ENSG00000112419,PHACTR2,32,ok,0.09790081625145827,0.591654,999999,591653,0.590689449993977,0.5926172024010103,0.5939919137554218,1.0,1.0,1.0,False,False
ENSG00000059377,TBXAS1,34,ok,-0.09443765391436296,0.594007,999999,594006,0.593043316910008,0.5949693265606535,0.5952426996838366,1.0,1.0,1.0,False,False
ENSG00000124882,EREG,33,ok,0.0956042119338125,0.594176,999999,594175,0.5932123800556572,0.5951382627740296,0.5966369878518628,1.0,1.0,1.0,False,False
ENSG00000113119,TMCO6,31,ok,0.09898999796984645,0.59467,999999,594669,0.5937065653130043,0.5956320756430638,0.596245029139414,1.0,1.0,1.0,False,False
ENSG00000013375,PGM3,33,ok,0.09559254294355761,0.59502,999999,595019,0.5940566971797376,0.5959819424488666,0.5966820007275526,1.0,1.0,1.0,False,False
ENSG00000155011,DKK2,31,ok,-0.09882020822651649,0.595571,999999,595570,0.5946079058039547,0.5965327317348412,0.5968784203745701,1.0,1.0,1.0,False,False
ENSG00000106483,SFRP4,31,ok,0.09813414069074851,0.597142,999999,597141,0.5961795075408978,0.5981031240394711,0.5994407051279309,1.0,1.0,1.0,False,False
ENSG00000151491,EPS8,31,ok,0.09800363175668297,0.597426,999999,597425,0.5964636174141704,0.598387013089053,0.599928655902305,1.0,1.0,1.0,False,False
ENSG00000114757,PEX5L,36,ok,-0.09049366198170744,0.597703,999999,597702,0.5967407249020774,0.5986639045505496,0.5996673663980222,1.0,1.0,1.0,False,False
ENSG00000082512,TRAF5,30,ok,0.09969956665704648,0.598777,999999,598776,0.5978151446760954,0.5997374807030964,0.6001516406060334,1.0,1.0,1.0,False,False
ENSG00000113595,TRIM23,35,ok,-0.09134851160767758,0.599889,999999,599888,0.5989275843600423,0.6008490368015827,0.6017457842315643,1.0,1.0,1.0,False,False
ENSG00000132275,RRP8,32,ok,-0.09588413277062295,0.600338,999999,600337,0.5993767633541551,0.6012978561045117,0.6016508360726245,1.0,1.0,1.0,False,False
ENSG00000111913,RIPOR2,35,ok,-0.0910555441051264,0.600906,999999,600905,0.5999449909919348,0.6018656263124316,0.6029166329881392,1.0,1.0,1.0,False,False
ENSG00000138449,SLC40A1,36,ok,0.0896445198297011,0.602068,999999,602067,0.6011074608821885,0.6030271520149595,0.603109801871488,1.0,1.0,1.0,False,False
ENSG00000151692,RNF144A,32,ok,-0.09506784171533256,0.602446,999999,602445,0.6014856149538033,0.6034049965096695,0.6047628999194138,1.0,1.0,1.0,False,False
ENSG00000111596,CNOT2,31,ok,-0.09667979048394859,0.602772,999999,602771,0.6018117483100778,0.6037308619169444,0.6048878622563723,1.0,1.0,1.0,False,False
ENSG00000115524,SF3B1,30,ok,-0.09854138037552425,0.603185,999999,603184,0.6022249178935295,0.6041436907670683,0.6044142584089742,1.0,1.0,1.0,False,False
ENSG00000147419,CCDC25,30,ok,0.09837525038949477,0.603232,999999,603231,0.6022719372375986,0.6041906712447378,0.6050267390925534,1.0,1.0,1.0,False,False
ENSG00000149294,NCAM1,38,ok,-0.0864163747810858,0.604158,999999,604157,0.6031983202428001,0.6051162847274044,0.6059396297839234,1.0,1.0,1.0,False,False
ENSG00000145832,SLC25A48,30,ok,0.09769667357688265,0.605988,999999,605987,0.6050290877231583,0.6069455103062101,0.6075312120103766,1.0,1.0,1.0,False,False
ENSG00000062598,ELMO2,35,ok,-0.0899663685963702,0.606163,999999,606162,0.6052041618523507,0.6071204355132758,0.6072780850925795,1.0,1.0,1.0,False,False
ENSG00000101844,ATG4A,31,ok,-0.09577153303197394,0.606197,999999,606196,0.6052381762695183,0.6071544209671527,0.6083002952986669,1.0,1.0,1.0,False,False
ENSG00000112319,EYA4,32,ok,0.09406803010106152,0.606451,999999,606450,0.6054922841279091,0.607408312145387,0.6085839287198545,1.0,1.0,1.0,False,False
ENSG00000116132,PRRX1,33,ok,-0.09245945494064538,0.606771,999999,606770,0.6058124203984545,0.6077281746611408,0.6088205494253289,1.0,1.0,1.0,False,False
ENSG00000146072,TNFRSF21,30,ok,-0.09747413472878257,0.606893,999999,606892,0.6059344724649433,0.6078501221319286,0.6083535033809377,1.0,1.0,1.0,False,False
ENSG00000114251,WNT5A,33,ok,0.09261117200990998,0.607039,999999,607038,0.606080534856285,0.6079960591868356,0.6082303494009146,1.0,1.0,1.0,False,False
ENSG00000091136,LAMB1,32,ok,0.0940766550522648,0.607154,999999,607153,0.6061955840632661,0.6081110095436802,0.6085509227348835,1.0,1.0,1.0,False,False
ENSG00000120820,GLT8D2,31,ok,0.0953821354339733,0.608379,999999,608378,0.6074211116786801,0.6093354772820598,0.6097657928333473,1.0,1.0,1.0,False,False
ENSG00000151690,MFSD6,31,ok,-0.09523810299303005,0.608898,999999,608897,0.6079403371215495,0.6098542498707133,0.6103082349935588,1.0,1.0,1.0,False,False
ENSG00000137831,UACA,32,ok,-0.0933345561821449,0.609231,999999,609230,0.6082734823679355,0.6101871033613152,0.6113935507822582,1.0,1.0,1.0,False,False
ENSG00000143951,WDPCP,33,ok,0.09153222723654157,0.610186,999999,610185,0.609228901510442,0.6111416805966534,0.6124328435860875,1.0,1.0,1.0,False,False
ENSG00000110328,GALNT18,32,ok,-0.0929507781045482,0.611565,999999,611564,0.6106085135421968,0.6125200633345727,0.6128658082003385,1.0,1.0,1.0,False,False
ENSG00000077264,PAK3,30,ok,0.0960489711012757,0.611691,999999,611690,0.6107345698649022,0.6126460065339688,0.6136306175109681,1.0,1.0,1.0,False,False
ENSG00000120594,PLXDC2,30,ok,0.09592699992770119,0.612555,999999,612554,0.611598957888634,0.6135096152332171,0.6140831392131155,1.0,1.0,1.0,False,False
ENSG00000063015,SEZ6,30,ok,-0.09560378467670438,0.61287,999999,612869,0.6119141001423689,0.6138244717847342,0.6152829623652338,1.0,1.0,1.0,False,False
ENSG00000134115,CNTN6,38,ok,0.08370285527329992,0.615563,999999,615562,0.6146083334909938,0.6165162282219377,0.6173419692891519,1.0,1.0,1.0,False,False
ENSG00000109911,ELP4,33,ok,0.09020230856725264,0.615813,999999,615812,0.6148584495507452,0.6167661112139691,0.617629595310183,1.0,1.0,1.0,False,False
ENSG00000124228,DDX27,30,ok,-0.09476615639467671,0.616011,999999,616010,0.615056541658912,0.6169640183548137,0.6183968862859275,1.0,1.0,1.0,False,False
ENSG00000100647,SUSD6,30,ok,0.09483526268922525,0.616433,999999,616432,0.6154787385275056,0.6173858198856281,0.6181397339629269,1.0,1.0,1.0,False,False
ENSG00000072134,EPN2,31,ok,0.09322974899910462,0.61653,999999,616529,0.615575783886551,0.617482774158674,0.6178929392215295,1.0,1.0,1.0,False,False
ENSG00000115221,ITGB6,33,ok,0.08960963000462116,0.617834,999999,617833,0.6168803975576254,0.6187861555416863,0.6199514231857313,1.0,1.0,1.0,False,False
ENSG00000126010,GRPR,37,ok,0.08390157144900366,0.619414,999999,619413,0.6184611508477553,0.6203653962587938,0.6215118724310028,1.0,1.0,1.0,False,False
ENSG00000123473,STIL,31,ok,-0.09238527530598731,0.619788,999999,619787,0.6188353307214909,0.6207392149665161,0.6210937781034866,1.0,1.0,1.0,False,False
ENSG00000010319,SEMA3G,33,ok,-0.08942002464864479,0.619985,999999,619984,0.619032425708706,0.6209361192321005,0.6206949678388117,1.0,1.0,1.0,False,False
ENSG00000142319,SLC6A3,30,ok,-0.09368046515861993,0.62101,999999,621009,0.620057922616025,0.6219606184370591,0.6224426497846444,1.0,1.0,1.0,False,False
ENSG00000100897,DCAF11,30,ok,-0.09340904956542678,0.621318,999999,621317,0.6203660728112359,0.6222684670736338,0.6234557562848536,1.0,1.0,1.0,False,False
ENSG00000147459,DOCK5,30,ok,0.09364213861709429,0.621467,999999,621466,0.6205151456167717,0.6224173937029549,0.6225856694300709,1.0,1.0,1.0,False,False
ENSG00000111218,PRMT8,34,ok,-0.08735860593090794,0.621819,999999,621818,0.6208673179924469,0.6227692199921764,0.6232342998955694,1.0,1.0,1.0,False,False
ENSG00000018510,AGPS,30,ok,-0.09283171000267564,0.622878,999999,622877,0.6219268397999838,0.6238276941679457,0.6256130173310678,1.0,1.0,1.0,False,False
ENSG00000050628,PTGER3,33,ok,-0.08834837970319605,0.623225,999999,623224,0.6222740118289156,0.6241745208228715,0.6249043761587252,1.0,1.0,1.0,False,False
ENSG00000128606,LRRC17,30,ok,0.09302325638983358,0.62388,999999,623879,0.6229293379654552,0.6248291922019693,0.6248969566210542,1.0,1.0,1.0,False,False
ENSG00000008869,HEATR5B,31,ok,-0.09118418398224734,0.624287,999999,624286,0.6233365415497268,0.6252359870739777,0.6256580326938703,1.0,1.0,1.0,False,False
ENSG00000119509,INVS,32,ok,-0.08946741561147833,0.624621,999999,624620,0.6236707091526417,0.6255698182042254,0.6262960350162528,1.0,1.0,1.0,False,False
ENSG00000144366,GULP1,30,ok,-0.09257817362368385,0.62544,999999,625439,0.6244901221692762,0.626388402081181,0.6265613296971797,1.0,1.0,1.0,False,False
ENSG00000122435,TRMT13,31,ok,0.09076240604137295,0.625759,999999,625758,0.6248092838231796,0.6267072392173315,0.6272640675337798,1.0,1.0,1.0,False,False
ENSG00000153071,DAB2,30,ok,-0.09180948141553523,0.626034,999999,626033,0.6250844235331181,0.6269820984643355,0.6294400638879843,1.0,1.0,1.0,False,False
ENSG00000081237,PTPRC,37,ok,0.0822559607256773,0.626748,999999,626747,0.6257987877985224,0.6276957314907723,0.6283915394053997,1.0,1.0,1.0,False,False
ENSG00000127241,MASP1,31,ok,-0.09009281862172465,0.627698,999999,627697,0.6267492758886983,0.6286452397972979,0.6298171418331535,1.0,1.0,1.0,False,False
ENSG00000109158,GABRA4,35,ok,0.08469945438333026,0.628039,999999,628038,0.62709045204177,0.6289860623508301,0.6285552027359563,1.0,1.0,1.0,False,False
ENSG00000112761,CCN6,30,ok,0.09167779488206984,0.628131,999999,628130,0.6271824996533657,0.629078014390283,0.6299337627987893,1.0,1.0,1.0,False,False
ENSG00000150471,ADGRL3,34,ok,-0.0857404860155892,0.628394,999999,628393,0.6274456359630655,0.6293408770830364,0.6297079647215327,1.0,1.0,1.0,False,False
ENSG00000109819,PPARGC1A,36,ok,0.08316168966952087,0.628479,999999,628478,0.627530680081747,0.629425832641954,0.6296657679483553,1.0,1.0,1.0,False,False
ENSG00000092969,TGFB2,35,ok,-0.08419725495906674,0.629045,999999,629044,0.6280969746605716,0.6299915359163157,0.6305997879105523,1.0,1.0,1.0,False,False
ENSG00000127074,RGS13,33,ok,-0.0866365806859304,0.630304,999999,630303,0.6293566349121393,0.6312498708894074,0.6316524534550915,1.0,1.0,1.0,False,False
ENSG00000064703,DDX20,30,ok,-0.09104062382484766,0.63092,999999,630919,0.6299729604729125,0.6318655429921647,0.6323247511804775,1.0,1.0,1.0,False,False
ENSG00000137473,TTC29,30,ok,-0.09036278655686625,0.632974,999999,632973,0.6320280579946825,0.6339184376796139,0.6348723341286789,1.0,1.0,1.0,False,False
ENSG00000137764,MAP2K5,31,ok,-0.08866249747831352,0.63361,999999,633609,0.632664401571202,0.6345540916907528,0.6352848455397603,1.0,1.0,1.0,False,False
ENSG00000119523,ALG2,33,ok,0.08593880742088575,0.633662,999999,633661,0.6327164297406986,0.6346060633240205,0.6344115766987172,1.0,1.0,1.0,False,False
ENSG00000123600,METTL8,33,ok,-0.08540865905692988,0.634377,999999,634376,0.6334318182730332,0.635320672079694,0.6365111163854668,1.0,1.0,1.0,False,False
ENSG00000125814,NAPB,30,ok,-0.08986640537156988,0.634471,999999,634470,0.6335258695195358,0.6354146204766495,0.6367405307277555,1.0,1.0,1.0,False,False
ENSG00000104299,INTS9,32,ok,-0.08675715479758844,0.634491,999999,634490,0.6335458804280483,0.6354346094922771,0.6368278066730304,1.0,1.0,1.0,False,False
ENSG00000066135,KDM4A,30,ok,-0.08994767950646224,0.634881,999999,634880,0.6339360934948836,0.6358243949461717,0.6364344948195229,1.0,1.0,1.0,False,False
ENSG00000004799,PDK4,31,ok,0.08833316572084536,0.634941,999999,634940,0.6339961263336548,0.6358843618798204,0.6365464716145264,1.0,1.0,1.0,False,False
ENSG00000106004,HOXA5,30,ok,-0.08995770208446346,0.634947,999999,634946,0.6340021296184012,0.6358903585723159,0.6363967590903151,1.0,1.0,1.0,False,False
ENSG00000146374,RSPO3,31,ok,0.08825012652045731,0.635499,999999,635498,0.6345544324915158,0.6364420536054628,0.636864741567536,1.0,1.0,1.0,False,False
ENSG00000089225,TBX5,32,ok,0.08654198898676367,0.635726,999999,635725,0.6347815574311213,0.6366689278048445,0.6376669435008679,1.0,1.0,1.0,False,False
ENSG00000139155,SLCO1C1,34,ok,0.0837664361982293,0.636005,999999,636004,0.635060711301622,0.6369477728760939,0.6376424029190424,1.0,1.0,1.0,False,False
ENSG00000065615,CYB5R4,32,ok,-0.08616738798646478,0.63726,999999,637259,0.6363164076799648,0.6382020717375168,0.6391289218259251,1.0,1.0,1.0,False,False
ENSG00000064419,TNPO3,31,ok,-0.0876715164204906,0.637444,999999,637443,0.6365005103617634,0.6383859683578024,0.6390841789655717,1.0,1.0,1.0,False,False
ENSG00000147488,ST18,38,ok,-0.07848932676518884,0.637498,999999,637497,0.6365545405249771,0.6384399379897654,0.6394973380748755,1.0,1.0,1.0,False,False
ENSG00000112996,MRPS30,32,ok,-0.08622271723272067,0.637606,999999,637605,0.63666260088999,0.6385478772151059,0.6389129010383102,1.0,1.0,1.0,False,False
ENSG00000074935,TUBE1,30,ok,0.08904719721989181,0.638537,999999,638536,0.6375941233934548,0.639478351180333,0.6398285050417947,1.0,1.0,1.0,False,False
ENSG00000124813,RUNX2,30,ok,-0.08900756784666979,0.639195,999999,639194,0.6382524949913497,0.6401359770866224,0.6399780366723463,1.0,1.0,1.0,False,False
ENSG00000113805,CNTN3,32,ok,-0.08561738050455242,0.639653,999999,639652,0.6387107547720702,0.6405937155686907,0.6412778817340022,1.0,1.0,1.0,False,False
ENSG00000094804,CDC6,30,ok,0.08848080188356221,0.64021,999999,640209,0.639268071957984,0.6411503962700525,0.6419669688079079,1.0,1.0,1.0,False,False
ENSG00000115042,FAHD2A,34,ok,-0.0825498760524096,0.640899,999999,640898,0.6399574662145437,0.6418389994000835,0.6425520481690474,1.0,1.0,1.0,False,False
ENSG00000025434,NR1H3,31,ok,-0.0865530116378121,0.641505,999999,641504,0.6405638147184876,0.6424446485975503,0.6433832250087693,1.0,1.0,1.0,False,False
ENSG00000136560,TANK,30,ok,0.08804541406945682,0.642254,999999,642253,0.6413132477148785,0.6431932127601591,0.6436127160033932,1.0,1.0,1.0,False,False
ENSG00000064393,HIPK2,30,ok,0.0876822125185852,0.642389,999999,642388,0.6414483260236594,0.6433281339393149,0.6449868678485352,1.0,1.0,1.0,False,False
ENSG00000091428,RAPGEF4,31,ok,-0.08622428398547802,0.643772,999999,643771,0.6428321329285422,0.6447103217886196,0.6446488720583247,1.0,1.0,1.0,False,False
ENSG00000149488,TMC2,31,ok,-0.08592174263816056,0.643798,999999,643797,0.6428581481797757,0.6447363064387663,0.6458145609479748,1.0,1.0,1.0,False,False
ENSG00000065548,ZC3H15,30,ok,-0.08766851278430034,0.64424,999999,644239,0.6433004079123492,0.6451780450296534,0.6450387224668911,1.0,1.0,1.0,False,False
ENSG00000013503,POLR3B,33,ok,-0.0828313542935718,0.645095,999999,645094,0.6441559128128963,0.6460325368860222,0.6467573224714404,1.0,1.0,1.0,False,False
ENSG00000139318,DUSP6,32,ok,0.08383784061845737,0.645876,999999,645875,0.6449373768718292,0.6468130698646878,0.6482503001080382,1.0,1.0,1.0,False,False
ENSG00000101413,RPRD1B,36,ok,-0.07869148453489375,0.646498,999999,646497,0.6455597484096172,0.6474346959675954,0.6482501095884596,1.0,1.0,1.0,False,False
ENSG00000133641,RLIG1,30,ok,-0.08660804223377196,0.646919,999999,646918,0.6459810008690821,0.6478554419112361,0.6490576265625768,1.0,1.0,1.0,False,False
ENSG00000120942,UBIAD1,30,ok,-0.08634694612262063,0.648223,999999,648222,0.6472857878848801,0.6491586499492279,0.650048601025828,1.0,1.0,1.0,False,False
ENSG00000115211,EIF2B4,30,ok,-0.08641427318635685,0.648279,999999,648278,0.647341821854321,0.6492146157673728,0.6497930091632514,1.0,1.0,1.0,False,False
ENSG00000123096,SSPN,31,ok,-0.08469449657984944,0.648554,999999,648553,0.6476169888733907,0.649489447705197,0.6505515594873678,1.0,1.0,1.0,False,False
ENSG00000138134,STAMBPL1,32,ok,-0.08341736216182302,0.648571,999999,648570,0.64763399920938,0.6495064373047248,0.6499020897098617,1.0,1.0,1.0,False,False
ENSG00000140522,RLBP1,31,ok,-0.08409047765425165,0.650428,999999,650427,0.6494921361087722,0.6513622933615036,0.652887921977606,1.0,1.0,1.0,False,False
ENSG00000148180,GSN,32,ok,-0.0825923552832995,0.651447,999999,651446,0.6505117665834862,0.6523806590215844,0.6531477545914653,1.0,1.0,1.0,False,False
ENSG00000056586,RC3H2,37,ok,0.07641688457793301,0.651843,999999,651842,0.6509080128644874,0.6527764112384988,0.6530493034637955,1.0,1.0,1.0,False,False
ENSG00000083520,DIS3,32,ok,-0.08252338162479361,0.651866,999999,651865,0.65093102719052,0.652799396825224,0.6534193877076043,1.0,1.0,1.0,False,False
ENSG00000146233,CYP39A1,30,ok,0.0854120351994325,0.652186,999999,652185,0.6512512267580227,0.6531191960439147,0.6536017895430477,1.0,1.0,1.0,False,False
ENSG00000125798,FOXA2,30,ok,-0.08516086415017424,0.652675,999999,652674,0.6517405326193065,0.6536078883277809,0.6545576516368791,1.0,1.0,1.0,False,False
ENSG00000155066,PROM2,30,ok,-0.08521526362665198,0.652752,999999,652751,0.6518175808804123,0.6536848397746023,0.6543505823015002,1.0,1.0,1.0,False,False
ENSG00000144283,PKP4,32,ok,0.08215661242126486,0.653435,999999,653434,0.6525010101416169,0.6543674079226729,0.6548645352673155,1.0,1.0,1.0,False,False
ENSG00000011454,RABGAP1,31,ok,0.08350141185962082,0.653518,999999,653517,0.6525840624510746,0.6544503552983829,0.655169555670995,1.0,1.0,1.0,False,False
ENSG00000127863,TNFRSF19,33,ok,-0.08023401840165231,0.655298,999999,655297,0.6543651918172748,0.6562292191803446,0.6571479787584261,1.0,1.0,1.0,False,False
ENSG00000144891,AGTR1,32,ok,0.08139321859952764,0.655552,999999,655551,0.6546193541518045,0.6564830558823479,0.6578764000231251,1.0,1.0,1.0,False,False
ENSG00000108175,ZMIZ1,34,ok,-0.07855123611294057,0.657213,999999,657212,0.6562814229871627,0.6581429807465077,0.6587933942945391,1.0,1.0,1.0,False,False
ENSG00000079101,CLUL1,30,ok,-0.083926981300089,0.657613,999999,657612,0.6566816822699978,0.6585427199463942,0.6592610974578271,1.0,1.0,1.0,False,False
ENSG00000154310,TNIK,30,ok,0.08367642201573547,0.658083,999999,658082,0.6571519878650298,0.6590124125685582,0.6602177710106942,1.0,1.0,1.0,False,False
ENSG00000145681,HAPLN1,33,ok,-0.07975255085556907,0.658376,999999,658375,0.657445178887363,0.6593052204348163,0.6590811076778541,1.0,1.0,1.0,False,False
ENSG00000135931,ARMC9,30,ok,0.08368573336300905,0.65843,999999,658429,0.6574992141358744,0.6593591849814717,0.6601822094606894,1.0,1.0,1.0,False,False
ENSG00000115942,ORC2,30,ok,-0.08369504781941985,0.65916,999999,659159,0.6582296919588126,0.6600887043894907,0.660146636762295,1.0,1.0,1.0,False,False
ENSG00000079112,CDH17,31,ok,0.08207300025713983,0.659776,999999,659775,0.6588460970702017,0.6607042969414807,0.6607148791612253,1.0,1.0,1.0,False,False
ENSG00000106477,CEP41,32,ok,0.07992667412025689,0.661498,999999,661497,0.6605692388225606,0.6624251486571844,0.6636772266088506,1.0,1.0,1.0,False,False
ENSG00000115267,IFIH1,33,ok,0.07877572491876736,0.661944,999999,661943,0.6610155367714158,0.6628708490165449,0.6630097870224969,1.0,1.0,1.0,False,False
ENSG00000084764,MAPRE3,30,ok,-0.08279546165453561,0.661976,999999,661975,0.6610475581843028,0.6629028274822741,0.663585573791292,1.0,1.0,1.0,False,False
ENSG00000138271,GPR87,31,ok,0.08127457941895129,0.662144,999999,662143,0.6612156706797379,0.6630707143495744,0.6638222053779336,1.0,1.0,1.0,False,False
ENSG00000038945,MSR1,34,ok,-0.07741688979428583,0.662387,999999,662386,0.6614588336276105,0.6633135504799437,0.6634292433009219,1.0,1.0,1.0,False,False
ENSG00000119927,GPAM,33,ok,0.07842809803179497,0.66322,999999,663219,0.6622923942875607,0.664145986660217,0.6644100370455474,1.0,1.0,1.0,False,False
ENSG00000118496,FBXO30,31,ok,-0.08066955773593183,0.664433,999999,664432,0.6635062164723022,0.6653581598742515,0.6661805086000832,1.0,1.0,1.0,False,False
ENSG00000090975,PITPNM2,32,ok,-0.07938399786838143,0.664589,999999,664588,0.6636623227074127,0.6655140530473916,0.6658286297979169,1.0,1.0,1.0,False,False
ENSG00000135049,AGTPBP1,30,ok,-0.08224819193956284,0.664616,999999,664615,0.6636893411057596,0.6655410345466264,0.6656809634985684,1.0,1.0,1.0,False,False
ENSG00000120860,WASHC3,31,ok,0.08040759331085275,0.664633,999999,664632,0.6637063526916456,0.6655580228962552,0.6672025872781082,1.0,1.0,1.0,False,False
ENSG00000143344,RGL1,30,ok,-0.08167352893557155,0.666469,999999,666468,0.665543611898485,0.6673927567249585,0.6678838955449529,1.0,1.0,1.0,False,False
ENSG00000102547,CAB39L,34,ok,-0.07625888486450844,0.666644,999999,666643,0.6657187327425887,0.6675676352170293,0.6681744700473168,1.0,1.0,1.0,False,False
ENSG00000071909,MYO3B,30,ok,-0.08145098525999783,0.666997,999999,666996,0.6660719769383431,0.6679203896822434,0.6687377300599845,1.0,1.0,1.0,False,False
ENSG00000135423,GLS2,33,ok,0.07723169508525574,0.667374,999999,667373,0.6664492383807683,0.6682971268097462,0.6692376707751487,1.0,1.0,1.0,False,False
ENSG00000131844,MCCC2,30,ok,0.08093064727871041,0.668973,999999,668972,0.6680493546653474,0.6698950044596725,0.6707356932047317,1.0,1.0,1.0,False,False
ENSG00000149295,DRD2,33,ok,0.07692951157684351,0.66956,999999,669559,0.6686367674727911,0.6704815894255518,0.6704590866107029,1.0,1.0,1.0,False,False
ENSG00000135905,DOCK10,33,ok,0.07639585529680341,0.671662,999999,671661,0.6707402590250378,0.672582089899723,0.6726181298773105,1.0,1.0,1.0,False,False
ENSG00000081791,DELE1,32,ok,0.07748739143079662,0.671706,999999,671705,0.6707842904698911,0.6726260582879626,0.6733680249253939,1.0,1.0,1.0,False,False
ENSG00000113716,HMGXB3,30,ok,0.0803561496351345,0.671708,999999,671707,0.6707862918994202,0.6726280568508467,0.6729441740583906,1.0,1.0,1.0,False,False
ENSG00000149968,MMP3,30,ok,-0.08013356039328555,0.671772,999999,671771,0.6708503376543475,0.6726920108531453,0.6738005689003845,1.0,1.0,1.0,False,False
ENSG00000145982,FARS2,32,ok,-0.07736022128153307,0.672024,999999,672023,0.6711025180028312,0.6729438295487387,0.673874678098756,1.0,1.0,1.0,False,False
ENSG00000111144,LTA4H,31,ok,0.07868455603437466,0.672432,999999,672431,0.6715108106332517,0.6733515353706316,0.6739396877675771,1.0,1.0,1.0,False,False
ENSG00000068654,POLR1A,34,ok,-0.07468277021862095,0.6732,999999,673199,0.6722793636080191,0.6741189794825673,0.6746533234160305,1.0,1.0,1.0,False,False
ENSG00000118491,ZC2HC1B,35,ok,0.07340991946514305,0.673536,999999,673535,0.6726156064148774,0.6744547354011392,0.6751484269375896,1.0,1.0,1.0,False,False
ENSG00000148123,PLPPR1,32,ok,-0.07699358516171537,0.674062,999999,674061,0.6731419876007431,0.6749803522199629,0.675336162771911,1.0,1.0,1.0,False,False
ENSG00000110344,UBE4A,33,ok,0.07547643034246547,0.675367,999999,675366,0.6744479390067,0.6762843958636489,0.6763439168500273,1.0,1.0,1.0,False,False
ENSG00000135577,NMBR,31,ok,0.07783042684981352,0.675847,999999,675846,0.6749282909925156,0.6767640420570075,0.6772885902527107,1.0,1.0,1.0,False,False
ENSG00000135472,FAIM2,31,ok,0.07745058648863826,0.676921,999999,676920,0.6760030825503152,0.6778372464251005,0.678779830723501,1.0,1.0,1.0,False,False
ENSG00000006747,SCIN,30,ok,0.07878046115311266,0.677281,999999,677280,0.6763633491128667,0.6781969784969234,0.6790150815546148,1.0,1.0,1.0,False,False
ENSG00000108588,CCDC47,30,ok,0.07881554486055341,0.677287,999999,677286,0.6763693535608393,0.6782029740261902,0.6788796927321022,1.0,1.0,1.0,False,False
ENSG00000108878,CACNG1,34,ok,-0.07328442610423354,0.67824,999999,678239,0.6773230622400698,0.6791552617318379,0.6804207324328689,1.0,1.0,1.0,False,False
ENSG00000120457,KCNJ5,33,ok,-0.07471792754888039,0.678814,999999,678813,0.6778974911893154,0.6797288306051684,0.679423284549707,1.0,1.0,1.0,False,False
ENSG00000107679,PLEKHA1,31,ok,0.07689980725953963,0.679136,999999,679135,0.6782197325135573,0.6800505880594432,0.6809442876979095,1.0,1.0,1.0,False,False
ENSG00000104228,TRIM35,33,ok,-0.07439605476129924,0.679195,999999,679194,0.6782787767854814,0.680109543563707,0.6807315647948371,1.0,1.0,1.0,False,False
ENSG00000125046,SSUH2,36,ok,-0.0711940780361383,0.679394,999999,679393,0.6784779262331164,0.6803083933611793,0.6798899012890047,1.0,1.0,1.0,False,False
ENSG00000107938,EDRF1,32,ok,-0.07538518482284312,0.679896,999999,679895,0.6789803040799688,0.6808100136100228,0.6817612408049699,1.0,1.0,1.0,False,False
ENSG00000078018,MAP2,33,ok,-0.07413908495433766,0.680094,999999,680093,0.6791784534455548,0.6810078634933359,0.6817766973840158,1.0,1.0,1.0,False,False
ENSG00000110108,TMEM109,30,ok,0.07792497373218558,0.680927,999999,680926,0.6800120839115843,0.6818402298673669,0.6823194479440313,1.0,1.0,1.0,False,False
ENSG00000147421,HMBOX1,31,ok,-0.07644211531040077,0.681241,999999,681240,0.6803263224371634,0.6821539901506439,0.6827448254906323,1.0,1.0,1.0,False,False
ENSG00000124120,TTPAL,31,ok,-0.07644982388857902,0.681446,999999,681445,0.6805314784200311,0.682358833390118,0.6827144861241641,1.0,1.0,1.0,False,False
ENSG00000124479,NDP,30,ok,-0.07766774662179246,0.682197,999999,682196,0.6812830515898811,0.6831092573713791,0.6833141317857112,1.0,1.0,1.0,False,False
ENSG00000100359,SGSM3,30,ok,0.07740285234442566,0.682766,999999,682765,0.6818524876782532,0.6836778191245232,0.6843390075700266,1.0,1.0,1.0,False,False
ENSG00000111231,GPN3,31,ok,-0.07578969579242617,0.684146,999999,684145,0.6832335518680512,0.6850567496997217,0.6853143688595035,1.0,1.0,1.0,False,False
ENSG00000101997,CCDC22,30,ok,0.07680320760215667,0.685082,999999,685081,0.6841702789514791,0.6859920190655824,0.6866610611467636,1.0,1.0,1.0,False,False
ENSG00000146411,SLC2A12,31,ok,-0.07523953643915557,0.68522,999999,685219,0.684308386511781,0.6861299109817771,0.6874838466050448,1.0,1.0,1.0,False,False
ENSG00000069943,PIGB,30,ok,0.07678611363122256,0.686214,999999,686213,0.6853031640116614,0.6871231297111488,0.6867272966506537,1.0,1.0,1.0,False,False
ENSG00000122756,CNTFR,31,ok,0.07501512554215238,0.686765,999999,686764,0.6858545970865895,0.6876736945459918,0.6883694815661427,1.0,1.0,1.0,False,False
ENSG00000144847,IGSF11,33,ok,-0.07253886111684457,0.687073,999999,687072,0.6861628398179196,0.6879814506462563,0.6882980364061108,1.0,1.0,1.0,False,False
ENSG00000135837,CEP350,31,ok,-0.07477296270046692,0.687728,999999,687727,0.686818357566595,0.6886359304128181,0.6893256285622152,1.0,1.0,1.0,False,False
ENSG00000120697,ALG5,31,ok,-0.07485120891543016,0.687942,999999,687941,0.687032527181791,0.6888497599858054,0.6890166325580277,1.0,1.0,1.0,False,False
ENSG00000131459,GFPT2,32,ok,0.07332722396353844,0.688378,999999,688377,0.6874688734511073,0.6892854120625056,0.6900141710077347,1.0,1.0,1.0,False,False
ENSG00000142875,PRKACB,32,ok,-0.07315731573157319,0.689303,999999,689302,0.6883946111878236,0.6902096708167562,0.6906971265815837,1.0,1.0,1.0,False,False
ENSG00000144320,LNPK,30,ok,-0.07545070295937518,0.690168,999999,690167,0.6892603048985642,0.6910739738245856,0.6919087221241912,1.0,1.0,1.0,False,False
ENSG00000117594,HSD11B1,33,ok,0.07135689296173275,0.6914,999999,691399,0.6904932993381903,0.6923049747112753,0.6931290896045006,1.0,1.0,1.0,False,False
ENSG00000111249,CUX2,33,ok,0.07121364191780795,0.692481,999999,692480,0.6915751781089834,0.6933850918396112,0.6937154102731882,1.0,1.0,1.0,False,False
ENSG00000132305,IMMT,32,ok,-0.07226043129877843,0.692817,999999,692816,0.6919114524376228,0.693720816236322,0.6943061529013499,1.0,1.0,1.0,False,False
ENSG00000103043,VAC14,32,ok,-0.07172339366860415,0.694332,999999,694331,0.6934276963710216,0.6952345665556006,0.6964703290566038,1.0,1.0,1.0,False,False
ENSG00000101452,DHX35,30,ok,-0.07423483629727802,0.695482,999999,695481,0.6945786482877434,0.6963836102762033,0.6966382081133152,1.0,1.0,1.0,False,False
ENSG00000001561,ENPP4,31,ok,0.07239362921944278,0.697232,999999,697231,0.6963301096206886,0.6981321423043692,0.6987449030735045,1.0,1.0,1.0,False,False
ENSG00000070950,RAD18,30,ok,-0.07365376239311924,0.697324,999999,697323,0.6964221868724477,0.6982240647035929,0.6989024288820235,1.0,1.0,1.0,False,False
ENSG00000154678,PDE1C,30,ok,-0.07342307309868187,0.698627,999999,698626,0.6977262855902671,0.6995259610426167,0.6998020398991172,1.0,1.0,1.0,False,False
ENSG00000023041,ZDHHC6,32,ok,-0.07051164496607373,0.700402,999999,700401,0.6995027961697302,0.7012994437293434,0.7013620838207103,1.0,1.0,1.0,False,False
ENSG00000135924,DNAJB2,31,ok,-0.07119088470195983,0.702593,999999,702592,0.701695682934359,0.7034885486526632,0.7035231873079482,1.0,1.0,1.0,False,False
ENSG00000123407,HOXC12,30,ok,-0.07231359607957889,0.702692,999999,702691,0.701794768767851,0.7035874624435908,0.7041341752430836,1.0,1.0,1.0,False,False
ENSG00000151445,VIPAS39,30,ok,-0.07171492916353911,0.70443,999999,704429,0.7035342838269749,0.7053239407909198,0.706475553734787,1.0,1.0,1.0,False,False
ENSG00000156110,ADK,32,ok,0.0693196405648267,0.704493,999999,704492,0.7035973390378025,0.7053868853410845,0.7061856223145553,1.0,1.0,1.0,False,False
ENSG00000135372,NAT10,31,ok,-0.07039838664146193,0.704832,999999,704831,0.7039366364762254,0.7057255866165728,0.7066777227178135,1.0,1.0,1.0,False,False
ENSG00000143842,SOX13,30,ok,-0.07190561175506269,0.705017,999999,705016,0.7041217990453716,0.705910423345578,0.7057295104091046,1.0,1.0,1.0,False,False
ENSG00000005020,SKAP2,34,ok,-0.06673291623622149,0.705835,999999,705834,0.7049405199853653,0.706727699302269,0.7076751456188896,1.0,1.0,1.0,False,False
ENSG00000112246,SIM1,34,ok,-0.06656476901364557,0.706797,999999,706796,0.705903372273796,0.707688843364205,0.7083795311286969,1.0,1.0,1.0,False,False
ENSG00000139354,GAS2L3,35,ok,-0.06556458456047128,0.707085,999999,707084,0.7061916283630243,0.7079765861823601,0.7082544614934778,1.0,1.0,1.0,False,False
ENSG00000029639,TFB1M,31,ok,-0.0696923856292983,0.708194,999999,708193,0.7073016185145542,0.7090845918234858,0.7094919835562811,1.0,1.0,1.0,False,False
ENSG00000073111,MCM2,30,ok,0.07079252003561885,0.708869,999999,708868,0.707977224315707,0.7097589834614964,0.7100882221320316,1.0,1.0,1.0,False,False
ENSG00000137145,DENND4C,30,ok,-0.07056204829456411,0.709197,999999,709196,0.7083055195495979,0.7100866869832259,0.7109918440819438,1.0,1.0,1.0,False,False
ENSG00000138593,SECISBP2L,34,ok,-0.06571299352434412,0.710491,999999,710490,0.7096006897789657,0.711379511844612,0.7119513432594348,1.0,1.0,1.0,False,False
ENSG00000143196,DPT,32,ok,0.0676443641063642,0.711614,999999,711613,0.7107247124914406,0.7125014848716179,0.7129836969766017,1.0,1.0,1.0,False,False
ENSG00000101251,SEL1L2,32,ok,0.06730857433160325,0.712984,999999,712983,0.7120959691489529,0.7138702230164724,0.7143489187058553,1.0,1.0,1.0,False,False
ENSG00000064309,CDON,30,ok,-0.06943362677901453,0.713309,999999,713308,0.7124212687174678,0.7141949222149377,0.715421625091632,1.0,1.0,1.0,False,False
ENSG00000138614,INTS14,33,ok,-0.06585875493122796,0.714355,999999,714354,0.7134682366692432,0.7152399502947238,0.7157551755950524,1.0,1.0,1.0,False,False
ENSG00000151490,PTPRO,34,ok,-0.0649598794298848,0.714814,999999,714813,0.7139276632555139,0.7156985219670386,0.7151144553672961,1.0,1.0,1.0,False,False
ENSG00000138821,SLC39A8,31,ok,-0.06789064898863349,0.715114,999999,715113,0.71422794267606,0.7159982414083116,0.716691025985652,1.0,1.0,1.0,False,False
ENSG00000138347,MYPN,31,ok,-0.06771622620068969,0.715778,999999,715777,0.7148925628329493,0.7166616187322424,0.7173892311431466,1.0,1.0,1.0,False,False
ENSG00000114062,UBE3A,33,ok,-0.06537368424429248,0.716679,999999,716678,0.7157944081067704,0.7175617700400646,0.7177631247170778,1.0,1.0,1.0,False,False
ENSG00000101868,POLA1,33,ok,0.0652791717579906,0.717142,999999,717141,0.7162578441607907,0.7180243322294358,0.7181545753074986,1.0,1.0,1.0,False,False
ENSG00000118246,FASTKD2,35,ok,-0.06304286976968389,0.717418,999999,717417,0.7165341046448043,0.7183000706982848,0.7190118714601016,1.0,1.0,1.0,False,False
ENSG00000126062,TMEM115,30,ok,0.06864278832781469,0.717587,999999,717586,0.7167032643459001,0.7184689103560064,0.7185315928555839,1.0,1.0,1.0,False,False
ENSG00000136527,TRA2B,30,ok,0.06849316130436417,0.717838,999999,717837,0.7169545018182273,0.7187196719313892,0.7191204981533409,1.0,1.0,1.0,False,False
ENSG00000102245,CD40LG,34,ok,0.06353697230095785,0.718795,999999,718794,0.7179124103500212,0.7196757597687424,0.7211034234549041,1.0,1.0,1.0,False,False
ENSG00000070501,POLB,30,ok,0.06821722679724014,0.719013,999999,719012,0.7181306179992178,0.7198935512924525,0.7202069404890438,1.0,1.0,1.0,False,False
ENSG00000070214,SLC44A1,34,ok,-0.06357454128985077,0.719633,999999,719632,0.7187512099634752,0.7205129569759077,0.7209450855166983,1.0,1.0,1.0,False,False
ENSG00000120685,PROSER1,32,ok,0.0656398973230656,0.720244,999999,720243,0.719362795367974,0.7211233692532606,0.721146066887437,1.0,1.0,1.0,False,False
ENSG00000155827,RNF20,34,ok,-0.0634314116785934,0.72085,999999,720849,0.719969377979625,0.7217287843424252,0.7215483792652655,1.0,1.0,1.0,False,False
ENSG00000135525,MAP7,31,ok,-0.06625655506252524,0.72185,999999,721849,0.7209703437457998,0.7227278147822019,0.7232409380876683,1.0,1.0,1.0,False,False
ENSG00000139324,TMTC3,34,ok,0.06296805746599421,0.722281,999999,722280,0.7214017616694868,0.7231583952232746,0.723502555187285,1.0,1.0,1.0,False,False
ENSG00000102174,PHEX,33,ok,-0.06364472894142374,0.72344,999999,723439,0.722561890535494,0.7243162619599337,0.7249351387938624,1.0,1.0,1.0,False,False
ENSG00000124743,KLHL31,32,ok,0.06472314006849064,0.723511,999999,723510,0.7226329599282788,0.7243871922977687,0.7248893182104632,1.0,1.0,1.0,False,False
ENSG00000109805,NCAPG,30,ok,-0.06676310267212938,0.72422,999999,724219,0.7233426543941495,0.7250954951418853,0.7259410740637599,1.0,1.0,1.0,False,False
ENSG00000110436,SLC1A2,39,ok,0.05800475847606377,0.724301,999999,724300,0.7234237339092063,0.7251764153195063,0.7257762808659025,1.0,1.0,1.0,False,False
ENSG00000121940,CLCC1,33,ok,-0.06352390593607284,0.72454,999999,724539,0.7236629687377227,0.725415179584199,0.7254372009852265,1.0,1.0,1.0,False,False
ENSG00000117479,SLC19A2,32,ok,-0.06419074062252307,0.725714,999999,725713,0.7248381268097648,0.7265880170578631,0.7270660554800794,1.0,1.0,1.0,False,False
ENSG00000122641,INHBA,31,ok,0.06505295305343316,0.726024,999999,726023,0.7251484338717844,0.7268977088196626,0.7280776575365948,1.0,1.0,1.0,False,False
ENSG00000121634,GJA8,30,ok,0.06654056229202278,0.726091,999999,726090,0.7252155003065377,0.7269646421307024,0.7268199221145801,1.0,1.0,1.0,False,False
ENSG00000139372,TDG,31,ok,0.06515380769396047,0.726508,999999,726507,0.7256329143462281,0.727381226508856,0.7276719724680968,1.0,1.0,1.0,False,False
ENSG00000134909,ARHGAP32,31,ok,-0.0649389939774251,0.72742,999999,727419,0.726545823226513,0.7282923141683044,0.7285361416908751,1.0,1.0,1.0,False,False
ENSG00000113312,TTC1,33,ok,0.06237458281191743,0.729143,999999,729142,0.7282705529424414,0.7300135779150088,0.7302186274786918,1.0,1.0,1.0,False,False
ENSG00000108883,EFTUD2,32,ok,-0.0631598723904061,0.73023,999999,730229,0.7293586526994822,0.7310994740336676,0.731286737838745,1.0,1.0,1.0,False,False
ENSG00000134987,WDR36,31,ok,-0.0639693299409441,0.730759,999999,730758,0.7298881903016511,0.7316279344243561,0.7324410355825203,1.0,1.0,1.0,False,False
ENSG00000111262,KCNA1,32,ok,-0.06280946268109297,0.730799,999999,730798,0.7299282310159554,0.7316678935582828,0.7327231864044995,1.0,1.0,1.0,False,False
ENSG00000111011,RSRC2,33,ok,0.061888444159068925,0.730973,999999,730972,0.7301024082277418,0.7318417156863007,0.7322440826285403,1.0,1.0,1.0,False,False
ENSG00000140519,RHCG,30,ok,0.06430796776921888,0.734845,999999,734844,0.7339783959043925,0.7357097133182423,0.7356554420885474,1.0,1.0,1.0,False,False
ENSG00000102837,OLFM4,30,ok,-0.06407831834066786,0.735455,999999,735454,0.7345890318857412,0.736319075022362,0.7365661821683624,1.0,1.0,1.0,False,False
ENSG00000100983,GSS,35,ok,0.05891831301667367,0.735586,999999,735585,0.7347201687422986,0.7364499376687483,0.7367210042126,1.0,1.0,1.0,False,False
ENSG00000145723,GIN1,33,ok,0.060603529448851716,0.736173,999999,736172,0.7353077831894734,0.7370363209943024,0.7376060817662623,1.0,1.0,1.0,False,False
ENSG00000146285,SCML4,30,ok,-0.06364040943480197,0.736946,999999,736945,0.7360815953434228,0.7378085059073255,0.7383038033493244,1.0,1.0,1.0,False,False
ENSG00000156030,MIDEAS,32,ok,0.061336756469405646,0.737024,999999,737023,0.7361596774846411,0.7378864234701477,0.7387699775738463,1.0,1.0,1.0,False,False
ENSG00000005108,THSD7A,33,ok,0.06067190457468797,0.737088,999999,737087,0.7362237449086566,0.7379503558032936,0.73732044114772,1.0,1.0,1.0,False,False
ENSG00000103274,NUBP1,31,ok,0.062165723453906,0.738168,999999,738167,0.7373048862415711,0.7390292103724638,0.7397216775301924,1.0,1.0,1.0,False,False
ENSG00000111731,C2CD5,33,ok,0.059944820876669566,0.739254,999999,739253,0.7383920406976153,0.740114051795713,0.7403596304491187,1.0,1.0,1.0,False,False
ENSG00000136573,BLK,30,ok,-0.06275033533190216,0.740313,999999,740312,0.7394521730275337,0.741171915447512,0.7418395037965793,1.0,1.0,1.0,False,False
ENSG00000070061,ELP1,33,ok,-0.05942828485456366,0.74137,999999,741369,0.7405103097195025,0.7422277747448254,0.7425210826916446,1.0,1.0,1.0,False,False
ENSG00000125818,PSMF1,33,ok,-0.05911865726611773,0.742229,999999,742228,0.7413702382847591,0.7430858429201308,0.7438176507251191,1.0,1.0,1.0,False,False
ENSG00000107105,ELAVL2,35,ok,0.05736901092743066,0.742404,999999,742403,0.7415454279862348,0.7432606525546233,0.7434082372314321,1.0,1.0,1.0,False,False
ENSG00000133104,SPART,34,ok,-0.05808177319215917,0.742805,999999,742804,0.7419468633504451,0.7436612156688288,0.7442126401395552,1.0,1.0,1.0,False,False
ENSG00000138435,CHRNA1,32,ok,0.05960022106453368,0.744703,999999,744702,0.7438469368287138,0.745557134988599,0.7459197489733846,1.0,1.0,1.0,False,False
ENSG00000112562,SMOC2,30,ok,0.06163774073381883,0.744797,999999,744796,0.743941040071529,0.7456510313890987,0.7462663835193599,1.0,1.0,1.0,False,False
ENSG00000139083,ETV6,31,ok,-0.060508270694248606,0.74488,999999,744879,0.7440241312761706,0.7457339398695115,0.7464318916533907,1.0,1.0,1.0,False,False
ENSG00000139679,LPAR6,32,ok,0.059395050412465636,0.74588,999999,745879,0.7450252333339362,0.746732834017209,0.746765876504973,1.0,1.0,1.0,False,False
ENSG00000065675,PRKCQ,33,ok,0.05816480107986614,0.746354,999999,746353,0.7454997577822027,0.7472063077703239,0.7478162594013046,1.0,1.0,1.0,False,False
ENSG00000115514,TXNDC9,30,ok,0.06141522181420214,0.746388,999999,746387,0.745533795452199,0.7472402699713125,0.7471527152757316,1.0,1.0,1.0,False,False
ENSG00000132429,POPDC3,30,ok,-0.0613176051635878,0.746911,999999,746910,0.7460573757725149,0.7477626876664385,0.7475416392972263,1.0,1.0,1.0,False,False
ENSG00000075651,PLD1,30,ok,-0.06119951381373333,0.747236,999999,747235,0.7463827372135305,0.7480873249921856,0.7480122197699548,1.0,1.0,1.0,False,False
ENSG00000140937,CDH11,32,ok,0.05876959775319729,0.748158,999999,748157,0.7473057660281606,0.7490082926789428,0.7493470390697852,1.0,1.0,1.0,False,False
ENSG00000082126,MPP4,32,ok,-0.05858622927346812,0.749082,999999,749081,0.7482308021840163,0.7499312530168649,0.7501042839191214,1.0,1.0,1.0,False,False
ENSG00000132424,PNISR,30,ok,0.06013363178093444,0.750695,999999,750694,0.7498456232858024,0.7515424257943195,0.752263634749698,1.0,1.0,1.0,False,False
ENSG00000138764,CCNG2,30,ok,0.060100167317136584,0.751744,999999,751743,0.7508958160664346,0.7525902290330726,0.7523972281250594,1.0,1.0,1.0,False,False
ENSG00000038210,PI4K2B,30,ok,-0.059857587894971045,0.752167,999999,752166,0.7513192989352409,0.7530127445591112,0.7533658380339249,1.0,1.0,1.0,False,False
ENSG00000134532,SOX5,31,ok,0.058598084009583704,0.753144,999999,753143,0.7522974183805148,0.7539886214064048,0.7541879236028909,1.0,1.0,1.0,False,False
ENSG00000137672,TRPC6,31,ok,-0.058093797572323844,0.754446,999999,754445,0.7536009192827764,0.7552891155633927,0.7562394635598488,1.0,1.0,1.0,False,False
ENSG00000151474,FRMD4A,30,ok,0.059425774897207004,0.754495,999999,754494,0.7536499759713938,0.7553380586888322,0.7550909574030303,1.0,1.0,1.0,False,False
ENSG00000136160,EDNRB,33,ok,0.05616850551654965,0.754495,999999,754494,0.7536499759713938,0.7553380586888322,0.7562056173508511,1.0,1.0,1.0,False,False
ENSG00000114805,PLCH1,31,ok,0.058082081569870915,0.755168,999999,755167,0.7543237560667373,0.7560102760396116,0.7562871460560754,1.0,1.0,1.0,False,False
ENSG00000136895,GARNL3,31,ok,-0.058076226226182456,0.755357,999999,755356,0.754512975644275,0.7561990557448612,0.7563109768178353,1.0,1.0,1.0,False,False
ENSG00000111816,FRK,31,ok,-0.05799878959047811,0.755822,999999,755821,0.7549785168129896,0.7566635128115717,0.7566261581269379,1.0,1.0,1.0,False,False
ENSG00000064655,EYA2,31,ok,-0.057886245630831175,0.756088,999999,756087,0.7552448269854555,0.7569292016296906,0.7570843010440076,1.0,1.0,1.0,False,False
ENSG00000108091,CCDC6,32,ok,0.05686508515729177,0.756398,999999,756397,0.755555189017052,0.7572388384217056,0.7572230343726954,1.0,1.0,1.0,False,False
ENSG00000123106,CCDC91,30,ok,0.058771148708815654,0.756854,999999,756853,0.7560117226360124,0.7576943030723111,0.7577084301373744,1.0,1.0,1.0,False,False
ENSG00000111912,NCOA7,33,ok,0.05551375322469819,0.75765,999999,757649,0.756808657223055,0.7584893654645857,0.7589632025198203,1.0,1.0,1.0,False,False
ENSG00000128833,MYO5C,30,ok,0.0583064430003263,0.758061,999999,758060,0.7572201413237791,0.7588998798041809,0.7595681172794748,1.0,1.0,1.0,False,False
ENSG00000138029,HADHB,34,ok,-0.054514878975381695,0.758492,999999,758491,0.7576516501137078,0.7593303693786698,0.7594435675652459,1.0,1.0,1.0,False,False
ENSG00000099954,CECR2,31,ok,0.05710826616178923,0.758691,999999,758690,0.7578508854222731,0.7595291333149269,0.7602534965041587,1.0,1.0,1.0,False,False
ENSG00000069431,ABCC9,33,ok,0.05533729017076416,0.758761,999999,758760,0.7579209682530105,0.7595990502185489,0.7597069028948225,1.0,1.0,1.0,False,False
ENSG00000103671,TRIP4,30,ok,0.057212824213780496,0.762394,999999,762393,0.7615583094692765,0.7632276952153524,0.763949798233572,1.0,1.0,1.0,False,False
ENSG00000110013,SIAE,36,ok,-0.05156099141676927,0.763874,999999,763873,0.7630401019518993,0.7647058971161498,0.7652097332662678,1.0,1.0,1.0,False,False
ENSG00000088179,PTPN4,30,ok,-0.056773909433449524,0.764793,999999,764792,0.7639602220320287,0.7656237735483973,0.7657103691222802,1.0,1.0,1.0,False,False
ENSG00000118017,A4GNT,30,ok,0.0565260935957362,0.765354,999999,765353,0.7645219084454005,0.7661840850060078,0.7667049118511388,1.0,1.0,1.0,False,False
ENSG00000081923,ATP8B1,30,ok,0.05619853244024254,0.766774,999999,766773,0.7659436549581351,0.767602333104275,0.7680200485888918,1.0,1.0,1.0,False,False
ENSG00000120658,ENOX1,38,ok,0.04963879159369524,0.767085,999999,767084,0.7662550392101529,0.7679129476719829,0.7672646280929412,1.0,1.0,1.0,False,False
ENSG00000111961,SASH1,31,ok,-0.054659137860471246,0.769328,999999,769327,0.7685008291579944,0.7701531492116616,0.7702550176402251,1.0,1.0,1.0,False,False
ENSG00000104756,KCTD9,33,ok,0.05291757305196566,0.769486,999999,769485,0.7686590269250566,0.7703109508449631,0.7699258043742611,1.0,1.0,1.0,False,False
ENSG00000089123,TASP1,34,ok,0.05196393152544033,0.769767,999999,769766,0.7689403790546545,0.7705915976489215,0.7703914474168542,1.0,1.0,1.0,False,False
ENSG00000022277,RTF2,32,ok,0.05359768301852229,0.77003,999999,770029,0.7692037090977035,0.7708542666077396,0.7707906657467838,1.0,1.0,1.0,False,False
ENSG00000101343,CRNKL1,32,ok,-0.053650040293629235,0.770198,999999,770197,0.7693719201617009,0.7710220549061507,0.7705727189045174,1.0,1.0,1.0,False,False
ENSG00000111845,PAK1IP1,31,ok,-0.05444646208704611,0.770943,999999,770942,0.7701178583699408,0.7717661138704853,0.7711252587736359,1.0,1.0,1.0,False,False
ENSG00000148655,LRMDA,30,ok,-0.05518469206493523,0.771188,999999,771187,0.7703631677083802,0.7720108036022177,0.7720945393957386,1.0,1.0,1.0,False,False
ENSG00000120158,RCL1,32,ok,0.05301293422728171,0.77176,999999,771759,0.7709358914643177,0.7725820776754091,0.7732259542408232,1.0,1.0,1.0,False,False
ENSG00000105967,TFEC,34,ok,-0.05104302113175514,0.773238,999999,773237,0.772415771643955,0.7740581918863761,0.7743545605379555,1.0,1.0,1.0,False,False
ENSG00000144962,SPATA16,30,ok,-0.05477622046280196,0.773244,999999,773243,0.7724217793062623,0.7740641842012971,0.7737378199825848,1.0,1.0,1.0,False,False
ENSG00000152422,XRCC4,31,ok,-0.05344358417373154,0.77514,999999,775139,0.7743202126645263,0.7759577436471182,0.7752325639919851,1.0,1.0,1.0,False,False
ENSG00000109220,CHIC2,31,ok,-0.05263688642269552,0.777032,999999,777031,0.7762146650188915,0.7778472841119051,0.7785407435636862,1.0,1.0,1.0,False,False
ENSG00000128849,CGNL1,30,ok,0.053299210299916626,0.778237,999999,778236,0.7774212395687751,0.7790507049885351,0.779687785376298,1.0,1.0,1.0,False,False
ENSG00000145012,LPP,33,ok,0.05056414560075236,0.778531,999999,778530,0.7777156252365359,0.7793443182049121,0.7799013376123739,1.0,1.0,1.0,False,False
ENSG00000124194,GDAP1L1,35,ok,-0.0489804509456065,0.778596,999999,778595,0.7777807105830393,0.7794092326117041,0.7799254565930653,1.0,1.0,1.0,False,False
ENSG00000151576,QTRT2,32,ok,0.0516134946828016,0.778725,999999,778724,0.7779098800486963,0.779538062656433,0.7790627344707229,1.0,1.0,1.0,False,False
ENSG00000134480,CCNH,37,ok,0.047497628417517826,0.77948,999999,779479,0.7786658741709245,0.7802920656686229,0.7801235960871697,1.0,1.0,1.0,False,False
ENSG00000114030,KPNA1,30,ok,-0.052895328187393,0.779511,999999,779510,0.7786969150728544,0.7803230246490328,0.7813169198787727,1.0,1.0,1.0,False,False
ENSG00000139946,PELI2,31,ok,-0.05183019295339254,0.781145,999999,781144,0.7803330803791363,0.7819548531408806,0.7818527110135494,1.0,1.0,1.0,False,False
ENSG00000144840,RABL3,35,ok,-0.04806277693219795,0.783345,999999,783344,0.7825360249866676,0.7841519001830737,0.7839501082092158,1.0,1.0,1.0,False,False
ENSG00000077147,TM9SF3,30,ok,-0.05193941337630871,0.783939,999999,783938,0.7831308258307095,0.7847450970844284,0.7851763869511761,1.0,1.0,1.0,False,False
ENSG00000147408,CSGALNACT1,31,ok,-0.051028640580879414,0.784046,999999,784045,0.7832379703538949,0.7848519521551095,0.7851472865321558,1.0,1.0,1.0,False,False
ENSG00000091844,RGS17,32,ok,0.05005959496606201,0.784446,999999,784445,0.7836385113409681,0.7852514096497764,0.7855576057824832,1.0,1.0,1.0,False,False
ENSG00000054796,SPO11,32,ok,-0.05022914841502382,0.784634,999999,784633,0.7838267659942584,0.7854391542829018,0.7848482217874453,1.0,1.0,1.0,False,False
ENSG00000135596,MICAL1,31,ok,0.04971762908710757,0.78889,999999,788889,0.7880885980803447,0.7896893060421428,0.7905437055518741,1.0,1.0,1.0,False,False
ENSG00000132639,SNAP25,38,ok,-0.04440429499356371,0.789961,999999,789960,0.7891610861476144,0.7907588139095292,0.7912304817085513,1.0,1.0,1.0,False,False
ENSG00000134516,DOCK2,31,ok,-0.049425055477103096,0.79065,999999,790649,0.7898510478497985,0.7914468495919886,0.7917493134064828,1.0,1.0,1.0,False,False
ENSG00000153060,TEKT5,34,ok,0.047149626104701026,0.790877,999999,790876,0.7900783654509329,0.7916735311291871,0.7911705268805017,1.0,1.0,1.0,False,False
ENSG00000135547,HEY2,30,ok,-0.05030046739372353,0.790953,999999,790952,0.7901544718682079,0.7917494244234242,0.7918051494787186,1.0,1.0,1.0,False,False
ENSG00000142871,CCN1,30,ok,-0.05022272213160896,0.791066,999999,791065,0.7902676301717202,0.7918622656909752,0.7921199500455434,1.0,1.0,1.0,False,False
ENSG00000109320,NFKB1,30,ok,-0.050311666429238885,0.791392,999999,791391,0.7905940873923464,0.7921878072328831,0.791759805786222,1.0,1.0,1.0,False,False
ENSG00000131043,AAR2,36,ok,-0.04544869318913351,0.791551,999999,791550,0.7907533106741582,0.7923465833475203,0.7923931091756233,1.0,1.0,1.0,False,False
ENSG00000125991,ERGIC3,31,ok,0.04903463241545058,0.791723,999999,791722,0.7909255524198313,0.7925183409489482,0.7933588640784824,1.0,1.0,1.0,False,False
ENSG00000081019,RSBN1,35,ok,-0.0458940582959641,0.792263,999999,792262,0.7914663127964433,0.7930575785225299,0.7934832350431562,1.0,1.0,1.0,False,False
ENSG00000153317,ASAP1,31,ok,0.04920346944162686,0.792373,999999,792372,0.7915764679501291,0.7931674229512895,0.7926627170366712,1.0,1.0,1.0,False,False
ENSG00000147439,BIN3,32,ok,0.048138642518950794,0.792466,999999,792465,0.7916695991948289,0.7932602913535659,0.7936062346979288,1.0,1.0,1.0,False,False
ENSG00000008513,ST3GAL1,33,ok,0.04730068593563827,0.792975,999999,792974,0.7921793186389804,0.7937685699772676,0.7937911380030634,1.0,1.0,1.0,False,False
ENSG00000151834,GABRA2,31,ok,-0.048632838395414234,0.793883,999999,793882,0.7930886067906014,0.7946752783788839,0.7950161633699853,1.0,1.0,1.0,False,False
ENSG00000151012,SLC7A11,31,ok,-0.0485123572382967,0.793976,999999,793975,0.7931817390708951,0.794768145745561,0.7955132890079878,1.0,1.0,1.0,False,False
ENSG00000109079,TNFAIP1,30,ok,-0.049415693127423464,0.794484,999999,794483,0.7936904627656567,0.795275420122418,0.7953895982248353,1.0,1.0,1.0,False,False
ENSG00000112499,SLC22A2,30,ok,0.04909273101775968,0.795214,999999,795213,0.7944215060779354,0.7960043740390224,0.7966990228538052,1.0,1.0,1.0,False,False
ENSG00000111058,ACSS3,32,ok,0.0474529938539234,0.795301,999999,795300,0.7945086306825684,0.7960912491041313,0.7964841504839556,1.0,1.0,1.0,False,False
ENSG00000146006,LRRTM2,32,ok,-0.04741379390100767,0.795671,999999,795670,0.7948791612413135,0.7964607171408378,0.7966487666710781,1.0,1.0,1.0,False,False
ENSG00000028839,TBPL1,32,ok,-0.047413796293686,0.796024,999999,796023,0.7952326683768425,0.7968132086652886,0.7966487566230084,1.0,1.0,1.0,False,False
ENSG00000125409,TEKT3,32,ok,-0.0473047304730473,0.796305,999999,796304,0.7955140727409803,0.7970938032344455,0.797106812522258,1.0,1.0,1.0,False,False
ENSG00000119812,FAM98A,30,ok,0.04898687354376511,0.796576,999999,796575,0.7957854632759405,0.7973644116707379,0.7971283316381066,1.0,1.0,1.0,False,False
ENSG00000111790,FGFR1OP2,31,ok,-0.04781117611458545,0.796776,999999,796775,0.7959857518473813,0.7975641223400719,0.7984080357725049,1.0,1.0,1.0,False,False
ENSG00000156097,GPR61,30,ok,-0.048737064950654455,0.797202,999999,797201,0.7964123675076713,0.7979895050626269,0.7981416691740534,1.0,1.0,1.0,False,False
ENSG00000138823,MTTP,37,ok,-0.04340344033985545,0.797984,999999,797983,0.7971955012260131,0.7987703683756853,0.7986679886819344,1.0,1.0,1.0,False,False
ENSG00000156011,PSD3,32,ok,0.04685064657080161,0.79838,999999,798379,0.7975920770985063,0.7991657909999015,0.7990145906287685,1.0,1.0,1.0,False,False
ENSG00000074582,BCS1L,32,ok,-0.046758962330937015,0.798861,999999,798860,0.7980737781804905,0.7996460880919419,0.7993999293473076,1.0,1.0,1.0,False,False
ENSG00000074054,CLASP1,30,ok,-0.048186067215668836,0.799467,999999,799466,0.7986806639624963,0.800251200009421,0.8003779018819218,1.0,1.0,1.0,False,False
ENSG00000112118,MCM3,30,ok,0.04828660555681837,0.799617,999999,799616,0.7988308836479021,0.8004009797545781,0.799969749554334,1.0,1.0,1.0,False,False
ENSG00000150456,EEF1AKMT1,30,ok,-0.04808548649874159,0.800141,999999,800140,0.7993556524322636,0.8009242089808257,0.8007862778067306,1.0,1.0,1.0,False,False
ENSG00000111879,FAM184A,31,ok,0.04699949595260928,0.800805,999999,800804,0.8000206296399014,0.8015872292524542,0.8017622439925505,1.0,1.0,1.0,False,False
ENSG00000156787,TBC1D31,30,ok,-0.04775156305893031,0.800887,999999,800886,0.8001027505541347,0.8016691080269241,0.8021424360056886,1.0,1.0,1.0,False,False
ENSG00000144476,ACKR3,31,ok,-0.04678834348684049,0.80154,999999,801539,0.8007567152928062,0.8023211408092571,0.8026353860490693,1.0,1.0,1.0,False,False
ENSG00000100577,GSTZ1,33,ok,0.04496072267380458,0.80253,999999,802529,0.8017481841985354,0.8033096681451375,0.803789073537062,1.0,1.0,1.0,False,False
ENSG00000080166,DCT,34,ok,0.04417271698035266,0.802802,999999,802801,0.8020205891078864,0.8035812622031707,0.8040912657751564,1.0,1.0,1.0,False,False
ENSG00000013297,CLDN11,30,ok,-0.04706798738385121,0.803231,999999,803230,0.8024502289033224,0.80400962077908,0.8049203853739668,1.0,1.0,1.0,False,False
ENSG00000095637,SORBS1,30,ok,0.04706798738385125,0.804257,999999,804256,0.8034777648707889,0.8050340809164761,0.8049203853739668,1.0,1.0,1.0,False,False
ENSG00000137822,TUBGCP4,31,ok,0.04580769425626157,0.806025,999999,806024,0.8052484310482613,0.8067994080268026,0.8066935380982819,1.0,1.0,1.0,False,False
ENSG00000069535,MAOB,31,ok,-0.04558749392828193,0.806223,999999,806222,0.8054467311739317,0.8069971071494173,0.8076054597856485,1.0,1.0,1.0,False,False
ENSG00000152818,UTRN,30,ok,-0.04628393528026824,0.807263,999999,807262,0.8064883127083237,0.8080355216665943,0.8081095228759971,1.0,1.0,1.0,False,False
ENSG00000114113,RBP2,32,ok,0.04473370780573914,0.807453,999999,807452,0.8066786025738507,0.8082252310797138,0.8079235185197102,1.0,1.0,1.0,False,False
ENSG00000052841,TTC17,33,ok,0.043649138358034606,0.808777,999999,808776,0.8080046305079728,0.8095471981188491,0.809406550111821,1.0,1.0,1.0,False,False
ENSG00000106511,MEOX2,36,ok,0.04127495307547003,0.810293,999999,810292,0.8095229698728874,0.8110608529981347,0.8110966963758283,1.0,1.0,1.0,False,False
ENSG00000133083,DCLK1,33,ok,-0.043216585827663925,0.810867,999999,810866,0.8100978604893535,0.8116339602023322,0.8112612234546047,1.0,1.0,1.0,False,False
ENSG00000115170,ACVR1,36,ok,-0.040947721173879195,0.812348,999999,812347,0.8115811708419443,0.8131126442266745,0.8125676127059742,1.0,1.0,1.0,False,False
ENSG00000116455,WDR77,33,ok,0.04263501325143253,0.812723,999999,812722,0.8119567586985932,0.8134870549462065,0.8137564425455751,1.0,1.0,1.0,False,False
ENSG00000105865,DUS4L,32,ok,0.04309554446204742,0.813626,999999,813625,0.8128611790239803,0.8143886311922337,0.8148338891974254,1.0,1.0,1.0,False,False
ENSG00000069667,RORA,34,ok,0.04134189258126948,0.815404,999999,815403,0.8146419954471718,0.8161638080180602,0.8164254661262919,1.0,1.0,1.0,False,False
ENSG00000153714,LURAP1L,34,ok,-0.041303357893097234,0.815688,999999,815687,0.8149264477637009,0.8164473546231813,0.8165936720408444,1.0,1.0,1.0,False,False
ENSG00000040933,INPP4A,35,ok,-0.04062193624388177,0.815785,999999,815784,0.815023602407355,0.8165441996112166,0.8167786171886082,1.0,1.0,1.0,False,False
ENSG00000036473,OTC,30,ok,0.04385086282028115,0.817099,999999,817098,0.8163397050878953,0.817856091941347,0.818025052658688,1.0,1.0,1.0,False,False
ENSG00000109851,DBX1,30,ok,-0.04365257099104626,0.817203,999999,817202,0.8164438721338597,0.817959924500485,0.8188343896658112,1.0,1.0,1.0,False,False
ENSG00000124214,STAU1,31,ok,-0.042767803106717774,0.818491,999999,818490,0.8177339485609478,0.8192458431826933,0.8193042224303648,1.0,1.0,1.0,False,False
ENSG00000153993,SEMA3D,32,ok,-0.041983683373752675,0.818554,999999,818553,0.8177970504885168,0.8193087410159028,0.8195319593727038,1.0,1.0,1.0,False,False
ENSG00000132300,PTCD3,31,ok,-0.04262630524824002,0.818854,999999,818853,0.8180975363242433,0.8196082540410232,0.8198923175248216,1.0,1.0,1.0,False,False
ENSG00000121957,GPSM2,32,ok,-0.0416246448985204,0.820308,999999,820307,0.8195539019723036,0.8210598828717967,0.8210503668024267,1.0,1.0,1.0,False,False
ENSG00000009844,VTA1,34,ok,0.04022329856688041,0.821152,999999,821151,0.8203992835398365,0.8219024980993507,0.821311433795733,1.0,1.0,1.0,False,False
ENSG00000149201,CCDC81,30,ok,-0.04240400694042413,0.823371,999999,823370,0.8226219455605108,0.8241178276524359,0.8239346204744451,1.0,1.0,1.0,False,False
ENSG00000154654,NCAM2,31,ok,0.04156578223848349,0.823903,999999,823902,0.823154829962299,0.8246489412303994,0.8243031096754694,1.0,1.0,1.0,False,False
ENSG00000048649,RSF1,34,ok,-0.03943446706204497,0.824059,999999,824058,0.8233110897735655,0.8248046808267262,0.8247609986573483,1.0,1.0,1.0,False,False
ENSG00000023697,DERA,30,ok,-0.04207011712199565,0.824439,999999,824438,0.8236917235515071,0.8251840456057363,0.8252997203181325,1.0,1.0,1.0,False,False
ENSG00000144290,SLC4A10,31,ok,-0.04116223095461471,0.825001,999999,825000,0.8242546632320819,0.8257451037909533,0.8259828978086882,1.0,1.0,1.0,False,False
ENSG00000039123,MTREX,32,ok,-0.04026414900653399,0.825212,999999,825211,0.8244660167581515,0.8259557494636013,0.8268097640855894,1.0,1.0,1.0,False,False
ENSG00000107020,PLGRKT,32,ok,-0.0405170058404441,0.826381,999999,826380,0.8256369826237093,0.8271227791586622,0.8257386648787984,1.0,1.0,1.0,False,False
ENSG00000081051,AFP,32,ok,-0.040150334754811515,0.826732,999999,826731,0.8259885752885587,0.8274731851608427,0.8272919801374393,1.0,1.0,1.0,False,False
ENSG00000135540,NHSL1,33,ok,0.03937468705762374,0.826921,999999,826920,0.8261778948768123,0.8276618648548331,0.8277774019833664,1.0,1.0,1.0,False,False
ENSG00000154767,XPC,35,ok,0.03814065496620155,0.82706,999999,827059,0.8263171301241767,0.8278006290795935,0.827797361972568,1.0,1.0,1.0,False,False
ENSG00000106105,GARS1,30,ok,-0.04130944356880154,0.827094,999999,827093,0.826351187693331,0.8278345713813186,0.8284115737002358,1.0,1.0,1.0,False,False
ENSG00000156869,FRRS1,30,ok,0.04138851802403203,0.827824,999999,827823,0.8270824262674992,0.8285633300348357,0.828087967132669,1.0,1.0,1.0,False,False
ENSG00000136634,IL10,34,ok,0.038438025370625094,0.827896,999999,827895,0.8271545486907457,0.8286352073381537,0.8291230472169888,1.0,1.0,1.0,False,False
ENSG00000146085,MMUT,35,ok,-0.03790107888468546,0.829046,999999,829045,0.8283065104793836,0.8297832411820976,0.8288630074675744,1.0,1.0,1.0,False,False
ENSG00000127249,ATP13A4,35,ok,0.03768298671427536,0.829259,999999,829258,0.8285198751669128,0.8299958756856373,0.8298333528128153,1.0,1.0,1.0,False,False
ENSG00000138036,DYNC2LI1,32,ok,-0.039691997600076176,0.829477,999999,829476,0.8287382488472504,0.8302135011773766,0.8292345183978774,1.0,1.0,1.0,False,False
ENSG00000143199,ADCY10,30,ok,-0.0409389256065378,0.829656,999999,829655,0.8289175560037678,0.8303921933410485,0.829928257947411,1.0,1.0,1.0,False,False
ENSG00000132254,ARFIP2,34,ok,0.038146931665999646,0.830019,999999,830018,0.8292811798042272,0.8307545681619722,0.8303982999264617,1.0,1.0,1.0,False,False
ENSG00000100280,AP1B1,30,ok,-0.040396171822835523,0.830675,999999,830674,0.8299383102054745,0.8314094352693187,0.8321510555371144,1.0,1.0,1.0,False,False
ENSG00000152932,RAB3C,36,ok,-0.03669842935394828,0.831092,999999,831091,0.8303560308453835,0.831825713045681,0.8317239282632221,1.0,1.0,1.0,False,False
ENSG00000113600,C9,31,ok,0.039745790178813335,0.831773,999999,831772,0.8310382112029514,0.8325055301017112,0.8318847806631552,1.0,1.0,1.0,False,False
ENSG00000137941,TTLL7,30,ok,-0.04017360437807439,0.832553,999999,832552,0.8318195684895842,0.8332841698526421,0.8330629277623365,1.0,1.0,1.0,False,False
ENSG00000120694,HSPH1,31,ok,0.03903570708089571,0.834032,999999,834031,0.8333011578658563,0.8347605748590219,0.8348468865651646,1.0,1.0,1.0,False,False
ENSG00000101974,ATP11C,35,ok,-0.03622477578475337,0.835606,999999,835605,0.8348779364301994,0.8363317903163486,0.836327584697664,1.0,1.0,1.0,False,False
ENSG00000011083,SLC6A7,33,ok,-0.037043232204936584,0.836826,999999,836825,0.8361001064709912,0.8375496156416611,0.8378361319528875,1.0,1.0,1.0,False,False
ENSG00000118217,ATF6,30,ok,-0.038890151179232696,0.83713,999999,837129,0.836404649446903,0.8378530715110573,0.8383254207691245,1.0,1.0,1.0,False,False
ENSG00000137996,RTCA,33,ok,-0.03704943346279395,0.83718,999999,837179,0.8364547388382322,0.8379029819298109,0.8378093433276125,1.0,1.0,1.0,False,False
ENSG00000154240,CEP112,30,ok,-0.03894947696416651,0.837928,999999,837927,0.8372040790433761,0.8386496388834852,0.8380820170277771,1.0,1.0,1.0,False,False
ENSG00000123836,PFKFB2,35,ok,-0.03545155266427426,0.838959,999999,838958,0.8382369352899306,0.8396787787207429,0.8397755312850352,1.0,1.0,1.0,False,False
ENSG00000111554,MDM1,33,ok,0.03644266335408011,0.839376,999999,839375,0.838654689044798,0.8400950233819053,0.8404313534148139,1.0,1.0,1.0,False,False
ENSG00000084110,HAL,30,ok,-0.03829882365972211,0.840063,999999,840062,0.8393429345983987,0.8407807752187137,0.8407523341587555,1.0,1.0,1.0,False,False
ENSG00000151240,DIP2C,31,ok,0.037507562008469525,0.8405,999999,840499,0.8397807293357342,0.8412169788214017,0.8412290139288865,1.0,1.0,1.0,False,False
ENSG00000145934,TENM2,38,ok,0.03354676303387141,0.841206,999999,841205,0.8404880173125732,0.8419216881627392,0.8415242052844386,1.0,1.0,1.0,False,False
ENSG00000082438,COBLL1,32,ok,0.036493673821052855,0.842059,999999,842058,0.8413425801418172,0.8427731220932237,0.8428167338331607,1.0,1.0,1.0,False,False
ENSG00000122877,EGR2,32,ok,-0.03556696320745864,0.847024,999999,847023,0.8463168242848598,0.8477288590886004,0.846760650305972,1.0,1.0,1.0,False,False
ENSG00000113597,TRAPPC13,33,ok,-0.03469319511787327,0.847289,999999,847288,0.8465823248682532,0.8479933574984393,0.8480005898328253,1.0,1.0,1.0,False,False
ENSG00000114279,FGF12,30,ok,0.03627058389751794,0.849275,999999,849274,0.8485721000517144,0.8499755747697276,0.849087335736131,1.0,1.0,1.0,False,False
ENSG00000108423,TUBD1,32,ok,0.034650288897988,0.850106,999999,850105,0.8494046921814586,0.85080497948273,0.8506654414346041,1.0,1.0,1.0,False,False
ENSG00000146410,MTFR2,30,ok,0.03582953354185842,0.850502,999999,850501,0.8498014534998032,0.8512002166598245,0.8509019663373113,1.0,1.0,1.0,False,False
ENSG00000101958,GLRA2,33,ok,0.033813220810532466,0.851094,999999,851093,0.8503945947945807,0.851791073115778,0.8518129675771017,1.0,1.0,1.0,False,False
ENSG00000124786,SLC35B3,32,ok,0.03410028545847328,0.852171,999999,852170,0.8514736808769867,0.852865982941293,0.8530099866130085,1.0,1.0,1.0,False,False
ENSG00000105821,DNAJC2,32,ok,0.03410966497847154,0.852363,999999,852362,0.8516660541008487,0.8530576089879129,0.8529699933679515,1.0,1.0,1.0,False,False
ENSG00000023228,NDUFS1,31,ok,-0.03469840629412952,0.852457,999999,852456,0.8517602369725338,0.8531514257590666,0.8529866774037176,1.0,1.0,1.0,False,False
ENSG00000107611,CUBN,30,ok,0.03516190074065479,0.852743,999999,852742,0.852046793966607,0.8534368676783064,0.853650251603476,1.0,1.0,1.0,False,False
ENSG00000124019,FAM124B,32,ok,0.03364194715757035,0.853908,999999,853907,0.8532140721711124,0.8545995850471826,0.8549647259108285,1.0,1.0,1.0,False,False
ENSG00000125848,FLRT3,33,ok,0.03276222326528091,0.856007,999999,856006,0.8553172150471817,0.8566944341952751,0.8563705924734748,1.0,1.0,1.0,False,False
ENSG00000136878,USP20,30,ok,0.034271726038359714,0.856883,999999,856882,0.8561949587444366,0.8575686871692444,0.8573172302220572,1.0,1.0,1.0,False,False
ENSG00000091482,SMPX,34,ok,-0.03194985868845407,0.856987,999999,856986,0.8562991663388483,0.8576724791796306,0.8576429960594661,1.0,1.0,1.0,False,False
ENSG00000110243,APOA5,30,ok,0.03406434397150673,0.857371,999999,857370,0.856683933912159,0.8580557101471025,0.8581719393675551,1.0,1.0,1.0,False,False
ENSG00000151704,KCNJ1,32,ok,-0.032822957871520494,0.857476,999999,857475,0.8567891440894098,0.8581604995708444,0.8584596806360564,1.0,1.0,1.0,False,False
ENSG00000139767,SRRM4,30,ok,0.03406055293660862,0.857598,999999,857597,0.8569113884541752,0.8582822547424689,0.8581875652904025,1.0,1.0,1.0,False,False
ENSG00000075223,SEMA3C,31,ok,0.03348124311748425,0.858169,999999,858168,0.8574835344359526,0.8588521065908253,0.8580908642523168,1.0,1.0,1.0,False,False
ENSG00000111224,PARP11,31,ok,0.03298033299678803,0.859358,999999,859357,0.8586749328228792,0.8600387036854537,0.8601930815033885,1.0,1.0,1.0,False,False
ENSG00000153253,SCN3A,38,ok,-0.029503530968705307,0.859694,999999,859693,0.8590116135641483,0.8603740216672886,0.8604238460395273,1.0,1.0,1.0,False,False
ENSG00000114735,HEMK1,32,ok,-0.03208654198753207,0.860725,999999,860724,0.8600447106458516,0.8614029206674176,0.8616045128767508,1.0,1.0,1.0,False,False
ENSG00000012504,NR1H4,35,ok,0.029982486938716246,0.864027,999999,864026,0.8633535120423466,0.8646981067213728,0.864243332538845,1.0,1.0,1.0,False,False
ENSG00000113163,CERT1,30,ok,0.03228679901546337,0.865489,999999,865488,0.8648185655796804,0.8661570476271863,0.8655043046092452,1.0,1.0,1.0,False,False
ENSG00000144535,DIS3L2,30,ok,0.032049855330514125,0.865796,999999,865795,0.865126210118279,0.8664634019216934,0.8664825370211997,1.0,1.0,1.0,False,False
ENSG00000125863,MKKS,33,ok,-0.030259969186874926,0.866495,999999,866494,0.8658266820058678,0.8671609273771932,0.8672396370448556,1.0,1.0,1.0,False,False
ENSG00000094755,GABRP,33,ok,-0.030262497910048508,0.866665,999999,866664,0.8659970408940042,0.8673305678428751,0.8672286406301363,1.0,1.0,1.0,False,False
ENSG00000121577,POPDC2,33,ok,0.030254910260284876,0.867097,999999,867096,0.8664299545154094,0.8677616525793928,0.8672616363845896,1.0,1.0,1.0,False,False
ENSG00000099204,ABLIM1,38,ok,0.027796016800273833,0.867498,999999,867497,0.8668318046677146,0.8681618009028247,0.8684291126976535,1.0,1.0,1.0,False,False
ENSG00000101407,TTI1,35,ok,-0.029137774685438194,0.867811,999999,867810,0.867145469657487,0.8684741347232774,0.8680341354624831,1.0,1.0,1.0,False,False
ENSG00000138600,SPPL2A,30,ok,0.031601201931474567,0.868041,999999,868040,0.8673759590954115,0.8687036444110701,0.8683353508567613,1.0,1.0,1.0,False,False
ENSG00000009694,TENM1,32,ok,-0.030436377482633017,0.868335,999999,868334,0.867670585698523,0.8689970166903875,0.8686589643753361,1.0,1.0,1.0,False,False
ENSG00000107566,ERLIN1,33,ok,0.029625922671484225,0.868949,999999,868948,0.8682858978555166,0.8696097021993847,0.8699976196029207,1.0,1.0,1.0,False,False
ENSG00000147606,SLC26A7,36,ok,0.028323141821971154,0.869183,999999,869182,0.8685203991918944,0.8698431999734864,0.8697515058691982,1.0,1.0,1.0,False,False
ENSG00000103365,GGA2,30,ok,0.031159582343104782,0.8698,999999,869799,0.8691387244509514,0.8704588723689511,0.8701597848681009,1.0,1.0,1.0,False,False
ENSG00000048991,R3HDM1,32,ok,-0.02988632397495694,0.870061,999999,870060,0.8694002865262972,0.8707193093014195,0.8710126766819867,1.0,1.0,1.0,False,False
ENSG00000153015,CWC27,34,ok,-0.029058656759343247,0.870623,999999,870622,0.869963499802716,0.8712800938885406,0.8704112681033976,1.0,1.0,1.0,False,False
ENSG00000071794,HLTF,34,ok,0.028588901113799376,0.872057,999999,872056,0.8714006142037807,0.8727109740358973,0.8724889548700697,1.0,1.0,1.0,False,False
ENSG00000082146,STRADB,31,ok,0.029346510689794266,0.875224,999999,875223,0.8745745887361254,0.875870987462731,0.8754707338065078,1.0,1.0,1.0,False,False
ENSG00000133835,HSD17B4,30,ok,-0.02949360062785404,0.876877,999999,876876,0.8762312828720231,0.8775202870416342,0.8770481530765549,1.0,1.0,1.0,False,False
ENSG00000124784,RIOK1,34,ok,-0.02713237573734431,0.878804,999999,878803,0.8781626370366589,0.8794429255494705,0.8789363019713251,1.0,1.0,1.0,False,False
ENSG00000006695,COX10,32,ok,-0.02760201753925416,0.880161,999999,880160,0.879522734602204,0.8807968228235215,0.8807987478880427,1.0,1.0,1.0,False,False
ENSG00000016082,ISL1,30,ok,0.028383793410507556,0.88075,999999,880749,0.8801130872620123,0.8813844679237739,0.8816418165692457,1.0,1.0,1.0,False,False
ENSG00000128915,ICE2,35,ok,0.026061370323665414,0.881502,999999,881501,0.8808668215198565,0.8821347308060303,0.8818639391626536,1.0,1.0,1.0,False,False
ENSG00000014123,UFL1,31,ok,-0.027654429684688713,0.881717,999999,881716,0.8810823188573584,0.8823492326508545,0.8826001073116119,1.0,1.0,1.0,False,False
ENSG00000133302,SLF1,31,ok,0.027427650745764136,0.882869,999999,882868,0.8822369951556899,0.883498551971186,0.8835563095833244,1.0,1.0,1.0,False,False
ENSG00000156711,MAPK13,30,ok,-0.027150328419999245,0.886354,999999,886353,0.8857302115269227,0.8869753223443044,0.886751732181864,1.0,1.0,1.0,False,False
ENSG00000113924,HGD,36,ok,-0.02447350026512875,0.886602,999999,886601,0.8859788032294029,0.8872227296984444,0.8873329472941434,1.0,1.0,1.0,False,False
ENSG00000012174,MBTPS2,31,ok,0.026220250100847116,0.888173,999999,888172,0.887553573547938,0.8887899534036472,0.8886499292664403,1.0,1.0,1.0,False,False
ENSG00000141431,ASXL3,30,ok,-0.026488592261997245,0.889133,999999,889132,0.8885158964708944,0.88974762682852,0.8894949767119159,1.0,1.0,1.0,False,False
ENSG00000123636,BAZ2B,30,ok,0.026482697393277986,0.889543,999999,889542,0.888926892989347,0.8901566287502338,0.8895194197131788,1.0,1.0,1.0,False,False
ENSG00000064835,POU1F1,31,ok,-0.025612585622882676,0.890755,999999,890754,0.8901418544827153,0.8913656626456582,0.8912151237788785,1.0,1.0,1.0,False,False
ENSG00000149256,TENM4,36,ok,-0.02368844588746678,0.891046,999999,891045,0.8904335690513094,0.8916559469698756,0.8909251046019713,1.0,1.0,1.0,False,False
ENSG00000076641,PAG1,32,ok,-0.025297892267420796,0.891051,999999,891050,0.8904385813410933,0.8916609346610678,0.8906872506413244,1.0,1.0,1.0,False,False
ENSG00000112308,C6orf62,31,ok,-0.025214321862987783,0.892416,999999,892415,0.8918069516824064,0.8930225591260175,0.8928969410492917,1.0,1.0,1.0,False,False
ENSG00000115339,GALNT3,30,ok,-0.025595371210407503,0.892765,999999,892764,0.892156818309347,0.8933706911710946,0.8931998267831066,1.0,1.0,1.0,False,False
ENSG00000120008,WDR11,33,ok,0.024169944406420393,0.893219,999999,893218,0.8926119486858197,0.8938235590670661,0.8937889500191875,1.0,1.0,1.0,False,False
ENSG00000073921,PICALM,30,ok,0.025429440445561675,0.893587,999999,893586,0.8929808674531438,0.8941906388994014,0.8938883097558785,1.0,1.0,1.0,False,False
ENSG00000119401,TRIM32,32,ok,0.024204639324249762,0.894809,999999,894808,0.894205934651664,0.8954095670506345,0.8953848537228243,1.0,1.0,1.0,False,False
ENSG00000103089,FA2H,30,ok,-0.024702349212088734,0.896825,999999,896824,0.8962270503454944,0.897420443684338,0.8969060548364521,1.0,1.0,1.0,False,False
ENSG00000151779,NBAS,30,ok,-0.024490706030115456,0.897718,999999,897717,0.8971223388786997,0.898311151752277,0.8977847330004579,1.0,1.0,1.0,False,False
ENSG00000080608,PUM3,33,ok,-0.02290586858384884,0.898207,999999,898206,0.8976125980023456,0.8987988907673669,0.8993148316298877,1.0,1.0,1.0,False,False
ENSG00000004864,SLC25A13,30,ok,-0.024257260637540343,0.898683,999999,898682,0.8980898277226345,0.8992736592352419,0.8987540647092833,1.0,1.0,1.0,False,False
ENSG00000151532,VTI1A,33,ok,-0.02282799637008505,0.899781,999999,899780,0.8991906797995384,0.9003688029787313,0.899655402874023,1.0,1.0,1.0,False,False
ENSG00000148688,RPP30,30,ok,0.023939429016260696,0.900187,999999,900186,0.899597739900375,0.9007737413323571,0.9000740213697805,1.0,1.0,1.0,False,False
ENSG00000116885,OSCP1,30,ok,0.023812174465707138,0.900593,999999,900592,0.9000048030000796,0.9011786766870746,0.9006025837392285,1.0,1.0,1.0,False,False
ENSG00000100330,MTMR3,30,ok,-0.023822777683839585,0.900607,999999,900606,0.900018839712375,0.9011926399214828,0.9005585407956715,1.0,1.0,1.0,False,False
ENSG00000121964,QTMAN,37,ok,0.021105051577514234,0.90116,999999,901159,0.9005732927232839,0.9017441848053233,0.9013275814252798,1.0,1.0,1.0,False,False
ENSG00000115828,QPCT,32,ok,0.022733523638982178,0.901445,999999,901444,0.9008590437609992,0.9020284326825939,0.9017115668305059,1.0,1.0,1.0,False,False
ENSG00000010810,FYN,31,ok,0.02319015977781589,0.901635,999999,901634,0.9010495452874273,0.9022179304328117,0.901451624824737,1.0,1.0,1.0,False,False
ENSG00000154001,PPP2R5E,31,ok,0.022892295280354996,0.902273,999999,902272,0.9016892342703774,0.9028542390208483,0.902711423402578,1.0,1.0,1.0,False,False
ENSG00000134222,PSRC1,31,ok,0.022181891961389155,0.905336,999999,905335,0.9047604502443252,0.9059090113838711,0.9057169594359875,1.0,1.0,1.0,False,False
ENSG00000145888,GLRA1,30,ok,-0.022479412419318917,0.905371,999999,905370,0.9047955451697676,0.9059439163251441,0.9061407836056123,1.0,1.0,1.0,False,False
ENSG00000155926,SLA,37,ok,0.020157704712037594,0.905783,999999,905782,0.9052086643802582,0.9063547955456774,0.9057364796239279,1.0,1.0,1.0,False,False
ENSG00000134255,CEPT1,33,ok,0.021317505731834475,0.905785,999999,905784,0.9052106698214397,0.9063567900968794,0.9062648811354699,1.0,1.0,1.0,False,False
ENSG00000007341,ST7L,32,ok,0.021637480608041423,0.906522,999999,906521,0.9059496802680371,0.9070917768435235,0.9064291100695532,1.0,1.0,1.0,False,False
ENSG00000074771,NOX3,35,ok,-0.02031239060806669,0.907723,999999,907722,0.9071539796188921,0.9082894729184992,0.9077973635175883,1.0,1.0,1.0,False,False
ENSG00000005469,CROT,32,ok,-0.021089308992065736,0.90873,999999,908729,0.9081637684689199,0.9092936802328495,0.9087897136547581,1.0,1.0,1.0,False,False
ENSG00000116194,ANGPTL1,36,ok,0.019835137185666516,0.909156,999999,909155,0.9085909545040156,0.9097184925750452,0.908586314100688,1.0,1.0,1.0,False,False
ENSG00000111962,UST,34,ok,-0.020018337642041348,0.910145,999999,910144,0.9095827224838149,0.9107047208277566,0.9105292460752622,1.0,1.0,1.0,False,False
ENSG00000137251,TINAG,31,ok,0.020976200507339518,0.91049,999999,910489,0.9099286928638399,0.9110487491334189,0.9108208411721243,1.0,1.0,1.0,False,False
ENSG00000109107,ALDOC,31,ok,0.02087535296490526,0.91064,999999,910639,0.9100791155492929,0.911198325876514,0.9112479055110405,1.0,1.0,1.0,False,False
ENSG00000081189,MEF2C,41,ok,-0.017684467355196173,0.912104,999999,912103,0.9115472660644219,0.9126581697836315,0.9126136265306858,1.0,1.0,1.0,False,False
ENSG00000118733,OLFM3,38,ok,-0.018169877408056066,0.913348,999999,913347,0.9127948291876962,0.9138986019202318,0.9137784543600719,1.0,1.0,1.0,False,False
ENSG00000136010,ALDH1L2,33,ok,-0.019557041985402757,0.914042,999999,914041,0.9134908317326143,0.9145905967306726,0.9139759363110233,1.0,1.0,1.0,False,False
ENSG00000120899,PTK2B,36,ok,-0.01853639733337962,0.914412,999999,914411,0.9138619037438412,0.9149595233094094,0.9145491051579694,1.0,1.0,1.0,False,False
ENSG00000118257,NRP2,34,ok,-0.019104386590235473,0.914449,999999,914448,0.913899011113174,0.9149964157990704,0.9145988483397889,1.0,1.0,1.0,False,False
ENSG00000153822,KCNJ16,35,ok,-0.018772765664750328,0.914455,999999,914454,0.9139050285273053,0.9150023983620732,0.9147596147210433,1.0,1.0,1.0,False,False
ENSG00000141655,TNFRSF11A,30,ok,-0.020137961726746756,0.915087,999999,915086,0.9145388673458128,0.915632557134949,0.9158808206211445,1.0,1.0,1.0,False,False
ENSG00000075073,TACR2,30,ok,0.020140202639425724,0.915239,999999,915238,0.9146913109377606,0.9157841129636922,0.9158714928713022,1.0,1.0,1.0,False,False
ENSG00000156642,NPTN,30,ok,-0.02014917177932227,0.915608,999999,915607,0.9150613899979405,0.9161520324971284,0.9158341591329716,1.0,1.0,1.0,False,False
ENSG00000150054,MPP7,30,ok,-0.020028931793585447,0.916294,999999,916293,0.9157494043247205,0.9168360155556367,0.9163346685273435,1.0,1.0,1.0,False,False
ENSG00000118495,PLAGL1,31,ok,0.019360693856623645,0.917424,999999,917423,0.9168827461107043,0.9179626694622338,0.9176649676275326,1.0,1.0,1.0,False,False
ENSG00000151332,MBIP,32,ok,-0.018712165739786984,0.918455,999999,918454,0.9179168212853155,0.9189905903571476,0.9190350521605066,1.0,1.0,1.0,False,False
ENSG00000006062,MAP3K14,31,ok,0.01915708851210881,0.918532,999999,918531,0.9179940519684009,0.9190673593804985,0.9185279661008385,1.0,1.0,1.0,False,False
ENSG00000154007,ASB17,30,ok,0.019474738482083233,0.918689,999999,918688,0.9181515227621105,0.919223887988217,0.9186419487466376,1.0,1.0,1.0,False,False
ENSG00000154556,SORBS2,36,ok,0.01750434394512124,0.918821,999999,918820,0.9182839190463746,0.9193554912006872,0.9192907753522753,1.0,1.0,1.0,False,False
ENSG00000133704,IPO8,32,ok,0.018617021589757324,0.918903,999999,918902,0.9183661654339452,0.9194372445004783,0.9194453940369915,1.0,1.0,1.0,False,False
ENSG00000117600,PLPPR4,34,ok,0.01804695398414494,0.919088,999999,919087,0.9185517219035589,0.9196216873255121,0.9193099941889851,1.0,1.0,1.0,False,False
ENSG00000115963,RND3,35,ok,0.017656950846016584,0.919816,999999,919815,0.9192819197411011,0.9203474867121761,0.9198093089506131,1.0,1.0,1.0,False,False
ENSG00000114446,IFT57,32,ok,0.018075054659159248,0.921156,999999,921155,0.9206259992254991,0.9216834021179054,0.9217831980678007,1.0,1.0,1.0,False,False
ENSG00000135164,DMTF1,31,ok,-0.018363435408914545,0.921812,999999,921811,0.921284012671616,0.9223373861699564,0.9218927910427034,1.0,1.0,1.0,False,False
ENSG00000114200,BCHE,30,ok,-0.018250612063209423,0.923445,999999,923444,0.9229220724041668,0.9239653202086825,0.9237406397893241,1.0,1.0,1.0,False,False
ENSG00000100578,KIAA0586,31,ok,0.017448310729187573,0.925578,999999,925577,0.9250617863830217,0.9260915980920733,0.9257742558687012,1.0,1.0,1.0,False,False
ENSG00000036828,CASR,34,ok,0.016427261613691953,0.926672,999999,926671,0.9261592774750459,0.9271821028253792,0.926531337009513,1.0,1.0,1.0,False,False
ENSG00000104447,TRPS1,33,ok,0.016548266295340806,0.927285,999999,927284,0.9267742480651189,0.9277931298958465,0.9271722198135766,1.0,1.0,1.0,False,False
ENSG00000125304,TM9SF2,31,ok,-0.017050041743455605,0.927374,999999,927373,0.9268635350417017,0.9278818425795866,0.9274640258861439,1.0,1.0,1.0,False,False
ENSG00000108443,RPS6KB1,30,ok,-0.017158787260893617,0.927515,999999,927514,0.927004990144692,0.9280223869384476,0.9282907788680377,1.0,1.0,1.0,False,False
ENSG00000152413,HOMER1,33,ok,-0.016379742832835848,0.927895,999999,927894,0.9273862194500291,0.9284011561827276,0.9279119482395949,1.0,1.0,1.0,False,False
ENSG00000127585,FBXL16,30,ok,-0.017133956810483943,0.928402,999999,928401,0.9278948659736819,0.9289065077238363,0.9283942851625844,1.0,1.0,1.0,False,False
ENSG00000138400,MDH1B,35,ok,-0.01569067027127726,0.928881,999999,928880,0.9283754283155548,0.9293839435534719,0.9287152336535146,1.0,1.0,1.0,False,False
ENSG00000108244,KRT23,32,ok,-0.016130510561743708,0.929861,999999,929860,0.9293586454547658,0.9303607226728932,0.9301762402231054,1.0,1.0,1.0,False,False
ENSG00000140718,FTO,36,ok,-0.015002253837280273,0.930624,999999,930623,0.930124169762048,0.9311211954523034,0.9307974571896583,1.0,1.0,1.0,False,False
ENSG00000143106,PSMA5,30,ok,0.016594278104634586,0.930871,999999,930870,0.9303719906490845,0.9313673736220909,0.9306442282047186,1.0,1.0,1.0,False,False
ENSG00000090376,IRAK3,30,ok,-0.01591187280352418,0.933262,999999,933261,0.9327710330206481,0.9337503221184806,0.9334899525685973,1.0,1.0,1.0,False,False
ENSG00000145147,SLIT2,35,ok,-0.0144288018875006,0.934447,999999,934446,0.9339600851348271,0.9349312654770094,0.934435203424766,1.0,1.0,1.0,False,False
ENSG00000140563,MCTP2,31,ok,0.014922363683116332,0.936373,999999,936372,0.9358927684547517,0.9368505747967248,0.9364963824742568,1.0,1.0,1.0,False,False
ENSG00000104313,EYA1,37,ok,-0.013399739214334455,0.936783,999999,936782,0.9363042071354286,0.9372591345488535,0.937260650639605,1.0,1.0,1.0,False,False
ENSG00000006715,VPS41,34,ok,-0.013986548619532418,0.937176,999999,937175,0.9366985915276227,0.9376507486543276,0.9374238865352763,1.0,1.0,1.0,False,False
ENSG00000135824,RGS8,33,ok,0.014208107028310595,0.93748,999999,937479,0.9370036660372876,0.9379536729824731,0.937449360244389,1.0,1.0,1.0,False,False
ENSG00000150556,LYPD6B,34,ok,0.013833690003057146,0.938201,999999,938200,0.9377272272628718,0.9386721090002244,0.9381064640576539,1.0,1.0,1.0,False,False
ENSG00000129048,ACKR4,31,ok,0.014520520983051583,0.938232,999999,938231,0.9377583377918818,0.9387029983526801,0.9382031765287628,1.0,1.0,1.0,False,False
ENSG00000042980,ADAM28,30,ok,-0.014686248694700489,0.938484,999999,938483,0.9380112375402182,0.9389540976407463,0.9386029695941468,1.0,1.0,1.0,False,False
ENSG00000154646,TMPRSS15,30,ok,0.014463729775083825,0.939409,999999,939408,0.9389395595156902,0.9398757721278184,0.9395315290521723,1.0,1.0,1.0,False,False
ENSG00000125675,GRIA3,30,ok,-0.014468559515454298,0.939535,999999,939534,0.9390660143970928,0.9400013167645022,0.9395113739764663,1.0,1.0,1.0,False,False
ENSG00000144644,GADL1,31,ok,-0.014117173177966846,0.940231,999999,940230,0.9397645374728524,0.9406947910265023,0.9399166338707826,1.0,1.0,1.0,False,False
ENSG00000137171,KLC4,30,ok,-0.01380385180544721,0.942262,999999,942261,0.941803003015278,0.9427183177129483,0.9422856166550609,1.0,1.0,1.0,False,False
ENSG00000107242,PIP5K1B,36,ok,-0.01236078029987042,0.94254,999999,942539,0.9420820371066587,0.9429952825575736,0.9429601034328278,1.0,1.0,1.0,False,False
ENSG00000065413,ANKRD44,30,ok,0.013689482555569975,0.943037,999999,943036,0.9425808933245261,0.9434904244373462,0.9427630189909446,1.0,1.0,1.0,False,False
ENSG00000125780,TGM3,30,ok,0.013573654096617148,0.943187,999999,943186,0.9427314554555017,0.9436398617321707,0.9432465321961496,1.0,1.0,1.0,False,False
ENSG00000110777,POU2AF1,41,ok,0.011413138220698235,0.943389,999999,943388,0.9429342138635051,0.9438411025508768,0.9435394569225642,1.0,1.0,1.0,False,False
ENSG00000115183,TANC1,33,ok,-0.012788365095285845,0.94364,999999,943639,0.9431861584997053,0.9440911569537491,0.9436892945159461,1.0,1.0,1.0,False,False
ENSG00000138085,ATRAID,30,ok,0.013021702918712906,0.94524,999999,945239,0.9447922399204562,0.9456850694060576,0.9455508605433793,1.0,1.0,1.0,False,False
ENSG00000130340,SNX9,33,ok,0.011952524239384782,0.947126,999999,947125,0.9466855455490699,0.9475637565517705,0.9473644747230388,1.0,1.0,1.0,False,False
ENSG00000137868,STRA6,31,ok,-0.012304589069138065,0.947765,999999,947764,0.9473270556756046,0.9482002439761632,0.9476197973374547,1.0,1.0,1.0,False,False
ENSG00000108055,SMC3,30,ok,0.012461059498533763,0.947972,999999,947971,0.947534872694993,0.9484064261633085,0.9478919187895513,1.0,1.0,1.0,False,False
ENSG00000064989,CALCRL,34,ok,-0.011461755974471344,0.948596,999999,948595,0.9481613472363741,0.9490279492297111,0.9487033944064049,1.0,1.0,1.0,False,False
ENSG00000129535,NRL,33,ok,0.011699816309168479,0.948745,999999,948744,0.9483109407216558,0.9491763551731395,0.9484758409383788,1.0,1.0,1.0,False,False
ENSG00000058866,DGKG,32,ok,-0.011917858652838217,0.948827,999999,948826,0.9483932677702082,0.949258027810174,0.9483830109151086,1.0,1.0,1.0,False,False
ENSG00000100941,PNN,30,ok,0.012030748895431286,0.949796,999999,949795,0.949366156040596,0.9502231358236881,0.9496890405688978,1.0,1.0,1.0,False,False
ENSG00000155287,SLC25A28,30,ok,-0.012020033463427322,0.950154,999999,950153,0.9497256036880369,0.9505796868030106,0.949733794939431,1.0,1.0,1.0,False,False
ENSG00000153898,MCOLN2,33,ok,-0.010865023325223756,0.951805,999999,951804,0.9513833596787662,0.9522239244769892,0.9521477838175504,1.0,1.0,1.0,False,False
ENSG00000134352,IL6ST,32,ok,0.01100110029492761,0.951958,999999,951957,0.9515369925470628,0.952376291021396,0.9523488784026821,1.0,1.0,1.0,False,False
ENSG00000143919,CAMKMT,34,ok,-0.010698456490531836,0.952034,999999,952033,0.9516133073486348,0.9524519759280822,0.9521154611208912,1.0,1.0,1.0,False,False
ENSG00000113391,ARB2A,35,ok,0.010367049593723754,0.952936,999999,952935,0.9525190658764136,0.9533502139371219,0.9528673903348279,1.0,1.0,1.0,False,False
ENSG00000144935,TRPC1,31,ok,0.010696267268892723,0.954427,999999,954426,0.9540163712982448,0.9548349027878604,0.9544587891648907,1.0,1.0,1.0,False,False
ENSG00000060140,STYK1,31,ok,0.01028848114540506,0.956068,999999,956067,0.9556644501386998,0.9564688176394166,0.9561933229182904,1.0,1.0,1.0,False,False
ENSG00000107443,CCNJ,30,ok,-0.010014465896792708,0.958006,999999,958005,0.9576110082997307,0.9583982520222682,0.9581127980273453,1.0,1.0,1.0,False,False
ENSG00000151812,SLC35F4,34,ok,0.009325078373185147,0.958082,999999,958081,0.9576873484652555,0.9584739115641938,0.9582567393045271,1.0,1.0,1.0,False,False
ENSG00000091262,ABCC6,30,ok,-0.010015579790785668,0.958156,999999,958155,0.9577616800169296,0.9585475797276571,0.9581081430258592,1.0,1.0,1.0,False,False
ENSG00000003393,ALS2,30,ok,-0.009684961021000247,0.959287,999999,959286,0.9588977894822145,0.9596734659071421,0.9594898689187749,1.0,1.0,1.0,False,False
ENSG00000148634,HERC4,31,ok,0.009081737285125065,0.961565,999999,961564,0.961186330690224,0.9619409159181614,0.9613273752437994,1.0,1.0,1.0,False,False
ENSG00000134697,GNL2,30,ok,0.008795369386971057,0.96302,999999,963019,0.9626482490601003,0.963388991932826,0.9632082211254788,1.0,1.0,1.0,False,False
ENSG00000118420,UBE3D,32,ok,-0.008526634307406161,0.963022,999999,963021,0.9626502586741539,0.9633909823110495,0.9630586686831636,1.0,1.0,1.0,False,False
ENSG00000134954,ETS1,35,ok,-0.008056042051290575,0.963205,999999,963204,0.9628341395972074,0.963573100681307,0.9633660675620389,1.0,1.0,1.0,False,False
ENSG00000078098,FAP,38,ok,-0.007499042104397582,0.964422,999999,964421,0.9640570614005163,0.9647841741758163,0.9643595501703462,1.0,1.0,1.0,False,False
ENSG00000000457,SCYL3,31,ok,0.008276142010030563,0.964752,999999,964751,0.964388686595207,0.965112547705307,0.9647556122443073,1.0,1.0,1.0,False,False
ENSG00000138686,BBS7,32,ok,-0.008065994635989254,0.965407,999999,965406,0.9650469376798655,0.9657642940873025,0.9650531270070204,1.0,1.0,1.0,False,False
ENSG00000109339,MAPK10,33,ok,-0.007856904045469697,0.96547,999999,965469,0.9651102521805733,0.9658269793428546,0.9653868580279383,1.0,1.0,1.0,False,False
ENSG00000078618,NRDC,31,ok,0.008071025677375453,0.965508,999999,965507,0.9651484420338294,0.9658647893425742,0.9656285924615906,1.0,1.0,1.0,False,False
ENSG00000065485,PDIA5,31,ok,0.008067769425899847,0.965521,999999,965520,0.9651615070103449,0.9658777243157599,0.9656424514662163,1.0,1.0,1.0,False,False
ENSG00000113319,RASGRF2,32,ok,-0.007607699358386802,0.966996,999999,966995,0.9666439697295552,0.9673452558857182,0.967037640627937,1.0,1.0,1.0,False,False
ENSG00000104324,CPQ,33,ok,-0.0073541702514773495,0.967854,999999,967853,0.9675063960286505,0.9681988262609476,0.9676004257655498,1.0,1.0,1.0,False,False
ENSG00000140471,LINS1,31,ok,0.007461934394068162,0.968485,999999,968484,0.9681406930743656,0.9688265267675489,0.9682211262896885,1.0,1.0,1.0,False,False
ENSG00000113327,GABRG2,31,ok,0.007262457279109457,0.969202,999999,969201,0.9688614839498726,0.9695397331087137,0.9690702503542736,1.0,1.0,1.0,False,False
ENSG00000155304,HSPA13,33,ok,-0.006772009053012866,0.969995,999999,969994,0.9696587336094145,0.970328480368135,0.970164012746273,1.0,1.0,1.0,False,False
ENSG00000071243,ING3,33,ok,-0.00668784484199965,0.970411,999999,970410,0.9700769876068722,0.970742224753208,0.9705346604988748,1.0,1.0,1.0,False,False
ENSG00000080189,SLC35H1,32,ok,0.006051159831062386,0.973732,999999,973731,0.9734166385800067,0.97404456083412,0.9737791567093612,1.0,1.0,1.0,False,False
ENSG00000104375,STK3,32,ok,0.005867253490628041,0.974838,999999,974837,0.974529132170884,0.9751440629165713,0.9745757983452527,1.0,1.0,1.0,False,False
ENSG00000075089,ACTR6,32,ok,-0.00568390181904594,0.975707,999999,975706,0.9754033432764664,0.9760078484051619,0.9753700612400786,1.0,1.0,1.0,False,False
ENSG00000118689,FOXO3,32,ok,0.005591713287770528,0.975709,999999,975708,0.9754053553847598,0.9760098362890232,0.9757694224414525,1.0,1.0,1.0,False,False
ENSG00000138814,PPP3CA,31,ok,0.005847953335275277,0.975716,999999,975715,0.975412397768017,0.9760167938783071,0.9750923387746766,1.0,1.0,1.0,False,False
ENSG00000113361,CDH6,30,ok,-0.005785491910033534,0.97584,999999,975839,0.9755371496508145,0.9761400415090294,0.9757941926575278,1.0,1.0,1.0,False,False
ENSG00000154734,ADAMTS1,32,ok,0.005316223737356532,0.977195,999999,977194,0.9769005049044802,0.9774866809308341,0.9769628785967537,1.0,1.0,1.0,False,False
ENSG00000133020,MYH8,34,ok,0.004892218543932516,0.978186,999999,978185,0.9778977856637107,0.9784713962665789,0.9780933203917874,1.0,1.0,1.0,False,False
ENSG00000153814,JAZF1,32,ok,0.0049500414375203,0.978993,999999,978992,0.9787100138990066,0.9792731648437041,0.978549302737648,1.0,1.0,1.0,False,False
ENSG00000082258,CCNT2,31,ok,0.0049430043623397485,0.979252,999999,979251,0.9789707145069181,0.9795304632112002,0.9789457813757293,1.0,1.0,1.0,False,False
ENSG00000145730,PAM,31,ok,0.004839685518848522,0.979545,999999,979544,0.97926565205386,0.9798215245041965,0.9793857636087381,1.0,1.0,1.0,False,False
ENSG00000146842,TMEM209,34,ok,-0.00458645472413892,0.979561,999999,979560,0.9792817582827114,0.9798374182119668,0.9794621909952193,1.0,1.0,1.0,False,False
ENSG00000084676,NCOA1,31,ok,0.004638499758474841,0.980575,999999,980574,0.9803025830814316,0.9808445893898969,0.9802425280320386,1.0,1.0,1.0,False,False
ENSG00000125629,INSIG2,30,ok,0.004674457457999517,0.980577,999999,980576,0.9803045967272515,0.9808465757361278,0.9804416433020506,1.0,1.0,1.0,False,False
ENSG00000137269,LRRC1,32,ok,-0.004308369254511744,0.981246,999999,981245,0.9809782038127225,0.9815109659883624,0.9813294317252084,1.0,1.0,1.0,False,False
ENSG00000066651,TRMT11,35,ok,0.003924041849719525,0.982215,999999,982214,0.9819540339412232,0.9824731319913451,0.9821513034941157,1.0,1.0,1.0,False,False
ENSG00000047578,KATNIP,30,ok,-0.004117057998114648,0.982788,999999,982787,0.9825311655989839,0.9830419980383978,0.9827734877418678,1.0,1.0,1.0,False,False
ENSG00000138592,USP8,31,ok,-0.0038325769231741386,0.983788,999999,983787,0.9835385536001712,0.984034606016357,0.9836748170134697,1.0,1.0,1.0,False,False
ENSG00000057252,SOAT1,31,ok,0.003834124188850075,0.983817,999999,983816,0.9835677713786282,0.9840633881209815,0.9836682271772622,1.0,1.0,1.0,False,False
ENSG00000112902,SEMA5A,33,ok,0.0035105315947843493,0.984642,999999,984641,0.9843990548635316,0.9848821013018031,0.9845308604282719,1.0,1.0,1.0,False,False
ENSG00000121440,PDZRN3,33,ok,0.0031759298950654016,0.986035,999999,986034,0.9858030796802568,0.9862640708148009,0.9860051297830053,1.0,1.0,1.0,False,False
ENSG00000079689,SCGN,31,ok,-0.0031272067141866365,0.986857,999999,986856,0.9866318564338912,0.9870792906868741,0.9866791063399816,1.0,1.0,1.0,False,False
ENSG00000136828,RALGPS1,30,ok,-0.0028933897890025583,0.988201,999999,988200,0.9879874301649239,0.9884117113824329,0.9878930859150056,1.0,1.0,1.0,False,False
ENSG00000145936,KCNMB1,30,ok,-0.0028927458834000965,0.988291,999999,988290,0.9880782290716339,0.9885009120996123,0.987895780036767,1.0,1.0,1.0,False,False
ENSG00000072756,TRNT1,32,ok,0.0026598186782914313,0.988659,999999,988658,0.9884495292778408,0.9888656103512614,0.9884729034470418,1.0,1.0,1.0,False,False
ENSG00000138757,G3BP2,31,ok,0.002622025010084714,0.989057,999999,989056,0.988851161530842,0.989259976422177,0.9888308717598713,1.0,1.0,1.0,False,False
ENSG00000145244,CORIN,31,ok,0.0024205748988468242,0.989852,999999,989851,0.989653627213509,0.9900475073627562,0.9896889484498177,1.0,1.0,1.0,False,False
ENSG00000138081,FBXO11,33,ok,0.0022586586955218283,0.990216,999999,990215,0.9900211460967105,0.9904079869189862,0.990046884550491,1.0,1.0,1.0,False,False
ENSG00000078549,ADCYAP1R1,33,ok,-0.0020897768191375766,0.99092,999999,990919,0.9907321485556448,0.991104981411669,0.9907910549686291,1.0,1.0,1.0,False,False
ENSG00000141699,RETREG3,30,ok,-0.0021153420044613697,0.991227,999999,991226,0.9910422894589243,0.9914088391650091,0.9911485495367482,1.0,1.0,1.0,False,False
ENSG00000123992,DNPEP,32,ok,0.002017793344290964,0.991437,999999,991436,0.991254470585782,0.9916166571137374,0.9912551840989822,1.0,1.0,1.0,False,False
ENSG00000070808,CAMK2A,33,ok,-0.0018391573572563338,0.992318,999999,992317,0.9921449344859968,0.9924881892795693,0.9918954122484968,1.0,1.0,1.0,False,False
ENSG00000142192,APP,31,ok,0.0018159806665073136,0.992567,999999,992566,0.9923967089424621,0.9927344136924849,0.9922642814731284,1.0,1.0,1.0,False,False
ENSG00000103056,SMPD3,38,ok,-0.001532231595036385,0.992899,999999,992898,0.9927324832303939,0.9930626378820345,0.9927155896782828,1.0,1.0,1.0,False,False
ENSG00000075213,SEMA3A,33,ok,0.001588230382544611,0.992942,999999,992941,0.9927759786098357,0.993105142304051,0.9930011393752379,1.0,1.0,1.0,False,False
ENSG00000075643,MOCOS,31,ok,-0.001109318273497366,0.995432,999999,995431,0.9952978845694397,0.9955632240624804,0.9952744795658265,1.0,1.0,1.0,False,False
ENSG00000137491,SLCO2B1,30,ok,-0.000890471972198887,0.996562,999999,996561,0.9964453220220776,0.9966757801117127,0.9962738440003904,1.0,1.0,1.0,False,False
ENSG00000139505,MTMR6,30,ok,0.0008901747022950843,0.996613,999999,996612,0.9964971730046508,0.9967259288105286,0.9962750879097575,1.0,1.0,1.0,False,False
ENSG00000100815,TRIP11,31,ok,0.0008069396812588461,0.996693,999999,996692,0.9965785210241366,0.9968045802854782,0.9965625555921959,1.0,1.0,1.0,False,False
ENSG00000111424,VDR,30,ok,0.0008900756784666833,0.996752,999999,996751,0.9966385257702521,0.9968625751617644,0.9962755022694578,1.0,1.0,1.0,False,False
