human_gene_id,gene_name,spearman_p,spearman_mc_p_low,spearman_mc_p_high,spearman_q_bh_planned,q_using_mc_lower_p,q_using_mc_upper_p,cutoff_sensitive_to_mc_interval
ENSG00000100439,ABHD4,1e-06,0.0,3.688876339076024e-06,0.001518,0.0,0.0055997142827174,False
ENSG00000151790,TDO2,1e-06,0.0,3.688876339076024e-06,0.001518,0.0,0.0055997142827174,False
ENSG00000055813,CCDC85A,3e-06,2.422096125257076e-07,7.22467601909869e-06,0.003036,0.000245116127876,0.0073113721313278,False
ENSG00000108231,LGI1,5e-06,1.0898675043913805e-06,1.0241566955084692e-05,0.003795,0.000827209435833,0.0077733493189092,False
ENSG00000154930,ACSS1,7e-06,2.201899535967594e-06,1.3059440985450625e-05,0.0042504,0.0013369933982395,0.0079296925663656,False
ENSG00000126775,ATG14,1.9e-05,1.0667985223664865e-05,2.844764010719509e-05,0.009614,0.0053980005231744,0.0143945058942407,False
ENSG00000074803,SLC12A1,4.1e-05,2.857676395355361e-05,5.446830738622716e-05,0.0177822857142857,0.0123941507661412,0.0236236830320836,False
ENSG00000133059,DSTYK,5.8e-05,4.317156345671516e-05,7.38495630555806e-05,0.0209146666666666,0.0157401502469664,0.0261719911992424,False
ENSG00000106113,CRHR2,6.2e-05,4.666052444752896e-05,7.835645024085945e-05,0.0209146666666666,0.0157401502469664,0.0261719911992424,False
ENSG00000085449,WDFY1,6.9e-05,5.280508835646852e-05,8.620550460883535e-05,0.0209484,0.0160316248250238,0.0261719911992424,False
ENSG00000151962,RBM46,7.9e-05,6.165629790402786e-05,9.734668566782426e-05,0.0218039999999999,0.0170171382215116,0.0268676852443194,False
ENSG00000152137,HSPB8,0.00012,9.858268894343867e-05,0.0001423997180501,0.0292757142857142,0.0243475335255209,0.0344158338127902,False
ENSG00000153162,BMP6,0.000133,0.0001104445540846,0.0001565333945901,0.0292757142857142,0.0243475335255209,0.0344158338127902,False
ENSG00000140285,FGF7,0.000135,0.0001122745287738,0.000158702790968,0.0292757142857142,0.0243475335255209,0.0344158338127902,False
ENSG00000148484,RSU1,0.000157,0.0001324821475726,0.0001824890552383,0.03017025,0.025488297060718,0.0350363950707631,False
ENSG00000106799,TGFBR1,0.000159,0.0001343256762093,0.000184645033311,0.03017025,0.025488297060718,0.0350363950707631,False
ENSG00000152253,SPC25,0.000203,0.0001751050228684,0.0002318567177953,0.0345145263157894,0.0298485085748086,0.0392661996386166,False
ENSG00000090104,RGS1,0.000205,0.0001769674421431,0.0002339939594249,0.0345145263157894,0.0298485085748086,0.0392661996386166,False
ENSG00000119969,HELLS,0.000216,0.0001872225333229,0.0002457370860124,0.0345145263157894,0.0299161900614989,0.0392661996386166,False
ENSG00000146197,SCUBE3,0.000294,0.0002604121543309,0.0003285377700127,0.0420899999999999,0.0373687823761117,0.0469421596653975,False
ENSG00000116745,RPE65,0.000302,0.0002679572892137,0.0003369918521422,0.0420899999999999,0.0373687823761117,0.0469421596653975,False
ENSG00000104327,CALB1,0.000305,0.0002707882780877,0.0003401605772854,0.0420899999999999,0.0373687823761117,0.0469421596653975,False
ENSG00000104419,NDRG1,0.000322,0.0002868459339695,0.0003581013737868,0.042504,0.0378636632839826,0.0472693813398644,False
ENSG00000005884,ITGA3,0.000364,0.0003266197626576,0.0004023241764706,0.045072923076923,0.0405779096666604,0.0496080154480751,False
ENSG00000009790,TRAF3IP3,0.00038,0.0003418059040317,0.0004191368937151,0.045072923076923,0.0405779096666604,0.0496080154480751,False
ENSG00000138303,ASCC1,0.000386,0.000347505155248,0.0004254372318531,0.045072923076923,0.0405779096666604,0.0496080154480751,False
ENSG00000154928,EPHB1,0.000401,0.0003617633957411,0.0004411780029967,0.0450902222222222,0.0406782840544514,0.0496080154480751,False
ENSG00000083782,EPYC,0.000425,0.000384604981205,0.0004663349396943,0.0460821428571428,0.0417021686763712,0.0505640313182844,True
ENSG00000106952,TNFSF8,0.000449,0.0004074789654158,0.0004914595900177,0.0463496,0.0421057300893373,0.0506884025267071,True
ENSG00000119689,DLST,0.000458,0.0004160645265744,0.000500873542754,0.0463496,0.0421057300893373,0.0506884025267071,True
ENSG00000156469,MTERF3,0.000511,0.0004667027527317,0.00055623270016,0.0500450322580645,0.0457067599126954,0.0544749186350311,True
ENSG00000114302,PRKAR2A,0.000555,0.0005088340098537,0.0006020995388608,0.052655625,0.0482756266848772,0.0571241937494241,True
ENSG00000156471,PTDSS1,0.000604,0.0005558384411437,0.0006530932143615,0.055568,0.0511371365852244,0.060084575721259,False
ENSG00000112992,NNT,0.000703,0.0006510406667403,0.0007558877239553,0.0627737647058823,0.0581341018889328,0.0674963273508403,False
ENSG00000139746,RBM26,0.000752,0.0006982605111595,0.0008066664790482,0.0652306285714285,0.0605691117680098,0.0699725551540181,False
ENSG00000052850,ALX4,0.000775,0.0007204450321364,0.0008304813407244,0.0653583333333333,0.0607575310435059,0.0700372597344248,False
ENSG00000135823,STX6,0.000899,0.0008402439634374,0.0009586794399426,0.0737665945945945,0.0689454235944925,0.0786635345855626,False
ENSG00000134253,TRIM45,0.000925,0.0008654007933567,0.000985522052018,0.0739026315789473,0.0691409686481833,0.0787380249980716,False
ENSG00000148798,INA,0.00097,0.0009089691042715,0.0010319528192893,0.0755107692307692,0.0707597487325238,0.0803335579323715,False
ENSG00000134709,HOOK1,0.001068,0.0010039623656275,0.001132957717458,0.077924,0.0732733897067333,0.082641106400215,False
ENSG00000135966,TGFBRAP1,0.001069,0.0010049324154059,0.0011339876499458,0.077924,0.0732733897067333,0.082641106400215,False
ENSG00000016402,IL20RA,0.001078,0.0010136634939666,0.0011432564126511,0.077924,0.0732733897067333,0.082641106400215,False
ENSG00000145685,LHFPL2,0.00111,0.0010447163447542,0.001176203009781,0.0783711627906976,0.0737618330854387,0.0830454032022148,False
ENSG00000018625,ATP1A2,0.001152,0.001085493782699,0.0012194248746161,0.079488,0.0748990710062345,0.0841403163485129,False
ENSG00000122035,RASL11A,0.001227,0.0011583650612584,0.0012965524204428,0.0827816,0.0781510294662365,0.0874740699658776,False
ENSG00000042429,MED17,0.001319,0.0012478412151055,0.0013910749297885,0.08696875,0.0823575201969674,0.0916218791837634,False
ENSG00000103591,AAGAB,0.001362,0.0012896919671821,0.0014352235875118,0.08696875,0.0823735186145662,0.0916218791837634,False
ENSG00000106546,AHR,0.001375,0.0013023481203883,0.0014485672598223,0.08696875,0.0823735186145662,0.0916218791837634,False
ENSG00000085719,CPNE3,0.001415,0.0013413002529455,0.0014896146012416,0.0876722448979591,0.0831058687335243,0.0922953046810147,False
ENSG00000122692,SMU1,0.001463,0.0013880622706778,0.0015388519726455,0.08883336,0.0842831410755575,0.0934390917790373,False
ENSG00000088356,PDRG1,0.001587,0.0015089555648504,0.0016659571916469,0.0929483076923076,0.0883845517109529,0.0975653512564641,False
ENSG00000128815,WDFY4,0.001592,0.0015138329015051,0.0016710797975415,0.0929483076923076,0.0883845517109529,0.0975653512564641,False
ENSG00000081277,PKP1,0.001994,0.0019065357384181,0.0020823728313501,0.1121112,0.1072386741680355,0.117033860089617,False
ENSG00000044524,EPHA3,0.002024,0.0019358815458386,0.0021130267474585,0.1121112,0.1072386741680355,0.117033860089617,False
ENSG00000144824,PHLDB2,0.002031,0.0019427296044933,0.0021201786248119,0.1121112,0.1072386741680355,0.117033860089617,False
ENSG00000141665,FBXO15,0.002173,0.0020817024125884,0.0022652045579892,0.1164131803278688,0.1116992805494837,0.1211721514413563,False
ENSG00000143228,NUF2,0.002195,0.0021032424251774,0.0022876643566652,0.1164131803278688,0.1116992805494837,0.1211721514413563,False
ENSG00000013016,EHD3,0.002277,0.00218354805533,0.002371358036543,0.1164131803278688,0.1116992805494837,0.1211721514413563,False
ENSG00000155975,VPS37A,0.002303,0.0022090172543604,0.0023978886229761,0.1164131803278688,0.1116992805494837,0.1211721514413563,False
ENSG00000106993,CDC37L1,0.002312,0.002217834219398,0.0024070715841308,0.1164131803278688,0.1116992805494837,0.1211721514413563,False
ENSG00000138182,KIF20B,0.002339,0.0022442872574171,0.0024346183260615,0.1164131803278688,0.1116992805494837,0.1211721514413563,False
ENSG00000145331,TRMT10A,0.002496,0.0023981679363244,0.002594736405755,0.1222234838709677,0.1174328686238894,0.1270583827076178,False
ENSG00000027075,PRKCH,0.002633,0.0025325258733477,0.0027343774332051,0.1241490461538461,0.1194339646451101,0.1289063104026178,False
ENSG00000137801,THBS1,0.002636,0.0025354688031712,0.0027374344811566,0.1241490461538461,0.1194339646451101,0.1289063104026178,False
ENSG00000145864,GABRB2,0.002658,0.0025570512852213,0.0027598518366831,0.1241490461538461,0.1194339646451101,0.1289063104026178,False
ENSG00000135363,LMO2,0.002753,0.002650268063989,0.0028566343674511,0.126638,0.1219123309434953,0.1314051809027506,False
ENSG00000147454,SLC25A37,0.002888,0.0027827865755355,0.0029941149029601,0.1281961690140844,0.1236125609502514,0.1328182925521275,False
ENSG00000133107,TRPC4,0.002929,0.00282304457787,0.0030358566172675,0.1281961690140844,0.1236125609502514,0.1328182925521275,False
ENSG00000100652,SLC10A1,0.002953,0.0028466126680162,0.0030602883624879,0.1281961690140844,0.1236125609502514,0.1328182925521275,False
ENSG00000122735,DNAI1,0.002994,0.0028868788997162,0.0031020218515865,0.1281961690140844,0.1236125609502514,0.1328182925521275,False
ENSG00000120526,NUDCD1,0.002998,0.0028908075848049,0.0031060931393942,0.1281961690140844,0.1236125609502514,0.1328182925521275,False
ENSG00000112367,FIG4,0.003089,0.00298019795476,0.0031987021591077,0.1302528333333333,0.1256650137590491,0.1348786077090422,False
ENSG00000152910,CNTNAP4,0.003181,0.0030705947899932,0.0032923047184534,0.1322947397260274,0.1277030929098568,0.1369237962359539,False
ENSG00000079134,THOC1,0.00324,0.0031285789700457,0.0033523201559049,0.1329275675675675,0.1283562939602569,0.1375357296395598,False
ENSG00000101438,SLC32A1,0.003405,0.0032907867074472,0.0035201113708583,0.1351399499999999,0.1307077304217664,0.1396062150923444,False
ENSG00000115827,DCAF17,0.003446,0.0033311035422425,0.0035617942804529,0.1351399499999999,0.1307077304217664,0.1396062150923444,False
ENSG00000085840,ORC1,0.00345,0.0033350371124046,0.0035658606854486,0.1351399499999999,0.1307077304217664,0.1396062150923444,False
ENSG00000126500,FLRT1,0.003495,0.0033792924420559,0.0036116050774653,0.1351399499999999,0.1307077304217664,0.1396062150923444,False
ENSG00000072571,HMMR,0.003544,0.0034274870689643,0.0036614101498169,0.1351399499999999,0.1307077304217664,0.1396062150923444,False
ENSG00000119285,HEATR1,0.003561,0.0034442089702705,0.0036786881447258,0.1351399499999999,0.1307077304217664,0.1396062150923444,False
ENSG00000145358,DDIT4L,0.003629,0.0035111032312033,0.0037477934714164,0.135861,0.1315245112391812,0.1402298700851248,False
ENSG00000071967,CYBRD1,0.003683,0.0035642325861843,0.0038026637920101,0.135861,0.1315245112391812,0.1402298700851248,False
ENSG00000129170,CSRP3,0.003737,0.0036173683726642,0.0038575276836989,0.135861,0.1315245112391812,0.1402298700851248,False
ENSG00000147684,NDUFB9,0.003759,0.0036390180975267,0.0038798778284421,0.135861,0.1315245112391812,0.1402298700851248,False
ENSG00000145375,AFG2A,0.00384,0.0037187373027302,0.0039621581466316,0.1371557647058823,0.1328245464834017,0.1415189662726302,False
ENSG00000145794,MEGF10,0.00393,0.0038073301255085,0.0040535648004472,0.1380158620689655,0.1337215672391958,0.1423413816934894,False
ENSG00000109133,TMEM33,0.003955,0.0038319421442062,0.0040789526374616,0.1380158620689655,0.1337215672391958,0.1423413816934894,False
ENSG00000031081,ARHGAP31,0.004029,0.0039048009377155,0.0041540934195596,0.1384215824175824,0.1342169778713029,0.1426560023945776,False
ENSG00000143341,HMCN1,0.004099,0.0039737311432798,0.0042251628161295,0.1384215824175824,0.1342169778713029,0.1426560023945776,False
ENSG00000143476,DTL,0.004136,0.0040101694160659,0.0042627243344002,0.1384215824175824,0.1342169778713029,0.1426560023945776,False
ENSG00000137265,IRF4,0.004149,0.0040229726568802,0.0042759210203908,0.1384215824175824,0.1342169778713029,0.1426560023945776,False
ENSG00000070540,WIPI1,0.004198,0.0040712338177251,0.0043256595846534,0.138534,0.1343507159849289,0.1427467662935631,False
ENSG00000136935,GOLGA1,0.004355,0.0042258954787908,0.0044849970529708,0.1421696774193548,0.1379550395011715,0.1464134521808544,False
ENSG00000129009,ISLR,0.004427,0.0042968374149107,0.0045580547224953,0.1429826808510638,0.138778706294351,0.1472154695478272,False
ENSG00000036565,SLC18A1,0.004496,0.0043648315897878,0.0046280601724297,0.1436826947368421,0.1394908284904845,0.1479030598262801,False
ENSG00000154736,ADAMTS5,0.004616,0.0044831007906971,0.0047497903250947,0.1459783917525773,0.1417780625057958,0.150187351670087,False
ENSG00000146038,DCDC2,0.004664,0.0045304148671957,0.0047984759920943,0.1459783917525773,0.1417973148124374,0.150187351670087,False
ENSG00000137252,HCRTR2,0.004754,0.0046191383421974,0.0048897520391936,0.1460346666666666,0.1418954477111847,0.1502011893544946,False
ENSG00000141298,SSH2,0.004762,0.0046270254688429,0.0048978648702552,0.1460346666666666,0.1418954477111847,0.1502011893544946,False
ENSG00000129493,HEATR5A,0.004959,0.0048212757146204,0.0050976135921745,0.15055524,0.1463739306958761,0.1547635486584187,False
ENSG00000151320,AKAP6,0.005187,0.0050461615987174,0.0053287265337638,0.1548062352941176,0.1506085982485324,0.1590303052153154,False
ENSG00000119203,CPSF3,0.005201,0.0050599726684289,0.0053429153926094,0.1548062352941176,0.1506085982485324,0.1590303052153154,False
ENSG00000101871,MID1,0.005336,0.0051931639359869,0.005479723439846,0.1572824854368932,0.1530722884432657,0.1615188384793471,False
ENSG00000002745,WNT16,0.005498,0.0053530238831078,0.0056438626789312,0.1604993076923077,0.1562671202799564,0.1647573758964927,False
ENSG00000150750,POU2AF2,0.005695,0.0055474642206623,0.0058434213632839,0.1646668571428571,0.1604009654660088,0.1689583548469524,False
ENSG00000141376,BCAS3,0.005902,0.0057518227004598,0.0060530618682713,0.1683135700934579,0.1640417140214086,0.1726105206235363,False
ENSG00000029364,SLC39A9,0.005932,0.0057814438077373,0.0060834406148611,0.1683135700934579,0.1640417140214086,0.1726105206235363,False
ENSG00000104219,ZDHHC2,0.006178,0.006024372984804,0.0063325102484296,0.1736704444444444,0.1693518183506031,0.1780138992058551,False
ENSG00000108375,RNF43,0.006375,0.0062189584782065,0.006531923813325,0.1775642201834862,0.1732179627507794,0.1819350522683935,False
ENSG00000109667,SLC2A9,0.006462,0.0063049042894545,0.0066199775890348,0.1783512,0.1740153583889453,0.1827113814573625,False
ENSG00000144771,LRTM1,0.006546,0.0063878932966282,0.0067049881846333,0.1790419459459459,0.174717513951022,0.1833904876445671,False
ENSG00000115840,SLC25A12,0.006757,0.0065963825921509,0.0069184978978006,0.1822132631578947,0.1779091337227756,0.1865408308621436,False
ENSG00000064102,INTS13,0.006822,0.0066606172362459,0.0069842629501133,0.1822132631578947,0.1779091337227756,0.1865408308621436,False
ENSG00000082898,XPO1,0.006842,0.0066803824915666,0.0070044976015429,0.1822132631578947,0.1779091337227756,0.1865408308621436,False
ENSG00000129295,DNAAF11,0.006965,0.0068019464499016,0.0071289330713694,0.183876,0.179571386277404,0.1882038330841545,False
ENSG00000107960,STN1,0.007029,0.0068652043617569,0.0071936748630655,0.1839658965517241,0.1796789693301219,0.1882758352091995,False
ENSG00000005175,RPAP3,0.007297,0.0071301337354913,0.0074647442556572,0.1893477948717948,0.1850178292389038,0.1937005432493626,False
ENSG00000107854,TNKS2,0.007658,0.0074870872951412,0.0078297890523987,0.1953001875,0.1910978902070305,0.1995232093568623,False
ENSG00000138379,MSTN,0.00779,0.0076176321526592,0.0079632435986745,0.1953001875,0.1910978902070305,0.1995232093568623,False
ENSG00000144747,TMF1,0.007893,0.0077195054460226,0.0080673698417554,0.1953001875,0.1910978902070305,0.1995232093568623,False
ENSG00000126950,TMEM35A,0.007959,0.0077847874324221,0.0081340875590638,0.1953001875,0.1910978902070305,0.1995232093568623,False
ENSG00000123219,CENPK,0.007967,0.0077927006079944,0.0081421743476161,0.1953001875,0.1910978902070305,0.1995232093568623,False
ENSG00000108406,DHX40,0.008071,0.0078955759286592,0.0082472985613183,0.1953001875,0.1910978902070305,0.1995232093568623,False
ENSG00000135956,TMEM127,0.008151,0.0079747158339093,0.0083281582988158,0.1953001875,0.1910978902070305,0.1995232093568623,False
ENSG00000107669,ATE1,0.008169,0.0079925229095032,0.0083463511429488,0.1953001875,0.1910978902070305,0.1995232093568623,False
ENSG00000111897,SERINC1,0.008183,0.0080063730077527,0.0083605009822921,0.1953001875,0.1910978902070305,0.1995232093568623,False
ENSG00000069018,TRPC7,0.008228,0.0080508920688455,0.0084059817207652,0.1953001875,0.1910978902070305,0.1995232093568623,False
ENSG00000115414,FN1,0.008234,0.0080568280456192,0.0084120457172853,0.1953001875,0.1910978902070305,0.1995232093568623,False
ENSG00000136305,CIDEB,0.008323,0.0081448811614101,0.0085019922058538,0.1958808372093023,0.1916888310545842,0.200093397961026,False
ENSG00000148677,ANKRD1,0.008414,0.0082349183513419,0.0085939546123434,0.1964992615384615,0.1923170162667247,0.2007018938698053,False
ENSG00000077498,TYR,0.008515,0.0083348559700469,0.0086960165468072,0.19734,0.1931650589699433,0.2015351621076856,False
ENSG00000151418,ATP6V1G3,0.008616,0.0084348000338915,0.0087980720372525,0.1978421954887217,0.1936938153983959,0.2020104772780626,False
ENSG00000117222,RBBP5,0.008667,0.0084852692516425,0.0088496025948558,0.1978421954887217,0.1936938153983959,0.2020104772780626,False
ENSG00000110107,PRPF19,0.008769,0.0085862124750947,0.0089526589229284,0.1986767462686567,0.194535381152146,0.2028378544030664,False
ENSG00000150681,RGS18,0.008873,0.0086891414552281,0.0090577294866202,0.1995053823529411,0.1953863690042181,0.203643831942851,False
ENSG00000082701,GSK3B,0.008937,0.0087524855680413,0.0091223850936191,0.1995053823529411,0.1953863690042181,0.203643831942851,False
ENSG00000119397,CNTRL,0.009034,0.0088484960716829,0.0092203741660762,0.2001987153284671,0.1960878399534999,0.2043288756803468,False
ENSG00000115392,FANCL,0.009144,0.0089573805451176,0.0093314892130071,0.2011679999999999,0.1970623719925879,0.2052527429026687,False
ENSG00000089101,CFAP61,0.009319,0.0091306199661708,0.0095082490311802,0.2011726808510638,0.1971113277345139,0.2052527429026687,False
ENSG00000118514,ALDH8A1,0.009321,0.009132599943967,0.0095102690447052,0.2011726808510638,0.1971113277345139,0.2052527429026687,False
ENSG00000116205,TCEANC2,0.009343,0.0091543798453776,0.0095324890478512,0.2011726808510638,0.1971113277345139,0.2052527429026687,False
ENSG00000126785,RHOJ,0.009423,0.0092335817255141,0.0096132868210015,0.2014663943661972,0.1974165783004282,0.2055347802011309,False
ENSG00000014257,ACP3,0.00963,0.0094385326270485,0.0098223350248544,0.2044523076923076,0.2003873080819532,0.2085357282199861,False
ENSG00000138750,NUP54,0.009847,0.0096534087356878,0.0100414579821022,0.2055864324324324,0.2015804185218672,0.2096102103709453,False
ENSG00000074695,LMAN1,0.009899,0.0097049033749956,0.0100939631194942,0.2055864324324324,0.2015804185218672,0.2096102103709453,False
ENSG00000132965,ALOX5AP,0.009965,0.0097702639210732,0.0101606022902908,0.2055864324324324,0.2015804185218672,0.2096102103709453,False
ENSG00000132821,VSTM2L,0.010003,0.0098078967402498,0.0101989693082494,0.2055864324324324,0.2015804185218672,0.2096102103709453,False
ENSG00000101445,PPP1R16B,0.010022,0.0098267134193795,0.0102181525477272,0.2055864324324324,0.2015804185218672,0.2096102103709453,False
ENSG00000150756,ATPSCKMT,0.0101,0.0099039627095132,0.0102969029237315,0.2057959731543624,0.20180154889988,0.2098080354124086,False
ENSG00000112984,KIF20A,0.01034,0.0101416713939079,0.010539193214773,0.2092816,0.2052674290126965,0.2133132706670062,False
ENSG00000140274,DUOXA2,0.010651,0.0104497426654854,0.0108531206213034,0.2137502745098039,0.2097343239599094,0.217783345205626,False
ENSG00000114742,WDR48,0.010765,0.0105626801901881,0.0109681826135963,0.2137502745098039,0.2097343239599094,0.217783345205626,False
ENSG00000013523,ANGEL1,0.010772,0.0105696151402721,0.0109752476338803,0.2137502745098039,0.2097343239599094,0.217783345205626,False
ENSG00000117593,DARS2,0.010888,0.0106845403327875,0.0110923219507527,0.2144787096774193,0.210482320874582,0.2184919829816672,False
ENSG00000105851,PIK3CG,0.01095,0.0107459682923452,0.0111548937293011,0.2144787096774193,0.210482320874582,0.2184919829816672,False
ENSG00000118434,SPACA1,0.011025,0.0108202785405373,0.0112305831646033,0.2145634615384615,0.2105792669812261,0.2185644262034337,False
ENSG00000138796,HADH,0.011388,0.0111799739276668,0.0115968862500764,0.2197641265822784,0.2157583753228156,0.2237864023692291,False
ENSG00000153266,FEZF2,0.011437,0.0112285320490793,0.0116463279230363,0.2197641265822784,0.2157583753228156,0.2237864023692291,False
ENSG00000080854,IGSF9B,0.011706,0.0114951234978041,0.0119177353476749,0.2235183396226414,0.2194917920712795,0.2275612862612642,False
ENSG00000006555,TTC22,0.012197,0.0119818000419907,0.0124130567561976,0.2314380749999999,0.2273546557967736,0.2355377519488497,False
ENSG00000116668,SWT1,0.012415,0.0121979094280942,0.0126329464646481,0.2337906257668711,0.2297251814335237,0.2378720011800416,False
ENSG00000131730,CKMT2,0.01254,0.0123218331278937,0.0127590222465968,0.2337906257668711,0.2297251814335237,0.2378720011800416,False
ENSG00000150722,PPP1R1C,0.012552,0.0123337300967273,0.0127711252280457,0.2337906257668711,0.2297251814335237,0.2378720011800416,False
ENSG00000034533,ASTE1,0.012743,0.0125230970210234,0.012963757513213,0.2354464,0.2313918886375711,0.2395166307609199,False
ENSG00000102890,ELMO3,0.012796,0.0125756461216071,0.0130172081935282,0.2354464,0.2313918886375711,0.2395166307609199,False
ENSG00000135272,MDFIC,0.013234,0.0130099563963968,0.0134588961122304,0.2420386987951807,0.2379411302377153,0.246151859016455,False
ENSG00000136404,TM6SF1,0.013591,0.0133639957724759,0.0138188552689477,0.2460786428571428,0.2419724843718169,0.2502001789488891,False
ENSG00000136770,DNAJC1,0.013617,0.013389781743895,0.0138450691908476,0.2460786428571428,0.2419724843718169,0.2502001789488891,False
ENSG00000009765,IYD,0.014402,0.0141684172783964,0.014636430445772,0.2587246863905325,0.2545284902793591,0.262936111440023,False
ENSG00000065135,GNAI3,0.014497,0.0142626594651289,0.0147321878717898,0.2588993647058824,0.2547143184478327,0.2630995434044347,False
ENSG00000086189,DIMT1,0.014678,0.0144422227786593,0.0149146238211718,0.2605988771929824,0.2564127974035668,0.264799987842559,False
ENSG00000115816,CEBPZ,0.014793,0.0145563147730786,0.0150305313589203,0.2611136511627907,0.2569358816922483,0.2653063558469898,False
ENSG00000135362,PRR5L,0.014896,0.0146585046442012,0.0151343410690944,0.2614118843930635,0.2572440468196235,0.2655945635015652,False
ENSG00000111834,RSPH4A,0.015229,0.0149889053528437,0.015469939008734,0.2657197931034483,0.2615305554668591,0.2699237633937729,False
ENSG00000151379,MSGN1,0.015425,0.0151833893351984,0.0156674542321212,0.2676017142857143,0.2634101144094998,0.2718079488498298,False
ENSG00000138160,KIF11,0.016097,0.0158502667981073,0.0163445740531508,0.2772536949152542,0.2730129392954264,0.2815088686368984,False
ENSG00000048342,CC2D2A,0.016164,0.015916762271176,0.0164120783098587,0.2772536949152542,0.2730129392954264,0.2815088686368984,False
ENSG00000109321,AREG,0.016401,0.0161519863589726,0.0166508532669911,0.2780301333333333,0.2738196669544573,0.2822547557668073,False
ENSG00000112769,LAMA4,0.016437,0.0161877177825714,0.0166871216984248,0.2780301333333333,0.2738196669544573,0.2822547557668073,False
ENSG00000124602,UNC5CL,0.016484,0.0162343676059954,0.016734471685779,0.2780301333333333,0.2738196669544573,0.2822547557668073,False
ENSG00000143171,RXRG,0.016817,0.0165649014610445,0.0170699364913955,0.2818859999999999,0.2776940529260172,0.2860917555969347,False
ENSG00000132915,PDE6A,0.017007,0.0167535058522806,0.0172613313369829,0.2818859999999999,0.2776940529260172,0.2860917555969347,False
ENSG00000046653,GPM6B,0.017064,0.0168100887717364,0.0173187481887131,0.2818859999999999,0.2776940529260172,0.2860917555969347,False
ENSG00000132394,EEFSEC,0.017084,0.0168299426015768,0.0173388942786021,0.2818859999999999,0.2776940529260172,0.2860917555969347,False
ENSG00000154319,FAM167A,0.017277,0.0170215366655894,0.0175332994403725,0.2835295783783784,0.2793372179282684,0.2877356600052482,False
ENSG00000118454,ANKRD13C,0.017582,0.0173243316194467,0.0178405032644352,0.285319746031746,0.2811599398997201,0.2894929517416736,False
ENSG00000127325,BEST3,0.017673,0.0174146776334373,0.0179321568861523,0.285319746031746,0.2811599398997201,0.2894929517416736,False
ENSG00000138675,FGF5,0.017729,0.0174702760631432,0.0179885582323399,0.285319746031746,0.2811599398997201,0.2894929517416736,False
ENSG00000155886,SLC24A2,0.017762,0.0175030397368402,0.0180217944266061,0.285319746031746,0.2811599398997201,0.2894929517416736,False
ENSG00000113966,ARL6,0.017924,0.0176638829364499,0.0181849505790921,0.2860198115183246,0.2818772577495397,0.2901756098088731,False
ENSG00000144278,GALNT13,0.017994,0.0177333847925435,0.01825544844318,0.2860198115183246,0.2818772577495397,0.2901756098088731,False
ENSG00000151689,INPP1,0.01864,0.018374835142887,0.0189059955143479,0.294745,0.290552080696901,0.2989510540706264,False
ENSG00000120129,DUSP1,0.018837,0.0185704643569978,0.0191043655152394,0.2956657113402062,0.2914884895609661,0.2998559167017574,False
ENSG00000128059,PPAT,0.018893,0.0186260760786651,0.0191607535705339,0.2956657113402062,0.2914884895609661,0.2998559167017574,False
ENSG00000156103,MMP16,0.019057,0.0187889424710597,0.0193258865252266,0.2967028307692307,0.2925293812417299,0.3008891871312213,False
ENSG00000086062,B4GALT1,0.019282,0.019012395594225,0.0195524325069412,0.2986742448979592,0.2944981276738123,0.3028631892401711,False
ENSG00000138075,ABCG5,0.020002,0.0197275089111647,0.020277316330393,0.3069886666666667,0.3027778455665947,0.3112121403149942,False
ENSG00000135914,HTR2B,0.020021,0.019746381232604,0.0202964439335865,0.3069886666666667,0.3027778455665947,0.3112121403149942,False
ENSG00000136044,APPL2,0.020157,0.0198814691969187,0.0204333554299376,0.3075208643216081,0.3033172888534942,0.3117370205290994,False
ENSG00000114812,VIPR1,0.020491,0.0202132431356742,0.0207695801676402,0.3103001379310344,0.3061206783434483,0.3144918953501855,False
ENSG00000155511,GRIA1,0.020652,0.020373176989998,0.0209316456758161,0.3103001379310344,0.3061206783434483,0.3144918953501855,False
ENSG00000155229,MMS19,0.020657,0.0203781439508472,0.0209366786951738,0.3103001379310344,0.3061206783434483,0.3144918953501855,False
ENSG00000122417,ODF2L,0.020748,0.0204685433806719,0.0210282789051672,0.3103001379310344,0.3061206783434483,0.3144918953501855,False
ENSG00000153140,CETN3,0.020967,0.0206861037789775,0.0212487176404535,0.3108250961538462,0.3066938383258139,0.3149683246209749,False
ENSG00000115504,EHBP1,0.021058,0.0207765079455526,0.0213403131140291,0.3108250961538462,0.3066938383258139,0.3149683246209749,False
ENSG00000008196,TFAP2B,0.021146,0.0208639330590571,0.0214288876526291,0.3108250961538462,0.3066938383258139,0.3149683246209749,False
ENSG00000055955,ITIH4,0.021203,0.0209205613698982,0.0214862591164937,0.3108250961538462,0.3066938383258139,0.3149683246209749,False
ENSG00000132321,DRC11,0.021295,0.0210119625730465,0.0215788575497901,0.3108250961538462,0.3066938383258139,0.3149683246209749,False
ENSG00000089916,GPATCH2L,0.021428,0.0211440993556774,0.0217127202417518,0.3108749433962264,0.3067833799884731,0.3149782282263196,False
ENSG00000137558,PI15,0.021505,0.0212206009047242,0.021790218388611,0.3108749433962264,0.3067833799884731,0.3149782282263196,False
ENSG00000120800,UTP20,0.021679,0.0213934780330071,0.0219653405733924,0.3108749433962264,0.3067833799884731,0.3149782282263196,False
ENSG00000156671,SAMD8,0.021708,0.0214222913562438,0.0219945271356982,0.3108749433962264,0.3067833799884731,0.3149782282263196,False
ENSG00000092140,G2E3,0.022077,0.0217889275943016,0.0223658894420399,0.314674985915493,0.310568939794835,0.3187926776809072,False
ENSG00000065534,MYLK,0.022782,0.0224894695235758,0.0230753447355678,0.3232063177570093,0.3190562124933464,0.3273679748466545,False
ENSG00000148175,STOM,0.023309,0.0230131851199681,0.0236056270662646,0.3277333888888889,0.3235748499631956,0.3319033431012811,False
ENSG00000154265,ABCA5,0.023317,0.023021135570504,0.0236136765842808,0.3277333888888889,0.3235748499631956,0.3319033431012811,False
ENSG00000131067,GGT7,0.023776,0.0234773078094686,0.0240755025419383,0.3304526575342466,0.3263067045679141,0.3346098410926575,False
ENSG00000139323,POC1B,0.023796,0.0234971852653093,0.0240956250075603,0.3304526575342466,0.3263067045679141,0.3346098410926575,False
ENSG00000112414,ADGRG6,0.023837,0.0235379342227843,0.0241368758890948,0.3304526575342466,0.3263067045679141,0.3346098410926575,False
ENSG00000104164,BLOC1S6,0.024014,0.0237138531099907,0.0243149563070427,0.3313932,0.3272511729178718,0.3355463970371895,False
ENSG00000095383,TBC1D2,0.024175,0.0238738734421169,0.0244769353431076,0.3319225066666667,0.3278247180493769,0.3360311860546508,False
ENSG00000132600,PRMT7,0.024458,0.0241551598932809,0.0247616477818836,0.3319225066666667,0.3278247180493769,0.3360311860546508,False
ENSG00000138769,CDKL2,0.024461,0.0241581417858124,0.0247646658775881,0.3319225066666667,0.3278247180493769,0.3360311860546508,False
ENSG00000108395,TRIM37,0.024549,0.0242456111647741,0.0248531961535811,0.3319225066666667,0.3278247180493769,0.3360311860546508,False
ENSG00000006576,PHTF2,0.024599,0.0242953101321178,0.0249034969902162,0.3319225066666667,0.3278247180493769,0.3360311860546508,False
ENSG00000118113,MMP8,0.024798,0.0244931152791064,0.0251036910632556,0.3331271150442477,0.3290314070237486,0.3372336551683366,False
ENSG00000085511,MAP3K4,0.024959,0.0246531523680158,0.0252656533435359,0.3338128810572687,0.3297223373977808,0.3379142006650888,False
ENSG00000136193,SCRN1,0.025157,0.0248499727510196,0.0254648321850208,0.3345433362445414,0.3304668150594098,0.3386305249861674,False
ENSG00000113263,ITK,0.025234,0.0249265153651531,0.0255422892693782,0.3345433362445414,0.3304668150594098,0.3386305249861674,False
ENSG00000111490,TBC1D30,0.025649,0.0253390631177583,0.0259597398924971,0.3385668,0.3344756331544101,0.3426685665809629,False
ENSG00000105223,PLD3,0.026111,0.0257983582533037,0.0264244429501474,0.3403033021276596,0.3362469649867828,0.3443699785215712,False
ENSG00000081320,STK17B,0.026132,0.0258192359228613,0.026445565198497,0.3403033021276596,0.3362469649867828,0.3443699785215712,False
ENSG00000111052,LIN7A,0.026253,0.0259395321015113,0.0265672685468938,0.3403033021276596,0.3362469649867828,0.3443699785215712,False
ENSG00000105792,CFAP69,0.026297,0.0259832766022944,0.0266115238741519,0.3403033021276596,0.3362469649867828,0.3443699785215712,False
ENSG00000134744,TUT4,0.026341,0.0260270213346159,0.0266557789698844,0.3403033021276596,0.3362469649867828,0.3443699785215712,False
ENSG00000135655,USP15,0.026731,0.0264147687675666,0.0270480300134191,0.3438784576271186,0.339810330416663,0.3479568606811044,False
ENSG00000129467,ADCY4,0.027236,0.0269168783184612,0.0275559184912007,0.347634756302521,0.343562781482448,0.3517168946712909,False
ENSG00000091164,TXNL1,0.027252,0.0269327872176622,0.0275720095295676,0.347634756302521,0.343562781482448,0.3517168946712909,False
ENSG00000116218,NPHS2,0.027862,0.0275393354498236,0.0281854589183187,0.352402755186722,0.3483300577632714,0.3564854541712579,False
ENSG00000154611,PSMA8,0.02792,0.0275970093992295,0.0282437847428175,0.352402755186722,0.3483300577632714,0.3564854541712579,False
ENSG00000127954,STEAP4,0.027974,0.0276507061663202,0.0282980877652414,0.352402755186722,0.3483300577632714,0.3564854541712579,False
ENSG00000147113,DIPK2B,0.028166,0.0278416305796166,0.0284911626036864,0.3533552727272727,0.3492859109079183,0.3574345853917032,False
ENSG00000147655,RSPO2,0.028577,0.0282503415099611,0.0289044500722884,0.3570360987654321,0.3529548840503782,0.3611272033722953,False
ENSG00000072840,EVC,0.029093,0.0287634929365855,0.0294232966368665,0.3619932295081967,0.3578932973584988,0.3661029860226508,False
ENSG00000143702,CEP170,0.029214,0.0288838289616268,0.0295449601409708,0.3620151183673469,0.357923692765302,0.3661163223999488,False
ENSG00000110768,GTF2H1,0.029404,0.0290727893841531,0.0297359989792366,0.3628883902439024,0.3588007665458896,0.3669857434998477,False
ENSG00000139053,PDE6H,0.029659,0.0293263999222272,0.0299923874493519,0.363324192,0.3592680394729898,0.3673898941379548,False
ENSG00000151498,ACAD8,0.02983,0.0294964718261611,0.0301643148805008,0.363324192,0.3592680394729898,0.3673898941379548,False
ENSG00000091129,NRCAM,0.029892,0.0295581360436894,0.0302266504219264,0.363324192,0.3592680394729898,0.3673898941379548,False
ENSG00000091664,SLC17A6,0.029918,0.0295839953452725,0.030252791019265,0.363324192,0.3592680394729898,0.3673898941379548,False
ENSG00000145555,MYO10,0.030306,0.0299699036054957,0.0306428812510246,0.3665697848605578,0.3625044914194621,0.3706445716259399,False
ENSG00000088756,ARHGAP28,0.030474,0.0301370024626581,0.030811781741125,0.3671391428571428,0.3630791249072628,0.3712086085954585,False
ENSG00000117528,ABCD3,0.030847,0.0305080114150364,0.0311867713399753,0.3689752,0.3649301323571647,0.3730295803748095,False
ENSG00000138758,SEPTIN11,0.030987,0.0306472675217345,0.0313275146896634,0.3689752,0.3649301323571647,0.3730295803748095,False
ENSG00000120279,MYCT1,0.030991,0.0306512462948211,0.0313315359010462,0.3689752,0.3649301323571647,0.3730295803748095,False
ENSG00000006042,TMEM98,0.031152,0.0308113931591815,0.0314933884116394,0.36944325,0.3654038657471682,0.3734919031942864,False
ENSG00000047617,ANO2,0.031485,0.0311426362654992,0.0318281440128796,0.3716040465116279,0.367569487038746,0.3756477835728173,False
ENSG00000112333,NR2E1,0.031579,0.0312361421791819,0.0319226377344489,0.3716040465116279,0.367569487038746,0.3756477835728173,False
ENSG00000101146,RAE1,0.031828,0.0314838372795701,0.0321729416680451,0.3730880617760618,0.3690537837095564,0.3771314706725298,False
ENSG00000109674,NEIL3,0.031992,0.0316469808994595,0.0323377974120445,0.3735681230769231,0.3695393615798427,0.3776059728575664,False
ENSG00000071282,LMCD1,0.032228,0.0318817527870013,0.0325750246093147,0.3748820229885057,0.3708544117292564,0.3789186770646729,False
ENSG00000134871,COL4A2,0.032379,0.032031969605845,0.0327268072050227,0.3752009312977099,0.3711796172646781,0.379231246849042,False
ENSG00000106123,EPHB6,0.032718,0.0323692186565762,0.0330675568402672,0.3776876349809885,0.3736613986363709,0.3817228234488644,False
ENSG00000146151,HMGCLL1,0.033259,0.0329074450264356,0.0336113283743068,0.3806484494382022,0.3766384224255467,0.3846672610689161,False
ENSG00000108384,RAD51C,0.033268,0.0329163990967121,0.0336203742691692,0.3806484494382022,0.3766384224255467,0.3846672610689161,False
ENSG00000143479,DYRK3,0.033422,0.0330696142521965,0.0337751585172175,0.3806484494382022,0.3766384224255467,0.3846672610689161,False
ENSG00000084754,HADHA,0.033476,0.0331233395216142,0.0338294330386695,0.3806484494382022,0.3766384224255467,0.3846672610689161,False
ENSG00000104537,ANXA13,0.033912,0.033557130271207,0.0342676406009276,0.3816877058823529,0.3777107656039438,0.3856732381844804,False
ENSG00000154153,RETREG1,0.033963,0.0336078728815615,0.0343188977931503,0.3816877058823529,0.3777107656039438,0.3856732381844804,False
ENSG00000113048,MRPS27,0.034113,0.0337571170944387,0.0344696529996704,0.3816877058823529,0.3777107656039438,0.3856732381844804,False
ENSG00000134013,LOXL2,0.034179,0.0338227851327941,0.0345359847058745,0.3816877058823529,0.3777107656039438,0.3856732381844804,False
ENSG00000147647,DPYS,0.034196,0.0338396996852018,0.0345530700876741,0.3816877058823529,0.3777107656039438,0.3856732381844804,False
ENSG00000136237,RAPGEF5,0.034369,0.0340118314691325,0.0347269376342611,0.3822134945054944,0.378241466447936,0.3861940756689258,False
ENSG00000103978,TMEM87A,0.035085,0.0347242637593692,0.0354465025742889,0.3852467142857143,0.3813114814123358,0.3891902377495483,False
ENSG00000099250,NRP1,0.035117,0.0347561052590993,0.0354786609508111,0.3852467142857143,0.3813114814123358,0.3891902377495483,False
ENSG00000109323,MANBA,0.035212,0.0348506351849482,0.0355741306576056,0.3852467142857143,0.3813114814123358,0.3891902377495483,False
ENSG00000137807,KIF23,0.035262,0.0349003880613581,0.0356243775878618,0.3852467142857143,0.3813114814123358,0.3891902377495483,False
ENSG00000111046,MYF6,0.035287,0.034925264572804,0.0356495009797518,0.3852467142857143,0.3813114814123358,0.3891902377495483,False
ENSG00000155087,ODF1,0.035511,0.0351481602852115,0.0358746044013237,0.3852467142857143,0.3813114814123358,0.3891902377495483,False
ENSG00000010818,HIVEP2,0.03553,0.0351670667969216,0.0358936978161638,0.3852467142857143,0.3813114814123358,0.3891902377495483,False
ENSG00000118900,UBN1,0.035931,0.0355661001734982,0.0362966628896708,0.3871330638297872,0.3832030943796397,0.3910712472206121,False
ENSG00000156463,SH3RF2,0.035959,0.0355939633119428,0.0363247996430212,0.3871330638297872,0.3832030943796397,0.3910712472206121,False
ENSG00000115661,STK16,0.036177,0.0358108997775242,0.0365438623350669,0.3881037879858657,0.3841762958465151,0.3920394560044638,False
ENSG00000136352,NKX2-1,0.036404,0.0360367961364974,0.0367719650990954,0.3881817123287671,0.3843171503535459,0.3920541516874523,False
ENSG00000048540,LMO3,0.036617,0.0362487640570983,0.0369859963557225,0.3881817123287671,0.3843171503535459,0.3920541516874523,False
ENSG00000099219,ERMP1,0.036691,0.036322406281103,0.0370603538459032,0.3881817123287671,0.3843171503535459,0.3920541516874523,False
ENSG00000113302,IL12B,0.03671,0.0363413144848976,0.0370794455687263,0.3881817123287671,0.3843171503535459,0.3920541516874523,False
ENSG00000105856,HBP1,0.037003,0.036632902246876,0.037373856675247,0.3881817123287671,0.3843171503535459,0.3920541516874523,False
ENSG00000136169,SETDB2,0.037044,0.0366737051303802,0.0374150536334295,0.3881817123287671,0.3843171503535459,0.3920541516874523,False
ENSG00000147416,ATP6V1B2,0.037263,0.0368916543057234,0.0376351036125414,0.3881817123287671,0.3843171503535459,0.3920541516874523,False
ENSG00000122707,RECK,0.037308,0.0369364388121807,0.0376803189323586,0.3881817123287671,0.3843171503535459,0.3920541516874523,False
ENSG00000120332,TNN,0.037335,0.0369633095860459,0.0377074480542609,0.3881817123287671,0.3843171503535459,0.3920541516874523,False
ENSG00000136925,TSTD2,0.037556,0.0371832538120614,0.0379295029751578,0.3891468122866894,0.3852845002505757,0.3930169659814994,False
ENSG00000017427,IGF1,0.03776,0.0373862823432717,0.0381344736566007,0.3899297959183674,0.3860705890958268,0.3937968095967342,False
ENSG00000083097,DOP1A,0.038407,0.0380302206326011,0.0387845328708816,0.3940645945945946,0.3901994323578046,0.3979374848189665,False
ENSG00000120659,TNFSF11,0.03842,0.0380431594130138,0.0387975940403208,0.3940645945945946,0.3901994323578046,0.3979374848189665,False
ENSG00000121578,B4GALT4,0.038803,0.0384243609988182,0.0391823909772717,0.3963406308724832,0.39247832018156,0.4002105987063554,False
ENSG00000014919,COX15,0.038903,0.0385238930876498,0.0392828585027977,0.3963406308724832,0.39247832018156,0.4002105987063554,False
ENSG00000135913,USP37,0.03908,0.0387000665448269,0.0394606843630948,0.3964004,0.3925512284366336,0.4002571672397207,False
ENSG00000112186,CAP2,0.03917,0.0387896470787187,0.0395511034821858,0.3964004,0.3925512284366336,0.4002571672397207,False
ENSG00000120075,HOXB5,0.039512,0.0391300580500685,0.0398946911923514,0.3985329966777409,0.3946805855149773,0.4023929649833186,False
ENSG00000102359,SRPX2,0.039849,0.0394654998365216,0.0402332481069654,0.4006012052980132,0.3967458857737737,0.4044640438832683,False
ENSG00000138663,COPS4,0.04013,0.0397452062436036,0.0405155406170019,0.4020946534653465,0.3982390962230382,0.4059576941030292,False
ENSG00000129173,E2F8,0.040307,0.0399213940486591,0.0406933521299407,0.4025396447368421,0.398688658985951,0.4063980824555926,False
ENSG00000122176,FMOD,0.040469,0.0400826524526865,0.0408560931017677,0.402832406557377,0.3989866650700212,0.4066855693671047,False
ENSG00000135341,MAP3K7,0.041021,0.0406321380948486,0.0414106053333311,0.405858,0.402018096608832,0.4097052256608302,False
ENSG00000139428,MMAB,0.041113,0.0407237209057676,0.0415030221680986,0.405858,0.402018096608832,0.4097052256608302,False
ENSG00000087111,PIGS,0.041174,0.0407844445835046,0.0415642982554465,0.405858,0.402018096608832,0.4097052256608302,False
ENSG00000134640,MTNR1B,0.041443,0.0410522288136159,0.0418345129894945,0.4071875339805825,0.4033481122269834,0.4110342441297914,False
ENSG00000070190,DAPP1,0.04176,0.0413678018484355,0.0421529387341986,0.4089785806451613,0.4051375690704849,0.4128268451517,False
ENSG00000084652,TXLNA,0.042257,0.041862576976366,0.0426521616932,0.4125152797427653,0.4086648993577086,0.4163728710628788,False
ENSG00000119919,NKX2-3,0.042454,0.0420586992136578,0.0428500386977498,0.4131100769230769,0.4092634961944393,0.4169638380973352,False
ENSG00000118271,TTR,0.04276,0.0423633403806442,0.0431573963532711,0.4142206242038216,0.4103819369308389,0.4180664317888209,False
ENSG00000067221,STOML1,0.042841,0.0424439816193291,0.0432387548029281,0.4142206242038216,0.4103819369308389,0.4180664317888209,False
ENSG00000134690,CDCA8,0.043093,0.0426948679443353,0.0434918675084017,0.415334438095238,0.4114972034254034,0.4191787611285957,False
ENSG00000145725,PPIP5K2,0.043402,0.0430025074355525,0.0438022268285361,0.4168140183486239,0.4130446904540804,0.4205901101840749,False
ENSG00000081138,CDH7,0.043731,0.0433300649457138,0.0441326680529914,0.4168140183486239,0.4130446904540804,0.4205901101840749,False
ENSG00000113742,CPEB4,0.043893,0.0434913569450005,0.0442953754307032,0.4168140183486239,0.4130446904540804,0.4205901101840749,False
ENSG00000148584,A1CF,0.043986,0.0435839511764971,0.0443887808415794,0.4168140183486239,0.4130446904540804,0.4205901101840749,False
ENSG00000072201,LNX1,0.044323,0.0439194849174492,0.0447272458048431,0.4168140183486239,0.4130446904540804,0.4205901101840749,False
ENSG00000152785,BMP3,0.044446,0.0440419513484419,0.0448507789009598,0.4168140183486239,0.4130446904540804,0.4205901101840749,False
ENSG00000153820,SPHKAP,0.044568,0.0441634229541021,0.0449733068262805,0.4168140183486239,0.4130446904540804,0.4205901101840749,False
ENSG00000137821,LRRC49,0.04461,0.0442052412400769,0.0450154883788462,0.4168140183486239,0.4130446904540804,0.4205901101840749,False
ENSG00000073737,DHRS9,0.044627,0.0442221677170985,0.045032561836473,0.4168140183486239,0.4130446904540804,0.4205901101840749,False
ENSG00000113838,TBCCD1,0.044846,0.0444402220034291,0.0452525067083041,0.4168140183486239,0.4130446904540804,0.4205901101840749,False
ENSG00000115556,PLCD4,0.044878,0.0444720840393734,0.0452846445493586,0.4168140183486239,0.4130446904540804,0.4205901101840749,False
ENSG00000137809,ITGA11,0.044894,0.0444880150785521,0.04530071344868,0.4168140183486239,0.4130446904540804,0.4205901101840749,False
ENSG00000100592,DAAM1,0.045163,0.0447558577845766,0.0455708697087545,0.4174227305389221,0.4136923923110322,0.4211596550396237,False
ENSG00000092978,GPATCH2,0.045456,0.0450476017416754,0.0458651246256532,0.4174227305389221,0.4136923923110322,0.4211596550396237,False
ENSG00000134014,ELP3,0.045625,0.0452158793857049,0.0460348463322212,0.4174227305389221,0.4136923923110322,0.4211596550396237,False
ENSG00000134765,DSC1,0.045738,0.0453283972500455,0.0461483280336917,0.4174227305389221,0.4136923923110322,0.4211596550396237,False
ENSG00000117595,IRF6,0.045863,0.0454528647134029,0.0462738600900616,0.4174227305389221,0.4136923923110322,0.4211596550396237,False
ENSG00000123454,DBH,0.045899,0.0454887114981222,0.0463100131670286,0.4174227305389221,0.4136923923110322,0.4211596550396237,False
ENSG00000108848,LUC7L3,0.045922,0.0455116136468658,0.046333110929919,0.4174227305389221,0.4136923923110322,0.4211596550396237,False
ENSG00000090273,NUDC,0.046477,0.0460642609767356,0.0468904614680038,0.4202602915451895,0.416549350574325,0.4239572059477519,False
ENSG00000132874,SLC14A2,0.04661,0.0461966995972078,0.0470240223366833,0.4202602915451895,0.416549350574325,0.4239572059477519,False
ENSG00000136167,LCP1,0.046651,0.0462375267271236,0.0470651950492936,0.4202602915451895,0.416549350574325,0.4239572059477519,False
ENSG00000154080,CHST9,0.046791,0.0463769371002929,0.0472057841384288,0.4202602915451895,0.4165691746641696,0.4239572059477519,False
ENSG00000100372,SLC25A17,0.046984,0.0465691259283621,0.0473995945691589,0.4202602915451895,0.4165697376329047,0.4239572059477519,False
ENSG00000152601,MBNL1,0.047331,0.0469146723378882,0.0477480468271539,0.4202602915451895,0.4165697376329047,0.4239572059477519,False
ENSG00000022355,GABRA1,0.047393,0.0469764132692867,0.0478103056576953,0.4202602915451895,0.4165697376329047,0.4239572059477519,False
ENSG00000101447,FAM83D,0.047458,0.0470411418759392,0.0478755768014699,0.4202602915451895,0.4165697376329047,0.4239572059477519,False
ENSG00000116675,DNAJC6,0.04748,0.0470630500685396,0.0478976685244001,0.4202602915451895,0.4165697376329047,0.4239572059477519,False
ENSG00000139174,PRICKLE1,0.047992,0.0475729203908229,0.0484117962364913,0.4235573023255813,0.4198586811236584,0.4272622481801973,False
ENSG00000136141,LRCH1,0.048162,0.0477422161898411,0.0485824997849108,0.4238255999999999,0.4201315024706022,0.4275259981072151,False
ENSG00000117597,UTP25,0.048498,0.0480768285942778,0.0489198860908286,0.4242746218487395,0.4206445083852927,0.4279107677166356,False
ENSG00000103051,COG4,0.04851,0.0480887791408347,0.048931935498216,0.4242746218487395,0.4206445083852927,0.4279107677166356,False
ENSG00000113360,DROSHA,0.048944,0.0485209953373908,0.049367717636117,0.4242746218487395,0.4206445083852927,0.4279107677166356,False
ENSG00000155890,TRIM42,0.049079,0.0486554423470803,0.0495032701083986,0.4242746218487395,0.4206445083852927,0.4279107677166356,False
ENSG00000152763,DNAI4,0.049133,0.0487092213991599,0.0495574908491146,0.4242746218487395,0.4206445083852927,0.4279107677166356,False
ENSG00000155755,TMEM237,0.049326,0.0489014328699896,0.0497512786377544,0.4242746218487395,0.4206445083852927,0.4279107677166356,False
ENSG00000091138,SLC26A3,0.049353,0.0489283227011649,0.0497783887029857,0.4242746218487395,0.4206445083852927,0.4279107677166356,False
ENSG00000112874,NUDT12,0.049539,0.0491135647140545,0.0499651459764801,0.4242746218487395,0.4206445083852927,0.4279107677166356,False
ENSG00000119943,PYROXD2,0.049733,0.0493067758930301,0.050159934053246,0.4242746218487395,0.4206445083852927,0.4279107677166356,False
ENSG00000100884,CPNE6,0.049754,0.0493276906130352,0.05018101925268,0.4242746218487395,0.4206445083852927,0.4279107677166356,False
ENSG00000133800,LYVE1,0.049757,0.049330678431895,0.0501840314223114,0.4242746218487395,0.4206445083852927,0.4279107677166356,False
ENSG00000137207,YIPF3,0.04989,0.0494631388318674,0.050317570512134,0.4242746218487395,0.4206445083852927,0.4279107677166356,False
ENSG00000116991,SIPA1L2,0.050254,0.0498256663172828,0.0506830416304895,0.425166852367688,0.4215437927612794,0.4287958982830052,False
ENSG00000138190,EXOC6,0.050275,0.0498465815551051,0.0507041263121208,0.425166852367688,0.4215437927612794,0.4287958982830052,False
ENSG00000131634,TMEM204,0.051476,0.0510427680520129,0.0519099352096861,0.4341142666666667,0.4304606772386424,0.4377737869350201,False
ENSG00000047410,TPR,0.051839,0.0514043261730738,0.0522743756969729,0.4348440994475138,0.4311982705065566,0.4384958144687927,False
ENSG00000104221,BRF2,0.051849,0.0514142865360255,0.052284415295686,0.4348440994475138,0.4311982705065566,0.4384958144687927,False
ENSG00000116147,TNR,0.052291,0.0518545390515098,0.0527281610859066,0.437342909090909,0.4336925084308096,0.4409991654457645,False
ENSG00000103375,AQP8,0.052986,0.052546808820072,0.0534258886537107,0.4402117499999999,0.43657640596963,0.4438528363972352,False
ENSG00000104412,EMC2,0.052998,0.0525587618654449,0.0534379355623521,0.4402117499999999,0.43657640596963,0.4438528363972352,False
ENSG00000113492,AGXT2,0.053075,0.052635460722494,0.0535152364102313,0.4402117499999999,0.43657640596963,0.4438528363972352,False
ENSG00000001460,STPG1,0.053327,0.0528864769637993,0.053768219203285,0.4402117499999999,0.43657640596963,0.4438528363972352,False
ENSG00000136267,DGKB,0.053359,0.052918352238743,0.0538003438057254,0.4402117499999999,0.43657640596963,0.4438528363972352,False
ENSG00000126773,PCNX4,0.053992,0.0535488940579274,0.0544357995612843,0.4442268617886179,0.4405811446066874,0.4478782858212988,False
ENSG00000131951,LRRC9,0.054614,0.054168495164519,0.0550601960720145,0.4475849595687332,0.4439367183618127,0.4512388548246735,False
ENSG00000117069,ST6GALNAC5,0.054695,0.0542491839631859,0.0551415069630941,0.4475849595687332,0.4439367183618127,0.4512388548246735,False
ENSG00000135048,CEMIP2,0.055178,0.0547303339386046,0.055626355137791,0.449987292225201,0.4463402292802809,0.4536399605102263,False
ENSG00000148156,ACTL7B,0.055285,0.0548369254023533,0.0557337632642669,0.449987292225201,0.4463402292802809,0.4536399605102263,False
ENSG00000100351,GRAP2,0.055611,0.0551616835951786,0.0560610038230407,0.450485728,0.4468470774159023,0.4541299429299471,False
ENSG00000124496,TRERF1,0.055643,0.0551935619337824,0.0560931253619005,0.450485728,0.4468470774159023,0.4541299429299471,False
ENSG00000156510,HKDC1,0.055878,0.055427669756951,0.0563290166388868,0.4511851276595744,0.4475489504843176,0.4548268471161186,False
ENSG00000112837,TBX18,0.056232,0.0557803300086299,0.0566843550318028,0.4528391299734747,0.4492018087697629,0.4564819678423172,False
ENSG00000112280,COL9A1,0.056602,0.0561489350743718,0.0570557485495291,0.453423811023622,0.4498045806014821,0.4570484797541594,False
ENSG00000153234,NR4A2,0.056606,0.0561529200237958,0.0570597635847919,0.453423811023622,0.4498045806014821,0.4570484797541594,False
ENSG00000138615,CILP,0.056887,0.0564328643071606,0.0573418182257202,0.453423811023622,0.4498045806014821,0.4570484797541594,False
ENSG00000102794,ACOD1,0.056902,0.0564478080399093,0.0573568744355516,0.453423811023622,0.4498045806014821,0.4570484797541594,False
ENSG00000082269,FAM135A,0.057805,0.0573474369698384,0.058263242049343,0.4586155064267352,0.4550167819245754,0.4622195018389162,False
ENSG00000147588,PMP2,0.058199,0.0577399759846854,0.0586587015266818,0.4586155064267352,0.4550167819245754,0.4622195018389162,False
ENSG00000146350,TBC1D32,0.058288,0.0578286467879439,0.0587480303828456,0.4586155064267352,0.4550167819245754,0.4622195018389162,False
ENSG00000008311,AASS,0.058298,0.0578386098184188,0.058758067314104,0.4586155064267352,0.4550167819245754,0.4622195018389162,False
ENSG00000135334,AKIRIN2,0.058334,0.057874476759663,0.0587942002351004,0.4586155064267352,0.4550167819245754,0.4622195018389162,False
ENSG00000107796,ACTA2,0.058691,0.058230159923419,0.0591525157052946,0.4586155064267352,0.4550167819245754,0.4622195018389162,False
ENSG00000139330,KERA,0.05874,0.0582789795574667,0.0592016958837589,0.4586155064267352,0.4550167819245754,0.4622195018389162,False
ENSG00000137872,SEMA6D,0.058762,0.0583008986062779,0.0592237767507702,0.4586155064267352,0.4550167819245754,0.4622195018389162,False
ENSG00000111725,PRKAB1,0.059067,0.0586047782027591,0.0595298959873263,0.4598138769230769,0.4562156580091713,0.4634173441474941,False
ENSG00000116703,PDC,0.059418,0.0589544931243363,0.0598821797228878,0.4613171020408163,0.4577231591120332,0.464916251776878,False
ENSG00000100109,TFIP11,0.059564,0.059099959938049,0.0600287123506377,0.4613171020408163,0.4577231591120332,0.464916251776878,False
ENSG00000103494,RPGRIP1L,0.059945,0.0594795722446637,0.0604110985865575,0.4630865648854962,0.4594910466534326,0.4666872654167653,False
ENSG00000104356,POP1,0.060191,0.0597246790816282,0.0606579908086184,0.4638067918781726,0.4602135169843231,0.4674052286674254,False
ENSG00000134882,UBAC2,0.060428,0.0599608206799766,0.0608958483037699,0.4644541974683544,0.4608634217326809,0.4680501150639131,False
ENSG00000111049,MYF5,0.060667,0.0601989570946671,0.0611357109749773,0.4650815516372796,0.4614981520486447,0.4686700558338724,False
ENSG00000135374,ELF5,0.060816,0.0603474197507615,0.0612852477490274,0.4650815516372796,0.4614981520486447,0.4686700558338724,False
ENSG00000129988,LBP,0.0624,0.0619257560499206,0.0628749053929205,0.4749323609022556,0.4713233691050343,0.478546385138432,False
ENSG00000141425,RPRD1A,0.062417,0.0619426957420647,0.062891965635782,0.4749323609022556,0.4713233691050343,0.478546385138432,False
ENSG00000153707,PTPRD,0.062791,0.0623153714932527,0.063267288454775,0.47658369,0.4729736696337883,0.4801987193717426,False
ENSG00000118492,ADGB,0.063501,0.0630228707209434,0.0639797865130147,0.4807706633416459,0.4771507119919806,0.4843955906571388,False
ENSG00000086570,FAT2,0.063717,0.0632381133140643,0.0641965430942797,0.4812059999999999,0.4775893333868143,0.4848276239657548,False
ENSG00000131747,TOP2A,0.064068,0.0635878858709096,0.0645487691958848,0.4823933465346534,0.4787821089164873,0.4860095033210828,False
ENSG00000103647,CORO2B,0.064192,0.0637114532286761,0.064673201364202,0.4823933465346534,0.4787821089164873,0.4860095033210828,False
ENSG00000100483,VCPKMT,0.064357,0.0638758783286511,0.0648387756336299,0.4824391407407407,0.4788325101377401,0.4860506736387668,False
ENSG00000105887,MTPN,0.065056,0.064572452818526,0.0655401984725316,0.4856033513513513,0.4819952416431625,0.4892163181130959,False
ENSG00000103544,VPS35L,0.065099,0.0646153041333225,0.0655833469934222,0.4856033513513513,0.4819952416431625,0.4892163181130959,False
ENSG00000151687,ANKAR,0.065658,0.0651723766967361,0.0661442722940574,0.4873964780487805,0.483796349072463,0.4910014081111233,False
ENSG00000124151,NCOA3,0.065753,0.0652670501410629,0.0662395984867548,0.4873964780487805,0.483796349072463,0.4910014081111233,False
ENSG00000077092,RARB,0.065821,0.0653348165743444,0.0663078317936629,0.4873964780487805,0.483796349072463,0.4910014081111233,False
ENSG00000144580,CNOT9,0.06607,0.0655829625747006,0.0665576848419689,0.4880499270072993,0.484452249091949,0.4916523872997997,False
ENSG00000122218,COPA,0.066686,0.0661968583639503,0.0671757866993873,0.4914046019417475,0.4878001504683332,0.495013806843058,False
ENSG00000147679,UTP23,0.06696,0.0664699262571372,0.0674507177595068,0.4922289588377724,0.4886263828490769,0.4958362690505148,False
ENSG00000120709,FAM53C,0.06746,0.0669682313944959,0.067952410712249,0.4945614807692308,0.4909649736706767,0.4981626654823617,False
ENSG00000153930,ANKFN1,0.067673,0.0671805117458174,0.0681661295473592,0.4945614807692308,0.4909649736706767,0.4981626654823617,False
ENSG00000114019,AMOTL2,0.067766,0.0672731979733206,0.068259442964645,0.4945614807692308,0.4909649736706767,0.4981626654823617,False
ENSG00000116748,AMPD1,0.068186,0.0676917842533571,0.0686808550804981,0.4952882577565632,0.4917031469774229,0.4988779963592166,False
ENSG00000150893,FREM2,0.068197,0.0677027473000877,0.0686918919917565,0.4952882577565632,0.4917031469774229,0.4988779963592166,False
ENSG00000119321,FKBP15,0.068355,0.0678602169247497,0.0688504217636731,0.4952882577565632,0.4917031469774229,0.4988779963592166,False
ENSG00000135443,KRT85,0.069248,0.0687502335347647,0.0697464017434691,0.4995443033175355,0.4959587190437746,0.5031344528170205,False
ENSG00000136504,KAT7,0.06939,0.0688917613440316,0.069888873391977,0.4995443033175355,0.4959587190437746,0.5031344528170205,False
ENSG00000152611,CAPSL,0.069436,0.0689376085100371,0.0699350260503236,0.4995443033175355,0.4959587190437746,0.5031344528170205,False
ENSG00000124134,KCNS1,0.070035,0.0695346240876348,0.0705360081855999,0.5026625531914893,0.4990712026715352,0.5062584417292701,False
ENSG00000106366,SERPINE1,0.070474,0.069972176451906,0.0709764541452541,0.5046204339622641,0.5010271879905351,0.5082181952476216,False
ENSG00000150656,CNDP1,0.07102,0.0705163838290659,0.0715242446836546,0.5073334588235294,0.5037358618942215,0.5109355455519426,False
ENSG00000075539,FRYL,0.071594,0.0710885085696336,0.0721001177519339,0.5094934145199063,0.5058978524682802,0.5130934280249035,False
ENSG00000092098,RNF31,0.071658,0.071152300067179,0.0721643260100901,0.5094934145199063,0.5058978524682802,0.5130934280249035,False
ENSG00000144285,SCN1A,0.072232,0.0717244352729753,0.072740188613343,0.5123746542056075,0.5087742651606378,0.5159794687619378,False
ENSG00000123737,EXOSC9,0.072601,0.0720922413973931,0.0731103810805508,0.5130204558139535,0.5094270153805862,0.5166182896143046,False
ENSG00000104635,SLC39A14,0.072661,0.0721520476329552,0.0731705746159917,0.5130204558139535,0.5094270153805862,0.5166182896143046,False
ENSG00000078725,BRINP1,0.073023,0.0725128807232552,0.0735337401441166,0.5139484166666667,0.5103609700780182,0.5175402236766002,False
ENSG00000091181,IL5RA,0.073131,0.0726205332917338,0.0736420871634688,0.5139484166666667,0.5103609700780182,0.5175402236766002,False
ENSG00000112078,KCTD20,0.073497,0.0729853582895142,0.0740092607689379,0.5153276951501156,0.5117402950738227,0.5189194357840548,False
ENSG00000134324,LPIN1,0.074186,0.0736721563339283,0.0747004600953094,0.5189601290322581,0.5153655913129181,0.5225589789155751,False
ENSG00000102452,NALCN,0.075748,0.0752292119859159,0.0762673984836323,0.5286687999999999,0.5250480174465303,0.532293843209903,False
ENSG00000148702,HABP2,0.076259,0.0757386085695269,0.0767799999505978,0.5302092631578947,0.526592629069049,0.5338301232965795,False
ENSG00000113739,STC2,0.076318,0.0757974238811509,0.0768391844139016,0.5302092631578947,0.526592629069049,0.5338301232965795,False
ENSG00000138074,SLC5A6,0.077083,0.0765600374095642,0.0776065679673265,0.5343013424657534,0.5306764236882124,0.5379304574173592,False
ENSG00000146857,STRA8,0.077479,0.0769548080089679,0.078003795857451,0.5348673,0.5312495627117423,0.5384892029664595,False
ENSG00000151876,FBXO4,0.077517,0.0769926902480785,0.0780419134733999,0.5348673,0.5312495627117423,0.5384892029664595,False
ENSG00000079819,EPB41L2,0.078151,0.0776247309402242,0.0786778703631325,0.5380191292517007,0.5343961068809994,0.5416462912074157,False
ENSG00000115317,HTRA2,0.078568,0.0780404478071663,0.0790961519058199,0.5388423497757848,0.5352389023736969,0.5424498642126755,False
ENSG00000139668,WDFY2,0.078746,0.078217901424869,0.0792746976092774,0.5388423497757848,0.5352389023736969,0.5424498642126755,False
ENSG00000132437,DDC,0.079063,0.0785339303391895,0.0795926674860459,0.5388423497757848,0.5352389023736969,0.5424498642126755,False
ENSG00000124491,F13A1,0.079123,0.0785937468199722,0.0796528507764521,0.5388423497757848,0.5352389023736969,0.5424498642126755,False
ENSG00000122965,RBM19,0.079158,0.0786286398085206,0.0796879576544312,0.5388423497757848,0.5352389023736969,0.5424498642126755,False
ENSG00000149257,SERPINH1,0.079459,0.0789287207671863,0.0799898755479247,0.5396812617449664,0.536079633667064,0.543286939963086,False
ENSG00000139908,TSSK4,0.079667,0.0791360869940484,0.0801985085278927,0.5398861875,0.5362883038257389,0.5434881068988449,False
ENSG00000132911,NMUR2,0.079963,0.0794311869261981,0.080495407467033,0.5406852293986637,0.5370892728461859,0.5442852050554842,False
ENSG00000106144,CASP2,0.080653,0.0801190971295668,0.081187494632692,0.5441389066666668,0.5405368419674774,0.5477449637885625,False
ENSG00000145283,SLC10A6,0.081311,0.0807751150161759,0.0818474742373091,0.5473618536585365,0.5437544327918187,0.5509732412072518,False
ENSG00000112290,WASF1,0.081666,0.0811290499617442,0.0822035379382957,0.548314945054945,0.5447219766779599,0.5519118232631537,False
ENSG00000101247,NDUFAF5,0.081927,0.0813892688406339,0.0824653180643701,0.548314945054945,0.5447219766779599,0.5519118232631537,False
ENSG00000139163,ETNK1,0.082105,0.0815667370505519,0.0826438491758606,0.548314945054945,0.5447219766779599,0.5519118232631537,False
ENSG00000109618,SEPSECS,0.082175,0.08163652812532,0.0827140578342341,0.548314945054945,0.5447219766779599,0.5519118232631537,False
ENSG00000070915,SLC12A3,0.08306,0.0825188966654843,0.083601685920382,0.5530047368421053,0.549402127799146,0.5566112246804383,False
ENSG00000109861,CTSC,0.083821,0.0832776485186509,0.0843649311664649,0.5568502319474836,0.5532405709028978,0.5604637440292946,False
ENSG00000126602,TRAP1,0.084571,0.0840254459155463,0.0851171309109603,0.5590784121475054,0.555479363883301,0.5626812511262332,False
ENSG00000126822,PLEKHG3,0.084627,0.0840812819697944,0.0851732946432776,0.5590784121475054,0.555479363883301,0.5626812511262332,False
ENSG00000138722,MMRN1,0.084729,0.0841829835374041,0.0852755926869152,0.5590784121475054,0.555479363883301,0.5626812511262332,False
ENSG00000034152,MAP2K3,0.084893,0.0843465041996712,0.0854400713996026,0.5590784121475054,0.555479363883301,0.5626812511262332,False
ENSG00000138193,PLCE1,0.085344,0.0847961891544668,0.0858923847259818,0.560832,0.557232100157925,0.564435671056452,False
ENSG00000109118,PHF12,0.085648,0.0850993053185575,0.0861972674033449,0.5616140993520519,0.5580161791514917,0.5652157750249575,False
ENSG00000138623,SEMA7A,0.086302,0.0857514108998014,0.086853159329813,0.5631617473233405,0.5595762501280194,0.5667509435950933,False
ENSG00000132792,CTNNBL1,0.086469,0.0859179286776979,0.0870206409155306,0.5631617473233405,0.5595762501280194,0.5667509435950933,False
ENSG00000138152,BTBD16,0.086566,0.0860146488673196,0.087117920356276,0.5631617473233405,0.5595762501280194,0.5667509435950933,False
ENSG00000147573,TRIM55,0.086626,0.086074475892551,0.0871780931024073,0.5631617473233405,0.5595762501280194,0.5667509435950933,False
ENSG00000150347,ARID5B,0.087074,0.0865211868478648,0.0876273804399741,0.5648646666666667,0.5612784685258925,0.5684545449054731,False
ENSG00000101323,HAO1,0.087279,0.0867255984600281,0.0878329680466741,0.5649873006396589,0.5614049401378368,0.5685733283362531,False
ENSG00000139826,ABHD13,0.087496,0.0869419766277686,0.0880505890520873,0.5651869276595745,0.5616081724295862,0.5687693369407177,False
ENSG00000155099,PIP4P2,0.087896,0.0873408330709237,0.0884517310848331,0.5660982203389832,0.5625251814665732,0.5696748851820818,False
ENSG00000141469,SLC14A1,0.08801,0.0874545077905871,0.0885660559308111,0.5660982203389832,0.5625251814665732,0.5696748851820818,False
ENSG00000117543,DPH5,0.08844,0.0878832833721966,0.0889972787108704,0.5664100750000001,0.5628689483442825,0.5699547300592139,False
ENSG00000139899,CBLN3,0.088456,0.0878992378889826,0.0890133241331244,0.5664100750000001,0.5628689483442825,0.5699547300592139,False
ENSG00000108960,MMD,0.088809,0.0882512358070124,0.0893673248701862,0.5664100750000001,0.5628689483442825,0.5699547300592139,False
ENSG00000114541,FRMD4B,0.088921,0.0883629184209614,0.0894796418295325,0.5664100750000001,0.5628689483442825,0.5699547300592139,False
ENSG00000109099,PMP22,0.089235,0.088676030026274,0.0897945290279444,0.5664100750000001,0.5628689483442825,0.5699547300592139,False
ENSG00000145757,SPATA9,0.089361,0.0888016741234861,0.089920884450707,0.5664100750000001,0.5628689483442825,0.5699547300592139,False
ENSG00000070193,FGF10,0.089455,0.0888954088270034,0.0900151493890789,0.5664100750000001,0.5628689483442825,0.5699547300592139,False
ENSG00000125266,EFNB2,0.089551,0.0889911380781474,0.0901114197722077,0.5664100750000001,0.5628689483442825,0.5699547300592139,False
ENSG00000123607,TTC21B,0.090087,0.0895256299541586,0.0906489258542729,0.567482636550308,0.5639665744288944,0.5710021412591013,False
ENSG00000014641,MDH1,0.090239,0.0896772033710147,0.0908013518583803,0.567482636550308,0.5639665744288944,0.5710021412591013,False
ENSG00000083937,CHMP2B,0.090439,0.0898766428104858,0.0910019116570299,0.567482636550308,0.5639665744288944,0.5710021412591013,False
ENSG00000142623,PADI1,0.090557,0.0899943124695999,0.0911202415484129,0.567482636550308,0.5639665744288944,0.5710021412591013,False
ENSG00000137055,PLAA,0.090985,0.090421116702747,0.0915494356849014,0.567482636550308,0.5639665744288944,0.5710021412591013,False
ENSG00000102580,DNAJC3,0.091004,0.0904400637072978,0.0915684886079759,0.567482636550308,0.5639665744288944,0.5710021412591013,False
ENSG00000133110,POSTN,0.091029,0.0904649939877706,0.0915935582322735,0.567482636550308,0.5639665744288944,0.5710021412591013,False
ENSG00000136936,XPA,0.091376,0.090811027607372,0.0919415232909035,0.5684785573770491,0.5649636881475032,0.5719968539163592,False
ENSG00000148843,PDCD11,0.091996,0.091429307065139,0.0925632414715658,0.5711653496932515,0.5676469861958324,0.5746871188295988,False
ENSG00000089723,OTUB2,0.092663,0.0920944648041578,0.0932320811920811,0.5741323836734693,0.5706097860110679,0.5776583642839969,False
ENSG00000023318,ERP44,0.093015,0.0924454961867187,0.0935850484688772,0.5751395926680244,0.5716181800873281,0.5786643730173349,False
ENSG00000149571,KIRREL3,0.09361,0.0930388645202949,0.0941816778692384,0.5768646328600405,0.5733463795476893,0.5803862248227637,False
ENSG00000127743,IL17B,0.093674,0.0931026894324805,0.0942458527133144,0.5768646328600405,0.5733463795476893,0.5803862248227637,False
ENSG00000136986,DERL1,0.09415,0.0935773897575771,0.0947231505754489,0.5778864769539077,0.5743878371070499,0.5813873586485674,False
ENSG00000120725,SIL1,0.094223,0.0936501908326711,0.0947963492223519,0.5778864769539077,0.5743878371070499,0.5813873586485674,False
ENSG00000095261,PSMD5,0.094623,0.0940491026894731,0.0951974358422721,0.5778864769539077,0.5743888634593497,0.5813873586485674,False
ENSG00000121316,PLBD1,0.094816,0.0942415787797269,0.0953909590170526,0.5778864769539077,0.5743888634593497,0.5813873586485674,False
ENSG00000134242,PTPN22,0.094928,0.0943532750821833,0.0955032622880923,0.5778864769539077,0.5743888634593497,0.5813873586485674,False
ENSG00000106278,PTPRZ1,0.094982,0.0944071287438127,0.0955574084208284,0.5778864769539077,0.5743888634593497,0.5813873586485674,False
ENSG00000119408,NEK6,0.09587,0.0952927303905338,0.0964478033926752,0.5821226399999999,0.5786174589313217,0.585631062200324,False
ENSG00000152254,G6PC2,0.096434,0.0958552149862527,0.0970133166494001,0.5833676959064328,0.5799086823438181,0.5868298075601959,False
ENSG00000088325,TPX2,0.096669,0.0960895853590634,0.0972489453817992,0.5833676959064328,0.5799086823438181,0.5868298075601959,False
ENSG00000154415,PPP1R3A,0.097109,0.0965284092997784,0.0976901197657714,0.5833676959064328,0.5799086823438181,0.5868298075601959,False
ENSG00000127955,GNAI1,0.097149,0.0965683025668176,0.0977302263464335,0.5833676959064328,0.5799086823438181,0.5868298075601959,False
ENSG00000111181,SLC6A12,0.097314,0.0967328626121938,0.0978956656728297,0.5833676959064328,0.5799086823438181,0.5868298075601959,False
ENSG00000078401,EDN1,0.097325,0.0967438333001165,0.0979066949430254,0.5833676959064328,0.5799086823438181,0.5868298075601959,False
ENSG00000151617,EDNRA,0.097452,0.0968704950436701,0.0980340327159321,0.5833676959064328,0.5799086823438181,0.5868298075601959,False
ENSG00000080493,SLC4A4,0.09775,0.0971677025281773,0.0983328240968361,0.5833676959064328,0.5799086823438181,0.5868298075601959,False
ENSG00000005812,FBXL3,0.097833,0.0972504820900901,0.0984160442189178,0.5833676959064328,0.5799086823438181,0.5868298075601959,False
ENSG00000035664,DAPK2,0.098344,0.0977601277656557,0.0989283965978625,0.5833676959064328,0.5799086823438181,0.5868298075601959,False
ENSG00000134982,APC,0.098483,0.0978987602079445,0.0990677636263815,0.5833676959064328,0.5799086823438181,0.5868298075601959,False
ENSG00000135740,SLC9A5,0.09851,0.0979256888533715,0.0990948348781623,0.5833676959064328,0.5799086823438181,0.5868298075601959,False
ENSG00000024526,DEPDC1,0.098573,0.0979885224118507,0.0991580010798354,0.5833676959064328,0.5799086823438181,0.5868298075601959,False
ENSG00000139687,RB1,0.098824,0.098238860016091,0.0994096625200213,0.5837152996108949,0.580259103130063,0.5871745825112544,False
ENSG00000006283,CACNA1G,0.100011,0.0994227431602797,0.1005997748570549,0.5887495598455598,0.5852950355611216,0.5922071103924305,False
ENSG00000116747,RO60,0.100235,0.0996461578551147,0.1008243593095151,0.5887495598455598,0.5852950355611216,0.5922071103924305,False
ENSG00000152133,GPATCH11,0.100358,0.0997688368461204,0.1009476798502882,0.5887495598455598,0.5852950355611216,0.5922071103924305,False
ENSG00000091732,ZC3HC1,0.100452,0.09986259170641,0.1010419246321735,0.5887495598455598,0.5852950355611216,0.5922071103924305,False
ENSG00000151702,FLI1,0.101104,0.1005128957519643,0.1016956181047415,0.5910566538461539,0.5876035303313061,0.5945127745822812,False
ENSG00000114738,MAPKAPK3,0.101235,0.100643555919723,0.1018269574383353,0.5910566538461539,0.5876035303313061,0.5945127745822812,False
ENSG00000119328,ABITRAM,0.101636,0.1010435175720256,0.1022289942596637,0.5922589174664107,0.5888063711106909,0.5957144463960445,False
ENSG00000058272,PPP1R12A,0.102008,0.101414556870646,0.1026019535450936,0.5924785927342257,0.589032834095001,0.5959273130848447,False
ENSG00000041353,RAB27B,0.102064,0.1014704124610294,0.1026580977415592,0.5924785927342257,0.589032834095001,0.5959273130848447,False
ENSG00000078246,TULP3,0.102978,0.102382063289768,0.1035744434339935,0.5966435267175573,0.593190733106366,0.6000992562320696,False
ENSG00000112357,PEX7,0.103363,0.1027660781334826,0.103960427124965,0.5971280988593156,0.5936813909787204,0.6005777210015042,False
ENSG00000005156,LIG3,0.103455,0.1028578431010563,0.1040526618072434,0.5971280988593156,0.5936813909787204,0.6005777210015042,False
ENSG00000152127,MGAT5,0.103656,0.1030583301168514,0.1042541740264575,0.5971529715370019,0.5937098486428104,0.6005989987558353,False
ENSG00000137573,SULF1,0.103882,0.1032837541633809,0.1044807491197998,0.5973215000000001,0.5938815864394407,0.6007643074388493,False
ENSG00000134028,ADAMDEC1,0.104439,0.1038393384241992,0.105039162739156,0.5993890434782609,0.5959475074780132,0.6028334557203736,False
ENSG00000120727,PAIP2,0.105805,0.1052018888543976,0.1064086071105304,0.6060829811320755,0.6026281784187757,0.6095406248822082,False
ENSG00000150394,CDH8,0.106734,0.1061285608268303,0.1073399316029354,0.6102531525423729,0.6067915455183747,0.613717575040512,False
ENSG00000133048,CHI3L1,0.107287,0.1066801818675917,0.1078943084579046,0.6113296435272045,0.6078726323329351,0.6147894468213183,False
ENSG00000138459,SLC35A5,0.107325,0.1067180872969217,0.1079324028839798,0.6113296435272045,0.6078726323329351,0.6147894468213183,False
ENSG00000146352,CLVS2,0.107757,0.1071490138524919,0.1083654746846146,0.6126409213483146,0.6091842810040555,0.6161003392181461,False
ENSG00000116906,GNPAT,0.108416,0.1078063822559019,0.1090261037737286,0.6152354691588785,0.6117760308951742,0.6186976655271778,False
ENSG00000115896,PLCL1,0.10896,0.1083490407217214,0.1095714432380694,0.6167715977653632,0.6133156090970628,0.6202303197029341,False
ENSG00000006468,ETV1,0.109093,0.1084817134667729,0.1097047699869814,0.6167715977653632,0.6133156090970628,0.6202303197029341,False
ENSG00000088543,C3orf18,0.109426,0.108813895352843,0.1100385868339327,0.6175043420074349,0.6140501603926234,0.6209612446613754,False
ENSG00000113460,BRIX1,0.110117,0.1095032033953314,0.1107312761624368,0.6202508571428572,0.6167935538186018,0.6237108616496445,False
ENSG00000155974,GRIP1,0.110873,0.1102573610162455,0.1114891156653178,0.6233526444444445,0.6198913852691139,0.6268165836294537,False
ENSG00000110315,RNF141,0.11113,0.1105137367696508,0.1117467389341795,0.6236426617375231,0.6201842972877265,0.6271036957563199,False
ENSG00000102908,NFAT5,0.112397,0.1117776744358481,0.1130167964479747,0.6295890996309963,0.626119962338072,0.6330608745683604,False
ENSG00000140543,DET1,0.112732,0.1121118689300881,0.1133526006793538,0.6303026740331491,0.6268354218632554,0.6337725518646746,False
ENSG00000101384,JAG1,0.113304,0.1126824975734318,0.113925969860099,0.6314879999999999,0.6280286633830363,0.6349499301688055,False
ENSG00000106100,NOD1,0.113452,0.1128301435680648,0.1140743233024775,0.6314879999999999,0.6280286633830363,0.6349499301688055,False
ENSG00000121879,PIK3CA,0.113568,0.1129458663396369,0.1141906000896468,0.6314879999999999,0.6280286633830363,0.6349499301688055,False
ENSG00000092108,SCFD1,0.113854,0.1132311837094622,0.1144772816319011,0.6319209213893966,0.6284641201863387,0.6353803053646288,False
ENSG00000140287,HDC,0.114375,0.1137509433883546,0.1149995199712044,0.6325865882352941,0.6291772376003844,0.6359983946734661,False
ENSG00000107807,TLX1,0.114545,0.1139205395709778,0.1151699231419375,0.6325865882352941,0.6291772376003844,0.6359983946734661,False
ENSG00000124701,APOBEC2,0.115013,0.1143874301476654,0.1156390307851033,0.6325865882352941,0.6291772376003844,0.6359983946734661,False
ENSG00000122012,SV2C,0.115646,0.1150189348363733,0.1162735236886926,0.6325865882352941,0.6291772376003844,0.6359983946734661,False
ENSG00000146648,EGFR,0.115665,0.1150378900464229,0.116292568406375,0.6325865882352941,0.6291772376003844,0.6359983946734661,False
ENSG00000067596,DHX8,0.115709,0.1150817863430853,0.1163366719423552,0.6325865882352941,0.6291772376003844,0.6359983946734661,False
ENSG00000075391,RASAL2,0.116021,0.1153930518227387,0.1166494052759949,0.6325865882352941,0.6291772376003844,0.6359983946734661,False
ENSG00000153767,GTF2E1,0.116104,0.1154758566662546,0.1167326001167874,0.6325865882352941,0.6291772376003844,0.6359983946734661,False
ENSG00000154553,PDLIM3,0.116151,0.1155227462014961,0.1167797104027812,0.6325865882352941,0.6291772376003844,0.6359983946734661,False
ENSG00000036257,CUL3,0.116391,0.1157621826388087,0.1170202730526335,0.6325865882352941,0.6291772376003844,0.6359983946734661,False
ENSG00000128271,ADORA2A,0.116393,0.1157641779460515,0.1170222777377838,0.6325865882352941,0.6291772376003844,0.6359983946734661,False
ENSG00000138411,HECW2,0.116524,0.1158948706998148,0.1171535844857687,0.6325865882352941,0.6291772376003844,0.6359983946734661,False
ENSG00000078687,TNRC6C,0.116837,0.1162071376225001,0.1174673163726156,0.6325865882352941,0.6291772376003844,0.6359983946734661,False
ENSG00000118557,PMFBP1,0.116891,0.1162610112957232,0.11752144249401,0.6325865882352941,0.6291772376003844,0.6359983946734661,False
ENSG00000121691,CAT,0.118189,0.1175559876783524,0.1188224611747346,0.6376353617021276,0.6342245632142495,0.6410485709314774,False
ENSG00000152689,RASGRP3,0.118414,0.1177804660587613,0.1190479819386173,0.6376353617021276,0.6342245632142495,0.6410485709314774,False
ENSG00000132837,DMGDH,0.118454,0.1178203734034376,0.1190880744418159,0.6376353617021276,0.6342245632142495,0.6410485709314774,False
ENSG00000145431,PDGFC,0.11908,0.1184449263682143,0.1197155190963144,0.6398705840707964,0.6364580468210599,0.6432855150024966,False
ENSG00000030304,MUSK,0.11963,0.1189936596768356,0.1202667836960529,0.6416902473498234,0.638276944838998,0.6451059280940225,False
ENSG00000118402,ELOVL4,0.120303,0.1196651156045556,0.1209413252089895,0.6434502676056338,0.6400397640573943,0.6468631257275306,False
ENSG00000106771,TMEM245,0.120382,0.1197439347775362,0.1210205057355854,0.6434502676056338,0.6400397640573943,0.6468631257275306,False
ENSG00000106524,ANKMY2,0.12109,0.1204503181540666,0.1217301196666938,0.6460970826010545,0.6426839471278494,0.6495125541442578,False
ENSG00000082684,SEMA5B,0.121907,0.121265461432101,0.1225489732818901,0.6493151789473683,0.645898141943612,0.6527345313751202,False
ENSG00000109511,ANXA10,0.122901,0.1222572150431414,0.1235452158911436,0.6534631103327495,0.6500401136094177,0.6568883983283925,False
ENSG00000127580,WDR24,0.123525,0.1228798118334078,0.1241706167281774,0.6546652682926829,0.6512497862531682,0.6580830120718146,False
ENSG00000101605,MYOM1,0.123611,0.1229656188630424,0.1242568093715406,0.6546652682926829,0.6512497862531682,0.6580830120718146,False
ENSG00000100982,PCIF1,0.123774,0.1231282533956912,0.1244201742191112,0.6546652682926829,0.6512497862531682,0.6580830120718146,False
ENSG00000112249,ASCC3,0.124429,0.1237817884689147,0.1250766366553966,0.6564709879518071,0.6530750561543809,0.6598691173833632,False
ENSG00000091039,OSBPL8,0.124616,0.1239683713123956,0.1252640531009011,0.6564709879518071,0.6530750561543809,0.6598691173833632,False
ENSG00000110844,PRPF40B,0.124997,0.1243485228544527,0.1256459001102144,0.6564709879518071,0.6530750561543809,0.6598691173833632,False
ENSG00000103507,BCKDK,0.125246,0.1245969694134512,0.1258954526044847,0.6564709879518071,0.6530750561543809,0.6598691173833632,False
ENSG00000011114,BTBD7,0.125462,0.1248124899987003,0.1261119311979818,0.6564709879518071,0.6530750561543809,0.6598691173833632,False
ENSG00000008197,TFAP2D,0.125589,0.1249392084143186,0.1262392122994996,0.6564709879518071,0.6530750561543809,0.6598691173833632,False
ENSG00000133935,ERG28,0.125629,0.1249791197713093,0.1262793007904262,0.6564709879518071,0.6530750561543809,0.6598691173833632,False
ENSG00000114124,GRK7,0.126155,0.1255039561159164,0.1268064624459529,0.6580869072164948,0.654690740151069,0.6614852577077545,False
ENSG00000038295,TLL1,0.126542,0.1258901023325691,0.1271943147579396,0.6584850461538462,0.6550979801722913,0.6618742700196663,False
ENSG00000109906,ZBTB16,0.126691,0.1260387741478537,0.1273436423761677,0.6584850461538462,0.6550979801722913,0.6618742700196663,False
ENSG00000113946,CLDN16,0.126882,0.1262293538869533,0.127535061910904,0.6584850461538462,0.6550979801722913,0.6618742700196663,False
ENSG00000077942,FBLN1,0.127119,0.12646583308526,0.1277725818115525,0.6585892218430034,0.6552052376226102,0.6619753555970536,False
ENSG00000135373,EHF,0.127572,0.1269178396992282,0.1282265734753547,0.6598102078364565,0.6564268506420048,0.663195701995191,False
ENSG00000140332,TLE3,0.127913,0.1272580937057779,0.1285683181723985,0.6604487551020408,0.657067300154323,0.6638323366860576,False
ENSG00000007402,CACNA2D2,0.128446,0.1277899307421765,0.1291024791096825,0.6620747979626486,0.6586930895301324,0.6654586189762243,False
ENSG00000137502,RAB30,0.12991,0.129250755475209,0.1305696488111191,0.6678275329949239,0.664439936781745,0.6712172042529246,False
ENSG00000139263,LRIG3,0.130002,0.12934255686364,0.1306618470729507,0.6678275329949239,0.664439936781745,0.6712172042529246,False
ENSG00000120903,CHRNA2,0.13028,0.1296199573734202,0.1309404455063621,0.6679558381112984,0.6645745362600585,0.6713391989588624,False
ENSG00000090402,SI,0.130467,0.1298065546779363,0.1311278474909767,0.6679558381112984,0.6645745362600585,0.6713391989588624,False
ENSG00000146005,PSD2,0.131832,0.1311686287478271,0.1324957682322516,0.6727776,0.6693925163986174,0.6761647088126542,False
ENSG00000145860,RNF145,0.131852,0.1311885860530887,0.1325158108509648,0.6727776,0.6693925163986174,0.6761647088126542,False
ENSG00000034693,PEX3,0.133236,0.1325696438162579,0.1339027478269712,0.6786988187919463,0.6753044272250993,0.6820952053736318,False
ENSG00000147687,TATDN1,0.134099,0.1334308212961054,0.1347675670668263,0.6804277138103162,0.6770460135710967,0.6838113644333326,False
ENSG00000133636,NTS,0.134228,0.1335595496626136,0.1348968382099916,0.6804277138103162,0.6770460135710967,0.6838113644333326,False
ENSG00000137975,CLCA2,0.134418,0.1337491499570373,0.1350872371933849,0.6804277138103162,0.6770460135710967,0.6838113644333326,False
ENSG00000105402,NAPA,0.134599,0.1339297695994353,0.1352686168630166,0.6804277138103162,0.6770460135710967,0.6838113644333326,False
ENSG00000137747,TMPRSS13,0.134696,0.1340265659276117,0.1353658201661504,0.6804277138103162,0.6770460135710967,0.6838113644333326,False
ENSG00000107371,EXOSC3,0.135236,0.1345654341994627,0.1359069498418196,0.6813615643564357,0.677994073552079,0.6847309645646094,False
ENSG00000033800,PIAS1,0.135424,0.1347530410297572,0.136095342296966,0.6813615643564357,0.677994073552079,0.6847309645646094,False
ENSG00000137601,NEK1,0.135644,0.1349725814863993,0.1363158010041428,0.6813615643564357,0.677994073552079,0.6847309645646094,False
ENSG00000011376,LARS2,0.13594,0.135267964123584,0.136612417241923,0.6813615643564357,0.677994073552079,0.6847309645646094,False
ENSG00000113721,PDGFRB,0.136003,0.135330832863162,0.1366755482628963,0.6813615643564357,0.677994073552079,0.6847309645646094,False
ENSG00000151023,ENKUR,0.136459,0.1357858842254512,0.1371324951674676,0.6825198088962108,0.6791531211012682,0.6858883942807771,False
ENSG00000118729,CASQ2,0.137117,0.1364425197947537,0.1377918570973162,0.6836234482758621,0.680260880813889,0.6869878943820398,False
ENSG00000133773,CCDC59,0.13713,0.136455492890533,0.1378048839521285,0.6836234482758621,0.680260880813889,0.6869878943820398,False
ENSG00000145390,USP53,0.137379,0.1367039779636323,0.1380543979326722,0.6837420393442624,0.6803824214714556,0.6871035280714637,False
ENSG00000145817,YIPF5,0.137963,0.1372867731821345,0.1386396004946285,0.6848681109298531,0.6815157172009781,0.6882223493600258,False
ENSG00000112796,ENPP5,0.138061,0.1373845714097349,0.1387378018945746,0.6848681109298531,0.6815157172009781,0.6882223493600258,False
ENSG00000011465,DCN,0.138282,0.1376051168129774,0.1389592556514149,0.6848681109298531,0.6815157172009781,0.6882223493600258,False
ENSG00000156475,PPP2R2B,0.138763,0.1380851294060915,0.1394412412302641,0.6861310553745928,0.6827792392131824,0.6894847041939446,False
ENSG00000091409,ITGA6,0.140363,0.1396818645714231,0.141044499984323,0.6907414991922456,0.6873960686621088,0.6940887089930784,False
ENSG00000109572,CLCN3,0.140366,0.1396848584781032,0.141047506066242,0.6907414991922456,0.6873960686621088,0.6940887089930784,False
ENSG00000152766,ANKRD22,0.140429,0.1397477305426845,0.1411106337622422,0.6907414991922456,0.6873960686621088,0.6940887089930784,False
ENSG00000115446,UNC50,0.140803,0.140120972006963,0.1414853908766627,0.6907414991922456,0.6873960686621088,0.6940887089930784,False
ENSG00000113722,CDX1,0.140833,0.1401509112324918,0.1415154515371263,0.6907414991922456,0.6873960686621088,0.6940887089930784,False
ENSG00000122482,ZNF644,0.14164,0.1409562803219556,0.1423240793808962,0.6908776179775281,0.6875444325067991,0.6942125539241394,False
ENSG00000112200,ZNF451,0.141716,0.1410321271180692,0.1424002322959704,0.6908776179775281,0.6875444325067991,0.6942125539241394,False
ENSG00000120451,SNX19,0.141771,0.1410870162884505,0.1424553429165806,0.6908776179775281,0.6875444325067991,0.6942125539241394,False
ENSG00000152952,PLOD2,0.141771,0.1410870162884505,0.1424553429165806,0.6908776179775281,0.6875444325067991,0.6942125539241394,False
ENSG00000144895,EIF2A,0.14212,0.1414353138373623,0.1428050440414222,0.6914684615384615,0.6881372000163973,0.6948014642784581,False
ENSG00000144045,DQX1,0.142449,0.1417636529251334,0.1431347037034184,0.6919602624,0.6886311204491281,0.6952911367097254,False
ENSG00000146166,LGSN,0.14309,0.1424033688158149,0.1437769853769045,0.6921114658187599,0.6887943845821995,0.6954302511013923,False
ENSG00000149380,P4HA3,0.143205,0.1425181389342452,0.1438922148214726,0.6921114658187599,0.6887943845821995,0.6954302511013923,False
ENSG00000138780,GSTCD,0.143318,0.1426309131974834,0.1440054401288343,0.6921114658187599,0.6887943845821995,0.6954302511013923,False
ENSG00000057704,TMCC3,0.143392,0.1427047654486836,0.1440795875964347,0.6921114658187599,0.6887943845821995,0.6954302511013923,False
ENSG00000130227,XPO7,0.144361,0.1436718364750465,0.1450505128879291,0.6956825333333333,0.6923614214892719,0.6990053287742111,False
ENSG00000130224,LRCH2,0.145598,0.1449063893864405,0.146289955276141,0.6997932113564668,0.6964762637179154,0.7031117996720055,False
ENSG00000154174,TOMM70,0.145678,0.1449862317171369,0.146370112641463,0.6997932113564668,0.6964762637179154,0.7031117996720055,False
ENSG00000110675,ELMOD1,0.145954,0.1452616883060085,0.1466466550038594,0.6997932113564668,0.6964762637179154,0.7031117996720055,False
ENSG00000128683,GAD1,0.146136,0.1454433304338466,0.1468290121844702,0.6997932113564668,0.6964762637179154,0.7031117996720055,False
ENSG00000152092,ASTN1,0.146744,0.1460501375714213,0.1474382027366811,0.7015980850393702,0.6982806577430477,0.7049171393835654,False
ENSG00000106299,WASL,0.147814,0.1471180482060498,0.1485102880364634,0.7056026792452831,0.7022804942666152,0.7089264693061367,False
ENSG00000115806,GORASP2,0.14809,0.1473935113073158,0.1487868238865205,0.7058104238618524,0.7024908953359668,0.709131549952082,False
ENSG00000135299,ANKRD6,0.148508,0.1478106997635049,0.149205633842131,0.7066932413793103,0.7033750540470233,0.7100130162142788,False
ENSG00000113525,IL5,0.149191,0.1484923778182958,0.1498899531923004,0.7084141869158878,0.7051048409297568,0.7117250872458454,False
ENSG00000120334,CENPL,0.149575,0.1488756368085722,0.1502746927430449,0.7084141869158878,0.7051048409297568,0.7117250872458454,False
ENSG00000064313,TAF2,0.149634,0.1489345230967905,0.1503338062306617,0.7084141869158878,0.7051048409297568,0.7117250872458454,False
ENSG00000066405,CLDN18,0.149803,0.149103197587913,0.1505031310974416,0.7084141869158878,0.7051048409297568,0.7117250872458454,False
ENSG00000100353,EIF3D,0.150211,0.1495104130120942,0.1509119141231177,0.7092388740279939,0.7059309703028276,0.7125483223604753,False
ENSG00000140557,ST8SIA2,0.151279,0.1505763677226597,0.1519819553548955,0.7131724285714286,0.7098600192639671,0.7164863609587931,False
ENSG00000113196,HAND1,0.151819,0.1511153382183202,0.1525229828076485,0.7145597275541796,0.7112507233450056,0.717870236468627,False
ENSG00000117016,RIMS3,0.152044,0.1513399101715657,0.1527484099995827,0.7145597275541796,0.7112507233450056,0.717870236468627,False
ENSG00000021776,AQR,0.153002,0.1522960936296793,0.1537082229018826,0.7177122711864408,0.7144063361873824,0.721019679409621,False
ENSG00000125869,LAMP5,0.153322,0.1526154890029819,0.154028826312869,0.7177122711864408,0.7144063361873824,0.721019679409621,False
ENSG00000117009,KMO,0.153424,0.1527172965038244,0.1541310184245204,0.7177122711864408,0.7144063361873824,0.721019679409621,False
ENSG00000019505,SYT13,0.153953,0.1532452998954262,0.1546610130232198,0.7190789353846154,0.7157734315115603,0.7223859008284544,False
ENSG00000128595,CALU,0.154754,0.1540447964015278,0.1554635134741211,0.7204386156202145,0.7171395496801183,0.7237391187007037,False
ENSG00000117394,SLC2A1,0.154861,0.1541515960643412,0.1555707134048189,0.7204386156202145,0.7171395496801183,0.7237391187007037,False
ENSG00000113845,TIMMDC1,0.154956,0.1542464182941756,0.1556658908140841,0.7204386156202145,0.7171395496801183,0.7237391187007037,False
ENSG00000112182,BACH2,0.155376,0.1546656334803346,0.1560866740323741,0.721286752293578,0.7179890875325626,0.7245858445906543,False
ENSG00000154165,GPR15,0.15593,0.1552186010532701,0.1566417043548526,0.7227534045801528,0.7194559890041653,0.7260522357577598,False
ENSG00000140279,DUOX2,0.157552,0.1568375963749926,0.1582667028714693,0.7278475993930197,0.7245526560772029,0.7311439137011027,False
ENSG00000114423,CBLB,0.157855,0.1571400380471345,0.1585702600483126,0.7278475993930197,0.7245526560772029,0.7311439137011027,False
ENSG00000077097,TOP2B,0.157866,0.1571510177952784,0.1585812802583829,0.7278475993930197,0.7245526560772029,0.7311439137011027,False
ENSG00000066629,EML1,0.157988,0.1572727932657696,0.1587035043244488,0.7278475993930197,0.7245526560772029,0.7311439137011027,False
ENSG00000153246,PLA2R1,0.158479,0.1577628911448919,0.1591954045801711,0.728369419939577,0.7250823960180038,0.731657794128676,False
ENSG00000138674,SEC31A,0.158612,0.1578956472000807,0.15932864801976,0.728369419939577,0.7250823960180038,0.731657794128676,False
ENSG00000156687,UNC5D,0.158821,0.1581042642173644,0.1595380302085584,0.728369419939577,0.7250823960180038,0.731657794128676,False
ENSG00000143322,ABL2,0.159224,0.1585065269755571,0.1599417659195193,0.7291162352941176,0.7258307932093384,0.7324030185997901,False
ENSG00000135775,COG2,0.159683,0.158964689266972,0.16040160188455,0.7301168493975903,0.7268325250218781,0.7334025050022498,False
ENSG00000080802,CNOT4,0.16013,0.1594108754779048,0.1608494139756611,0.7303722522522523,0.7270933351822892,0.7336524872548181,False
ENSG00000115232,ITGA4,0.16022,0.1595007118680516,0.1609395772436458,0.7303722522522523,0.7270933351822892,0.7336524872548181,False
ENSG00000151893,CACUL1,0.160699,0.1599788424516921,0.1614194448405153,0.7314575172413794,0.728179558745633,0.7347367834120011,False
ENSG00000125485,DDX31,0.161928,0.1612056220993341,0.162650660524573,0.7355152466367713,0.732235810800044,0.738795962519814,False
ENSG00000125447,GGA3,0.162075,0.1613523575181915,0.1627979245473503,0.7355152466367713,0.732235810800044,0.738795962519814,False
ENSG00000124232,RBPJL,0.162484,0.1617606224831465,0.1632076580288564,0.7359426885245902,0.7326683215680978,0.7392183217613065,False
ENSG00000156127,BATF,0.162654,0.1619303174480216,0.1633779624182597,0.7359426885245902,0.7326683215680978,0.7392183217613065,False
ENSG00000136937,NCBP1,0.16375,0.1630243576163699,0.1644759180869563,0.7397991071428572,0.7365207585168141,0.743078701357142,False
ENSG00000074410,CA12,0.164984,0.1642561649143996,0.165712106101906,0.7438694755555556,0.7405926364480259,0.7471475267666939,False
ENSG00000144642,RBMS3,0.165238,0.1645097153955149,0.1659665546560525,0.7438694755555556,0.7405926364480259,0.7471475267666939,False
ENSG00000109072,VTN,0.165386,0.1646574537557369,0.1661148157337017,0.7438694755555556,0.7405926364480259,0.7471475267666939,False
ENSG00000139436,GIT2,0.166097,0.1653671997378777,0.1668270670510848,0.7459622662721893,0.7426846426097589,0.7492410881170025,False
ENSG00000112893,MAN2A1,0.166437,0.1657066017667653,0.1671676637308427,0.7463851285081241,0.7431096646438693,0.7496617829938533,False
ENSG00000106819,ASPN,0.167153,0.1664213460914506,0.1678849166867423,0.748490424778761,0.7452141692236637,0.75176785702205,False
ENSG00000079102,RUNX1T1,0.168173,0.167439565626275,0.1689066932779507,0.7510128488372094,0.7477609462559544,0.7542658601049804,False
ENSG00000100629,CEP128,0.168447,0.1677130890076112,0.1691811688559722,0.7510128488372094,0.7477609462559544,0.7542658601049804,False
ENSG00000048740,CELF2,0.168649,0.1679147380812404,0.1693835190151576,0.7510128488372094,0.7477609462559544,0.7542658601049804,False
ENSG00000136842,TMOD1,0.169096,0.16836096287939,0.1698312925193348,0.7510128488372094,0.7477609462559544,0.7542658601049804,False
ENSG00000105976,MET,0.169564,0.1688281532506248,0.1703001003706843,0.7510128488372094,0.7477609462559544,0.7542658601049804,False
ENSG00000152527,PLEKHH2,0.169786,0.169049769906603,0.1705224828715781,0.7510128488372094,0.7477609462559544,0.7542658601049804,False
ENSG00000096401,CDC5L,0.169821,0.1690847095111421,0.1705575431341137,0.7510128488372094,0.7477609462559544,0.7542658601049804,False
ENSG00000104047,DTWD1,0.169928,0.1691915249438998,0.1706647272949848,0.7510128488372094,0.7477609462559544,0.7542658601049804,False
ENSG00000041982,TNC,0.170145,0.1694081509597078,0.1708821004550433,0.7510128488372094,0.7477609462559544,0.7542658601049804,False
ENSG00000132855,ANGPTL3,0.17019,0.1694530734598473,0.1709271777840008,0.7510128488372094,0.7477609462559544,0.7542658601049804,False
ENSG00000151148,UBE3B,0.170439,0.1697016449650647,0.1711766053331231,0.7510200348330914,0.7477709638808946,0.7542702086957358,False
ENSG00000053770,AP5M1,0.171306,0.1705671574296154,0.1720450895758825,0.7537464,0.7504954926903079,0.756998394133883,False
ENSG00000145721,LIX1,0.171994,0.1712539819117696,0.1727342624808781,0.755213774566474,0.7519660360476083,0.7584625829224868,False
ENSG00000140848,CPNE2,0.172137,0.1713967381241584,0.1728775057254153,0.755213774566474,0.7519660360476083,0.7584625829224868,False
ENSG00000085741,WNT11,0.172441,0.171700220481016,0.1731820222140546,0.7554558095238095,0.7522104897263562,0.7587021925568107,False
ENSG00000116857,TMEM9,0.172934,0.172192382798607,0.1736758580242063,0.75652395389049,0.7532796457875661,0.7597693155064704,False
ENSG00000077380,DYNC1I2,0.173379,0.1726366285663239,0.1741216105665338,0.7573793438848921,0.7541364091041144,0.7606233232805707,False
ENSG00000123104,ITPR2,0.173954,0.1732106566440891,0.1746975803051361,0.7584361714285713,0.7552054964637847,0.7616678589889011,False
ENSG00000102524,TNFSF13B,0.174367,0.1736229603863724,0.1751112749944476,0.7584361714285713,0.7552054964637847,0.7616678589889011,False
ENSG00000151694,ADAM17,0.174726,0.1739813564079985,0.1754708776094947,0.7584361714285713,0.7552054964637847,0.7616678589889011,False
ENSG00000114331,ACAP2,0.174864,0.1741191245450681,0.1756091089483627,0.7584361714285713,0.7552054964637847,0.7616678589889011,False
ENSG00000145996,CDKAL1,0.17487,0.1741251144679345,0.175615119002711,0.7584361714285713,0.7552054964637847,0.7616678589889011,False
ENSG00000042088,TDP1,0.175459,0.1747131267937889,0.1762051044401112,0.7599051697574893,0.7566748258857962,0.7631365150929781,False
ENSG00000121361,KCNJ8,0.176851,0.1761028048514848,0.1775994210963349,0.7648427863247863,0.7616070021782166,0.768079547647397,False
ENSG00000109943,CRTAM,0.177131,0.1763823398642802,0.1778798850202612,0.7649640341394026,0.7617308447054835,0.7681981947674439,False
ENSG00000122420,PTGFR,0.178272,0.1775214521664456,0.179022768385427,0.768798,0.7655612624677968,0.7720356886621542,False
ENSG00000082516,GEMIN5,0.17992,0.1791667457373805,0.1806734685565411,0.7748044255319149,0.7715606241967194,0.7780491496988071,False
ENSG00000138039,LHCGR,0.18058,0.1798256684508932,0.1813345433368532,0.7752633681241183,0.7720299931395244,0.7784976423927028,False
ENSG00000112038,OPRM1,0.180702,0.1799474697272385,0.1814567415972479,0.7752633681241183,0.7720299931395244,0.7784976423927028,False
ENSG00000143258,USP21,0.180892,0.1801371604944962,0.1816470501085212,0.7752633681241183,0.7720299931395244,0.7784976423927028,False
ENSG00000009830,POMT2,0.181048,0.1802929068300141,0.181803303180641,0.7752633681241183,0.7720299931395244,0.7784976423927028,False
ENSG00000118263,KLF7,0.182567,0.1818094477398906,0.1833247565028951,0.7806667774647887,0.7774274413215605,0.7839069869616754,False
ENSG00000134852,CLOCK,0.183134,0.1823755348671998,0.1838926672226344,0.7810152640449438,0.7777809358539414,0.7842504534865465,False
ENSG00000139719,VPS33A,0.183163,0.1824044882503314,0.1839217137293877,0.7810152640449438,0.7777809358539414,0.7842504534865465,False
ENSG00000118245,TNP1,0.183675,0.1829156663929349,0.1844345336426886,0.7813703025210085,0.7781409533888733,0.78460050083628,False
ENSG00000115252,PDE1A,0.183761,0.1830015285637864,0.1845206711452911,0.7813703025210085,0.7781409533888733,0.78460050083628,False
ENSG00000113749,HRH2,0.184675,0.1839140675765044,0.1854361286620976,0.7841584615384616,0.7809274254017727,0.7873903309344452,False
ENSG00000106927,AMBP,0.186684,0.1859198808499337,0.1874483077606107,0.7911613036211699,0.7879274804198679,0.794395917570495,False
ENSG00000102385,DRP2,0.187072,0.1863072692588377,0.1878369178785169,0.7911613036211699,0.7879274804198679,0.794395917570495,False
ENSG00000132823,OSER1,0.187106,0.1863412157251202,0.1878709712831407,0.7911613036211699,0.7879274804198679,0.794395917570495,False
ENSG00000141367,CLTC,0.187628,0.1868623950226421,0.1883937900036601,0.7922651015299026,0.789032310554578,0.7954986737845788,False
ENSG00000153002,CPB1,0.188882,0.1881144326053569,0.1896497476597442,0.7952976265560165,0.7920711314675214,0.7985248704453843,False
ENSG00000088387,DOCK9,0.188952,0.1881843234400941,0.1897198565592325,0.7952976265560165,0.7920711314675214,0.7985248704453843,False
ENSG00000135269,TES,0.189181,0.188412966593266,0.1899492125366001,0.7952976265560165,0.7920711314675214,0.7985248704453843,False
ENSG00000152377,SPOCK1,0.189394,0.1886256350629176,0.1901625432582387,0.7952976265560165,0.7920711314675214,0.7985248704453843,False
ENSG00000076003,MCM6,0.190595,0.1898247726326062,0.1913654011286837,0.7985350013793103,0.7953089865848757,0.8017617422878236,False
ENSG00000143921,ABCG8,0.190691,0.1899206242668099,0.1914615491299973,0.7985350013793103,0.7953089865848757,0.8017617422878236,False
ENSG00000118705,RPN2,0.191662,0.1908901277880384,0.1924340419222048,0.8008984704264099,0.7976743045664728,0.8041233430890705,False
ENSG00000111799,COL12A1,0.191783,0.1910109418378872,0.1925552274129625,0.8008984704264099,0.7976743045664728,0.8041233430890705,False
ENSG00000134200,TSHB,0.192631,0.191857641944228,0.1934045240870897,0.8029532839506173,0.7997314485172295,0.8061758081041741,False
ENSG00000065183,WDR3,0.192804,0.1920303774601648,0.1935777879143422,0.8029532839506173,0.7997314485172295,0.8061758081041741,False
ENSG00000152495,CAMK4,0.194162,0.1933863096138606,0.1949378506049209,0.8075011397260273,0.8042751177913436,0.8107278279952601,False
ENSG00000059728,MXD1,0.194923,0.1941461572191204,0.1957000001105181,0.8076959509536785,0.8044805570313504,0.8109119901330093,False
ENSG00000145321,GC,0.194955,0.1941781088611471,0.1957320483470037,0.8076959509536785,0.8044805570313504,0.8109119901330093,False
ENSG00000004766,VPS50,0.195099,0.1943218913501081,0.1958762653113487,0.8076959509536785,0.8044805570313504,0.8109119901330093,False
ENSG00000048052,HDAC9,0.195273,0.1944956287420985,0.196050527258771,0.8076959509536785,0.8044805570313504,0.8109119901330093,False
ENSG00000143093,STRIP1,0.196484,0.1957048076340861,0.1972633437692856,0.81159375,0.8083779377814003,0.8148101825918931,False
ENSG00000075420,FNDC3B,0.19675,0.1959704091591273,0.1975297412343983,0.81159375,0.8083779377814003,0.8148101825918931,False
ENSG00000119913,TECTB,0.197684,0.1969030143677065,0.1984651324799934,0.8128674316644113,0.8096578551215403,0.8160776087188285,False
ENSG00000156804,FBXO32,0.197857,0.1970757567615828,0.1986383894293464,0.8128674316644113,0.8096578551215403,0.8160776087188285,False
ENSG00000069122,ADGRF5,0.197862,0.1970807493197688,0.1986433968521786,0.8128674316644113,0.8096578551215403,0.8160776087188285,False
ENSG00000143850,PLEKHA6,0.198427,0.1976449096413263,0.1992092343856856,0.8137782305630027,0.810586131988792,0.8169708916001003,False
ENSG00000153391,INO80C,0.198854,0.1980712766889212,0.1996368657170602,0.8137782305630027,0.810586131988792,0.8169708916001003,False
ENSG00000101442,ACTR5,0.199471,0.198687364575905,0.2002547754877584,0.8137782305630027,0.810586131988792,0.8169708916001003,False
ENSG00000124818,OPN5,0.199487,0.1987033409619859,0.2002707990409369,0.8137782305630027,0.810586131988792,0.8169708916001003,False
ENSG00000066382,MPPED2,0.19966,0.1988760857619778,0.200444053584188,0.8137782305630027,0.810586131988792,0.8169708916001003,False
ENSG00000148935,GAS2,0.199901,0.1991167306347658,0.2006854077964977,0.8137782305630027,0.810586131988792,0.8169708916001003,False
ENSG00000101577,LPIN2,0.19996,0.1991756437627269,0.2007444944445569,0.8137782305630027,0.810586131988792,0.8169708916001003,False
ENSG00000116679,IVNS1ABP,0.200395,0.1996100040875613,0.2011801324681996,0.8138501304926765,0.8106712306353194,0.8170295682267195,False
ENSG00000109927,TECTA,0.200938,0.2001522076246846,0.2017239268697196,0.8138501304926765,0.8106712306353194,0.8170295682267195,False
ENSG00000075884,ARHGAP15,0.201132,0.2003459236137019,0.2019182101442353,0.8138501304926765,0.8106712306353194,0.8170295682267195,False
ENSG00000101194,SLC17A9,0.201252,0.2004657480801553,0.2020383852222362,0.8138501304926765,0.8106712306353194,0.8170295682267195,False
ENSG00000094880,CDC23,0.201318,0.2005316515833744,0.2021044814684671,0.8138501304926765,0.8106712306353194,0.8170295682267195,False
ENSG00000135336,ORC3,0.201602,0.200815236732363,0.2023888952413568,0.8139144574468085,0.8107381099992742,0.8170913377031375,False
ENSG00000151065,DCP1B,0.203333,0.2025437213840299,0.2041224040185351,0.8198127330677291,0.8166304623132998,0.822995509429313,False
ENSG00000145675,PIK3R1,0.203824,0.2030340120119213,0.2046141115267511,0.8205633333333334,0.8173879137042548,0.8237392413642488,False
ENSG00000109670,FBXW7,0.204158,0.2033675304984917,0.204948591772284,0.8205633333333334,0.8173879137042548,0.8237392413642488,False
ENSG00000125124,BBS2,0.20433,0.2035392828591622,0.2051208387586864,0.8205633333333334,0.8173879137042548,0.8237392413642488,False
ENSG00000087253,LPCAT2,0.205691,0.2048983311218333,0.2064837853295821,0.8249377490092471,0.8217586965467452,0.828117268508073,False
ENSG00000123700,KCNJ2,0.206191,0.2053976175559423,0.2069844969974635,0.8258520791556729,0.8226743626646981,0.8290302544647749,False
ENSG00000086589,RBM22,0.206637,0.2058429826163394,0.2074311302440502,0.826548,0.8233719304653577,0.8297245209762011,False
ENSG00000106302,HYAL4,0.20695,0.2061555378967746,0.2077445737754716,0.8267107894736843,0.8235371224402734,0.8298849026083315,False
ENSG00000068912,ERLEC1,0.207671,0.2068755162239237,0.2084665927114317,0.828500862023653,0.8253272894294776,0.8316748692140691,False
ENSG00000018236,CNTN1,0.209049,0.2082515741722793,0.2098465295322927,0.8329038897637796,0.8297267443399474,0.8360814483727568,False
ENSG00000139874,SSTR1,0.209336,0.2085381714402347,0.2101339311749162,0.8329542542595019,0.8297796703703182,0.8361292464574649,False
ENSG00000116981,NT5C1A,0.209773,0.208974559371893,0.2105715415844592,0.8336005602094241,0.8304276992841196,0.8367738223173016,False
ENSG00000150625,GPM6A,0.211474,0.2106731900997496,0.2122749043998829,0.8392615215686275,0.836083405415477,0.8424400127556139,False
ENSG00000102802,MEDAG,0.212022,0.2112204312500602,0.2128236611694764,0.8394836098829649,0.8363156823210076,0.8426518931146181,False
ENSG00000143924,EML4,0.212093,0.2112913330897499,0.212894759060286,0.8394836098829649,0.8363156823210076,0.8426518931146181,False
ENSG00000116221,MRPL37,0.212519,0.2117167448867438,0.213321345646292,0.8394836098829649,0.8363156823210076,0.8426518931146181,False
ENSG00000106025,TSPAN12,0.212636,0.2118335835654989,0.2134385065234325,0.8394836098829649,0.8363156823210076,0.8426518931146181,False
ENSG00000116117,PARD3B,0.213353,0.2125495970922095,0.2141564902751696,0.8396030542635659,0.8364479795814296,0.842758461280052,False
ENSG00000114439,BBX,0.213592,0.2127882690825847,0.2143958173776145,0.8396030542635659,0.8364479795814296,0.842758461280052,False
ENSG00000093183,SEC22C,0.213877,0.2130728784728393,0.2146812069055791,0.8396030542635659,0.8364479795814296,0.842758461280052,False
ENSG00000095464,PDE6C,0.214,0.2131957100722837,0.2148043748392616,0.8396030542635659,0.8364479795814296,0.842758461280052,False
ENSG00000145088,EAF2,0.214049,0.213244643015819,0.2148534417097365,0.8396030542635659,0.8364479795814296,0.842758461280052,False
ENSG00000152661,GJA1,0.214804,0.2139986119515458,0.2156094699082582,0.8404673041237114,0.8373162258594904,0.8436187023717144,False
ENSG00000003436,TFPI,0.214823,0.2140175860563124,0.2156284957313736,0.8404673041237114,0.8373162258594904,0.8436187023717144,False
ENSG00000085433,WDR47,0.215501,0.2146946636747766,0.2163074155394445,0.841713439588689,0.8385658294719672,0.8448613559358367,False
ENSG00000145715,RASA1,0.215696,0.2148893989885344,0.2165026794855339,0.841713439588689,0.8385658294719672,0.8448613559358367,False
ENSG00000012232,EXTL3,0.216864,0.216055819182115,0.2176722548586558,0.8449927538461538,0.8418458641963106,0.8481399283022889,False
ENSG00000121742,GJB6,0.217093,0.2162845105642695,0.2179015626073074,0.8449927538461538,0.8418458641963106,0.8481399283022889,False
ENSG00000129595,EPB41L4A,0.218588,0.2177775047811369,0.2193985627160525,0.8497223661971832,0.8465717087266733,0.8528732860511336,False
ENSG00000113494,PRLR,0.218898,0.2180870908120067,0.2197089755085635,0.8498392941176471,0.8466910584466143,0.8529877872685407,False
ENSG00000005700,IBTK,0.219933,0.2191207135074405,0.2207453488847635,0.8527670344827586,0.849617479193601,0.8559168316911137,False
ENSG00000017260,ATP2C1,0.22029,0.219477240152377,0.2211028208848336,0.8530617857142858,0.8499144146717048,0.8562093931203509,False
ENSG00000091157,WDR7,0.221531,0.2207166014954555,0.2223454548315737,0.8567746700636943,0.8536249708792397,0.8599245870938315,False
ENSG00000120370,GORAB,0.222311,0.2214955769547475,0.2231264764118393,0.8586974503816793,0.8555478010618491,0.8618473058350434,False
ENSG00000136872,ALDOB,0.223826,0.2230085988172005,0.2246434487993529,0.8634507445997459,0.8602974663392895,0.8666042065499815,False
ENSG00000055917,PUM2,0.225563,0.2247433499194508,0.2263826911045812,0.8679455457967378,0.8648121034959371,0.8710791113058607,False
ENSG00000153233,PTPRR,0.225735,0.2249151283352203,0.2265549120360168,0.8679455457967378,0.8648121034959371,0.8710791113058607,False
ENSG00000047932,GOPC,0.226192,0.2253715405544594,0.2270124980823216,0.8679455457967378,0.8648121034959371,0.8710791113058607,False
ENSG00000038002,AGA,0.226237,0.2254164827523334,0.2270575557136591,0.8679455457967378,0.8648121034959371,0.8710791113058607,False
ENSG00000013293,SLC7A14,0.226438,0.2256172247348632,0.2272588129682746,0.8679455457967378,0.8648121034959371,0.8710791113058607,False
ENSG00000004142,POLDIP2,0.227052,0.226230438233338,0.2278735971394951,0.8679455457967378,0.8648121034959371,0.8710791113058607,False
ENSG00000113643,RARS1,0.22706,0.2262384280023583,0.2278816073401125,0.8679455457967378,0.8648121034959371,0.8710791113058607,False
ENSG00000083535,PIBF1,0.227494,0.2266718736105014,0.2283161600848232,0.8679455457967378,0.8648121034959371,0.8710791113058607,False
ENSG00000114686,MRPL3,0.227746,0.226923552280595,0.2285684804583248,0.8679455457967378,0.8648121034959371,0.8710791113058607,False
ENSG00000137513,NARS2,0.22785,0.2270274197912588,0.2286726125529548,0.8679455457967378,0.8648121034959371,0.8710791113058607,False
ENSG00000151665,PIGF,0.229744,0.2289190194854896,0.2305690056705752,0.8740636390977444,0.8709249914259981,0.877202382476023,False
ENSG00000133858,ZFC3H1,0.230231,0.2294054061246513,0.2310566171831582,0.8744551760299625,0.8713236731893496,0.8775867603086325,False
ENSG00000154133,ROBO4,0.230462,0.2296361157324339,0.2312879066986904,0.8744551760299625,0.8713236731893496,0.8775867603086325,False
ENSG00000072858,SIDT1,0.230711,0.2298848031043047,0.2315372183818229,0.8744551760299625,0.8713236731893496,0.8775867603086325,False
ENSG00000148700,ADD3,0.231194,0.2303671978391175,0.2320208218139496,0.875193246882793,0.8720633574059361,0.8783232107570464,False
ENSG00000061676,NCKAP1,0.231573,0.2307457239684625,0.2324002942462452,0.8755362739726027,0.8724084906204885,0.8786641261912833,False
ENSG00000101310,SEC23B,0.232194,0.2313659495468534,0.2330220663110795,0.8767922686567166,0.873665451273939,0.8799191459209419,False
ENSG00000136824,SMC2,0.232558,0.2317294967859473,0.233386517690564,0.8770758857142856,0.873951245021287,0.8802005810044128,False
ENSG00000134247,PTGFRN,0.233469,0.2326393674109377,0.2342986436082413,0.8777684702970298,0.8746505371051072,0.8808864428963364,False
ENSG00000066557,LRRC40,0.233606,0.2327761980359512,0.2344358124633018,0.8777684702970298,0.8746505371051072,0.8808864428963364,False
ENSG00000005381,MPO,0.233609,0.2327791943283684,0.2344388161594992,0.8777684702970298,0.8746505371051072,0.8808864428963364,False
ENSG00000126860,EVI2A,0.233949,0.2331187745126305,0.2347792346849122,0.877959411619283,0.8748437570090807,0.8810751007458512,False
ENSG00000112159,MDN1,0.235561,0.2347287942340425,0.2363932088458866,0.8821150344827586,0.8790018098666084,0.8852282654070501,False
ENSG00000144445,KANSL1L,0.235841,0.2350084519669124,0.2366735500504114,0.8821150344827586,0.8790018098666084,0.8852282654070501,False
ENSG00000155561,NUP205,0.235928,0.2350953457218992,0.2367606559652584,0.8821150344827586,0.8790018098666084,0.8852282654070501,False
ENSG00000127993,RBM48,0.236351,0.2355178298415363,0.2371841702403336,0.8823011351351352,0.8791926910629806,0.8854095765685447,False
ENSG00000114956,DGUOK,0.236559,0.2357255765893498,0.2373924227031605,0.8823011351351352,0.8791926910629806,0.8854095765685447,False
ENSG00000138315,OIT3,0.237228,0.2363937639142923,0.2380622328393729,0.8831002205882353,0.879995798827984,0.8862046284770303,False
ENSG00000092439,TRPM7,0.237355,0.2365206099616716,0.2381893863100318,0.8831002205882353,0.879995798827984,0.8862046284770303,False
ENSG00000070182,SPTB,0.239725,0.2388877557521732,0.240562231525522,0.890676293398533,0.8875677454624941,0.8937847905524038,False
ENSG00000155666,KDM8,0.239978,0.2391404531582082,0.2408155331593762,0.890676293398533,0.8875677454624941,0.8937847905524038,False
ENSG00000101782,RIOK3,0.242162,0.2413218577375421,0.243002120292042,0.8975304585365853,0.8944187726271434,0.900642059533161,False
ENSG00000118946,PCDH17,0.242416,0.2415755578241955,0.2432564192414993,0.8975304585365853,0.8944187726271434,0.900642059533161,False
ENSG00000124155,PIGT,0.243367,0.2425254384841088,0.2442085349727083,0.8996716934306569,0.8965624908932512,0.9027807948491678,False
ENSG00000138378,STAT4,0.243587,0.2427451803406629,0.2444287922812964,0.8996716934306569,0.8965624908932512,0.9027807948491678,False
ENSG00000115474,KCNJ13,0.244065,0.2432226204985186,0.2449073503095264,0.9001211524609845,0.897038677211195,0.9032034811382222,False
ENSG00000122008,POLK,0.244541,0.2436980644026966,0.2453839045990294,0.9001211524609845,0.897038677211195,0.9032034811382222,False
ENSG00000130150,MOSPD2,0.245402,0.2445580620734242,0.2462459036610045,0.9001211524609845,0.897038677211195,0.9032034811382222,False
ENSG00000155252,PI4K2A,0.245559,0.2447148797944373,0.2464030853442145,0.9001211524609845,0.897038677211195,0.9032034811382222,False
ENSG00000137819,PAQR5,0.245774,0.2449296304224335,0.2466183339003465,0.9001211524609845,0.897038677211195,0.9032034811382222,False
ENSG00000109452,INPP4B,0.246186,0.2453411533488596,0.2470308094104854,0.9001211524609845,0.897038677211195,0.9032034811382222,False
ENSG00000116717,GADD45A,0.246838,0.2459924004936284,0.2476835597915518,0.9001211524609845,0.897038677211195,0.9032034811382222,False
ENSG00000144452,ABCA12,0.246845,0.2459993924249384,0.2476905678336787,0.9001211524609845,0.897038677211195,0.9032034811382222,False
ENSG00000137509,PRCP,0.246896,0.2460503336478083,0.2477416264172779,0.9001211524609845,0.897038677211195,0.9032034811382222,False
ENSG00000117569,PTBP2,0.246962,0.2461162576068825,0.2478077022077521,0.9001211524609845,0.897038677211195,0.9032034811382222,False
ENSG00000153956,CACNA2D1,0.24697,0.2461242483916091,0.2478157113926677,0.9001211524609845,0.897038677211195,0.9032034811382222,False
ENSG00000151376,ME3,0.248111,0.2472639380619003,0.248958017392617,0.9025646227544912,0.8994842503867475,0.9056448314472052,False
ENSG00000146618,FERD3L,0.248235,0.2473877961373301,0.2490821588466457,0.9025646227544912,0.8994842503867475,0.9056448314472052,False
ENSG00000131378,RFTN1,0.248831,0.2479831152870521,0.2496788374352936,0.902654545887962,0.8995838492903386,0.9057250629209916,False
ENSG00000143493,INTS7,0.248908,0.2480600274820711,0.2497559249480847,0.902654545887962,0.8995838492903386,0.9057250629209916,False
ENSG00000128052,KDR,0.24939,0.2485414786618742,0.2502384719392524,0.902654545887962,0.8995838492903386,0.9057250629209916,False
ENSG00000138207,RBP4,0.249449,0.248600411579247,0.2502975387979947,0.902654545887962,0.8995838492903386,0.9057250629209916,False
ENSG00000103174,NAGPA,0.250139,0.2492896286152497,0.2509883191436828,0.9032551248513674,0.9001886139989022,0.9063214461415996,False
ENSG00000146674,IGFBP3,0.25021,0.2493605482124758,0.2510593992770373,0.9032551248513674,0.9001886139989022,0.9063214461415996,False
ENSG00000151090,THRB,0.251184,0.2503334482874303,0.252034495506114,0.9056031459074732,0.902538842376502,0.908667243284374,False
ENSG00000120217,CD274,0.251457,0.2506061410156097,0.252307801742005,0.9056031459074732,0.902538842376502,0.908667243284374,False
ENSG00000106070,GRB10,0.251763,0.2509117971325626,0.2526141444639023,0.9056308862559244,0.902568976415237,0.9086925860099616,False
ENSG00000090989,EXOC1,0.252277,0.2514252207615641,0.2531287188844776,0.9064058840236686,0.903345526901904,0.9094660242997328,False
ENSG00000146070,PLA2G7,0.252614,0.2517618437263305,0.2534660946409353,0.9065438581560284,0.9034857654292427,0.9096017297043492,False
ENSG00000125998,FAM83C,0.253203,0.2523501863820903,0.2540557497501698,0.9065837283372368,0.9035448067158588,0.90962239847661,False
ENSG00000144021,CIAO1,0.253349,0.2524960237609954,0.2542019118172577,0.9065837283372368,0.9035448067158588,0.90962239847661,False
ENSG00000049759,NEDD4L,0.253711,0.2528576210972507,0.2545643131073709,0.9065837283372368,0.9035448067158588,0.90962239847661,False
ENSG00000140691,ARMC5,0.254043,0.2531892524886103,0.2548966804562193,0.9065837283372368,0.9035448067158588,0.90962239847661,False
ENSG00000089057,SLC23A2,0.254395,0.2535408623896466,0.2552490692195027,0.9065837283372368,0.9035448067158588,0.90962239847661,False
ENSG00000122547,EEPD1,0.25445,0.2535958015030973,0.2553041298973523,0.9065837283372368,0.9035448067158588,0.90962239847661,False
ENSG00000152208,GRID2,0.254982,0.2541272134894973,0.2558367158922597,0.9065837283372368,0.9035448067158588,0.90962239847661,False
ENSG00000005981,ASB4,0.255014,0.2541591781736968,0.2558687510866353,0.9065837283372368,0.9035448067158588,0.90962239847661,False
ENSG00000148459,PDSS1,0.255614,0.254758517123532,0.2564694098600874,0.9076539228070176,0.9046162081719804,0.9106913781698542,False
ENSG00000140955,ADAD2,0.256886,0.2560291227199033,0.2577427994371122,0.9098233846153846,0.9067904378632003,0.9128560527276242,False
ENSG00000103569,AQP9,0.257078,0.2562209130706971,0.2579350083577776,0.9098233846153846,0.9067904378632003,0.9128560527276242,False
ENSG00000122584,NXPH1,0.257124,0.2562668628743827,0.2579810583795459,0.9098233846153846,0.9067904378632003,0.9128560527276242,False
ENSG00000144229,THSD7B,0.257855,0.2569970668549257,0.2587128516252437,0.9104293255813952,0.9074004686095606,0.9134578942334568,False
ENSG00000145868,FBXO38,0.257895,0.2570370233874249,0.258752894940966,0.9104293255813952,0.9074004686095606,0.9134578942334568,False
ENSG00000100473,COCH,0.258585,0.2577262750457311,0.2594436406644856,0.9118049477351916,0.908776969847665,0.9148326284057824,False
ENSG00000100605,ITPK1,0.260049,0.2591886964543827,0.2609092137007859,0.9146413979238754,0.9116245429471848,0.917657923034766,False
ENSG00000107099,DOCK8,0.260663,0.2598020381021212,0.2615238697232802,0.9146413979238754,0.9116245429471848,0.917657923034766,False
ENSG00000149260,CAPN5,0.260952,0.2600907289822484,0.2618131777465715,0.9146413979238754,0.9116245429471848,0.917657923034766,False
ENSG00000105875,WDR91,0.261002,0.2601406755503482,0.2618632309887519,0.9146413979238754,0.9116245429471848,0.917657923034766,False
ENSG00000127720,METTL25,0.261129,0.2602675398983291,0.261990366158883,0.9146413979238754,0.9116245429471848,0.917657923034766,False
ENSG00000077063,CTTNBP2,0.261197,0.2603354673040873,0.2620584384951061,0.9146413979238754,0.9116245429471848,0.917657923034766,False
ENSG00000140025,EFCAB11,0.262233,0.2613703646110612,0.2630955372571547,0.9172112764976956,0.9141940402755552,0.9202281694847024,False
ENSG00000109832,DDX25,0.262906,0.2620426515991959,0.2637692477154145,0.9185070379746836,0.915490782802254,0.921522941385499,False
ENSG00000150628,SPATA4,0.263498,0.2626340265539743,0.2643618705143817,0.918598899082569,0.9155895907427124,0.9216078445323124,False
ENSG00000010671,BTK,0.263733,0.2628687789935412,0.264597117183145,0.918598899082569,0.9155895907427124,0.9216078445323124,False
ENSG00000112077,RHAG,0.26384,0.2629756663793298,0.2647042293913624,0.918598899082569,0.9155895907427124,0.9216078445323124,False
ENSG00000135900,MRPL44,0.265808,0.2649416067813275,0.2666742815221533,0.9242902491428572,0.9212820207108088,0.9272980823841408,False
ENSG00000133055,MYBPH,0.266226,0.2653591721656228,0.2670927145518446,0.9242902491428572,0.9212820207108088,0.9272980823841408,False
ENSG00000038532,CLEC16A,0.266388,0.2655210039927397,0.2672548821100537,0.9242902491428572,0.9212820207108088,0.9272980823841408,False
ENSG00000134444,RELCH,0.267211,0.2663431519300787,0.2680787310500269,0.9260874383561642,0.9230796909357524,0.929094780214477,False
ENSG00000124145,SDC4,0.268756,0.2678865627073051,0.2696253144106835,0.92988885,0.9268865514812166,0.9328907144048488,False
ENSG00000102104,RS1,0.269235,0.2683650727265581,0.2701048025739941,0.92988885,0.9268865514812166,0.9328907144048488,False
ENSG00000143498,TAF1A,0.269377,0.2685069277189606,0.2702469470428118,0.92988885,0.9268865514812166,0.9328907144048488,False
ENSG00000132259,CNGA4,0.269533,0.2686627685452801,0.2704031056245938,0.92988885,0.9268865514812166,0.9328907144048488,False
ENSG00000149090,PAMR1,0.270472,0.2696008133230326,0.2713430572840775,0.9320692304199772,0.9290670479554224,0.9350709669857654,False
ENSG00000132294,EFR3A,0.270782,0.2699104990505138,0.271653370380395,0.932079537414966,0.9290796770038096,0.9350789483842168,False
ENSG00000105974,CAV1,0.271116,0.2702441610477902,0.2719877071158584,0.9321723397508496,0.9291747145425722,0.9351695116690216,False
ENSG00000014824,SLC30A9,0.271848,0.2709754224505979,0.2727204429357097,0.9336318190045249,0.9306350481448136,0.9366281275484328,False
ENSG00000155016,CYP2U1,0.273401,0.2725268653165778,0.2742749941773995,0.9379044474576272,0.9349057210182264,0.9409026918899264,False
ENSG00000123892,RAB38,0.275059,0.2741832176327356,0.275934635570575,0.9404627692307692,0.9374892644162984,0.943435741174418,False
ENSG00000079215,SLC1A3,0.27549,0.2746137917952065,0.2763660597728427,0.9404627692307692,0.9374892644162984,0.943435741174418,False
ENSG00000112339,HBS1L,0.275582,0.2747057010294205,0.276458150189571,0.9404627692307692,0.9374892644162984,0.943435741174418,False
ENSG00000132466,ANKRD17,0.275591,0.2747146921526558,0.2764671590321888,0.9404627692307692,0.9374892644162984,0.943435741174418,False
ENSG00000152620,NADK2,0.276265,0.2753880286450124,0.2771418199826103,0.9404627692307692,0.9374892644162984,0.943435741174418,False
ENSG00000140265,ZSCAN29,0.276503,0.2756257949451225,0.2773800527795069,0.9404627692307692,0.9374892644162984,0.943435741174418,False
ENSG00000118855,MFSD1,0.276722,0.2758445801759931,0.2775992667177315,0.9404627692307692,0.9374892644162984,0.943435741174418,False
ENSG00000139350,NEDD1,0.277268,0.2763900458666277,0.2781457989555302,0.9404627692307692,0.9374892644162984,0.943435741174418,False
ENSG00000137841,PLCB2,0.277331,0.2764529843203892,0.2782088602627422,0.9404627692307692,0.9374892644162984,0.943435741174418,False
ENSG00000122042,UBL3,0.277627,0.276748695440846,0.2785051480192406,0.9404627692307692,0.9374892644162984,0.943435741174418,False
ENSG00000070961,ATP2B1,0.277664,0.2767856593645231,0.2785421839551832,0.9404627692307692,0.9374892644162984,0.943435741174418,False
ENSG00000120156,TEK,0.277864,0.2769854644866336,0.2787423780742598,0.9404627692307692,0.9374892644162984,0.943435741174418,False
ENSG00000133105,RXFP2,0.279165,0.2782852021223038,0.2800446355025296,0.943813964365256,0.9408395029435572,0.94678787682147,False
ENSG00000119681,LTBP2,0.279773,0.2788926153305239,0.280653219987537,0.944817383759733,0.9418442493253288,0.947789962049124,False
ENSG00000087301,TXNDC16,0.280675,0.2797937484820398,0.2815560834138148,0.9455643853820596,0.9425996884803562,0.9485285098893026,False
ENSG00000110756,HPS5,0.28111,0.2802283320057442,0.2819914982397166,0.9455643853820596,0.9425996884803562,0.9485285098893026,False
ENSG00000143995,MEIS1,0.281159,0.2802772851563069,0.2820405449032478,0.9455643853820596,0.9425996884803562,0.9485285098893026,False
ENSG00000148541,FAM13C,0.28124,0.2803582077397107,0.2821216220125297,0.9455643853820596,0.9425996884803562,0.9485285098893026,False
ENSG00000137692,DCUN1D5,0.282301,0.2814181969406728,0.2831836287861408,0.9480816769911504,0.9451168649467728,0.951045903755225,False
ENSG00000128463,EMC4,0.283731,0.2828468441664857,0.2846149761349483,0.9511426092715232,0.9481794680565008,0.9540987593879487,False
ENSG00000155097,ATP6V1C1,0.283839,0.2829547424437383,0.2847230774479483,0.9511426092715232,0.9481794680565008,0.9540987593879487,False
ENSG00000147869,CER1,0.284317,0.2834322929748907,0.2852015251032862,0.9511430627062708,0.9481867525634656,0.9540987593879487,False
ENSG00000131023,LATS1,0.284537,0.2836520865163716,0.2854217307271368,0.9511430627062708,0.9481867525634656,0.9540987593879487,False
ENSG00000153823,PID1,0.284779,0.2838938597102076,0.2856639566151664,0.9511430627062708,0.9481867525634656,0.9540987593879487,False
ENSG00000124302,CHST8,0.285779,0.2848929258022452,0.2866648867291957,0.9529278289473684,0.9499766609449766,0.9558783668650266,False
ENSG00000107521,HPS1,0.286082,0.2851956438778458,0.2869681675040366,0.9529278289473684,0.9499766609449766,0.9558783668650266,False
ENSG00000105810,CDK6,0.286255,0.2853684831297163,0.2871413275958183,0.9529278289473684,0.9499766609449766,0.9558783668650266,False
ENSG00000145901,TNIP1,0.286623,0.2857361417195448,0.2875096676098295,0.9531078072289156,0.950158736320414,0.956056244100156,False
ENSG00000151465,CDC123,0.28715,0.2862626540475282,0.2880371532824575,0.9538155361050328,0.9508680718690324,0.9567623603561718,False
ENSG00000128652,HOXD3,0.287917,0.2870289469107375,0.2888048575093301,0.9541217666303164,0.951180788332229,0.9570620940368404,False
ENSG00000131095,GFAP,0.287981,0.2870928880463046,0.288868916130954,0.9541217666303164,0.951180788332229,0.9570620940368404,False
ENSG00000104112,SCG3,0.288185,0.2872967005601627,0.2890731028431431,0.9541217666303164,0.951180788332229,0.9570620940368404,False
ENSG00000140836,ZFHX3,0.288718,0.2878292117421621,0.2896065896390053,0.954624,0.9516893032287064,0.9575580342930312,False
ENSG00000053108,FSTL4,0.288982,0.2880929701800042,0.2898708301995804,0.954624,0.9516893032287064,0.9575580342930312,False
ENSG00000012822,CALCOCO1,0.28928,0.2883906979480928,0.2901691013009185,0.954624,0.9516893032287064,0.9575580342930312,False
ENSG00000006611,USH1C,0.290423,0.2895326581082444,0.2913131368043873,0.9569590542299348,0.954026717467664,0.959890713235933,False
ENSG00000134775,FHOD3,0.290618,0.289727481391695,0.2915083127811364,0.9569590542299348,0.954026717467664,0.959890713235933,False
ENSG00000144583,MARCHF4,0.292276,0.291383986877107,0.2931678010055498,0.960342,0.957411093844062,0.9632722091740225,False
ENSG00000003756,RBM5,0.292278,0.2913859850829754,0.2931698027920938,0.960342,0.957411093844062,0.9632722091740225,False
ENSG00000105880,DLX5,0.292921,0.2920284093490004,0.293813376086646,0.9614142227027026,0.9584845954416922,0.9643431457287104,False
ENSG00000146282,RARS2,0.294097,0.293203361930657,0.2949904190434802,0.9640331650485436,0.9611056815311227,0.9669599280453266,False
ENSG00000103479,RBL2,0.294354,0.2934601339852934,0.2952476460138398,0.9640331650485436,0.9611056815311227,0.9669599280453266,False
ENSG00000077522,ACTN2,0.294697,0.2938028302950706,0.2955909484027946,0.9641164784482756,0.9611911560084424,0.9670410768867288,False
ENSG00000152380,FAM151B,0.295165,0.2942704169117412,0.2960593600106356,0.964301788235294,0.9613918618817218,0.9672109679214606,False
ENSG00000134198,TSPAN2,0.295989,0.2950936918221243,0.2968840819741872,0.964301788235294,0.9613918618817218,0.9672109679214606,False
ENSG00000111860,CEP85L,0.296307,0.2954114129296558,0.29720235966024,0.964301788235294,0.9613918618817218,0.9672109679214606,False
ENSG00000112079,STK38,0.296479,0.2955832622990564,0.2973745096383133,0.964301788235294,0.9613918618817218,0.9672109679214606,False
ENSG00000127329,PTPRB,0.296501,0.2956052430433303,0.2973965288105768,0.964301788235294,0.9613918618817218,0.9672109679214606,False
ENSG00000002587,HS3ST1,0.296841,0.2959449457712659,0.2977368247927655,0.964301788235294,0.9613918618817218,0.9672109679214606,False
ENSG00000116754,SRSF11,0.296977,0.2960808270287911,0.2978729430192904,0.964301788235294,0.9613918618817218,0.9672109679214606,False
ENSG00000136051,WASHC4,0.297996,0.2970989403533234,0.2988928258289371,0.9665767692307692,0.9636670757614209,0.9694857042912962,False
ENSG00000113555,PCDH12,0.298856,0.297958196168904,0.2997535667507521,0.9680863130990416,0.9651819438900712,0.9709899088800218,False
ENSG00000135312,HTR1B,0.299215,0.2983168866334879,0.3001128749242238,0.9680863130990416,0.9651819438900712,0.9709899088800218,False
ENSG00000068024,HDAC4,0.299418,0.298519711894854,0.300316048892734,0.9680863130990416,0.9651819438900712,0.9709899088800218,False
ENSG00000116698,SMG7,0.300513,0.2996137729605427,0.30141198367294,0.970256611464968,0.9673569943535252,0.973155437681838,False
ENSG00000115657,ABCB6,0.300782,0.2998825432334432,0.3016812123795359,0.970256611464968,0.9673569943535252,0.973155437681838,False
ENSG00000066136,NFYC,0.301048,0.3001483164298487,0.301947438174009,0.970256611464968,0.9673569943535252,0.973155437681838,False
ENSG00000140015,KCNH5,0.301647,0.3007468070101824,0.3025469453212588,0.9711561951219512,0.9682580128132704,0.974053580058687,False
ENSG00000119718,EIF2B2,0.302292,0.3013912605029135,0.3031924893816077,0.972201813559322,0.969304943736065,0.975097878985764,False
ENSG00000118596,SLC16A7,0.303244,0.3023424577195115,0.3041452885534422,0.9742315174603176,0.9713351340068116,0.9771270857653448,False
ENSG00000130348,QRSL1,0.303908,0.3030059005025046,0.3048098432514644,0.9745431763463568,0.9716509221412198,0.977434608136749,False
ENSG00000135211,TMEM60,0.303983,0.3030808377034701,0.3048849057659754,0.9745431763463568,0.9716509221412198,0.977434608136749,False
ENSG00000113441,LNPEP,0.304633,0.303730294630874,0.3055354463727044,0.9752214246575344,0.9723329845831138,0.9781090336859048,False
ENSG00000116701,NCF2,0.304837,0.3039341246275939,0.3057396156020829,0.9752214246575344,0.9723329845831138,0.9781090336859048,False
ENSG00000113851,CRBN,0.305233,0.3043297952178463,0.3061359435095523,0.9754604084210524,0.9725739560856644,0.9783460257842116,False
ENSG00000128617,OPN1SW,0.30562,0.3047164740548873,0.306523263204378,0.9756701577287066,0.9727857152793248,0.9785537613969416,False
ENSG00000150773,PIH1D2,0.307356,0.3064510426106848,0.3082606880628708,0.9791944218258132,0.976311438609198,0.9820765468841804,False
ENSG00000134533,RERG,0.307369,0.3064640319481441,0.3082736986760948,0.9791944218258132,0.976311438609198,0.9820765468841804,False
ENSG00000135945,REV1,0.308075,0.3071694541554167,0.3089802737905441,0.980414779874214,0.9775329798908232,0.9832957140755684,False
ENSG00000073849,ST6GAL1,0.308598,0.3076920277308304,0.3095036982310848,0.9806470543933056,0.9777694226775115,0.9835238134762344,False
ENSG00000054219,LY75,0.308794,0.3078878682739463,0.3096998569444269,0.9806470543933056,0.9777694226775115,0.9835238134762344,False
ENSG00000009413,REV3L,0.309397,0.308490378896566,0.3103033440342806,0.9807229739311784,0.9778517959482228,0.9835932700854704,False
ENSG00000096872,IFT74,0.309687,0.3087801441835034,0.3105935776472078,0.9807229739311784,0.9778517959482228,0.9835932700854704,False
ENSG00000113658,SMAD5,0.309787,0.3088800633446462,0.3106936581067082,0.9807229739311784,0.9778517959482228,0.9835932700854704,False
ENSG00000092421,SEMA6A,0.310286,0.3093786606991431,0.3111930588592228,0.981279475,0.97841001446104,0.984148048642292,False
ENSG00000101463,SYNDIG1,0.311606,0.310697601522294,0.3125141130285833,0.9836766237006236,0.9808095692544314,0.986542776261145,False
ENSG00000128512,DOCK4,0.311692,0.3107835328138218,0.3126001814108107,0.9836766237006236,0.9808095692544314,0.986542776261145,False
ENSG00000110442,COMMD9,0.313603,0.3126930154414781,0.3145126915337188,0.986477087900724,0.9836186073832268,0.9893346412774928,False
ENSG00000076321,KLHL20,0.3137,0.3127899389001026,0.3146097677071231,0.986477087900724,0.9836186073832268,0.9893346412774928,False
ENSG00000156831,NSMCE2,0.313863,0.3129528103829612,0.3147728956059216,0.986477087900724,0.9836186073832268,0.9893346412774928,False
ENSG00000151892,GFRA1,0.313897,0.3129867835921267,0.3148069222677765,0.986477087900724,0.9836186073832268,0.9893346412774928,False
ENSG00000118690,ARMC2,0.314204,0.3132935419432083,0.3151141627520867,0.986477087900724,0.9836186073832268,0.9893346412774928,False
ENSG00000127824,TUBA4A,0.314597,0.3136862332748715,0.315507469929575,0.986690590909091,0.9838340952711878,0.9895461556882128,False
ENSG00000117151,CTBS,0.316587,0.3156746818853516,0.3174990137700446,0.9919072569659444,0.9890488485076652,0.9947647118739478,False
ENSG00000133119,RFC3,0.317185,0.3162722194609338,0.3180974739259634,0.9923284691358024,0.9894761942184755,0.9951797802345536,False
ENSG00000113272,THG1L,0.317386,0.3164730644211558,0.3182986282032535,0.9923284691358024,0.9894761942184755,0.9951797802345536,False
ENSG00000132464,ENAM,0.317702,0.3167888210738993,0.318614870351774,0.9923284691358024,0.9894761942184755,0.9951797802345536,False
ENSG00000128510,CPA4,0.318446,0.3175322500435013,0.3193594385598363,0.9936300678314492,0.990778942581778,0.9964802214467248,False
ENSG00000149089,APIP,0.320022,0.3191070492946418,0.3209366333302219,0.9975223737166324,0.9946704329143046,1.0,False
ENSG00000008118,CAMK1G,0.321362,0.3204460377858386,0.3222776397558283,1.0,0.9978196622746728,1.0,False
ENSG00000114023,FAM162A,0.323356,0.3224385485838144,0.3242731213937914,1.0,1.0,1.0,False
ENSG00000140043,PTGR2,0.323465,0.3225474677276618,0.3243822018364635,1.0,1.0,1.0,False
ENSG00000076043,REXO2,0.324563,0.3236446564009183,0.3254810089980631,1.0,1.0,1.0,False
ENSG00000091137,SLC26A4,0.325273,0.3243541348374812,0.3261915278681996,1.0,1.0,1.0,False
ENSG00000141424,SLC39A6,0.32599,0.3250706105698831,0.3269090494159491,1.0,1.0,1.0,False
ENSG00000151552,QDPR,0.327304,0.3263836561235488,0.3282239988778063,1.0,1.0,1.0,False
ENSG00000138375,SMARCAL1,0.327415,0.3264945758722541,0.3283350787080386,1.0,1.0,1.0,False
ENSG00000090861,AARS1,0.327624,0.3267034249270105,0.3285442288604717,1.0,1.0,1.0,False
ENSG00000013392,RWDD2A,0.327957,0.3270361848533776,0.3288774676709194,1.0,1.0,1.0,False
ENSG00000144460,NYAP2,0.328541,0.3276197650910983,0.329461885217886,1.0,1.0,1.0,False
ENSG00000120708,TGFBI,0.32882,0.3278985651234425,0.3297410841272001,1.0,1.0,1.0,False
ENSG00000133794,BMAL1,0.330295,0.3293725140545481,0.3312171296009337,1.0,1.0,1.0,False
ENSG00000040731,CDH10,0.331633,0.3307095694748518,0.3325560691051756,1.0,1.0,1.0,False
ENSG00000120051,CFAP58,0.332856,0.3319317134350328,0.3337799205057881,1.0,1.0,1.0,False
ENSG00000132640,BTBD3,0.334341,0.3334156834212813,0.3352659448865095,1.0,1.0,1.0,False
ENSG00000150593,PDCD4,0.334578,0.3336525199884464,0.3355031074203378,1.0,1.0,1.0,False
ENSG00000108469,RECQL5,0.334897,0.3339713004228545,0.3358223257758751,1.0,1.0,1.0,False
ENSG00000119720,NRDE2,0.336443,0.3355162430348423,0.3373693772995003,1.0,1.0,1.0,False
ENSG00000028528,SNX1,0.336938,0.3360109068274984,0.3378647116291832,1.0,1.0,1.0,False
ENSG00000145819,ARHGAP26,0.337282,0.3363546738500608,0.3382089433017429,1.0,1.0,1.0,False
ENSG00000103037,SETD6,0.337323,0.3363956461190041,0.3382499708772764,1.0,1.0,1.0,False
ENSG00000025156,HSF2,0.337415,0.3364875839215818,0.3383420327257199,1.0,1.0,1.0,False
ENSG00000123094,RASSF8,0.337934,0.3370062337817168,0.3388613808968911,1.0,1.0,1.0,False
ENSG00000105852,PON3,0.338401,0.3374729197893332,0.339328693117832,1.0,1.0,1.0,False
ENSG00000072952,IRAG1,0.338493,0.3375648580511311,0.3394207545070563,1.0,1.0,1.0,False
ENSG00000148053,NTRK2,0.338674,0.3377457367021765,0.3396018751694353,1.0,1.0,1.0,False
ENSG00000123124,WWP1,0.339637,0.3387080936170054,0.3405655146017267,1.0,1.0,1.0,False
ENSG00000067248,DHX29,0.339908,0.3389789134166827,0.3408366937740857,1.0,1.0,1.0,False
ENSG00000125885,MCM8,0.33991,0.33898091208805,0.340838695095132,1.0,1.0,1.0,False
ENSG00000149187,CELF1,0.339991,0.3390618582939187,0.3409197485820122,1.0,1.0,1.0,False
ENSG00000128641,MYO1B,0.340312,0.3393826454071344,0.3412409602511731,1.0,1.0,1.0,False
ENSG00000090905,TNRC6A,0.341287,0.3403570016973949,0.3422166002625297,1.0,1.0,1.0,False
ENSG00000139209,SLC38A4,0.341461,0.3405308872797449,0.3423907140201615,1.0,1.0,1.0,False
ENSG00000008086,CDKL5,0.342908,0.3419769411564569,0.3438386546546894,1.0,1.0,1.0,False
ENSG00000052795,FNIP2,0.344638,0.3437058225804711,0.345569766668466,1.0,1.0,1.0,False
ENSG00000121281,ADCY7,0.345382,0.3444493457321247,0.3463142406946917,1.0,1.0,1.0,False
ENSG00000143079,CTTNBP2NL,0.345636,0.3447031835150047,0.3465684019483469,1.0,1.0,1.0,False
ENSG00000122033,MTIF3,0.345898,0.3449650164966129,0.3468305679729292,1.0,1.0,1.0,False
ENSG00000069424,KCNAB2,0.34637,0.3454367163970958,0.3473028662820737,1.0,1.0,1.0,False
ENSG00000136541,ERMN,0.34736,0.3464260902417201,0.3482934886822252,1.0,1.0,1.0,False
ENSG00000112282,MED23,0.347697,0.3467628781113796,0.3486306995342744,1.0,1.0,1.0,False
ENSG00000115325,DOK1,0.34808,0.3471456376510251,0.3490139385418538,1.0,1.0,1.0,False
ENSG00000119723,COQ6,0.348498,0.3475633759753225,0.3494321986320228,1.0,1.0,1.0,False
ENSG00000067715,SYT1,0.348528,0.3475933572252133,0.3494622172683378,1.0,1.0,1.0,False
ENSG00000115956,PLEK,0.349732,0.3487966080825498,0.3506669618440667,1.0,1.0,1.0,False
ENSG00000134748,PRPF38A,0.351584,0.3506474685267293,0.3525200943750264,1.0,1.0,1.0,False
ENSG00000151276,MAGI1,0.352102,0.3511651525612891,0.353038408375635,1.0,1.0,1.0,False
ENSG00000092529,CAPN3,0.353183,0.3522454970668662,0.3541200597697126,1.0,1.0,1.0,False
ENSG00000101138,CSTF1,0.353827,0.3528891090529086,0.354764445340916,1.0,1.0,1.0,False
ENSG00000121454,LHX4,0.354794,0.3538555299199219,0.355732020805985,1.0,1.0,1.0,False
ENSG00000140030,GPR65,0.354854,0.3539154941240449,0.3557920563742769,1.0,1.0,1.0,False
ENSG00000100889,PCK2,0.356099,0.3551597549908111,0.3570377907851265,1.0,1.0,1.0,False
ENSG00000122592,HOXA7,0.356104,0.3551647520363616,0.3570427937206107,1.0,1.0,1.0,False
ENSG00000057657,PRDM1,0.356622,0.3556824465597034,0.3575610972324575,1.0,1.0,1.0,False
ENSG00000149403,GRIK4,0.357166,0.3562261270380861,0.3581054146906459,1.0,1.0,1.0,False
ENSG00000100234,TIMP3,0.357666,0.3567258345226161,0.3586057053095842,1.0,1.0,1.0,False
ENSG00000100697,DICER1,0.358332,0.3573914466195553,0.3592720906864679,1.0,1.0,1.0,False
ENSG00000154188,ANGPT1,0.35874,0.3577992099591126,0.3596803257993444,1.0,1.0,1.0,False
ENSG00000145439,CBR4,0.358867,0.3579261364436429,0.3598073988330966,1.0,1.0,1.0,False
ENSG00000146281,PM20D2,0.359526,0.3585847561230907,0.3604667766540295,1.0,1.0,1.0,False
ENSG00000149564,ESAM,0.361259,0.3603167651633326,0.3622007610404508,1.0,1.0,1.0,False
ENSG00000138356,AOX1,0.36131,0.360367736201942,0.3622517898083968,1.0,1.0,1.0,False
ENSG00000148143,ZNF462,0.363275,0.3623316290815895,0.364217889475457,1.0,1.0,1.0,False
ENSG00000101542,CDH20,0.363447,0.362503532983696,0.364389984920952,1.0,1.0,1.0,False
ENSG00000006740,ARHGAP44,0.364171,0.363227129906354,0.365114385252153,1.0,1.0,1.0,False
ENSG00000115866,DARS1,0.364223,0.3632791010448097,0.3651664139164609,1.0,1.0,1.0,False
ENSG00000079156,OSBPL6,0.364364,0.3634200228454501,0.3653074915810064,1.0,1.0,1.0,False
ENSG00000133392,MYH11,0.364745,0.3638008119778942,0.3656887010034267,1.0,1.0,1.0,False
ENSG00000073331,ALPK1,0.36482,0.3638757705436704,0.3657637421531753,1.0,1.0,1.0,False
ENSG00000138311,ZNF365,0.365131,0.3641865989933783,0.3660749125238433,1.0,1.0,1.0,False
ENSG00000137976,DNASE2B,0.365884,0.3649391853903275,0.366828323270766,1.0,1.0,1.0,False
ENSG00000054690,PLEKHH1,0.365901,0.3649561760813843,0.366845332515228,1.0,1.0,1.0,False
ENSG00000070269,TMEM260,0.365978,0.3650331339332147,0.366922374371337,1.0,1.0,1.0,False
ENSG00000011143,MKS1,0.366108,0.3651630628329493,0.3670524449785131,1.0,1.0,1.0,False
ENSG00000054967,RELT,0.366346,0.365400932856691,0.3672905740520389,1.0,1.0,1.0,False
ENSG00000067141,NEO1,0.367057,0.366111546043887,0.368001958168027,1.0,1.0,1.0,False
ENSG00000121966,CXCR4,0.367309,0.3663634094767493,0.3682540937793321,1.0,1.0,1.0,False
ENSG00000065325,GLP2R,0.367395,0.366449362934078,0.3683401399958067,1.0,1.0,1.0,False
ENSG00000119844,AFTPH,0.367566,0.3666202704860171,0.3685112317952673,1.0,1.0,1.0,False
ENSG00000101474,APMAP,0.368354,0.3674078461193505,0.3692996531730652,1.0,1.0,1.0,False
ENSG00000133121,STARD13,0.369224,0.3682773807414222,0.3701701152511057,1.0,1.0,1.0,False
ENSG00000111530,CAND1,0.369343,0.3683963173429284,0.370289178198236,1.0,1.0,1.0,False
ENSG00000049130,KITLG,0.36938,0.3684332976433714,0.3703261977574532,1.0,1.0,1.0,False
ENSG00000115590,IL1R2,0.369584,0.3686371891367256,0.370530305490333,1.0,1.0,1.0,False
ENSG00000143033,MTF2,0.371059,0.3701114099822968,0.3720060790501411,1.0,1.0,1.0,False
ENSG00000107643,MAPK8,0.371082,0.3701343979077023,0.3720290910374975,1.0,1.0,1.0,False
ENSG00000113140,SPARC,0.373004,0.3720553970064804,0.3739520846486679,1.0,1.0,1.0,False
ENSG00000065491,TBC1D22B,0.37363,0.3726810744681393,0.3745784048126274,1.0,1.0,1.0,False
ENSG00000129521,EGLN3,0.373765,0.3728160051335226,0.3747134736351972,1.0,1.0,1.0,False
ENSG00000131386,GALNT15,0.373945,0.3729959128100338,0.3748935652759571,1.0,1.0,1.0,False
ENSG00000115263,GCG,0.37408,0.3731308436593952,0.3750286339145493,1.0,1.0,1.0,False
ENSG00000079246,XRCC5,0.374626,0.3736765647873338,0.3755749107156683,1.0,1.0,1.0,False
ENSG00000116774,OLFML3,0.37512,0.3741703135845211,0.3760691600447732,1.0,1.0,1.0,False
ENSG00000111276,CDKN1B,0.375254,0.3743042456261874,0.3762032274948544,1.0,1.0,1.0,False
ENSG00000139329,LUM,0.375893,0.3749429226220325,0.3768425480753294,1.0,1.0,1.0,False
ENSG00000110171,TRIM3,0.376384,0.3754336756258585,0.3773337932091786,1.0,1.0,1.0,False
ENSG00000153292,ADGRF1,0.377927,0.3769759061819602,0.3788775568006083,1.0,1.0,1.0,False
ENSG00000134256,CD101,0.378644,0.3776925521215617,0.3795949081414919,1.0,1.0,1.0,False
ENSG00000081181,ARG2,0.378844,0.3778924537537815,0.3797950057506912,1.0,1.0,1.0,False
ENSG00000095585,BLNK,0.379337,0.378385212010335,0.3802882456242368,1.0,1.0,1.0,False
ENSG00000068305,MEF2A,0.379949,0.378996913365211,0.3809005419481066,1.0,1.0,1.0,False
ENSG00000091986,CCDC80,0.38064,0.3796875780985031,0.3815918745939243,1.0,1.0,1.0,False
ENSG00000004700,RECQL,0.381719,0.3807660586646307,0.3826713899352697,1.0,1.0,1.0,False
ENSG00000135622,SEMA4F,0.382283,0.3813297891339054,0.3832356573268087,1.0,1.0,1.0,False
ENSG00000104043,ATP8B4,0.38303,0.3820764342397098,0.3839830093877234,1.0,1.0,1.0,False
ENSG00000152242,ARK2N,0.383226,0.3822723415158297,0.3841791013681997,1.0,1.0,1.0,False
ENSG00000134769,DTNA,0.38505,0.3840954864650737,0.3860039495007607,1.0,1.0,1.0,False
ENSG00000137968,SLC44A5,0.386608,0.3856527673144864,0.3875626627420727,1.0,1.0,1.0,False
ENSG00000110060,PUS3,0.386853,0.3858976551637162,0.3878077739635936,1.0,1.0,1.0,False
ENSG00000125810,CD93,0.387092,0.3861365460048179,0.3880468822160001,1.0,1.0,1.0,False
ENSG00000140694,PARN,0.387143,0.3861875227428549,0.3880979052845278,1.0,1.0,1.0,False
ENSG00000128918,ALDH1A2,0.387968,0.3870121479778725,0.3889232769204097,1.0,1.0,1.0,False
ENSG00000120756,PLS1,0.388698,0.3877418187713262,0.3896536033581795,1.0,1.0,1.0,False
ENSG00000103657,HERC1,0.390204,0.3892471467339808,0.3911602696835112,1.0,1.0,1.0,False
ENSG00000104611,SH2D4A,0.391503,0.3905455747601193,0.392459836730487,1.0,1.0,1.0,False
ENSG00000117000,RLF,0.391674,0.3907164999955531,0.3926309108464801,1.0,1.0,1.0,False
ENSG00000138795,LEF1,0.391724,0.3907664781578472,0.3926809324945447,1.0,1.0,1.0,False
ENSG00000089048,ESF1,0.393684,0.3927256304109237,0.394641772807543,1.0,1.0,1.0,False
ENSG00000136859,ANGPTL2,0.395718,0.3947587677233745,0.3966766277805212,1.0,1.0,1.0,False
ENSG00000101333,PLCB4,0.396006,0.395046646975118,0.3969647474364509,1.0,1.0,1.0,False
ENSG00000151475,SLC25A31,0.397327,0.3963670975759515,0.3982862918253325,1.0,1.0,1.0,False
ENSG00000145451,GLRA3,0.39759,0.3966299890666042,0.3985493993371754,1.0,1.0,1.0,False
ENSG00000132669,RIN2,0.397803,0.396842901398326,0.398762486197589,1.0,1.0,1.0,False
ENSG00000073734,ABCB11,0.397876,0.3969158713960181,0.3988355159230231,1.0,1.0,1.0,False
ENSG00000138448,ITGAV,0.398606,0.3976455725973444,0.3995658119529611,1.0,1.0,1.0,False
ENSG00000154143,PANX3,0.399539,0.3985781939465613,0.4004991870650767,1.0,1.0,1.0,False
ENSG00000064999,ANKS1A,0.40163,0.4006683585075919,0.4025910145733508,1.0,1.0,1.0,False
ENSG00000070882,OSBPL3,0.401906,0.4009442495939972,0.402867122440141,1.0,1.0,1.0,False
ENSG00000083067,TRPM3,0.402428,0.4014660444711019,0.4033893255832114,1.0,1.0,1.0,False
ENSG00000111817,DSE,0.403011,0.4020488167162304,0.4039725511269005,1.0,1.0,1.0,False
ENSG00000072310,SREBF1,0.403462,0.4024996414966753,0.4044237246359196,1.0,1.0,1.0,False
ENSG00000152193,OBI1,0.403667,0.4027045621304833,0.4046288032245956,1.0,1.0,1.0,False
ENSG00000116874,WARS2,0.404828,0.4038651159354061,0.405790245016281,1.0,1.0,1.0,False
ENSG00000152104,PTPN14,0.405171,0.4042079851827627,0.4061333744680098,1.0,1.0,1.0,False
ENSG00000109458,GAB1,0.405255,0.4042919532359859,0.4062174060961954,1.0,1.0,1.0,False
ENSG00000124788,ATXN1,0.405673,0.4047097946971424,0.4066355630496686,1.0,1.0,1.0,False
ENSG00000129151,BBOX1,0.405844,0.4048807300487966,0.4068066270494542,1.0,1.0,1.0,False
ENSG00000071051,NCK2,0.406411,0.4054475165541404,0.4073738383936219,1.0,1.0,1.0,False
ENSG00000110169,HPX,0.406475,0.4055114925394954,0.4074378621655311,1.0,1.0,1.0,False
ENSG00000067704,IARS2,0.4065,0.4055364831633749,0.4074628714468329,1.0,1.0,1.0,False
ENSG00000039139,DNAH5,0.40702,0.4060562887258755,0.4079830639121046,1.0,1.0,1.0,False
ENSG00000130935,NOL11,0.407367,0.4064031595978959,0.4083301917240022,1.0,1.0,1.0,False
ENSG00000136261,BZW2,0.407625,0.4066610639115935,0.4085882864317772,1.0,1.0,1.0,False
ENSG00000147862,NFIB,0.407634,0.4066700605786613,0.4085972897305747,1.0,1.0,1.0,False
ENSG00000122481,RWDD3,0.409207,0.4082424831912339,0.4101708611520258,1.0,1.0,1.0,False
ENSG00000152779,SLC16A12,0.409512,0.4085473724186577,0.4104759707678183,1.0,1.0,1.0,False
ENSG00000113407,TARS1,0.409823,0.4088582598616625,0.4107870821452739,1.0,1.0,1.0,False
ENSG00000151500,THYN1,0.410506,0.409541014068675,0.4114703253478271,1.0,1.0,1.0,False
ENSG00000095587,TLL2,0.410556,0.4095909961504909,0.4115203430763748,1.0,1.0,1.0,False
ENSG00000005421,PON1,0.412676,0.4117102458797123,0.4136410853065807,1.0,1.0,1.0,False
ENSG00000145416,MARCHF1,0.412739,0.4117732238665129,0.4137041070808387,1.0,1.0,1.0,False
ENSG00000136960,ENPP2,0.413043,0.4120771178731253,0.4140082119212405,1.0,1.0,1.0,False
ENSG00000144191,CNGA3,0.413115,0.4121490928249947,0.4140802366962955,1.0,1.0,1.0,False
ENSG00000116984,MTR,0.413241,0.4122750490419636,0.4142062800014441,1.0,1.0,1.0,False
ENSG00000127980,PEX1,0.413521,0.4125549519795905,0.4144863760018571,1.0,1.0,1.0,False
ENSG00000102468,HTR2A,0.413718,0.4127518838820443,0.4146834433522386,1.0,1.0,1.0,False
ENSG00000134760,DSG1,0.415797,0.4148301749261967,0.4167631444230439,1.0,1.0,1.0,False
ENSG00000134258,VTCN1,0.416624,0.4156568978326876,0.4175904183799876,1.0,1.0,1.0,False
ENSG00000108984,MAP2K6,0.416873,0.4159058149510022,0.4178395003172905,1.0,1.0,1.0,False
ENSG00000144468,RHBDD1,0.416884,0.415916811295409,0.4178505039311641,1.0,1.0,1.0,False
ENSG00000140829,DHX38,0.416952,0.415984788708177,0.4179185262604926,1.0,1.0,1.0,False
ENSG00000134245,WNT2B,0.417309,0.4163416704352988,0.4182756431793771,1.0,1.0,1.0,False
ENSG00000117114,ADGRL2,0.417631,0.4166635642045311,0.4185977481888963,1.0,1.0,1.0,False
ENSG00000034677,RNF19A,0.41829,0.4173223481146709,0.41925696177937,1.0,1.0,1.0,False
ENSG00000134061,CD180,0.418362,0.417394324612913,0.4193289850080539,1.0,1.0,1.0,False
ENSG00000135324,MRAP2,0.418598,0.417630247727724,0.4195650609981672,1.0,1.0,1.0,False
ENSG00000130347,RTN4IP1,0.419179,0.4182110594153063,0.420146247107031,1.0,1.0,1.0,False
ENSG00000081800,SLC13A1,0.419651,0.4186829074453603,0.4206183972868276,1.0,1.0,1.0,False
ENSG00000123552,USP45,0.420324,0.4193556923300664,0.4212916098496428,1.0,1.0,1.0,False
ENSG00000125245,GPR18,0.421556,0.4205873033180636,0.4225239941890595,1.0,1.0,1.0,False
ENSG00000117475,BLZF1,0.422251,0.4212820865926706,0.42321920827854,1.0,1.0,1.0,False
ENSG00000115825,PRKD3,0.42297,0.4220008644503707,0.423938427693905,1.0,1.0,1.0,False
ENSG00000129083,COPB1,0.423655,0.4226856547668694,0.4246236347794244,1.0,1.0,1.0,False
ENSG00000138670,RASGEF1B,0.424454,0.4234844125947212,0.4254228739212281,1.0,1.0,1.0,False
ENSG00000144810,COL8A1,0.424818,0.4238483031275633,0.4257869820078544,1.0,1.0,1.0,False
ENSG00000075891,PAX2,0.425949,0.4249789664263118,0.4269183144196001,1.0,1.0,1.0,False
ENSG00000075188,NUP37,0.426532,0.425561794891005,0.4275014837437841,1.0,1.0,1.0,False
ENSG00000112234,FBXL4,0.426982,0.4260116634295603,0.4279516134985311,1.0,1.0,1.0,False
ENSG00000156150,ALX3,0.427755,0.4267844395216336,0.4287248344747322,1.0,1.0,1.0,False
ENSG00000109689,STIM2,0.427793,0.4268224285768749,0.42876284527537,1.0,1.0,1.0,False
ENSG00000115207,GTF3C2,0.428036,0.4270653587261453,0.4290059142044838,1.0,1.0,1.0,False
ENSG00000132170,PPARG,0.428732,0.4277611599814647,0.429702110309476,1.0,1.0,1.0,False
ENSG00000092208,GEMIN2,0.428774,0.4278031480509139,0.4297441220807354,1.0,1.0,1.0,False
ENSG00000115310,RTN4,0.429216,0.4282450229284043,0.4301862455268921,1.0,1.0,1.0,False
ENSG00000144591,GMPPA,0.429242,0.428271015592844,0.4302122527638436,1.0,1.0,1.0,False
ENSG00000036054,TBC1D23,0.429871,0.428899838960939,0.4308414270101707,1.0,1.0,1.0,False
ENSG00000102081,FMR1,0.430262,0.4292907299681028,0.4312325345200808,1.0,1.0,1.0,False
ENSG00000144481,TRPM8,0.430492,0.429520666142997,0.4314625974728774,1.0,1.0,1.0,False
ENSG00000100644,HIF1A,0.431039,0.4300675152079357,0.4320097463333606,1.0,1.0,1.0,False
ENSG00000143105,KCNA10,0.431204,0.4302324699160902,0.4321747909994195,1.0,1.0,1.0,False
ENSG00000150627,WDR17,0.432101,0.4311292256141496,0.4330720318993582,1.0,1.0,1.0,False
ENSG00000111785,RIC8B,0.432385,0.4314131489415942,0.4333561074948032,1.0,1.0,1.0,False
ENSG00000110906,KCTD10,0.432834,0.4318620283864996,0.4338052263470019,1.0,1.0,1.0,False
ENSG00000118526,TCF21,0.433168,0.4321959392353297,0.43413931423143,1.0,1.0,1.0,False
ENSG00000120094,HOXB1,0.433171,0.4321989384366066,0.4341423150187752,1.0,1.0,1.0,False
ENSG00000102239,BRS3,0.433357,0.4323848889865669,0.434328363763384,1.0,1.0,1.0,False
ENSG00000004948,CALCR,0.433946,0.4329737333137313,0.4349175172023561,1.0,1.0,1.0,False
ENSG00000115919,KYNU,0.434806,0.4338335085231061,0.4357777387313149,1.0,1.0,1.0,False
ENSG00000114904,NEK4,0.435659,0.4346862885006769,0.4366309555186284,1.0,1.0,1.0,False
ENSG00000136161,RCBTB2,0.436737,0.4357640146249862,0.4377092253058644,1.0,1.0,1.0,False
ENSG00000072422,RHOBTB1,0.438708,0.4377345259389794,0.4396807065166075,1.0,1.0,1.0,False
ENSG00000151577,DRD3,0.438976,0.4380024606951787,0.4399487707439857,1.0,1.0,1.0,False
ENSG00000109063,MYH3,0.440081,0.4391071947268874,0.4410540325214325,1.0,1.0,1.0,False
ENSG00000103540,CCP110,0.44037,0.439396125973034,0.4413431001792194,1.0,1.0,1.0,False
ENSG00000116783,TNNI3K,0.440881,0.4399070052233949,0.4418542189908315,1.0,1.0,1.0,False
ENSG00000137478,FCHSD2,0.441528,0.4405538538366154,0.4425013679237894,1.0,1.0,1.0,False
ENSG00000103266,STUB1,0.44209,0.441115723697897,0.4430634959310593,1.0,1.0,1.0,False
ENSG00000146021,KLHL3,0.443197,0.442222471051875,0.4441707443786615,1.0,1.0,1.0,False
ENSG00000097046,CDC7,0.443364,0.4423894333634531,0.4443377814337178,1.0,1.0,1.0,False
ENSG00000119929,CUTC,0.447305,0.4463295762860736,0.4482796235644478,1.0,1.0,1.0,False
ENSG00000113593,PPWD1,0.447429,0.446453550324374,0.4484036490558653,1.0,1.0,1.0,False
ENSG00000113456,RAD1,0.447468,0.44649254217167,0.448442657060658,1.0,1.0,1.0,False
ENSG00000114861,FOXP1,0.448204,0.4472283894520777,0.449178806988899,1.0,1.0,1.0,False
ENSG00000129152,MYOD1,0.44916,0.4481841943045334,0.450134998510723,1.0,1.0,1.0,False
ENSG00000101654,RNMT,0.449365,0.4483891529319251,0.4503400391058497,1.0,1.0,1.0,False
ENSG00000120057,SFRP5,0.450169,0.4491929922851477,0.451144196703383,1.0,1.0,1.0,False
ENSG00000070761,CFAP20,0.450352,0.4493759560794195,0.4513272322150671,1.0,1.0,1.0,False
ENSG00000116729,WLS,0.451189,0.4502127921808634,0.4521643929392258,1.0,1.0,1.0,False
ENSG00000101349,PAK5,0.451491,0.4505147337282389,0.4524664502464886,1.0,1.0,1.0,False
ENSG00000134259,NGF,0.451653,0.4506767025222931,0.4526284808380352,1.0,1.0,1.0,False
ENSG00000116678,LEPR,0.451931,0.4509546492144887,0.4529065330915005,1.0,1.0,1.0,False
ENSG00000102755,FLT1,0.452155,0.4511786064849252,0.4531305749715244,1.0,1.0,1.0,False
ENSG00000148848,ADAM12,0.45292,0.4519434620591624,0.4538957164959593,1.0,1.0,1.0,False
ENSG00000137869,CYP19A1,0.453002,0.4520254467162071,0.4539777315279228,1.0,1.0,1.0,False
ENSG00000107593,PKD2L1,0.454169,0.4531922312542601,0.4551449425639253,1.0,1.0,1.0,False
ENSG00000075336,TIMM21,0.454214,0.4532372230542393,0.4551899505932798,1.0,1.0,1.0,False
ENSG00000043462,LCP2,0.455021,0.4540440773650747,0.4559970932218317,1.0,1.0,1.0,False
ENSG00000121542,SEC22A,0.455976,0.454998908295612,0.4569522586693816,1.0,1.0,1.0,False
ENSG00000143353,LYPLAL1,0.456957,0.4559797383893042,0.4579334248551714,1.0,1.0,1.0,False
ENSG00000145050,MANF,0.457754,0.4567766031599083,0.458730557061885,1.0,1.0,1.0,False
ENSG00000078328,RBFOX1,0.458813,0.4578354273699537,0.4597897288355046,1.0,1.0,1.0,False
ENSG00000140632,GLYR1,0.459934,0.4589562461270831,0.4609109058269031,1.0,1.0,1.0,False
ENSG00000107447,DNTT,0.460849,0.4598711018770935,0.461826046606692,1.0,1.0,1.0,False
ENSG00000149084,HSD17B12,0.461091,0.4601130642796536,0.4620680832863304,1.0,1.0,1.0,False
ENSG00000103995,CEP152,0.461162,0.4601840532929559,0.4621390940037558,1.0,1.0,1.0,False
ENSG00000139344,AMDHD1,0.461335,0.4603570266060388,0.4623121200345588,1.0,1.0,1.0,False
ENSG00000117155,SSX2IP,0.461694,0.4607159716045312,0.4626711736745348,1.0,1.0,1.0,False
ENSG00000089169,RPH3A,0.461835,0.4608569501416755,0.4628121946026386,1.0,1.0,1.0,False
ENSG00000141378,PTRH2,0.462107,0.4611289089602609,0.4630842347524752,1.0,1.0,1.0,False
ENSG00000039537,C6,0.463548,0.4625696956687684,0.4645254425788821,1.0,1.0,1.0,False
ENSG00000110693,SOX6,0.464242,0.4632635958731471,0.4652195397424649,1.0,1.0,1.0,False
ENSG00000134602,STK26,0.46515,0.4641714681777354,0.4661276639942308,1.0,1.0,1.0,False
ENSG00000151806,GUF1,0.46889,0.4679109765153187,0.4698681414724819,1.0,1.0,1.0,False
ENSG00000115271,GCA,0.468937,0.4679579706877281,0.4699151471218225,1.0,1.0,1.0,False
ENSG00000146414,SHPRH,0.469477,0.4684979043572763,0.4704552114042949,1.0,1.0,1.0,False
ENSG00000147677,EIF3H,0.469963,0.468983845642674,0.4709412682757163,1.0,1.0,1.0,False
ENSG00000110921,MVK,0.470177,0.469197820084128,0.4711552930226558,1.0,1.0,1.0,False
ENSG00000154227,CERS3,0.470467,0.4694877857367168,0.4714453262702268,1.0,1.0,1.0,False
ENSG00000139517,LNX2,0.471468,0.4704886697248732,0.4724464384857259,1.0,1.0,1.0,False
ENSG00000130234,ACE2,0.47177,0.4707906354994001,0.4727484715658486,1.0,1.0,1.0,False
ENSG00000064692,SNCAIP,0.47227,0.4712905796244109,0.4732485255445626,1.0,1.0,1.0,False
ENSG00000139793,MBNL2,0.472668,0.4716885358516713,0.4736465678078675,1.0,1.0,1.0,False
ENSG00000107816,LZTS2,0.472827,0.4718475185389376,0.4738055845175857,1.0,1.0,1.0,False
ENSG00000143036,SLC44A3,0.473249,0.4722694730720893,0.4742276283839785,1.0,1.0,1.0,False
ENSG00000118407,FILIP1,0.473289,0.4723094687988132,0.4742676325055526,1.0,1.0,1.0,False
ENSG00000095906,NUBP2,0.47332,0.4723404654913565,0.4742986356954403,1.0,1.0,1.0,False
ENSG00000029363,BCLAF1,0.474087,0.473107384863154,0.4750657134147583,1.0,1.0,1.0,False
ENSG00000124664,SPDEF,0.474201,0.4732213730769576,0.4751797247686043,1.0,1.0,1.0,False
ENSG00000118922,KLF12,0.474688,0.4737083233030861,0.4756667726955052,1.0,1.0,1.0,False
ENSG00000049883,PTCD2,0.476028,0.4750481911647264,0.4770068997518529,1.0,1.0,1.0,False
ENSG00000115415,STAT1,0.476329,0.4753491624544538,0.4773079273205695,1.0,1.0,1.0,False
ENSG00000154479,CFAP210,0.476458,0.4754781502591388,0.4774369390266461,1.0,1.0,1.0,False
ENSG00000130762,ARHGEF16,0.477012,0.4760320986295189,0.4779909885551962,1.0,1.0,1.0,False
ENSG00000073910,FRY,0.477766,0.4767860303001372,0.4787450540249998,1.0,1.0,1.0,False
ENSG00000108018,SORCS1,0.477965,0.4769850126390805,0.4789440709313403,1.0,1.0,1.0,False
ENSG00000107779,BMPR1A,0.477979,0.4769990114024559,0.4789580721148693,1.0,1.0,1.0,False
ENSG00000106034,CPED1,0.479424,0.478443887908771,0.4804031901283303,1.0,1.0,1.0,False
ENSG00000135960,EDAR,0.479962,0.4789818440262861,0.4809412319704277,1.0,1.0,1.0,False
ENSG00000132970,WASF3,0.48014,0.4791598297579496,0.4811192455636918,1.0,1.0,1.0,False
ENSG00000066926,FECH,0.480346,0.479365813400564,0.4813252611398139,1.0,1.0,1.0,False
ENSG00000144827,ABHD10,0.480758,0.4797777811859821,0.4817372917918691,1.0,1.0,1.0,False
ENSG00000144369,FAM171B,0.481186,0.4802057484265623,0.4821653229280816,1.0,1.0,1.0,False
ENSG00000105989,WNT2,0.481195,0.4802147477454211,0.4821743235750899,1.0,1.0,1.0,False
ENSG00000136011,STAB2,0.482209,0.4812286730408052,0.4831883944340704,1.0,1.0,1.0,False
ENSG00000155957,TMBIM4,0.482747,0.4817666350443214,0.4837264303901682,1.0,1.0,1.0,False
ENSG00000156017,CARNMT1,0.483246,0.4822656008182556,0.4842254627237572,1.0,1.0,1.0,False
ENSG00000112146,FBXO9,0.48407,0.483089546440881,0.4850495139760803,1.0,1.0,1.0,False
ENSG00000125484,GTF3C4,0.484386,0.4834055262945791,0.4853655329239402,1.0,1.0,1.0,False
ENSG00000103429,BFAR,0.484502,0.483521518997464,0.485481539781121,1.0,1.0,1.0,False
ENSG00000134343,ANO3,0.484901,0.4839204943012217,0.4858805629641409,1.0,1.0,1.0,False
ENSG00000148942,SLC5A12,0.48509,0.4841094828211175,0.4860695737274556,1.0,1.0,1.0,False
ENSG00000105855,ITGB8,0.485417,0.4844364632898625,0.486396592018551,1.0,1.0,1.0,False
ENSG00000119508,NR4A3,0.486781,0.4858003863462526,0.487760663789141,1.0,1.0,1.0,False
ENSG00000131389,SLC6A6,0.487783,0.4868023344746829,0.4887627118605899,1.0,1.0,1.0,False
ENSG00000113578,FGF1,0.487809,0.4868283331811496,0.4887887130555173,1.0,1.0,1.0,False
ENSG00000153147,SMARCA5,0.487969,0.4869883252793239,0.4889487203505374,1.0,1.0,1.0,False
ENSG00000138639,ARHGAP24,0.490692,0.4897112061982304,0.4916718291045592,1.0,1.0,1.0,False
ENSG00000143324,XPR1,0.49089,0.4899091986736423,0.4918698358782254,1.0,1.0,1.0,False
ENSG00000128805,ARHGAP22,0.490918,0.4899371976219682,0.4918978368237087,1.0,1.0,1.0,False
ENSG00000112214,FHL5,0.491667,0.4906861706308641,0.492646860974205,1.0,1.0,1.0,False
ENSG00000126353,CCR7,0.492584,0.4916031405811945,0.4935638875461215,1.0,1.0,1.0,False
ENSG00000148225,WDR31,0.492794,0.4918131341636187,0.4937738931672655,1.0,1.0,1.0,False
ENSG00000110435,PDHX,0.494679,0.4936980843003436,0.4956589358816161,1.0,1.0,1.0,False
ENSG00000114737,CISH,0.495678,0.4946970635220954,0.4966579528711244,1.0,1.0,1.0,False
ENSG00000067798,NAV3,0.496641,0.4956600471962017,0.4976209655448095,1.0,1.0,1.0,False
ENSG00000066827,ZFAT,0.497959,0.4969780307446687,0.4989389769977853,1.0,1.0,1.0,False
ENSG00000115137,DNAJC27,0.498176,0.4971950286889098,0.4991559782305647,1.0,1.0,1.0,False
ENSG00000088930,XRN2,0.498526,0.4975450257621318,0.4995059798299565,1.0,1.0,1.0,False
ENSG00000138231,DBR1,0.499094,0.4981130220343738,0.5000739814035562,1.0,1.0,1.0,False
ENSG00000135521,LTV1,0.499701,0.4987200194485632,0.5006809816873001,1.0,1.0,1.0,False
ENSG00000122786,CALD1,0.500708,0.4997270183442868,0.5016879789724968,1.0,1.0,1.0,False
ENSG00000071189,SNX13,0.500914,0.4999330186081397,0.5018939779273823,1.0,1.0,1.0,False
ENSG00000147894,C9orf72,0.50095,0.4999690186713252,0.5019299777276656,1.0,1.0,1.0,False
ENSG00000122477,LRRC39,0.50129,0.5003090195186408,0.5022699755908893,1.0,1.0,1.0,False
ENSG00000100505,TRIM9,0.502539,0.5015580265212054,0.5035189638514521,1.0,1.0,1.0,False
ENSG00000115318,LOXL3,0.504095,0.5031140437997712,0.5050749406717064,1.0,1.0,1.0,False
ENSG00000106066,CPVL,0.504255,0.5032740461146581,0.5052349377500143,1.0,1.0,1.0,False
ENSG00000124608,AARS2,0.505071,0.5040900594817161,0.5060509212882498,1.0,1.0,1.0,False
ENSG00000119487,MAPKAP1,0.505226,0.5042450623158279,0.5062059178662954,1.0,1.0,1.0,False
ENSG00000029559,IBSP,0.506781,0.5058000959610296,0.5077608783237053,1.0,1.0,1.0,False
ENSG00000064199,SPA17,0.508078,0.5070971312758981,0.5090578380899214,1.0,1.0,1.0,False
ENSG00000149573,MPZL2,0.508164,0.5071831338507127,0.5091438351889487,1.0,1.0,1.0,False
ENSG00000087502,ERGIC2,0.510067,0.5090861982480037,0.5110467635744659,1.0,1.0,1.0,False
ENSG00000066084,DIP2B,0.510597,0.5096162187118984,0.5115767411005279,1.0,1.0,1.0,False
ENSG00000138698,RAP1GDS1,0.511252,0.5102712455244927,0.5122317118038233,1.0,1.0,1.0,False
ENSG00000080298,RFX3,0.511571,0.5105902591922664,0.512550696926231,1.0,1.0,1.0,False
ENSG00000143167,GPA33,0.511638,0.5106572621136561,0.5126176937507414,1.0,1.0,1.0,False
ENSG00000113282,CLINT1,0.512603,0.5116223061439475,0.5135826460606533,1.0,1.0,1.0,False
ENSG00000138650,PCDH10,0.512683,0.5117023099581293,0.5136626419430688,1.0,1.0,1.0,False
ENSG00000139508,SLC46A3,0.513227,0.5122463365605445,0.5142066132775142,1.0,1.0,1.0,False
ENSG00000148948,LRRC4C,0.513429,0.5124483467343031,0.5144086023376633,1.0,1.0,1.0,False
ENSG00000119865,CNRIP1,0.513753,0.5127723633869976,0.5147325844561869,1.0,1.0,1.0,False
ENSG00000155897,ADCY8,0.515143,0.5141624395042348,0.5161225030673237,1.0,1.0,1.0,False
ENSG00000135315,CEP162,0.51561,0.5146294667794022,0.516589474021041,1.0,1.0,1.0,False
ENSG00000121775,TMEM39B,0.516185,0.5152045015383567,0.5171644370813773,1.0,1.0,1.0,False
ENSG00000138172,CALHM2,0.516537,0.5155565234574233,0.5175164138273374,1.0,1.0,1.0,False
ENSG00000106541,AGR2,0.517974,0.5169936179868323,0.5189533138480499,1.0,1.0,1.0,False
ENSG00000078114,NEBL,0.518937,0.5179566858738658,0.5199162423088004,1.0,1.0,1.0,False
ENSG00000144619,CNTN4,0.519707,0.5187267427762906,0.5206861824861193,1.0,1.0,1.0,False
ENSG00000112175,BMP5,0.519917,0.5189367586994182,0.5208961657665581,1.0,1.0,1.0,False
ENSG00000152760,DYNLT5,0.519942,0.5189617606065708,0.5209211637645919,1.0,1.0,1.0,False
ENSG00000111241,FGF6,0.521148,0.5201678555245786,0.5221270642727787,1.0,1.0,1.0,False
ENSG00000128573,FOXP2,0.521931,0.520950920210974,0.5229099966168221,1.0,1.0,1.0,False
ENSG00000106341,PPP1R17,0.522826,0.5218459971021236,0.5238049163313457,1.0,1.0,1.0,False
ENSG00000044446,PHKA2,0.523009,0.522029013211838,0.523987899527596,1.0,1.0,1.0,False
ENSG00000114395,CYB561D2,0.52402,0.5230401045850641,0.5249988043201068,1.0,1.0,1.0,False
ENSG00000145246,ATP10D,0.524207,0.5232271219265202,0.5251857862694447,1.0,1.0,1.0,False
ENSG00000075856,SART3,0.524567,0.5235871556984653,0.5255457511321832,1.0,1.0,1.0,False
ENSG00000139304,PTPRQ,0.525019,0.5240391988229913,0.5259977062934261,1.0,1.0,1.0,False
ENSG00000073282,TP63,0.525404,0.5244242361891289,0.5263826674671579,1.0,1.0,1.0,False
ENSG00000153936,HS2ST1,0.526033,0.525053298491627,0.5270116027791475,1.0,1.0,1.0,False
ENSG00000138395,CDK15,0.529489,0.52850966860037,0.5304672195633513,1.0,1.0,1.0,False
ENSG00000094975,SUCO,0.530631,0.5296518012418334,0.531609082590792,1.0,1.0,1.0,False
ENSG00000072657,TRHDE,0.53099,0.5300108440011224,0.5319680384699759,1.0,1.0,1.0,False
ENSG00000139514,SLC7A1,0.531257,0.5302778761320844,0.5322350053264018,1.0,1.0,1.0,False
ENSG00000054965,FAM168A,0.531371,0.5303918899365511,0.532348991089584,1.0,1.0,1.0,False
ENSG00000023516,AKAP11,0.532785,0.5318060654208887,0.5337628102425718,1.0,1.0,1.0,False
ENSG00000145103,ILDR1,0.53478,0.5338013264272976,0.535757541670008,1.0,1.0,1.0,False
ENSG00000101134,DOK5,0.535529,0.5345504284761236,0.5365064367805537,1.0,1.0,1.0,False
ENSG00000109101,FOXN1,0.536099,0.5351205076215322,0.5370763554733846,1.0,1.0,1.0,False
ENSG00000146263,MMS22L,0.536574,0.5355955745565593,0.5375512867368899,1.0,1.0,1.0,False
ENSG00000135829,DHX9,0.537463,0.5364847022267409,0.5384401556951186,1.0,1.0,1.0,False
ENSG00000122121,XPNPEP2,0.537487,0.5365087057167104,0.5384641521141276,1.0,1.0,1.0,False
ENSG00000111348,ARHGDIB,0.538384,0.5374058377874793,0.5393610166414271,1.0,1.0,1.0,False
ENSG00000144834,TAGLN3,0.538999,0.5380209301763541,0.5399759219201232,1.0,1.0,1.0,False
ENSG00000145348,TBCK,0.539036,0.5380579357824219,0.5400129161737306,1.0,1.0,1.0,False
ENSG00000115966,ATF2,0.539551,0.5385730143751775,0.540527835627802,1.0,1.0,1.0,False
ENSG00000120729,MYOT,0.53965,0.5386720296035568,0.5406268200239585,1.0,1.0,1.0,False
ENSG00000111859,NEDD9,0.540525,0.5395471658842883,0.5415016804247283,1.0,1.0,1.0,False
ENSG00000066933,MYO9A,0.540646,0.539668184968491,0.5416226608816244,1.0,1.0,1.0,False
ENSG00000079931,MOXD1,0.54178,0.5408023666414576,0.5427564749078809,1.0,1.0,1.0,False
ENSG00000115020,PIKFYVE,0.542336,0.5413584575766198,0.5433123818640477,1.0,1.0,1.0,False
ENSG00000138246,DNAJC13,0.542988,0.5420105657732925,0.543964271194616,1.0,1.0,1.0,False
ENSG00000132670,PTPRA,0.54442,0.5434428093230633,0.5453960222138746,1.0,1.0,1.0,False
ENSG00000143156,NME7,0.545838,0.5448610585072627,0.5468137676517965,1.0,1.0,1.0,False
ENSG00000064933,PMS1,0.54675,0.5457732229899348,0.5477255997102888,1.0,1.0,1.0,False
ENSG00000059691,GATB,0.546825,0.545848236663457,0.5478005857523227,1.0,1.0,1.0,False
ENSG00000021826,CPS1,0.549241,0.5482646890909996,0.5502161241618904,1.0,1.0,1.0,False
ENSG00000132623,ANKEF1,0.549992,0.5490158344542688,0.5509669759503858,1.0,1.0,1.0,False
ENSG00000137507,LRRC32,0.549996,0.5490198352345153,0.550970975154969,1.0,1.0,1.0,False
ENSG00000117601,SERPINC1,0.550361,0.5493849067000162,0.551335902305172,1.0,1.0,1.0,False
ENSG00000122122,SASH3,0.550481,0.5495049303113455,0.5514558782387317,1.0,1.0,1.0,False
ENSG00000114648,KLHL18,0.550746,0.5497699826560991,0.5517208248889409,1.0,1.0,1.0,False
ENSG00000091704,CPA1,0.55075,0.5497739834483504,0.5517248240815191,1.0,1.0,1.0,False
ENSG00000138604,GLCE,0.551126,0.5501500582044183,0.5521007478994362,1.0,1.0,1.0,False
ENSG00000138071,ACTR2,0.551283,0.5503070895856632,0.5522577159227537,1.0,1.0,1.0,False
ENSG00000070367,EXOC5,0.55142,0.5504441170495029,0.5523946879393288,1.0,1.0,1.0,False
ENSG00000113532,ST8SIA4,0.551782,0.5508061899779408,0.5527566136379712,1.0,1.0,1.0,False
ENSG00000101639,CEP192,0.551839,0.550863201508718,0.5528136018910161,1.0,1.0,1.0,False
ENSG00000156049,GNA14,0.552173,0.551197269335184,0.553147532797823,1.0,1.0,1.0,False
ENSG00000047365,ARAP2,0.552187,0.5512112721879158,0.5531615298919947,1.0,1.0,1.0,False
ENSG00000092067,CEBPE,0.552874,0.5518984131352118,0.5538483863391841,1.0,1.0,1.0,False
ENSG00000151611,MMAA,0.553053,0.5520774501684277,0.5540273486270932,1.0,1.0,1.0,False
ENSG00000074706,IPCEF1,0.557071,0.5560963150966423,0.5580444684601945,1.0,1.0,1.0,False
ENSG00000153006,SREK1IP1,0.557881,0.556906497271338,0.5588542832134838,1.0,1.0,1.0,False
ENSG00000132912,DCTN4,0.558063,0.5570885385654585,0.5590362412291081,1.0,1.0,1.0,False
ENSG00000136982,DSCC1,0.558717,0.5577426880457899,0.5596900892684074,1.0,1.0,1.0,False
ENSG00000140396,NCOA2,0.558731,0.5577566912643872,0.5597040859967135,1.0,1.0,1.0,False
ENSG00000106809,OGN,0.558774,0.557799701154984,0.5597470759430343,1.0,1.0,1.0,False
ENSG00000085274,MYNN,0.558787,0.5578127041466214,0.5597600729020928,1.0,1.0,1.0,False
ENSG00000082196,C1QTNF3,0.558866,0.5578917223411173,0.5598390544079803,1.0,1.0,1.0,False
ENSG00000037749,MFAP3,0.560051,0.5590769982571745,0.5610237739976727,1.0,1.0,1.0,False
ENSG00000145863,GABRA6,0.561845,0.5608714266802206,0.5628173387706646,1.0,1.0,1.0,False
ENSG00000111728,ST8SIA1,0.563166,0.5621927503994986,0.5641380100413284,1.0,1.0,1.0,False
ENSG00000139116,KIF21A,0.563269,0.5622957759346919,0.5642409841154943,1.0,1.0,1.0,False
ENSG00000143797,MBOAT2,0.563302,0.5623287841248822,0.5642739758001474,1.0,1.0,1.0,False
ENSG00000134759,ELP2,0.563597,0.5626238575345308,0.5645689012716733,1.0,1.0,1.0,False
ENSG00000136574,GATA4,0.565672,0.5646993837724518,0.5666433671640405,1.0,1.0,1.0,False
ENSG00000139055,ERP27,0.566679,0.5657066453983473,0.5676501017189595,1.0,1.0,1.0,False
ENSG00000140470,ADAMTS17,0.566822,0.5658496828818151,0.5677930636931441,1.0,1.0,1.0,False
ENSG00000073803,MAP3K13,0.567324,0.566351815119206,0.568294929551848,1.0,1.0,1.0,False
ENSG00000137942,FNBP1L,0.568049,0.5670770078916587,0.5690197340297297,1.0,1.0,1.0,False
ENSG00000115306,SPTBN1,0.568554,0.5675821434196234,0.5695245965864797,1.0,1.0,1.0,False
ENSG00000051009,FHIP1B,0.568979,0.5680072582748381,0.5699494801193906,1.0,1.0,1.0,False
ENSG00000140382,HMG20A,0.569121,0.5681492968123983,0.5700914410432745,1.0,1.0,1.0,False
ENSG00000088035,ALG6,0.570278,0.5693066138451862,0.5712481196223917,1.0,1.0,1.0,False
ENSG00000138696,BMPR1B,0.570707,0.569735732770448,0.5716769990700825,1.0,1.0,1.0,False
ENSG00000106692,FKTN,0.570998,0.5700268138632991,0.5719679168735693,1.0,1.0,1.0,False
ENSG00000109771,LRP2BP,0.572044,0.5710731081783639,0.573013618591387,1.0,1.0,1.0,False
ENSG00000137699,TRIM29,0.572661,0.5716902838599546,0.5736304405697262,1.0,1.0,1.0,False
ENSG00000082213,C5orf22,0.574559,0.5735888339511972,0.5755278832800096,1.0,1.0,1.0,False
ENSG00000116106,EPHA4,0.57456,0.5735898342448713,0.5755288829825427,1.0,1.0,1.0,False
ENSG00000118520,ARG1,0.574671,0.5737008668679139,0.5756398499385141,1.0,1.0,1.0,False
ENSG00000070718,AP3M2,0.575545,0.5745751254834204,0.5765135880082155,1.0,1.0,1.0,False
ENSG00000006116,CACNG3,0.577702,0.5767327770079531,0.5786699283028848,1.0,1.0,1.0,False
ENSG00000117154,IGSF21,0.577856,0.5768868242469791,0.5788238804797863,1.0,1.0,1.0,False
ENSG00000119938,PPP1R3C,0.577987,0.5770178645067449,0.5789548397231796,1.0,1.0,1.0,False
ENSG00000120053,GOT1,0.579037,0.578068189722186,0.580004510525423,1.0,1.0,1.0,False
ENSG00000144331,ZNF385B,0.579161,0.578192228424854,0.5801284713524621,1.0,1.0,1.0,False
ENSG00000115165,CYTIP,0.579316,0.5783472768912382,0.580283422298212,1.0,1.0,1.0,False
ENSG00000085978,ATG16L1,0.581239,0.5802708863290073,0.5822058055671031,1.0,1.0,1.0,False
ENSG00000136535,TBR1,0.58329,0.582322552962502,0.5842561311547875,1.0,1.0,1.0,False
ENSG00000148841,ITPRIP,0.584598,0.5836309870800642,0.5855636920763692,1.0,1.0,1.0,False
ENSG00000113522,RAD50,0.586422,0.5854556041525603,0.5873870680859694,1.0,1.0,1.0,False
ENSG00000101109,STK4,0.588115,0.5871491891196448,0.5890794766978134,1.0,1.0,1.0,False
ENSG00000119684,MLH3,0.588704,0.5877383953924709,0.5896682681910734,1.0,1.0,1.0,False
ENSG00000124191,TOX2,0.588938,0.5879724777372171,0.5899021849588295,1.0,1.0,1.0,False
ENSG00000019991,HGF,0.589172,0.588206560307208,0.5901361015013409,1.0,1.0,1.0,False
ENSG00000144227,NXPH2,0.590397,0.5894319962430041,0.5913606609194512,1.0,1.0,1.0,False
ENSG00000115155,OTOF,0.591184,0.5902192795710983,0.5921473746064754,1.0,1.0,1.0,False
ENSG00000112419,PHACTR2,0.591654,0.590689449993977,0.5926172024010103,1.0,1.0,1.0,False
ENSG00000059377,TBXAS1,0.594007,0.593043316910008,0.5949693265606535,1.0,1.0,1.0,False
ENSG00000124882,EREG,0.594176,0.5932123800556572,0.5951382627740296,1.0,1.0,1.0,False
ENSG00000113119,TMCO6,0.59467,0.5937065653130043,0.5956320756430638,1.0,1.0,1.0,False
ENSG00000013375,PGM3,0.59502,0.5940566971797376,0.5959819424488666,1.0,1.0,1.0,False
ENSG00000155011,DKK2,0.595571,0.5946079058039547,0.5965327317348412,1.0,1.0,1.0,False
ENSG00000106483,SFRP4,0.597142,0.5961795075408978,0.5981031240394711,1.0,1.0,1.0,False
ENSG00000151491,EPS8,0.597426,0.5964636174141704,0.598387013089053,1.0,1.0,1.0,False
ENSG00000114757,PEX5L,0.597703,0.5967407249020774,0.5986639045505496,1.0,1.0,1.0,False
ENSG00000082512,TRAF5,0.598777,0.5978151446760954,0.5997374807030964,1.0,1.0,1.0,False
ENSG00000113595,TRIM23,0.599889,0.5989275843600423,0.6008490368015827,1.0,1.0,1.0,False
ENSG00000132275,RRP8,0.600338,0.5993767633541551,0.6012978561045117,1.0,1.0,1.0,False
ENSG00000111913,RIPOR2,0.600906,0.5999449909919348,0.6018656263124316,1.0,1.0,1.0,False
ENSG00000138449,SLC40A1,0.602068,0.6011074608821885,0.6030271520149595,1.0,1.0,1.0,False
ENSG00000151692,RNF144A,0.602446,0.6014856149538033,0.6034049965096695,1.0,1.0,1.0,False
ENSG00000111596,CNOT2,0.602772,0.6018117483100778,0.6037308619169444,1.0,1.0,1.0,False
ENSG00000115524,SF3B1,0.603185,0.6022249178935295,0.6041436907670683,1.0,1.0,1.0,False
ENSG00000147419,CCDC25,0.603232,0.6022719372375986,0.6041906712447378,1.0,1.0,1.0,False
ENSG00000149294,NCAM1,0.604158,0.6031983202428001,0.6051162847274044,1.0,1.0,1.0,False
ENSG00000145832,SLC25A48,0.605988,0.6050290877231583,0.6069455103062101,1.0,1.0,1.0,False
ENSG00000062598,ELMO2,0.606163,0.6052041618523507,0.6071204355132758,1.0,1.0,1.0,False
ENSG00000101844,ATG4A,0.606197,0.6052381762695183,0.6071544209671527,1.0,1.0,1.0,False
ENSG00000112319,EYA4,0.606451,0.6054922841279091,0.607408312145387,1.0,1.0,1.0,False
ENSG00000116132,PRRX1,0.606771,0.6058124203984545,0.6077281746611408,1.0,1.0,1.0,False
ENSG00000146072,TNFRSF21,0.606893,0.6059344724649433,0.6078501221319286,1.0,1.0,1.0,False
ENSG00000114251,WNT5A,0.607039,0.606080534856285,0.6079960591868356,1.0,1.0,1.0,False
ENSG00000091136,LAMB1,0.607154,0.6061955840632661,0.6081110095436802,1.0,1.0,1.0,False
ENSG00000120820,GLT8D2,0.608379,0.6074211116786801,0.6093354772820598,1.0,1.0,1.0,False
ENSG00000151690,MFSD6,0.608898,0.6079403371215495,0.6098542498707133,1.0,1.0,1.0,False
ENSG00000137831,UACA,0.609231,0.6082734823679355,0.6101871033613152,1.0,1.0,1.0,False
ENSG00000143951,WDPCP,0.610186,0.609228901510442,0.6111416805966534,1.0,1.0,1.0,False
ENSG00000110328,GALNT18,0.611565,0.6106085135421968,0.6125200633345727,1.0,1.0,1.0,False
ENSG00000077264,PAK3,0.611691,0.6107345698649022,0.6126460065339688,1.0,1.0,1.0,False
ENSG00000120594,PLXDC2,0.612555,0.611598957888634,0.6135096152332171,1.0,1.0,1.0,False
ENSG00000063015,SEZ6,0.61287,0.6119141001423689,0.6138244717847342,1.0,1.0,1.0,False
ENSG00000134115,CNTN6,0.615563,0.6146083334909938,0.6165162282219377,1.0,1.0,1.0,False
ENSG00000109911,ELP4,0.615813,0.6148584495507452,0.6167661112139691,1.0,1.0,1.0,False
ENSG00000124228,DDX27,0.616011,0.615056541658912,0.6169640183548137,1.0,1.0,1.0,False
ENSG00000100647,SUSD6,0.616433,0.6154787385275056,0.6173858198856281,1.0,1.0,1.0,False
ENSG00000072134,EPN2,0.61653,0.615575783886551,0.617482774158674,1.0,1.0,1.0,False
ENSG00000115221,ITGB6,0.617834,0.6168803975576254,0.6187861555416863,1.0,1.0,1.0,False
ENSG00000126010,GRPR,0.619414,0.6184611508477553,0.6203653962587938,1.0,1.0,1.0,False
ENSG00000123473,STIL,0.619788,0.6188353307214909,0.6207392149665161,1.0,1.0,1.0,False
ENSG00000010319,SEMA3G,0.619985,0.619032425708706,0.6209361192321005,1.0,1.0,1.0,False
ENSG00000142319,SLC6A3,0.62101,0.620057922616025,0.6219606184370591,1.0,1.0,1.0,False
ENSG00000100897,DCAF11,0.621318,0.6203660728112359,0.6222684670736338,1.0,1.0,1.0,False
ENSG00000147459,DOCK5,0.621467,0.6205151456167717,0.6224173937029549,1.0,1.0,1.0,False
ENSG00000111218,PRMT8,0.621819,0.6208673179924469,0.6227692199921764,1.0,1.0,1.0,False
ENSG00000018510,AGPS,0.622878,0.6219268397999838,0.6238276941679457,1.0,1.0,1.0,False
ENSG00000050628,PTGER3,0.623225,0.6222740118289156,0.6241745208228715,1.0,1.0,1.0,False
ENSG00000128606,LRRC17,0.62388,0.6229293379654552,0.6248291922019693,1.0,1.0,1.0,False
ENSG00000008869,HEATR5B,0.624287,0.6233365415497268,0.6252359870739777,1.0,1.0,1.0,False
ENSG00000119509,INVS,0.624621,0.6236707091526417,0.6255698182042254,1.0,1.0,1.0,False
ENSG00000144366,GULP1,0.62544,0.6244901221692762,0.626388402081181,1.0,1.0,1.0,False
ENSG00000122435,TRMT13,0.625759,0.6248092838231796,0.6267072392173315,1.0,1.0,1.0,False
ENSG00000153071,DAB2,0.626034,0.6250844235331181,0.6269820984643355,1.0,1.0,1.0,False
ENSG00000081237,PTPRC,0.626748,0.6257987877985224,0.6276957314907723,1.0,1.0,1.0,False
ENSG00000127241,MASP1,0.627698,0.6267492758886983,0.6286452397972979,1.0,1.0,1.0,False
ENSG00000109158,GABRA4,0.628039,0.62709045204177,0.6289860623508301,1.0,1.0,1.0,False
ENSG00000112761,CCN6,0.628131,0.6271824996533657,0.629078014390283,1.0,1.0,1.0,False
ENSG00000150471,ADGRL3,0.628394,0.6274456359630655,0.6293408770830364,1.0,1.0,1.0,False
ENSG00000109819,PPARGC1A,0.628479,0.627530680081747,0.629425832641954,1.0,1.0,1.0,False
ENSG00000092969,TGFB2,0.629045,0.6280969746605716,0.6299915359163157,1.0,1.0,1.0,False
ENSG00000127074,RGS13,0.630304,0.6293566349121393,0.6312498708894074,1.0,1.0,1.0,False
ENSG00000064703,DDX20,0.63092,0.6299729604729125,0.6318655429921647,1.0,1.0,1.0,False
ENSG00000137473,TTC29,0.632974,0.6320280579946825,0.6339184376796139,1.0,1.0,1.0,False
ENSG00000137764,MAP2K5,0.63361,0.632664401571202,0.6345540916907528,1.0,1.0,1.0,False
ENSG00000119523,ALG2,0.633662,0.6327164297406986,0.6346060633240205,1.0,1.0,1.0,False
ENSG00000123600,METTL8,0.634377,0.6334318182730332,0.635320672079694,1.0,1.0,1.0,False
ENSG00000125814,NAPB,0.634471,0.6335258695195358,0.6354146204766495,1.0,1.0,1.0,False
ENSG00000104299,INTS9,0.634491,0.6335458804280483,0.6354346094922771,1.0,1.0,1.0,False
ENSG00000066135,KDM4A,0.634881,0.6339360934948836,0.6358243949461717,1.0,1.0,1.0,False
ENSG00000004799,PDK4,0.634941,0.6339961263336548,0.6358843618798204,1.0,1.0,1.0,False
ENSG00000106004,HOXA5,0.634947,0.6340021296184012,0.6358903585723159,1.0,1.0,1.0,False
ENSG00000146374,RSPO3,0.635499,0.6345544324915158,0.6364420536054628,1.0,1.0,1.0,False
ENSG00000089225,TBX5,0.635726,0.6347815574311213,0.6366689278048445,1.0,1.0,1.0,False
ENSG00000139155,SLCO1C1,0.636005,0.635060711301622,0.6369477728760939,1.0,1.0,1.0,False
ENSG00000065615,CYB5R4,0.63726,0.6363164076799648,0.6382020717375168,1.0,1.0,1.0,False
ENSG00000064419,TNPO3,0.637444,0.6365005103617634,0.6383859683578024,1.0,1.0,1.0,False
ENSG00000147488,ST18,0.637498,0.6365545405249771,0.6384399379897654,1.0,1.0,1.0,False
ENSG00000112996,MRPS30,0.637606,0.63666260088999,0.6385478772151059,1.0,1.0,1.0,False
ENSG00000074935,TUBE1,0.638537,0.6375941233934548,0.639478351180333,1.0,1.0,1.0,False
ENSG00000124813,RUNX2,0.639195,0.6382524949913497,0.6401359770866224,1.0,1.0,1.0,False
ENSG00000113805,CNTN3,0.639653,0.6387107547720702,0.6405937155686907,1.0,1.0,1.0,False
ENSG00000094804,CDC6,0.64021,0.639268071957984,0.6411503962700525,1.0,1.0,1.0,False
ENSG00000115042,FAHD2A,0.640899,0.6399574662145437,0.6418389994000835,1.0,1.0,1.0,False
ENSG00000025434,NR1H3,0.641505,0.6405638147184876,0.6424446485975503,1.0,1.0,1.0,False
ENSG00000136560,TANK,0.642254,0.6413132477148785,0.6431932127601591,1.0,1.0,1.0,False
ENSG00000064393,HIPK2,0.642389,0.6414483260236594,0.6433281339393149,1.0,1.0,1.0,False
ENSG00000091428,RAPGEF4,0.643772,0.6428321329285422,0.6447103217886196,1.0,1.0,1.0,False
ENSG00000149488,TMC2,0.643798,0.6428581481797757,0.6447363064387663,1.0,1.0,1.0,False
ENSG00000065548,ZC3H15,0.64424,0.6433004079123492,0.6451780450296534,1.0,1.0,1.0,False
ENSG00000013503,POLR3B,0.645095,0.6441559128128963,0.6460325368860222,1.0,1.0,1.0,False
ENSG00000139318,DUSP6,0.645876,0.6449373768718292,0.6468130698646878,1.0,1.0,1.0,False
ENSG00000101413,RPRD1B,0.646498,0.6455597484096172,0.6474346959675954,1.0,1.0,1.0,False
ENSG00000133641,RLIG1,0.646919,0.6459810008690821,0.6478554419112361,1.0,1.0,1.0,False
ENSG00000120942,UBIAD1,0.648223,0.6472857878848801,0.6491586499492279,1.0,1.0,1.0,False
ENSG00000115211,EIF2B4,0.648279,0.647341821854321,0.6492146157673728,1.0,1.0,1.0,False
ENSG00000123096,SSPN,0.648554,0.6476169888733907,0.649489447705197,1.0,1.0,1.0,False
ENSG00000138134,STAMBPL1,0.648571,0.64763399920938,0.6495064373047248,1.0,1.0,1.0,False
ENSG00000140522,RLBP1,0.650428,0.6494921361087722,0.6513622933615036,1.0,1.0,1.0,False
ENSG00000148180,GSN,0.651447,0.6505117665834862,0.6523806590215844,1.0,1.0,1.0,False
ENSG00000056586,RC3H2,0.651843,0.6509080128644874,0.6527764112384988,1.0,1.0,1.0,False
ENSG00000083520,DIS3,0.651866,0.65093102719052,0.652799396825224,1.0,1.0,1.0,False
ENSG00000146233,CYP39A1,0.652186,0.6512512267580227,0.6531191960439147,1.0,1.0,1.0,False
ENSG00000125798,FOXA2,0.652675,0.6517405326193065,0.6536078883277809,1.0,1.0,1.0,False
ENSG00000155066,PROM2,0.652752,0.6518175808804123,0.6536848397746023,1.0,1.0,1.0,False
ENSG00000144283,PKP4,0.653435,0.6525010101416169,0.6543674079226729,1.0,1.0,1.0,False
ENSG00000011454,RABGAP1,0.653518,0.6525840624510746,0.6544503552983829,1.0,1.0,1.0,False
ENSG00000127863,TNFRSF19,0.655298,0.6543651918172748,0.6562292191803446,1.0,1.0,1.0,False
ENSG00000144891,AGTR1,0.655552,0.6546193541518045,0.6564830558823479,1.0,1.0,1.0,False
ENSG00000108175,ZMIZ1,0.657213,0.6562814229871627,0.6581429807465077,1.0,1.0,1.0,False
ENSG00000079101,CLUL1,0.657613,0.6566816822699978,0.6585427199463942,1.0,1.0,1.0,False
ENSG00000154310,TNIK,0.658083,0.6571519878650298,0.6590124125685582,1.0,1.0,1.0,False
ENSG00000145681,HAPLN1,0.658376,0.657445178887363,0.6593052204348163,1.0,1.0,1.0,False
ENSG00000135931,ARMC9,0.65843,0.6574992141358744,0.6593591849814717,1.0,1.0,1.0,False
ENSG00000115942,ORC2,0.65916,0.6582296919588126,0.6600887043894907,1.0,1.0,1.0,False
ENSG00000079112,CDH17,0.659776,0.6588460970702017,0.6607042969414807,1.0,1.0,1.0,False
ENSG00000106477,CEP41,0.661498,0.6605692388225606,0.6624251486571844,1.0,1.0,1.0,False
ENSG00000115267,IFIH1,0.661944,0.6610155367714158,0.6628708490165449,1.0,1.0,1.0,False
ENSG00000084764,MAPRE3,0.661976,0.6610475581843028,0.6629028274822741,1.0,1.0,1.0,False
ENSG00000138271,GPR87,0.662144,0.6612156706797379,0.6630707143495744,1.0,1.0,1.0,False
ENSG00000038945,MSR1,0.662387,0.6614588336276105,0.6633135504799437,1.0,1.0,1.0,False
ENSG00000119927,GPAM,0.66322,0.6622923942875607,0.664145986660217,1.0,1.0,1.0,False
ENSG00000118496,FBXO30,0.664433,0.6635062164723022,0.6653581598742515,1.0,1.0,1.0,False
ENSG00000090975,PITPNM2,0.664589,0.6636623227074127,0.6655140530473916,1.0,1.0,1.0,False
ENSG00000135049,AGTPBP1,0.664616,0.6636893411057596,0.6655410345466264,1.0,1.0,1.0,False
ENSG00000120860,WASHC3,0.664633,0.6637063526916456,0.6655580228962552,1.0,1.0,1.0,False
ENSG00000143344,RGL1,0.666469,0.665543611898485,0.6673927567249585,1.0,1.0,1.0,False
ENSG00000102547,CAB39L,0.666644,0.6657187327425887,0.6675676352170293,1.0,1.0,1.0,False
ENSG00000071909,MYO3B,0.666997,0.6660719769383431,0.6679203896822434,1.0,1.0,1.0,False
ENSG00000135423,GLS2,0.667374,0.6664492383807683,0.6682971268097462,1.0,1.0,1.0,False
ENSG00000131844,MCCC2,0.668973,0.6680493546653474,0.6698950044596725,1.0,1.0,1.0,False
ENSG00000149295,DRD2,0.66956,0.6686367674727911,0.6704815894255518,1.0,1.0,1.0,False
ENSG00000135905,DOCK10,0.671662,0.6707402590250378,0.672582089899723,1.0,1.0,1.0,False
ENSG00000081791,DELE1,0.671706,0.6707842904698911,0.6726260582879626,1.0,1.0,1.0,False
ENSG00000113716,HMGXB3,0.671708,0.6707862918994202,0.6726280568508467,1.0,1.0,1.0,False
ENSG00000149968,MMP3,0.671772,0.6708503376543475,0.6726920108531453,1.0,1.0,1.0,False
ENSG00000145982,FARS2,0.672024,0.6711025180028312,0.6729438295487387,1.0,1.0,1.0,False
ENSG00000111144,LTA4H,0.672432,0.6715108106332517,0.6733515353706316,1.0,1.0,1.0,False
ENSG00000068654,POLR1A,0.6732,0.6722793636080191,0.6741189794825673,1.0,1.0,1.0,False
ENSG00000118491,ZC2HC1B,0.673536,0.6726156064148774,0.6744547354011392,1.0,1.0,1.0,False
ENSG00000148123,PLPPR1,0.674062,0.6731419876007431,0.6749803522199629,1.0,1.0,1.0,False
ENSG00000110344,UBE4A,0.675367,0.6744479390067,0.6762843958636489,1.0,1.0,1.0,False
ENSG00000135577,NMBR,0.675847,0.6749282909925156,0.6767640420570075,1.0,1.0,1.0,False
ENSG00000135472,FAIM2,0.676921,0.6760030825503152,0.6778372464251005,1.0,1.0,1.0,False
ENSG00000006747,SCIN,0.677281,0.6763633491128667,0.6781969784969234,1.0,1.0,1.0,False
ENSG00000108588,CCDC47,0.677287,0.6763693535608393,0.6782029740261902,1.0,1.0,1.0,False
ENSG00000108878,CACNG1,0.67824,0.6773230622400698,0.6791552617318379,1.0,1.0,1.0,False
ENSG00000120457,KCNJ5,0.678814,0.6778974911893154,0.6797288306051684,1.0,1.0,1.0,False
ENSG00000107679,PLEKHA1,0.679136,0.6782197325135573,0.6800505880594432,1.0,1.0,1.0,False
ENSG00000104228,TRIM35,0.679195,0.6782787767854814,0.680109543563707,1.0,1.0,1.0,False
ENSG00000125046,SSUH2,0.679394,0.6784779262331164,0.6803083933611793,1.0,1.0,1.0,False
ENSG00000107938,EDRF1,0.679896,0.6789803040799688,0.6808100136100228,1.0,1.0,1.0,False
ENSG00000078018,MAP2,0.680094,0.6791784534455548,0.6810078634933359,1.0,1.0,1.0,False
ENSG00000110108,TMEM109,0.680927,0.6800120839115843,0.6818402298673669,1.0,1.0,1.0,False
ENSG00000147421,HMBOX1,0.681241,0.6803263224371634,0.6821539901506439,1.0,1.0,1.0,False
ENSG00000124120,TTPAL,0.681446,0.6805314784200311,0.682358833390118,1.0,1.0,1.0,False
ENSG00000124479,NDP,0.682197,0.6812830515898811,0.6831092573713791,1.0,1.0,1.0,False
ENSG00000100359,SGSM3,0.682766,0.6818524876782532,0.6836778191245232,1.0,1.0,1.0,False
ENSG00000111231,GPN3,0.684146,0.6832335518680512,0.6850567496997217,1.0,1.0,1.0,False
ENSG00000101997,CCDC22,0.685082,0.6841702789514791,0.6859920190655824,1.0,1.0,1.0,False
ENSG00000146411,SLC2A12,0.68522,0.684308386511781,0.6861299109817771,1.0,1.0,1.0,False
ENSG00000069943,PIGB,0.686214,0.6853031640116614,0.6871231297111488,1.0,1.0,1.0,False
ENSG00000122756,CNTFR,0.686765,0.6858545970865895,0.6876736945459918,1.0,1.0,1.0,False
ENSG00000144847,IGSF11,0.687073,0.6861628398179196,0.6879814506462563,1.0,1.0,1.0,False
ENSG00000135837,CEP350,0.687728,0.686818357566595,0.6886359304128181,1.0,1.0,1.0,False
ENSG00000120697,ALG5,0.687942,0.687032527181791,0.6888497599858054,1.0,1.0,1.0,False
ENSG00000131459,GFPT2,0.688378,0.6874688734511073,0.6892854120625056,1.0,1.0,1.0,False
ENSG00000142875,PRKACB,0.689303,0.6883946111878236,0.6902096708167562,1.0,1.0,1.0,False
ENSG00000144320,LNPK,0.690168,0.6892603048985642,0.6910739738245856,1.0,1.0,1.0,False
ENSG00000117594,HSD11B1,0.6914,0.6904932993381903,0.6923049747112753,1.0,1.0,1.0,False
ENSG00000111249,CUX2,0.692481,0.6915751781089834,0.6933850918396112,1.0,1.0,1.0,False
ENSG00000132305,IMMT,0.692817,0.6919114524376228,0.693720816236322,1.0,1.0,1.0,False
ENSG00000103043,VAC14,0.694332,0.6934276963710216,0.6952345665556006,1.0,1.0,1.0,False
ENSG00000101452,DHX35,0.695482,0.6945786482877434,0.6963836102762033,1.0,1.0,1.0,False
ENSG00000001561,ENPP4,0.697232,0.6963301096206886,0.6981321423043692,1.0,1.0,1.0,False
ENSG00000070950,RAD18,0.697324,0.6964221868724477,0.6982240647035929,1.0,1.0,1.0,False
ENSG00000154678,PDE1C,0.698627,0.6977262855902671,0.6995259610426167,1.0,1.0,1.0,False
ENSG00000023041,ZDHHC6,0.700402,0.6995027961697302,0.7012994437293434,1.0,1.0,1.0,False
ENSG00000135924,DNAJB2,0.702593,0.701695682934359,0.7034885486526632,1.0,1.0,1.0,False
ENSG00000123407,HOXC12,0.702692,0.701794768767851,0.7035874624435908,1.0,1.0,1.0,False
ENSG00000151445,VIPAS39,0.70443,0.7035342838269749,0.7053239407909198,1.0,1.0,1.0,False
ENSG00000156110,ADK,0.704493,0.7035973390378025,0.7053868853410845,1.0,1.0,1.0,False
ENSG00000135372,NAT10,0.704832,0.7039366364762254,0.7057255866165728,1.0,1.0,1.0,False
ENSG00000143842,SOX13,0.705017,0.7041217990453716,0.705910423345578,1.0,1.0,1.0,False
ENSG00000005020,SKAP2,0.705835,0.7049405199853653,0.706727699302269,1.0,1.0,1.0,False
ENSG00000112246,SIM1,0.706797,0.705903372273796,0.707688843364205,1.0,1.0,1.0,False
ENSG00000139354,GAS2L3,0.707085,0.7061916283630243,0.7079765861823601,1.0,1.0,1.0,False
ENSG00000029639,TFB1M,0.708194,0.7073016185145542,0.7090845918234858,1.0,1.0,1.0,False
ENSG00000073111,MCM2,0.708869,0.707977224315707,0.7097589834614964,1.0,1.0,1.0,False
ENSG00000137145,DENND4C,0.709197,0.7083055195495979,0.7100866869832259,1.0,1.0,1.0,False
ENSG00000138593,SECISBP2L,0.710491,0.7096006897789657,0.711379511844612,1.0,1.0,1.0,False
ENSG00000143196,DPT,0.711614,0.7107247124914406,0.7125014848716179,1.0,1.0,1.0,False
ENSG00000101251,SEL1L2,0.712984,0.7120959691489529,0.7138702230164724,1.0,1.0,1.0,False
ENSG00000064309,CDON,0.713309,0.7124212687174678,0.7141949222149377,1.0,1.0,1.0,False
ENSG00000138614,INTS14,0.714355,0.7134682366692432,0.7152399502947238,1.0,1.0,1.0,False
ENSG00000151490,PTPRO,0.714814,0.7139276632555139,0.7156985219670386,1.0,1.0,1.0,False
ENSG00000138821,SLC39A8,0.715114,0.71422794267606,0.7159982414083116,1.0,1.0,1.0,False
ENSG00000138347,MYPN,0.715778,0.7148925628329493,0.7166616187322424,1.0,1.0,1.0,False
ENSG00000114062,UBE3A,0.716679,0.7157944081067704,0.7175617700400646,1.0,1.0,1.0,False
ENSG00000101868,POLA1,0.717142,0.7162578441607907,0.7180243322294358,1.0,1.0,1.0,False
ENSG00000118246,FASTKD2,0.717418,0.7165341046448043,0.7183000706982848,1.0,1.0,1.0,False
ENSG00000126062,TMEM115,0.717587,0.7167032643459001,0.7184689103560064,1.0,1.0,1.0,False
ENSG00000136527,TRA2B,0.717838,0.7169545018182273,0.7187196719313892,1.0,1.0,1.0,False
ENSG00000102245,CD40LG,0.718795,0.7179124103500212,0.7196757597687424,1.0,1.0,1.0,False
ENSG00000070501,POLB,0.719013,0.7181306179992178,0.7198935512924525,1.0,1.0,1.0,False
ENSG00000070214,SLC44A1,0.719633,0.7187512099634752,0.7205129569759077,1.0,1.0,1.0,False
ENSG00000120685,PROSER1,0.720244,0.719362795367974,0.7211233692532606,1.0,1.0,1.0,False
ENSG00000155827,RNF20,0.72085,0.719969377979625,0.7217287843424252,1.0,1.0,1.0,False
ENSG00000135525,MAP7,0.72185,0.7209703437457998,0.7227278147822019,1.0,1.0,1.0,False
ENSG00000139324,TMTC3,0.722281,0.7214017616694868,0.7231583952232746,1.0,1.0,1.0,False
ENSG00000102174,PHEX,0.72344,0.722561890535494,0.7243162619599337,1.0,1.0,1.0,False
ENSG00000124743,KLHL31,0.723511,0.7226329599282788,0.7243871922977687,1.0,1.0,1.0,False
ENSG00000109805,NCAPG,0.72422,0.7233426543941495,0.7250954951418853,1.0,1.0,1.0,False
ENSG00000110436,SLC1A2,0.724301,0.7234237339092063,0.7251764153195063,1.0,1.0,1.0,False
ENSG00000121940,CLCC1,0.72454,0.7236629687377227,0.725415179584199,1.0,1.0,1.0,False
ENSG00000117479,SLC19A2,0.725714,0.7248381268097648,0.7265880170578631,1.0,1.0,1.0,False
ENSG00000122641,INHBA,0.726024,0.7251484338717844,0.7268977088196626,1.0,1.0,1.0,False
ENSG00000121634,GJA8,0.726091,0.7252155003065377,0.7269646421307024,1.0,1.0,1.0,False
ENSG00000139372,TDG,0.726508,0.7256329143462281,0.727381226508856,1.0,1.0,1.0,False
ENSG00000134909,ARHGAP32,0.72742,0.726545823226513,0.7282923141683044,1.0,1.0,1.0,False
ENSG00000113312,TTC1,0.729143,0.7282705529424414,0.7300135779150088,1.0,1.0,1.0,False
ENSG00000108883,EFTUD2,0.73023,0.7293586526994822,0.7310994740336676,1.0,1.0,1.0,False
ENSG00000134987,WDR36,0.730759,0.7298881903016511,0.7316279344243561,1.0,1.0,1.0,False
ENSG00000111262,KCNA1,0.730799,0.7299282310159554,0.7316678935582828,1.0,1.0,1.0,False
ENSG00000111011,RSRC2,0.730973,0.7301024082277418,0.7318417156863007,1.0,1.0,1.0,False
ENSG00000140519,RHCG,0.734845,0.7339783959043925,0.7357097133182423,1.0,1.0,1.0,False
ENSG00000102837,OLFM4,0.735455,0.7345890318857412,0.736319075022362,1.0,1.0,1.0,False
ENSG00000100983,GSS,0.735586,0.7347201687422986,0.7364499376687483,1.0,1.0,1.0,False
ENSG00000145723,GIN1,0.736173,0.7353077831894734,0.7370363209943024,1.0,1.0,1.0,False
ENSG00000146285,SCML4,0.736946,0.7360815953434228,0.7378085059073255,1.0,1.0,1.0,False
ENSG00000156030,MIDEAS,0.737024,0.7361596774846411,0.7378864234701477,1.0,1.0,1.0,False
ENSG00000005108,THSD7A,0.737088,0.7362237449086566,0.7379503558032936,1.0,1.0,1.0,False
ENSG00000103274,NUBP1,0.738168,0.7373048862415711,0.7390292103724638,1.0,1.0,1.0,False
ENSG00000111731,C2CD5,0.739254,0.7383920406976153,0.740114051795713,1.0,1.0,1.0,False
ENSG00000136573,BLK,0.740313,0.7394521730275337,0.741171915447512,1.0,1.0,1.0,False
ENSG00000070061,ELP1,0.74137,0.7405103097195025,0.7422277747448254,1.0,1.0,1.0,False
ENSG00000125818,PSMF1,0.742229,0.7413702382847591,0.7430858429201308,1.0,1.0,1.0,False
ENSG00000107105,ELAVL2,0.742404,0.7415454279862348,0.7432606525546233,1.0,1.0,1.0,False
ENSG00000133104,SPART,0.742805,0.7419468633504451,0.7436612156688288,1.0,1.0,1.0,False
ENSG00000138435,CHRNA1,0.744703,0.7438469368287138,0.745557134988599,1.0,1.0,1.0,False
ENSG00000112562,SMOC2,0.744797,0.743941040071529,0.7456510313890987,1.0,1.0,1.0,False
ENSG00000139083,ETV6,0.74488,0.7440241312761706,0.7457339398695115,1.0,1.0,1.0,False
ENSG00000139679,LPAR6,0.74588,0.7450252333339362,0.746732834017209,1.0,1.0,1.0,False
ENSG00000065675,PRKCQ,0.746354,0.7454997577822027,0.7472063077703239,1.0,1.0,1.0,False
ENSG00000115514,TXNDC9,0.746388,0.745533795452199,0.7472402699713125,1.0,1.0,1.0,False
ENSG00000132429,POPDC3,0.746911,0.7460573757725149,0.7477626876664385,1.0,1.0,1.0,False
ENSG00000075651,PLD1,0.747236,0.7463827372135305,0.7480873249921856,1.0,1.0,1.0,False
ENSG00000140937,CDH11,0.748158,0.7473057660281606,0.7490082926789428,1.0,1.0,1.0,False
ENSG00000082126,MPP4,0.749082,0.7482308021840163,0.7499312530168649,1.0,1.0,1.0,False
ENSG00000132424,PNISR,0.750695,0.7498456232858024,0.7515424257943195,1.0,1.0,1.0,False
ENSG00000138764,CCNG2,0.751744,0.7508958160664346,0.7525902290330726,1.0,1.0,1.0,False
ENSG00000038210,PI4K2B,0.752167,0.7513192989352409,0.7530127445591112,1.0,1.0,1.0,False
ENSG00000134532,SOX5,0.753144,0.7522974183805148,0.7539886214064048,1.0,1.0,1.0,False
ENSG00000137672,TRPC6,0.754446,0.7536009192827764,0.7552891155633927,1.0,1.0,1.0,False
ENSG00000151474,FRMD4A,0.754495,0.7536499759713938,0.7553380586888322,1.0,1.0,1.0,False
ENSG00000136160,EDNRB,0.754495,0.7536499759713938,0.7553380586888322,1.0,1.0,1.0,False
ENSG00000114805,PLCH1,0.755168,0.7543237560667373,0.7560102760396116,1.0,1.0,1.0,False
ENSG00000136895,GARNL3,0.755357,0.754512975644275,0.7561990557448612,1.0,1.0,1.0,False
ENSG00000111816,FRK,0.755822,0.7549785168129896,0.7566635128115717,1.0,1.0,1.0,False
ENSG00000064655,EYA2,0.756088,0.7552448269854555,0.7569292016296906,1.0,1.0,1.0,False
ENSG00000108091,CCDC6,0.756398,0.755555189017052,0.7572388384217056,1.0,1.0,1.0,False
ENSG00000123106,CCDC91,0.756854,0.7560117226360124,0.7576943030723111,1.0,1.0,1.0,False
ENSG00000111912,NCOA7,0.75765,0.756808657223055,0.7584893654645857,1.0,1.0,1.0,False
ENSG00000128833,MYO5C,0.758061,0.7572201413237791,0.7588998798041809,1.0,1.0,1.0,False
ENSG00000138029,HADHB,0.758492,0.7576516501137078,0.7593303693786698,1.0,1.0,1.0,False
ENSG00000099954,CECR2,0.758691,0.7578508854222731,0.7595291333149269,1.0,1.0,1.0,False
ENSG00000069431,ABCC9,0.758761,0.7579209682530105,0.7595990502185489,1.0,1.0,1.0,False
ENSG00000103671,TRIP4,0.762394,0.7615583094692765,0.7632276952153524,1.0,1.0,1.0,False
ENSG00000110013,SIAE,0.763874,0.7630401019518993,0.7647058971161498,1.0,1.0,1.0,False
ENSG00000088179,PTPN4,0.764793,0.7639602220320287,0.7656237735483973,1.0,1.0,1.0,False
ENSG00000118017,A4GNT,0.765354,0.7645219084454005,0.7661840850060078,1.0,1.0,1.0,False
ENSG00000081923,ATP8B1,0.766774,0.7659436549581351,0.767602333104275,1.0,1.0,1.0,False
ENSG00000120658,ENOX1,0.767085,0.7662550392101529,0.7679129476719829,1.0,1.0,1.0,False
ENSG00000111961,SASH1,0.769328,0.7685008291579944,0.7701531492116616,1.0,1.0,1.0,False
ENSG00000104756,KCTD9,0.769486,0.7686590269250566,0.7703109508449631,1.0,1.0,1.0,False
ENSG00000089123,TASP1,0.769767,0.7689403790546545,0.7705915976489215,1.0,1.0,1.0,False
ENSG00000022277,RTF2,0.77003,0.7692037090977035,0.7708542666077396,1.0,1.0,1.0,False
ENSG00000101343,CRNKL1,0.770198,0.7693719201617009,0.7710220549061507,1.0,1.0,1.0,False
ENSG00000111845,PAK1IP1,0.770943,0.7701178583699408,0.7717661138704853,1.0,1.0,1.0,False
ENSG00000148655,LRMDA,0.771188,0.7703631677083802,0.7720108036022177,1.0,1.0,1.0,False
ENSG00000120158,RCL1,0.77176,0.7709358914643177,0.7725820776754091,1.0,1.0,1.0,False
ENSG00000105967,TFEC,0.773238,0.772415771643955,0.7740581918863761,1.0,1.0,1.0,False
ENSG00000144962,SPATA16,0.773244,0.7724217793062623,0.7740641842012971,1.0,1.0,1.0,False
ENSG00000152422,XRCC4,0.77514,0.7743202126645263,0.7759577436471182,1.0,1.0,1.0,False
ENSG00000109220,CHIC2,0.777032,0.7762146650188915,0.7778472841119051,1.0,1.0,1.0,False
ENSG00000128849,CGNL1,0.778237,0.7774212395687751,0.7790507049885351,1.0,1.0,1.0,False
ENSG00000145012,LPP,0.778531,0.7777156252365359,0.7793443182049121,1.0,1.0,1.0,False
ENSG00000124194,GDAP1L1,0.778596,0.7777807105830393,0.7794092326117041,1.0,1.0,1.0,False
ENSG00000151576,QTRT2,0.778725,0.7779098800486963,0.779538062656433,1.0,1.0,1.0,False
ENSG00000134480,CCNH,0.77948,0.7786658741709245,0.7802920656686229,1.0,1.0,1.0,False
ENSG00000114030,KPNA1,0.779511,0.7786969150728544,0.7803230246490328,1.0,1.0,1.0,False
ENSG00000139946,PELI2,0.781145,0.7803330803791363,0.7819548531408806,1.0,1.0,1.0,False
ENSG00000144840,RABL3,0.783345,0.7825360249866676,0.7841519001830737,1.0,1.0,1.0,False
ENSG00000077147,TM9SF3,0.783939,0.7831308258307095,0.7847450970844284,1.0,1.0,1.0,False
ENSG00000147408,CSGALNACT1,0.784046,0.7832379703538949,0.7848519521551095,1.0,1.0,1.0,False
ENSG00000091844,RGS17,0.784446,0.7836385113409681,0.7852514096497764,1.0,1.0,1.0,False
ENSG00000054796,SPO11,0.784634,0.7838267659942584,0.7854391542829018,1.0,1.0,1.0,False
ENSG00000135596,MICAL1,0.78889,0.7880885980803447,0.7896893060421428,1.0,1.0,1.0,False
ENSG00000132639,SNAP25,0.789961,0.7891610861476144,0.7907588139095292,1.0,1.0,1.0,False
ENSG00000134516,DOCK2,0.79065,0.7898510478497985,0.7914468495919886,1.0,1.0,1.0,False
ENSG00000153060,TEKT5,0.790877,0.7900783654509329,0.7916735311291871,1.0,1.0,1.0,False
ENSG00000135547,HEY2,0.790953,0.7901544718682079,0.7917494244234242,1.0,1.0,1.0,False
ENSG00000142871,CCN1,0.791066,0.7902676301717202,0.7918622656909752,1.0,1.0,1.0,False
ENSG00000109320,NFKB1,0.791392,0.7905940873923464,0.7921878072328831,1.0,1.0,1.0,False
ENSG00000131043,AAR2,0.791551,0.7907533106741582,0.7923465833475203,1.0,1.0,1.0,False
ENSG00000125991,ERGIC3,0.791723,0.7909255524198313,0.7925183409489482,1.0,1.0,1.0,False
ENSG00000081019,RSBN1,0.792263,0.7914663127964433,0.7930575785225299,1.0,1.0,1.0,False
ENSG00000153317,ASAP1,0.792373,0.7915764679501291,0.7931674229512895,1.0,1.0,1.0,False
ENSG00000147439,BIN3,0.792466,0.7916695991948289,0.7932602913535659,1.0,1.0,1.0,False
ENSG00000008513,ST3GAL1,0.792975,0.7921793186389804,0.7937685699772676,1.0,1.0,1.0,False
ENSG00000151834,GABRA2,0.793883,0.7930886067906014,0.7946752783788839,1.0,1.0,1.0,False
ENSG00000151012,SLC7A11,0.793976,0.7931817390708951,0.794768145745561,1.0,1.0,1.0,False
ENSG00000109079,TNFAIP1,0.794484,0.7936904627656567,0.795275420122418,1.0,1.0,1.0,False
ENSG00000112499,SLC22A2,0.795214,0.7944215060779354,0.7960043740390224,1.0,1.0,1.0,False
ENSG00000111058,ACSS3,0.795301,0.7945086306825684,0.7960912491041313,1.0,1.0,1.0,False
ENSG00000146006,LRRTM2,0.795671,0.7948791612413135,0.7964607171408378,1.0,1.0,1.0,False
ENSG00000028839,TBPL1,0.796024,0.7952326683768425,0.7968132086652886,1.0,1.0,1.0,False
ENSG00000125409,TEKT3,0.796305,0.7955140727409803,0.7970938032344455,1.0,1.0,1.0,False
ENSG00000119812,FAM98A,0.796576,0.7957854632759405,0.7973644116707379,1.0,1.0,1.0,False
ENSG00000111790,FGFR1OP2,0.796776,0.7959857518473813,0.7975641223400719,1.0,1.0,1.0,False
ENSG00000156097,GPR61,0.797202,0.7964123675076713,0.7979895050626269,1.0,1.0,1.0,False
ENSG00000138823,MTTP,0.797984,0.7971955012260131,0.7987703683756853,1.0,1.0,1.0,False
ENSG00000156011,PSD3,0.79838,0.7975920770985063,0.7991657909999015,1.0,1.0,1.0,False
ENSG00000074582,BCS1L,0.798861,0.7980737781804905,0.7996460880919419,1.0,1.0,1.0,False
ENSG00000074054,CLASP1,0.799467,0.7986806639624963,0.800251200009421,1.0,1.0,1.0,False
ENSG00000112118,MCM3,0.799617,0.7988308836479021,0.8004009797545781,1.0,1.0,1.0,False
ENSG00000150456,EEF1AKMT1,0.800141,0.7993556524322636,0.8009242089808257,1.0,1.0,1.0,False
ENSG00000111879,FAM184A,0.800805,0.8000206296399014,0.8015872292524542,1.0,1.0,1.0,False
ENSG00000156787,TBC1D31,0.800887,0.8001027505541347,0.8016691080269241,1.0,1.0,1.0,False
ENSG00000144476,ACKR3,0.80154,0.8007567152928062,0.8023211408092571,1.0,1.0,1.0,False
ENSG00000100577,GSTZ1,0.80253,0.8017481841985354,0.8033096681451375,1.0,1.0,1.0,False
ENSG00000080166,DCT,0.802802,0.8020205891078864,0.8035812622031707,1.0,1.0,1.0,False
ENSG00000013297,CLDN11,0.803231,0.8024502289033224,0.80400962077908,1.0,1.0,1.0,False
ENSG00000095637,SORBS1,0.804257,0.8034777648707889,0.8050340809164761,1.0,1.0,1.0,False
ENSG00000137822,TUBGCP4,0.806025,0.8052484310482613,0.8067994080268026,1.0,1.0,1.0,False
ENSG00000069535,MAOB,0.806223,0.8054467311739317,0.8069971071494173,1.0,1.0,1.0,False
ENSG00000152818,UTRN,0.807263,0.8064883127083237,0.8080355216665943,1.0,1.0,1.0,False
ENSG00000114113,RBP2,0.807453,0.8066786025738507,0.8082252310797138,1.0,1.0,1.0,False
ENSG00000052841,TTC17,0.808777,0.8080046305079728,0.8095471981188491,1.0,1.0,1.0,False
ENSG00000106511,MEOX2,0.810293,0.8095229698728874,0.8110608529981347,1.0,1.0,1.0,False
ENSG00000133083,DCLK1,0.810867,0.8100978604893535,0.8116339602023322,1.0,1.0,1.0,False
ENSG00000115170,ACVR1,0.812348,0.8115811708419443,0.8131126442266745,1.0,1.0,1.0,False
ENSG00000116455,WDR77,0.812723,0.8119567586985932,0.8134870549462065,1.0,1.0,1.0,False
ENSG00000105865,DUS4L,0.813626,0.8128611790239803,0.8143886311922337,1.0,1.0,1.0,False
ENSG00000069667,RORA,0.815404,0.8146419954471718,0.8161638080180602,1.0,1.0,1.0,False
ENSG00000153714,LURAP1L,0.815688,0.8149264477637009,0.8164473546231813,1.0,1.0,1.0,False
ENSG00000040933,INPP4A,0.815785,0.815023602407355,0.8165441996112166,1.0,1.0,1.0,False
ENSG00000036473,OTC,0.817099,0.8163397050878953,0.817856091941347,1.0,1.0,1.0,False
ENSG00000109851,DBX1,0.817203,0.8164438721338597,0.817959924500485,1.0,1.0,1.0,False
ENSG00000124214,STAU1,0.818491,0.8177339485609478,0.8192458431826933,1.0,1.0,1.0,False
ENSG00000153993,SEMA3D,0.818554,0.8177970504885168,0.8193087410159028,1.0,1.0,1.0,False
ENSG00000132300,PTCD3,0.818854,0.8180975363242433,0.8196082540410232,1.0,1.0,1.0,False
ENSG00000121957,GPSM2,0.820308,0.8195539019723036,0.8210598828717967,1.0,1.0,1.0,False
ENSG00000009844,VTA1,0.821152,0.8203992835398365,0.8219024980993507,1.0,1.0,1.0,False
ENSG00000149201,CCDC81,0.823371,0.8226219455605108,0.8241178276524359,1.0,1.0,1.0,False
ENSG00000154654,NCAM2,0.823903,0.823154829962299,0.8246489412303994,1.0,1.0,1.0,False
ENSG00000048649,RSF1,0.824059,0.8233110897735655,0.8248046808267262,1.0,1.0,1.0,False
ENSG00000023697,DERA,0.824439,0.8236917235515071,0.8251840456057363,1.0,1.0,1.0,False
ENSG00000144290,SLC4A10,0.825001,0.8242546632320819,0.8257451037909533,1.0,1.0,1.0,False
ENSG00000039123,MTREX,0.825212,0.8244660167581515,0.8259557494636013,1.0,1.0,1.0,False
ENSG00000107020,PLGRKT,0.826381,0.8256369826237093,0.8271227791586622,1.0,1.0,1.0,False
ENSG00000081051,AFP,0.826732,0.8259885752885587,0.8274731851608427,1.0,1.0,1.0,False
ENSG00000135540,NHSL1,0.826921,0.8261778948768123,0.8276618648548331,1.0,1.0,1.0,False
ENSG00000154767,XPC,0.82706,0.8263171301241767,0.8278006290795935,1.0,1.0,1.0,False
ENSG00000106105,GARS1,0.827094,0.826351187693331,0.8278345713813186,1.0,1.0,1.0,False
ENSG00000156869,FRRS1,0.827824,0.8270824262674992,0.8285633300348357,1.0,1.0,1.0,False
ENSG00000136634,IL10,0.827896,0.8271545486907457,0.8286352073381537,1.0,1.0,1.0,False
ENSG00000146085,MMUT,0.829046,0.8283065104793836,0.8297832411820976,1.0,1.0,1.0,False
ENSG00000127249,ATP13A4,0.829259,0.8285198751669128,0.8299958756856373,1.0,1.0,1.0,False
ENSG00000138036,DYNC2LI1,0.829477,0.8287382488472504,0.8302135011773766,1.0,1.0,1.0,False
ENSG00000143199,ADCY10,0.829656,0.8289175560037678,0.8303921933410485,1.0,1.0,1.0,False
ENSG00000132254,ARFIP2,0.830019,0.8292811798042272,0.8307545681619722,1.0,1.0,1.0,False
ENSG00000100280,AP1B1,0.830675,0.8299383102054745,0.8314094352693187,1.0,1.0,1.0,False
ENSG00000152932,RAB3C,0.831092,0.8303560308453835,0.831825713045681,1.0,1.0,1.0,False
ENSG00000113600,C9,0.831773,0.8310382112029514,0.8325055301017112,1.0,1.0,1.0,False
ENSG00000137941,TTLL7,0.832553,0.8318195684895842,0.8332841698526421,1.0,1.0,1.0,False
ENSG00000120694,HSPH1,0.834032,0.8333011578658563,0.8347605748590219,1.0,1.0,1.0,False
ENSG00000101974,ATP11C,0.835606,0.8348779364301994,0.8363317903163486,1.0,1.0,1.0,False
ENSG00000011083,SLC6A7,0.836826,0.8361001064709912,0.8375496156416611,1.0,1.0,1.0,False
ENSG00000118217,ATF6,0.83713,0.836404649446903,0.8378530715110573,1.0,1.0,1.0,False
ENSG00000137996,RTCA,0.83718,0.8364547388382322,0.8379029819298109,1.0,1.0,1.0,False
ENSG00000154240,CEP112,0.837928,0.8372040790433761,0.8386496388834852,1.0,1.0,1.0,False
ENSG00000123836,PFKFB2,0.838959,0.8382369352899306,0.8396787787207429,1.0,1.0,1.0,False
ENSG00000111554,MDM1,0.839376,0.838654689044798,0.8400950233819053,1.0,1.0,1.0,False
ENSG00000084110,HAL,0.840063,0.8393429345983987,0.8407807752187137,1.0,1.0,1.0,False
ENSG00000151240,DIP2C,0.8405,0.8397807293357342,0.8412169788214017,1.0,1.0,1.0,False
ENSG00000145934,TENM2,0.841206,0.8404880173125732,0.8419216881627392,1.0,1.0,1.0,False
ENSG00000082438,COBLL1,0.842059,0.8413425801418172,0.8427731220932237,1.0,1.0,1.0,False
ENSG00000122877,EGR2,0.847024,0.8463168242848598,0.8477288590886004,1.0,1.0,1.0,False
ENSG00000113597,TRAPPC13,0.847289,0.8465823248682532,0.8479933574984393,1.0,1.0,1.0,False
ENSG00000114279,FGF12,0.849275,0.8485721000517144,0.8499755747697276,1.0,1.0,1.0,False
ENSG00000108423,TUBD1,0.850106,0.8494046921814586,0.85080497948273,1.0,1.0,1.0,False
ENSG00000146410,MTFR2,0.850502,0.8498014534998032,0.8512002166598245,1.0,1.0,1.0,False
ENSG00000101958,GLRA2,0.851094,0.8503945947945807,0.851791073115778,1.0,1.0,1.0,False
ENSG00000124786,SLC35B3,0.852171,0.8514736808769867,0.852865982941293,1.0,1.0,1.0,False
ENSG00000105821,DNAJC2,0.852363,0.8516660541008487,0.8530576089879129,1.0,1.0,1.0,False
ENSG00000023228,NDUFS1,0.852457,0.8517602369725338,0.8531514257590666,1.0,1.0,1.0,False
ENSG00000107611,CUBN,0.852743,0.852046793966607,0.8534368676783064,1.0,1.0,1.0,False
ENSG00000124019,FAM124B,0.853908,0.8532140721711124,0.8545995850471826,1.0,1.0,1.0,False
ENSG00000125848,FLRT3,0.856007,0.8553172150471817,0.8566944341952751,1.0,1.0,1.0,False
ENSG00000136878,USP20,0.856883,0.8561949587444366,0.8575686871692444,1.0,1.0,1.0,False
ENSG00000091482,SMPX,0.856987,0.8562991663388483,0.8576724791796306,1.0,1.0,1.0,False
ENSG00000110243,APOA5,0.857371,0.856683933912159,0.8580557101471025,1.0,1.0,1.0,False
ENSG00000151704,KCNJ1,0.857476,0.8567891440894098,0.8581604995708444,1.0,1.0,1.0,False
ENSG00000139767,SRRM4,0.857598,0.8569113884541752,0.8582822547424689,1.0,1.0,1.0,False
ENSG00000075223,SEMA3C,0.858169,0.8574835344359526,0.8588521065908253,1.0,1.0,1.0,False
ENSG00000111224,PARP11,0.859358,0.8586749328228792,0.8600387036854537,1.0,1.0,1.0,False
ENSG00000153253,SCN3A,0.859694,0.8590116135641483,0.8603740216672886,1.0,1.0,1.0,False
ENSG00000114735,HEMK1,0.860725,0.8600447106458516,0.8614029206674176,1.0,1.0,1.0,False
ENSG00000012504,NR1H4,0.864027,0.8633535120423466,0.8646981067213728,1.0,1.0,1.0,False
ENSG00000113163,CERT1,0.865489,0.8648185655796804,0.8661570476271863,1.0,1.0,1.0,False
ENSG00000144535,DIS3L2,0.865796,0.865126210118279,0.8664634019216934,1.0,1.0,1.0,False
ENSG00000125863,MKKS,0.866495,0.8658266820058678,0.8671609273771932,1.0,1.0,1.0,False
ENSG00000094755,GABRP,0.866665,0.8659970408940042,0.8673305678428751,1.0,1.0,1.0,False
ENSG00000121577,POPDC2,0.867097,0.8664299545154094,0.8677616525793928,1.0,1.0,1.0,False
ENSG00000099204,ABLIM1,0.867498,0.8668318046677146,0.8681618009028247,1.0,1.0,1.0,False
ENSG00000101407,TTI1,0.867811,0.867145469657487,0.8684741347232774,1.0,1.0,1.0,False
ENSG00000138600,SPPL2A,0.868041,0.8673759590954115,0.8687036444110701,1.0,1.0,1.0,False
ENSG00000009694,TENM1,0.868335,0.867670585698523,0.8689970166903875,1.0,1.0,1.0,False
ENSG00000107566,ERLIN1,0.868949,0.8682858978555166,0.8696097021993847,1.0,1.0,1.0,False
ENSG00000147606,SLC26A7,0.869183,0.8685203991918944,0.8698431999734864,1.0,1.0,1.0,False
ENSG00000103365,GGA2,0.8698,0.8691387244509514,0.8704588723689511,1.0,1.0,1.0,False
ENSG00000048991,R3HDM1,0.870061,0.8694002865262972,0.8707193093014195,1.0,1.0,1.0,False
ENSG00000153015,CWC27,0.870623,0.869963499802716,0.8712800938885406,1.0,1.0,1.0,False
ENSG00000071794,HLTF,0.872057,0.8714006142037807,0.8727109740358973,1.0,1.0,1.0,False
ENSG00000082146,STRADB,0.875224,0.8745745887361254,0.875870987462731,1.0,1.0,1.0,False
ENSG00000133835,HSD17B4,0.876877,0.8762312828720231,0.8775202870416342,1.0,1.0,1.0,False
ENSG00000124784,RIOK1,0.878804,0.8781626370366589,0.8794429255494705,1.0,1.0,1.0,False
ENSG00000006695,COX10,0.880161,0.879522734602204,0.8807968228235215,1.0,1.0,1.0,False
ENSG00000016082,ISL1,0.88075,0.8801130872620123,0.8813844679237739,1.0,1.0,1.0,False
ENSG00000128915,ICE2,0.881502,0.8808668215198565,0.8821347308060303,1.0,1.0,1.0,False
ENSG00000014123,UFL1,0.881717,0.8810823188573584,0.8823492326508545,1.0,1.0,1.0,False
ENSG00000133302,SLF1,0.882869,0.8822369951556899,0.883498551971186,1.0,1.0,1.0,False
ENSG00000156711,MAPK13,0.886354,0.8857302115269227,0.8869753223443044,1.0,1.0,1.0,False
ENSG00000113924,HGD,0.886602,0.8859788032294029,0.8872227296984444,1.0,1.0,1.0,False
ENSG00000012174,MBTPS2,0.888173,0.887553573547938,0.8887899534036472,1.0,1.0,1.0,False
ENSG00000141431,ASXL3,0.889133,0.8885158964708944,0.88974762682852,1.0,1.0,1.0,False
ENSG00000123636,BAZ2B,0.889543,0.888926892989347,0.8901566287502338,1.0,1.0,1.0,False
ENSG00000064835,POU1F1,0.890755,0.8901418544827153,0.8913656626456582,1.0,1.0,1.0,False
ENSG00000149256,TENM4,0.891046,0.8904335690513094,0.8916559469698756,1.0,1.0,1.0,False
ENSG00000076641,PAG1,0.891051,0.8904385813410933,0.8916609346610678,1.0,1.0,1.0,False
ENSG00000112308,C6orf62,0.892416,0.8918069516824064,0.8930225591260175,1.0,1.0,1.0,False
ENSG00000115339,GALNT3,0.892765,0.892156818309347,0.8933706911710946,1.0,1.0,1.0,False
ENSG00000120008,WDR11,0.893219,0.8926119486858197,0.8938235590670661,1.0,1.0,1.0,False
ENSG00000073921,PICALM,0.893587,0.8929808674531438,0.8941906388994014,1.0,1.0,1.0,False
ENSG00000119401,TRIM32,0.894809,0.894205934651664,0.8954095670506345,1.0,1.0,1.0,False
ENSG00000103089,FA2H,0.896825,0.8962270503454944,0.897420443684338,1.0,1.0,1.0,False
ENSG00000151779,NBAS,0.897718,0.8971223388786997,0.898311151752277,1.0,1.0,1.0,False
ENSG00000080608,PUM3,0.898207,0.8976125980023456,0.8987988907673669,1.0,1.0,1.0,False
ENSG00000004864,SLC25A13,0.898683,0.8980898277226345,0.8992736592352419,1.0,1.0,1.0,False
ENSG00000151532,VTI1A,0.899781,0.8991906797995384,0.9003688029787313,1.0,1.0,1.0,False
ENSG00000148688,RPP30,0.900187,0.899597739900375,0.9007737413323572,1.0,1.0,1.0,False
ENSG00000116885,OSCP1,0.900593,0.9000048030000796,0.9011786766870746,1.0,1.0,1.0,False
ENSG00000100330,MTMR3,0.900607,0.900018839712375,0.9011926399214828,1.0,1.0,1.0,False
ENSG00000121964,QTMAN,0.90116,0.9005732927232839,0.9017441848053231,1.0,1.0,1.0,False
ENSG00000115828,QPCT,0.901445,0.9008590437609992,0.902028432682594,1.0,1.0,1.0,False
ENSG00000010810,FYN,0.901635,0.9010495452874272,0.9022179304328116,1.0,1.0,1.0,False
ENSG00000154001,PPP2R5E,0.902273,0.9016892342703774,0.9028542390208484,1.0,1.0,1.0,False
ENSG00000134222,PSRC1,0.905336,0.9047604502443252,0.9059090113838713,1.0,1.0,1.0,False
ENSG00000145888,GLRA1,0.905371,0.9047955451697676,0.905943916325144,1.0,1.0,1.0,False
ENSG00000155926,SLA,0.905783,0.9052086643802582,0.9063547955456774,1.0,1.0,1.0,False
ENSG00000134255,CEPT1,0.905785,0.9052106698214396,0.9063567900968794,1.0,1.0,1.0,False
ENSG00000007341,ST7L,0.906522,0.9059496802680372,0.9070917768435236,1.0,1.0,1.0,False
ENSG00000074771,NOX3,0.907723,0.907153979618892,0.9082894729184992,1.0,1.0,1.0,False
ENSG00000005469,CROT,0.90873,0.90816376846892,0.9092936802328496,1.0,1.0,1.0,False
ENSG00000116194,ANGPTL1,0.909156,0.9085909545040156,0.9097184925750452,1.0,1.0,1.0,False
ENSG00000111962,UST,0.910145,0.9095827224838148,0.9107047208277566,1.0,1.0,1.0,False
ENSG00000137251,TINAG,0.91049,0.90992869286384,0.9110487491334188,1.0,1.0,1.0,False
ENSG00000109107,ALDOC,0.91064,0.9100791155492928,0.911198325876514,1.0,1.0,1.0,False
ENSG00000081189,MEF2C,0.912104,0.911547266064422,0.9126581697836316,1.0,1.0,1.0,False
ENSG00000118733,OLFM3,0.913348,0.9127948291876962,0.9138986019202318,1.0,1.0,1.0,False
ENSG00000136010,ALDH1L2,0.914042,0.9134908317326144,0.9145905967306726,1.0,1.0,1.0,False
ENSG00000120899,PTK2B,0.914412,0.9138619037438412,0.9149595233094094,1.0,1.0,1.0,False
ENSG00000118257,NRP2,0.914449,0.913899011113174,0.9149964157990704,1.0,1.0,1.0,False
ENSG00000153822,KCNJ16,0.914455,0.9139050285273052,0.9150023983620732,1.0,1.0,1.0,False
ENSG00000141655,TNFRSF11A,0.915087,0.9145388673458128,0.915632557134949,1.0,1.0,1.0,False
ENSG00000075073,TACR2,0.915239,0.9146913109377606,0.9157841129636922,1.0,1.0,1.0,False
ENSG00000156642,NPTN,0.915608,0.9150613899979404,0.9161520324971284,1.0,1.0,1.0,False
ENSG00000150054,MPP7,0.916294,0.9157494043247204,0.9168360155556368,1.0,1.0,1.0,False
ENSG00000118495,PLAGL1,0.917424,0.9168827461107044,0.9179626694622338,1.0,1.0,1.0,False
ENSG00000151332,MBIP,0.918455,0.9179168212853156,0.9189905903571476,1.0,1.0,1.0,False
ENSG00000006062,MAP3K14,0.918532,0.9179940519684008,0.9190673593804984,1.0,1.0,1.0,False
ENSG00000154007,ASB17,0.918689,0.9181515227621104,0.919223887988217,1.0,1.0,1.0,False
ENSG00000154556,SORBS2,0.918821,0.9182839190463746,0.9193554912006872,1.0,1.0,1.0,False
ENSG00000133704,IPO8,0.918903,0.9183661654339452,0.9194372445004784,1.0,1.0,1.0,False
ENSG00000117600,PLPPR4,0.919088,0.9185517219035588,0.919621687325512,1.0,1.0,1.0,False
ENSG00000115963,RND3,0.919816,0.9192819197411012,0.920347486712176,1.0,1.0,1.0,False
ENSG00000114446,IFT57,0.921156,0.9206259992254991,0.9216834021179054,1.0,1.0,1.0,False
ENSG00000135164,DMTF1,0.921812,0.921284012671616,0.9223373861699564,1.0,1.0,1.0,False
ENSG00000114200,BCHE,0.923445,0.9229220724041668,0.9239653202086824,1.0,1.0,1.0,False
ENSG00000100578,KIAA0586,0.925578,0.9250617863830216,0.9260915980920732,1.0,1.0,1.0,False
ENSG00000036828,CASR,0.926672,0.926159277475046,0.9271821028253792,1.0,1.0,1.0,False
ENSG00000104447,TRPS1,0.927285,0.9267742480651188,0.9277931298958464,1.0,1.0,1.0,False
ENSG00000125304,TM9SF2,0.927374,0.9268635350417016,0.9278818425795866,1.0,1.0,1.0,False
ENSG00000108443,RPS6KB1,0.927515,0.927004990144692,0.9280223869384476,1.0,1.0,1.0,False
ENSG00000152413,HOMER1,0.927895,0.9273862194500292,0.9284011561827276,1.0,1.0,1.0,False
ENSG00000127585,FBXL16,0.928402,0.927894865973682,0.9289065077238364,1.0,1.0,1.0,False
ENSG00000138400,MDH1B,0.928881,0.9283754283155548,0.929383943553472,1.0,1.0,1.0,False
ENSG00000108244,KRT23,0.929861,0.9293586454547658,0.9303607226728932,1.0,1.0,1.0,False
ENSG00000140718,FTO,0.930624,0.930124169762048,0.9311211954523034,1.0,1.0,1.0,False
ENSG00000143106,PSMA5,0.930871,0.9303719906490844,0.9313673736220908,1.0,1.0,1.0,False
ENSG00000090376,IRAK3,0.933262,0.932771033020648,0.9337503221184806,1.0,1.0,1.0,False
ENSG00000145147,SLIT2,0.934447,0.9339600851348272,0.9349312654770094,1.0,1.0,1.0,False
ENSG00000140563,MCTP2,0.936373,0.9358927684547516,0.9368505747967248,1.0,1.0,1.0,False
ENSG00000104313,EYA1,0.936783,0.9363042071354286,0.9372591345488536,1.0,1.0,1.0,False
ENSG00000006715,VPS41,0.937176,0.9366985915276228,0.9376507486543276,1.0,1.0,1.0,False
ENSG00000135824,RGS8,0.93748,0.9370036660372876,0.9379536729824732,1.0,1.0,1.0,False
ENSG00000150556,LYPD6B,0.938201,0.9377272272628718,0.9386721090002244,1.0,1.0,1.0,False
ENSG00000129048,ACKR4,0.938232,0.9377583377918818,0.93870299835268,1.0,1.0,1.0,False
ENSG00000042980,ADAM28,0.938484,0.9380112375402182,0.9389540976407464,1.0,1.0,1.0,False
ENSG00000154646,TMPRSS15,0.939409,0.9389395595156902,0.9398757721278184,1.0,1.0,1.0,False
ENSG00000125675,GRIA3,0.939535,0.9390660143970928,0.9400013167645022,1.0,1.0,1.0,False
ENSG00000144644,GADL1,0.940231,0.9397645374728524,0.9406947910265024,1.0,1.0,1.0,False
ENSG00000137171,KLC4,0.942262,0.941803003015278,0.9427183177129485,1.0,1.0,1.0,False
ENSG00000107242,PIP5K1B,0.94254,0.9420820371066588,0.9429952825575736,1.0,1.0,1.0,False
ENSG00000065413,ANKRD44,0.943037,0.942580893324526,0.9434904244373462,1.0,1.0,1.0,False
ENSG00000125780,TGM3,0.943187,0.9427314554555016,0.9436398617321708,1.0,1.0,1.0,False
ENSG00000110777,POU2AF1,0.943389,0.9429342138635052,0.9438411025508768,1.0,1.0,1.0,False
ENSG00000115183,TANC1,0.94364,0.9431861584997052,0.9440911569537492,1.0,1.0,1.0,False
ENSG00000138085,ATRAID,0.94524,0.9447922399204562,0.9456850694060576,1.0,1.0,1.0,False
ENSG00000130340,SNX9,0.947126,0.94668554554907,0.9475637565517704,1.0,1.0,1.0,False
ENSG00000137868,STRA6,0.947765,0.9473270556756046,0.9482002439761632,1.0,1.0,1.0,False
ENSG00000108055,SMC3,0.947972,0.947534872694993,0.9484064261633084,1.0,1.0,1.0,False
ENSG00000064989,CALCRL,0.948596,0.948161347236374,0.9490279492297112,1.0,1.0,1.0,False
ENSG00000129535,NRL,0.948745,0.9483109407216558,0.9491763551731396,1.0,1.0,1.0,False
ENSG00000058866,DGKG,0.948827,0.9483932677702082,0.949258027810174,1.0,1.0,1.0,False
ENSG00000100941,PNN,0.949796,0.949366156040596,0.950223135823688,1.0,1.0,1.0,False
ENSG00000155287,SLC25A28,0.950154,0.9497256036880368,0.9505796868030106,1.0,1.0,1.0,False
ENSG00000153898,MCOLN2,0.951805,0.9513833596787662,0.9522239244769892,1.0,1.0,1.0,False
ENSG00000134352,IL6ST,0.951958,0.9515369925470628,0.952376291021396,1.0,1.0,1.0,False
ENSG00000143919,CAMKMT,0.952034,0.9516133073486348,0.9524519759280822,1.0,1.0,1.0,False
ENSG00000113391,ARB2A,0.952936,0.9525190658764136,0.953350213937122,1.0,1.0,1.0,False
ENSG00000144935,TRPC1,0.954427,0.9540163712982448,0.9548349027878604,1.0,1.0,1.0,False
ENSG00000060140,STYK1,0.956068,0.9556644501386998,0.9564688176394166,1.0,1.0,1.0,False
ENSG00000107443,CCNJ,0.958006,0.9576110082997308,0.9583982520222682,1.0,1.0,1.0,False
ENSG00000151812,SLC35F4,0.958082,0.9576873484652556,0.9584739115641938,1.0,1.0,1.0,False
ENSG00000091262,ABCC6,0.958156,0.9577616800169296,0.9585475797276573,1.0,1.0,1.0,False
ENSG00000003393,ALS2,0.959287,0.9588977894822144,0.959673465907142,1.0,1.0,1.0,False
ENSG00000148634,HERC4,0.961565,0.961186330690224,0.9619409159181614,1.0,1.0,1.0,False
ENSG00000134697,GNL2,0.96302,0.9626482490601004,0.963388991932826,1.0,1.0,1.0,False
ENSG00000118420,UBE3D,0.963022,0.962650258674154,0.9633909823110496,1.0,1.0,1.0,False
ENSG00000134954,ETS1,0.963205,0.9628341395972074,0.963573100681307,1.0,1.0,1.0,False
ENSG00000078098,FAP,0.964422,0.9640570614005164,0.9647841741758164,1.0,1.0,1.0,False
ENSG00000000457,SCYL3,0.964752,0.964388686595207,0.965112547705307,1.0,1.0,1.0,False
ENSG00000138686,BBS7,0.965407,0.9650469376798656,0.9657642940873024,1.0,1.0,1.0,False
ENSG00000109339,MAPK10,0.96547,0.9651102521805732,0.9658269793428546,1.0,1.0,1.0,False
ENSG00000078618,NRDC,0.965508,0.9651484420338294,0.9658647893425742,1.0,1.0,1.0,False
ENSG00000065485,PDIA5,0.965521,0.9651615070103448,0.96587772431576,1.0,1.0,1.0,False
ENSG00000113319,RASGRF2,0.966996,0.9666439697295552,0.9673452558857182,1.0,1.0,1.0,False
ENSG00000104324,CPQ,0.967854,0.9675063960286504,0.9681988262609476,1.0,1.0,1.0,False
ENSG00000140471,LINS1,0.968485,0.9681406930743656,0.9688265267675488,1.0,1.0,1.0,False
ENSG00000113327,GABRG2,0.969202,0.9688614839498726,0.9695397331087136,1.0,1.0,1.0,False
ENSG00000155304,HSPA13,0.969995,0.9696587336094143,0.970328480368135,1.0,1.0,1.0,False
ENSG00000071243,ING3,0.970411,0.9700769876068722,0.970742224753208,1.0,1.0,1.0,False
ENSG00000080189,SLC35H1,0.973732,0.9734166385800068,0.97404456083412,1.0,1.0,1.0,False
ENSG00000104375,STK3,0.974838,0.974529132170884,0.9751440629165712,1.0,1.0,1.0,False
ENSG00000075089,ACTR6,0.975707,0.9754033432764664,0.976007848405162,1.0,1.0,1.0,False
ENSG00000118689,FOXO3,0.975709,0.9754053553847598,0.9760098362890232,1.0,1.0,1.0,False
ENSG00000138814,PPP3CA,0.975716,0.975412397768017,0.9760167938783072,1.0,1.0,1.0,False
ENSG00000113361,CDH6,0.97584,0.9755371496508144,0.9761400415090294,1.0,1.0,1.0,False
ENSG00000154734,ADAMTS1,0.977195,0.9769005049044802,0.977486680930834,1.0,1.0,1.0,False
ENSG00000133020,MYH8,0.978186,0.9778977856637108,0.9784713962665788,1.0,1.0,1.0,False
ENSG00000153814,JAZF1,0.978993,0.9787100138990066,0.979273164843704,1.0,1.0,1.0,False
ENSG00000082258,CCNT2,0.979252,0.978970714506918,0.9795304632112002,1.0,1.0,1.0,False
ENSG00000145730,PAM,0.979545,0.97926565205386,0.9798215245041964,1.0,1.0,1.0,False
ENSG00000146842,TMEM209,0.979561,0.9792817582827114,0.9798374182119668,1.0,1.0,1.0,False
ENSG00000084676,NCOA1,0.980575,0.9803025830814316,0.9808445893898968,1.0,1.0,1.0,False
ENSG00000125629,INSIG2,0.980577,0.9803045967272516,0.9808465757361278,1.0,1.0,1.0,False
ENSG00000137269,LRRC1,0.981246,0.9809782038127224,0.9815109659883624,1.0,1.0,1.0,False
ENSG00000066651,TRMT11,0.982215,0.9819540339412232,0.9824731319913452,1.0,1.0,1.0,False
ENSG00000047578,KATNIP,0.982788,0.982531165598984,0.9830419980383978,1.0,1.0,1.0,False
ENSG00000138592,USP8,0.983788,0.9835385536001712,0.984034606016357,1.0,1.0,1.0,False
ENSG00000057252,SOAT1,0.983817,0.9835677713786282,0.9840633881209816,1.0,1.0,1.0,False
ENSG00000112902,SEMA5A,0.984642,0.9843990548635316,0.9848821013018032,1.0,1.0,1.0,False
ENSG00000121440,PDZRN3,0.986035,0.9858030796802568,0.9862640708148008,1.0,1.0,1.0,False
ENSG00000079689,SCGN,0.986857,0.9866318564338912,0.987079290686874,1.0,1.0,1.0,False
ENSG00000136828,RALGPS1,0.988201,0.987987430164924,0.9884117113824328,1.0,1.0,1.0,False
ENSG00000145936,KCNMB1,0.988291,0.988078229071634,0.9885009120996124,1.0,1.0,1.0,False
ENSG00000072756,TRNT1,0.988659,0.9884495292778408,0.9888656103512614,1.0,1.0,1.0,False
ENSG00000138757,G3BP2,0.989057,0.988851161530842,0.989259976422177,1.0,1.0,1.0,False
ENSG00000145244,CORIN,0.989852,0.989653627213509,0.9900475073627562,1.0,1.0,1.0,False
ENSG00000138081,FBXO11,0.990216,0.9900211460967104,0.9904079869189862,1.0,1.0,1.0,False
ENSG00000078549,ADCYAP1R1,0.99092,0.9907321485556448,0.991104981411669,1.0,1.0,1.0,False
ENSG00000141699,RETREG3,0.991227,0.9910422894589244,0.9914088391650092,1.0,1.0,1.0,False
ENSG00000123992,DNPEP,0.991437,0.991254470585782,0.9916166571137374,1.0,1.0,1.0,False
ENSG00000070808,CAMK2A,0.992318,0.9921449344859968,0.9924881892795692,1.0,1.0,1.0,False
ENSG00000142192,APP,0.992567,0.992396708942462,0.9927344136924848,1.0,1.0,1.0,False
ENSG00000103056,SMPD3,0.992899,0.992732483230394,0.9930626378820344,1.0,1.0,1.0,False
ENSG00000075213,SEMA3A,0.992942,0.9927759786098356,0.993105142304051,1.0,1.0,1.0,False
ENSG00000075643,MOCOS,0.995432,0.9952978845694396,0.9955632240624804,1.0,1.0,1.0,False
ENSG00000137491,SLCO2B1,0.996562,0.9964453220220776,0.9966757801117128,1.0,1.0,1.0,False
ENSG00000139505,MTMR6,0.996613,0.9964971730046508,0.9967259288105286,1.0,1.0,1.0,False
ENSG00000100815,TRIP11,0.996693,0.9965785210241366,0.9968045802854782,1.0,1.0,1.0,False
ENSG00000111424,VDR,0.996752,0.996638525770252,0.9968625751617644,1.0,1.0,1.0,False
