human_gene_id,gene_name,transcript_id,contig,tss0,strand,ensembl_assembly,window_start0,window_end0,sequence_sha256
ENSG00000000457,SCYL3,ENST00000367771,1,169893895,-,GRCh38,169852936,169934856,40056f79380d1c0e791356b269dfa6f7a6d06d08811b026d059b4a1c49435205
ENSG00000001460,STPG1,ENST00000337248,1,24413781,-,GRCh38,24372822,24454742,185c38d04abc868a5768ce995e3912edb1c30ba48ab0616f4437bdebd874612e
ENSG00000001561,ENPP4,ENST00000321037,6,46129988,+,GRCh38,46089028,46170948,062c6f0e217088e01e79e34687a062b6ddc491875dfa4b05c215b79b84beb676
ENSG00000002587,HS3ST1,ENST00000002596,4,11428893,-,GRCh38,11387934,11469854,47f920186842a3ae2e9effe5163e447478a3fe433c66a3ee12e21fc7b4ab42f4
ENSG00000002745,WNT16,ENST00000222462,7,121328999,+,GRCh38,121288039,121369959,8163ae914412a9d4ffb4e7a502b68118cdc2e57e08b91281ee34e9e829b9621c
ENSG00000003393,ALS2,ENST00000264276,2,201780932,-,GRCh38,201739973,201821893,4e499b36d7434d08a9c729d72353a71096213e7ff7db4fb0449a36cb8c5783f9
ENSG00000003436,TFPI,ENST00000233156,2,187554434,-,GRCh38,187513475,187595395,877efbf407c140b6dbb00d5f9cf03f59679e5941207074a77f583978db2dd1b7
ENSG00000003756,RBM5,ENST00000347869,3,50088918,+,GRCh38,50047958,50129878,d701871b12d4cddae8bc63cf19f3ad7cde7afdd64af707a0d86d8964d5999a6e
ENSG00000004142,POLDIP2,ENST00000540200,17,28357526,-,GRCh38,28316567,28398487,8003c08fbe44eb5297ea8849640990da24a8363738c7fd62c21b022639d6f3e8
ENSG00000004700,RECQL,ENST00000444129,12,21501634,-,GRCh38,21460675,21542595,e8fd03482b4af788840ece95e893eeac36f3b31d91e466eaf95b764922380a79
ENSG00000004766,VPS50,ENST00000305866,7,93232365,+,GRCh38,93191405,93273325,e2820e73ba17f3c5ce85dc194c575a1d7f4049b874dadc4dd7fd52c8df0539cc
ENSG00000004799,PDK4,ENST00000005178,7,95596515,-,GRCh38,95555556,95637476,46b216b65b748c780fc18f833b4a5d8ab163af7fd44a43b845c48abaa3a11b58
ENSG00000004864,SLC25A13,ENST00000265631,7,96322097,-,GRCh38,96281138,96363058,f0ff33a277893f8fdae6a7e362dba669bad29605c49d80e47445008d6d1cddc6
ENSG00000004948,CALCR,ENST00000426151,7,93574723,-,GRCh38,93533764,93615684,ed4a5f5fd5b63074860d5c02dc49c4edb54f7a62593842e5e4334fdebb3222c6
ENSG00000005020,SKAP2,ENST00000345317,7,26864589,-,GRCh38,26823630,26905550,95dc50494829d5f1b1312a39912adb0ffd4c8ed0c3093cddba9ff957714aa211
ENSG00000005108,THSD7A,ENST00000423059,7,11832197,-,GRCh38,11791238,11873158,31d883950f8f0d7bdd5bc64df8e1e872c6233129973ca2814c5de9121c463c12
ENSG00000005156,LIG3,ENST00000378526,17,34980511,+,GRCh38,34939551,35021471,b5d4c9b9d9f4772b1f35a63005a78de1eef21b3433a47f9d4122e16a223781d5
ENSG00000005175,RPAP3,ENST00000005386,12,47706029,-,GRCh38,47665070,47746990,2b4a610fca56ab7615657e70423a4c554391f6552fc47ff3206525b44f0153cc
ENSG00000005381,MPO,ENST00000225275,17,58280934,-,GRCh38,58239975,58321895,2ce00bba2a66b67133e0e3be1731a63ebc32d7794371cdcba5213e1178ee2355
ENSG00000005421,PON1,ENST00000222381,7,95324531,-,GRCh38,95283572,95365492,4e2db108a955dc0202ab1fb6d5f0943d1d7275f7ca507d92a4f89bc035c1d565
ENSG00000005469,CROT,ENST00000331536,7,87345663,+,GRCh38,87304703,87386623,1971788e6ee000dbbb71fdf445c80f4aca563ce512d0eb58456af43b0e3f0283
ENSG00000005700,IBTK,ENST00000306270,6,82247743,-,GRCh38,82206784,82288704,d562f056722f70831463117b4a249d61c8abd21dce09b1b74e39da5fd662f104
ENSG00000005812,FBXL3,ENST00000355619,13,77027158,-,GRCh38,76986199,77068119,6350842c14c880e7fe46d01d4d6635c4a29aee953c0501a5804a89a2377516b8
ENSG00000005884,ITGA3,ENST00000320031,17,50056109,+,GRCh38,50015149,50097069,7c3de681daa0565f42ad8bdde7bcd5e93faba8ca132dc95c749d476c7ba10be8
ENSG00000005981,ASB4,ENST00000325885,7,95485942,+,GRCh38,95444982,95526902,c6ca18244ce2926cf8e0fb47f94ddb1bb5170ad6e4f236558acdee551f16f7ff
ENSG00000006042,TMEM98,ENST00000579849,17,32928152,+,GRCh38,32887192,32969112,7561de73566a8014e2794f5ad4d43e990db3fb0b491dc0107173f34511027b0d
ENSG00000006062,MAP3K14,ENST00000344686,17,45317019,-,GRCh38,45276060,45357980,22ac5b4694e4aaca99b0180092ea1a6d6fd46e815101f955e6d86e4ae0e25bef
ENSG00000006116,CACNG3,ENST00000005284,16,24256334,+,GRCh38,24215374,24297294,4b780da7cae6cdd45eeaa72946a29cfc3757ddbe00b4abb8d158ee79aa103120
ENSG00000006283,CACNA1G,ENST00000359106,17,50560714,+,GRCh38,50519754,50601674,a34b6b216993113db8d18b5a6b32e7be312125a655a3f5c512b93e2eae095813
ENSG00000006468,ETV1,ENST00000430479,7,13989665,-,GRCh38,13948706,14030626,07e94a3d9e4be4b2cbb97d50848142fd7c403290a83a053495a7bdc735851e10
ENSG00000006555,TTC22,ENST00000371276,1,54801322,-,GRCh38,54760363,54842283,7e5db36c2de077945953ab5da8c6f1536d70a737031970e62412f4af0e4aea5e
ENSG00000006576,PHTF2,ENST00000422959,7,77798772,+,GRCh38,77757812,77839732,03530e17cc532c3eeff52bd2641b27c858b9723f9320e20037be58eac6a24cf5
ENSG00000006611,USH1C,ENST00000005226,11,17544415,-,GRCh38,17503456,17585376,c951a855d550b243ecd04d88659ccb4a4459f70673ee636fe075b65daf07ff65
ENSG00000006695,COX10,ENST00000261643,17,14069503,+,GRCh38,14028543,14110463,5145ebe5ffbde66cb364aeaffbfa18b965ba0a6f7a3d779555881d2ee3723b12
ENSG00000006715,VPS41,ENST00000310301,7,38909190,-,GRCh38,38868231,38950151,563f99e7d439d995784f0029ab8016ef19b68b7e7ebcbed99ae4a3030bfedb72
ENSG00000006740,ARHGAP44,ENST00000379672,17,12789497,+,GRCh38,12748537,12830457,8789678ac30e36695e97b22dd2446f9e60c4796e59bbafe3f700a5987638c71a
ENSG00000006747,SCIN,ENST00000297029,7,12570719,+,GRCh38,12529759,12611679,f17b0b5d05d33edaed286300eafde07b8fe4b34e999417c3cf7ee54383c140a6
ENSG00000007341,ST7L,ENST00000358039,1,112619140,-,GRCh38,112578181,112660101,11b199a31ae9096e2b9f728977978daf4fa7f524a17f1795c961589631b14e50
ENSG00000007402,CACNA2D2,ENST00000424201,3,50503633,-,GRCh38,50462674,50544594,7fef7b17738c546e31c6122b76f4948d262f9cf299900759360a3f789b5ee328
ENSG00000008086,CDKL5,ENST00000623535,X,18425607,+,GRCh38,18384647,18466567,2ecbf36e132cadf3b1759ed48bf892a4e861f889a518dcae6d496f7020dedbc7
ENSG00000008118,CAMK1G,ENST00000361322,1,209583713,+,GRCh38,209542753,209624673,65934e18d290311c51916e5fb04fe1d798f889b85d8528fe538178af08117878
ENSG00000008196,TFAP2B,ENST00000393655,6,50818870,+,GRCh38,50777910,50859830,0fc2edba97d529362cfb392bb2520f98fafc83026812fd242e81e342c9fbbb48
ENSG00000008197,TFAP2D,ENST00000008391,6,50713525,+,GRCh38,50672565,50754485,662aa00df7a77829eb3f2b9429d261e2ccdc1b6273c37435328050d6957c2755
ENSG00000008311,AASS,ENST00000417368,7,122144248,-,GRCh38,122103289,122185209,ea88db26fd388278760b6964529e2a97b32930df1762877a3d54bba18fea759b
ENSG00000008513,ST3GAL1,ENST00000522652,8,133571886,-,GRCh38,133530927,133612847,6cc62ac043749dd8f3a0f62718303906e1f040f246dc9b409a64a3651267a299
ENSG00000008869,HEATR5B,ENST00000233099,2,37084371,-,GRCh38,37043412,37125332,3690ff345a9d9bc017e5ea726965b2ada7d2c834de9d73f6192d2184afedac33
ENSG00000009413,REV3L,ENST00000368802,6,111483217,-,GRCh38,111442258,111524178,74584ca569710a80032dc1ea3d5fb5b7206fb38f0d5894aa5384a00e060e3b47
ENSG00000009694,TENM1,ENST00000422452,X,125204311,-,GRCh38,125163352,125245272,0574be3d0dd75c0d09451599b1bccb6455b3ac15c5601ff0b1b903807550f800
ENSG00000009765,IYD,ENST00000344419,6,150369011,+,GRCh38,150328051,150409971,52f849e2da222c93bbced54e18bbf9e767a62693e30a2a0de32956388d19d129
ENSG00000009790,TRAF3IP3,ENST00000367025,1,209756052,+,GRCh38,209715092,209797012,95e09101742ffb89a5b0d954929941ab9e592d95557f0d2927a5fe416219b3d8
ENSG00000009830,POMT2,ENST00000261534,14,77320882,-,GRCh38,77279923,77361843,455383114e1e987299ef639ef338355af188bc04bd79bf8cacd00905415538a4
ENSG00000009844,VTA1,ENST00000367630,6,142147262,+,GRCh38,142106302,142188222,b249c7ecaf7d1f328761a0f49ed78d13a8c69cab67922db572ccff09ba17f09f
ENSG00000010319,SEMA3G,ENST00000231721,3,52445102,-,GRCh38,52404143,52486063,5d1a3410fc62d0c705db75e43648a24ac091700d01ad4147aeb8d95cddeb47e9
ENSG00000010671,BTK,ENST00000308731,X,101386190,-,GRCh38,101345231,101427151,576d4391da3e9817b497d2b821cd38bfe54c4e659fc9a1cdf2f6f5457e052d59
ENSG00000010810,FYN,ENST00000354650,6,111873451,-,GRCh38,111832492,111914412,6a027987de9f674e186631529f08e6eb3ae84076ed0dc507259df7c5c256258c
ENSG00000010818,HIVEP2,ENST00000367603,6,142945175,-,GRCh38,142904216,142986136,741740d178b78b75d2b743c8f6b76fd1d812a34beb21a28679937cbb81322e04
ENSG00000011083,SLC6A7,ENST00000230671,5,150190061,+,GRCh38,150149101,150231021,ac8fb7079f6ba0b90fbeea413fa170c3b00e764426ebf4ab4075546e9dbd2798
ENSG00000011114,BTBD7,ENST00000334746,14,93333035,-,GRCh38,93292076,93373996,b6dc5cd7d0bd64bc957d8ed0fc371667a02f67a54da5ece886a79cc6b5cccb05
ENSG00000011143,MKS1,ENST00000393119,17,58219254,-,GRCh38,58178295,58260215,4bd0a3a4ee6f8dcee65b16033441edead68e83271fbdaf5dbd8889b102f422fc
ENSG00000011376,LARS2,ENST00000645846,3,45388575,+,GRCh38,45347615,45429535,eddd27782e4e241c49a6f6c05572b237d14ad65493e3b2ad3c365ddfdd22f070
ENSG00000011454,RABGAP1,ENST00000373647,9,122941019,+,GRCh38,122900059,122981979,29f2a9764325623eb69b876d9a0dcec7bd0ab41dc95658defe91e3ba7e7d5b0d
ENSG00000011465,DCN,ENST00000052754,12,91182816,-,GRCh38,91141857,91223777,0f16ab9ad4b4a8a10b34b7e314bc214ab30e259e5c7baf94811f66fbe0e0cd7f
ENSG00000012174,MBTPS2,ENST00000379484,X,21839616,+,GRCh38,21798656,21880576,b5e50dc8b97299ddb3533302b98020c796eb45ec1c211f9c6a199aa3c3899ab9
ENSG00000012232,EXTL3,ENST00000220562,8,28701500,+,GRCh38,28660540,28742460,b45d49cbc798d54688bb036e5b0a2187b301c8dbc5d07c0f6e6d26564dc312e5
ENSG00000012504,NR1H4,ENST00000392986,12,100473865,+,GRCh38,100432905,100514825,a48bf9eb889c0276f65fc1c7016c834761ea4ad5632d82523030ec1f2e8ad690
ENSG00000012822,CALCOCO1,ENST00000550804,12,53727451,-,GRCh38,53686492,53768412,78205b6220d15d4b84f57eedd3a2f598beafbe4b1036a5b57576a6184a42912a
ENSG00000013016,EHD3,ENST00000322054,2,31234151,+,GRCh38,31193191,31275111,3c28d56f5c9125140cefeb2f0383031ee71e4076e9900418d0d2a536f64a5d16
ENSG00000013293,SLC7A14,ENST00000231706,3,170586074,-,GRCh38,170545115,170627035,0cd6a6683fba16fa1764478ba981adf472287023e4fd48e8eebb7d2bf66d533d
ENSG00000013297,CLDN11,ENST00000064724,3,170418867,+,GRCh38,170377907,170459827,653287e01044d6bda3b34e21d8ef4c68bfaa48d7456e61b54b96bd023d1c43fa
ENSG00000013375,PGM3,ENST00000513973,6,83193264,-,GRCh38,83152305,83234225,3709ad70339c2fed4f3fff169e3d6c36e96b967e9cc5d3e405f62708e4f2b9d1
ENSG00000013392,RWDD2A,ENST00000369724,6,83193356,+,GRCh38,83152396,83234316,0cda526d42388c527dcf47f751816d8a680f5f83b4a5cbacdfdf4a4f30d6b64c
ENSG00000013503,POLR3B,ENST00000228347,12,106357747,+,GRCh38,106316787,106398707,04c17c9d51c547bef2ceb8c1895d5c946a04a3366b430ff3ccdb75ff6c5fae28
ENSG00000013523,ANGEL1,ENST00000251089,14,76812881,-,GRCh38,76771922,76853842,1d029f3734b55ea694dc0282a244fc3380cb715a7a34f209cdddadfb95524e42
ENSG00000014123,UFL1,ENST00000369278,6,96521805,+,GRCh38,96480845,96562765,999ef768e1d0dcb15ebb6a2f308ee9949af41e5b1d570d5f7f52648c785dfc8b
ENSG00000014257,ACP3,ENST00000336375,3,132317406,+,GRCh38,132276446,132358366,68f2e4c8b00105df16e85943fc7ae335b7858a02636c5e75e1197f4bafa7f15f
ENSG00000014641,MDH1,ENST00000233114,2,63588962,+,GRCh38,63548002,63629922,2789cf2cd92835d05b4536712533b851b7f33599de3fb2615293b8ca67a3ea61
ENSG00000014824,SLC30A9,ENST00000264451,4,41990529,+,GRCh38,41949569,42031489,890e014785585ca57ff41448c3beaa9297846fb1dfeb9be9ece4a9e8cbee0dd6
ENSG00000014919,COX15,ENST00000016171,10,99732126,-,GRCh38,99691167,99773087,a50d9e668e305734bbd92487629305359227832d46b717b43e821e3d8b08c95c
ENSG00000016082,ISL1,ENST00000230658,5,51383447,+,GRCh38,51342487,51424407,c9bc1061c327dfce515c4a636024b3280fb34ad42f2668fb0fcd561a248492ce
ENSG00000016402,IL20RA,ENST00000316649,6,137044964,-,GRCh38,137004005,137085925,2b42b81496dc411f4a89e9b976837dfaf576bdeccbb25b0acfa68c615a22b320
ENSG00000017260,ATP2C1,ENST00000510168,3,130894083,+,GRCh38,130853123,130935043,9e187c587e0fde40f3954cefe62b7431000255a4d9cc2da76e4a7742072f3651
ENSG00000017427,IGF1,ENST00000337514,12,102480562,-,GRCh38,102439603,102521523,80b6bb8ee098e3161bee8d7efd45658be60002eb45524d8d76f1c21050d9155e
ENSG00000018236,CNTN1,ENST00000551295,12,40692438,+,GRCh38,40651478,40733398,78e8a31e41bd0da061b6f559118b451c5da054b80d424ce5ae6771cddb9decec
ENSG00000018510,AGPS,ENST00000264167,2,177392772,+,GRCh38,177351812,177433732,58dae8959d1401e6b5abbfa197fcfe1b1e35e0491dff22915fe9f2622df16351
ENSG00000018625,ATP1A2,ENST00000361216,1,160115758,+,GRCh38,160074798,160156718,3273e1e2c0432c51a0fd65e4513ba8a139929197b02db58fbaf8acd894ab146c
ENSG00000019505,SYT13,ENST00000020926,11,45286340,-,GRCh38,45245381,45327301,67e8f39aba869f8bfd365e769bbc9fa046d659060944418ec0a7e5af31323fd9
ENSG00000019991,HGF,ENST00000222390,7,81770046,-,GRCh38,81729087,81811007,3faf1d82758fda907418477b17f2881aab328ae38147b2722a266b4c06485716
ENSG00000021776,AQR,ENST00000156471,15,34969741,-,GRCh38,34928782,35010702,954e4b3659173fd7a64fd9012bf07d65e28a04bee4e9bc421006f7d3fede7f01
ENSG00000021826,CPS1,ENST00000233072,2,210556598,+,GRCh38,210515638,210597558,1e536063043ca076294289854d9663cd2f12dfd3307974233c7a3dc62de29a8e
ENSG00000022277,RTF2,ENST00000357348,20,56468626,+,GRCh38,56427666,56509586,ffc4ccea383e7c619b8be61e6964fc6f76412d5b0bdf5b5a3f44675f245a384a
ENSG00000022355,GABRA1,ENST00000393943,5,161848119,+,GRCh38,161807159,161889079,422941b95b5ad5be19e82c800cc0e102a6c157bcc433455abba37c232e32434d
ENSG00000023041,ZDHHC6,ENST00000369405,10,112446913,-,GRCh38,112405954,112487874,f1ac83aaa551005d958d9a76098c2a524044482e0a73aa26854e9a07d0f0263d
ENSG00000023228,NDUFS1,ENST00000233190,2,206159443,-,GRCh38,206118484,206200404,f23290a5ef33baf505aabbe0778d28d4101fb89dbb74b05792952c77733a893a
ENSG00000023318,ERP44,ENST00000262455,9,100098999,-,GRCh38,100058040,100139960,f54b8bfeb56236318465d86d2062258a7822019158335778f7cb56eb3c0057da
ENSG00000023516,AKAP11,ENST00000025301,13,42272151,+,GRCh38,42231191,42313111,ec51bd0b205a4667fbb5120e34cbbe9f61d24c8449b98496b36091d63fbc44f4
ENSG00000023697,DERA,ENST00000428559,12,15911331,+,GRCh38,15870371,15952291,c2ba3d9ecf899ea591f4e7485a51bfd7d954409b95329c0d91004691dc2eb4bd
ENSG00000024526,DEPDC1,ENST00000456315,1,68497081,-,GRCh38,68456122,68538042,87e0ff26f83204ec1d1ad8f8434f9b42aae0636ca6c8f82d7de20889d7b2e641
ENSG00000025156,HSF2,ENST00000368455,6,122399651,+,GRCh38,122358691,122440611,0fd63420c4e93278cffa43c3106d129da17242c238c2a2871bf3c4049e4835fc
ENSG00000025434,NR1H3,ENST00000441012,11,47257995,+,GRCh38,47217035,47298955,450927c2a493226d608ad9f2972c63924af19a5c4bd8004433137dcc5530b6c8
ENSG00000027075,PRKCH,ENST00000332981,14,61321578,+,GRCh38,61280618,61362538,43b44ebb5c2a201093c85c9fd8ab1f9c0afa87d60b6edfd2d0aa6ce8284b461f
ENSG00000028528,SNX1,ENST00000559844,15,64095981,+,GRCh38,64055021,64136941,19693c8464e0a89cfe059823ac7c311925513964b997a06a32da8ba547fde7a1
ENSG00000028839,TBPL1,ENST00000237264,6,133953223,+,GRCh38,133912263,133994183,3f45b41cda0255fe59f4c5301bf5a7a770ba02e9a9456381f6416b617dc3a6ad
ENSG00000029363,BCLAF1,ENST00000531224,6,136289845,-,GRCh38,136248886,136330806,5c5a59c16f283c8c0adddc6b639a7a29300d742d5ad4905c8ac97a80b5baecff
ENSG00000029364,SLC39A9,ENST00000336643,14,69398691,+,GRCh38,69357731,69439651,d4763c7f29e69e875310e59e3a03ad3b18b2d1237a56555ecc6c38356ae3c670
ENSG00000029559,IBSP,ENST00000226284,4,87799553,+,GRCh38,87758593,87840513,ec3fbddc7af59bd61f4a2267f3de76d6daa623b118a964bbd15ce081143854e6
ENSG00000029639,TFB1M,ENST00000367166,6,155314483,-,GRCh38,155273524,155355444,932aefb2d8fdecd4c63643ee38aed4144379f63e5e9bf3905b803b699f4a160b
ENSG00000030304,MUSK,ENST00000374448,9,110668790,+,GRCh38,110627830,110709750,8612f17b360c8b4b3b431b578ad57c6deb4cde26d062ef30b2c6e49c525af935
ENSG00000031081,ARHGAP31,ENST00000264245,3,119294382,+,GRCh38,119253422,119335342,20378b897c95f038b720c64d935c176cdba1e184bad5bb0c784c6b53d5bfa13b
ENSG00000033800,PIAS1,ENST00000249636,15,68054314,+,GRCh38,68013354,68095274,9243fae92796cf6bb88342138c77c381f9e3548382bc6d2d15fb878b9b41d397
ENSG00000034152,MAP2K3,ENST00000342679,17,21284710,+,GRCh38,21243750,21325670,85be858e5002b3418e09a52557ce2edfdfa3887066a94f876fdcfe094dd4e7b7
ENSG00000034533,ASTE1,ENST00000264992,3,131026824,-,GRCh38,130985865,131067785,ebe848ba099e6342fad76274c471edf10e682189ae9a79d9ac76498def0c59b7
ENSG00000034677,RNF19A,ENST00000341084,8,100309952,-,GRCh38,100268993,100350913,a145cbbf43cc4b7fdc4a8c0e648afde1ff18ab46225227c2ee39b7b10b356bca
ENSG00000034693,PEX3,ENST00000367591,6,143450804,+,GRCh38,143409844,143491764,015d6c8c087158c5d3d26ba009adec11a6e3795aeb24938a77eadeff05da79eb
ENSG00000035664,DAPK2,ENST00000457488,15,64046484,-,GRCh38,64005525,64087445,22ab4275c271069dac5f4b5625a7b69c8b2720c2711aad4424f267218b2e9f71
ENSG00000036054,TBC1D23,ENST00000394144,3,100260991,+,GRCh38,100220031,100301951,456c915c7d411d5eb75f23ffe5c18754d4a7b77e54d85d7b506d00c59d6c0c2b
ENSG00000036257,CUL3,ENST00000264414,2,224585362,-,GRCh38,224544403,224626323,01d5c08648a669fec69e2d159d430afc80bdd495104cc4cbad3d26d4e2be50b9
ENSG00000036473,OTC,ENST00000039007,X,38352603,+,GRCh38,38311643,38393563,cbf6dcce8e385ed8679b600cff2fc214f0ba33289c48204c7fef1deb1cd2ab78
ENSG00000036565,SLC18A1,ENST00000276373,8,20183135,-,GRCh38,20142176,20224096,73dac7a61b0eff7b34fd4705c55644ae6f643fab6cc5c5abf7f3b0a6fce447e7
ENSG00000036828,CASR,ENST00000639785,3,122183667,+,GRCh38,122142707,122224627,205d6f45ef8365bf06f9b1ab132e5308b971e5e3567881c77346c70fb292f3a2
ENSG00000037749,MFAP3,ENST00000522782,5,154038966,+,GRCh38,153998006,154079926,4ccad4621f70e118e66933372115cab6d9cada11acd819288f854aaa7854168a
ENSG00000038002,AGA,ENST00000264595,4,177442436,-,GRCh38,177401477,177483397,453a0377d9eb9b8a0dea84801a578df7bb3fb03b2510b0a673648a3e5b8925f4
ENSG00000038210,PI4K2B,ENST00000264864,4,25234032,+,GRCh38,25193072,25274992,8df8d89127e40d8dae65501af61333c48ee7ebd33fd2e67d01a1a15d4f578e3c
ENSG00000038295,TLL1,ENST00000061240,4,165873236,+,GRCh38,165832276,165914196,4bc26477bcb30e3789e47a7d29610680f767b53f63b9899ded6a08a248394cca
ENSG00000038532,CLEC16A,ENST00000409790,16,10944563,+,GRCh38,10903603,10985523,0533b93bcfc17b803f2e6bb61ef285f77292b50e6ffd1bc7a1ae5a6df31e35d1
ENSG00000038945,MSR1,ENST00000262101,8,16192650,-,GRCh38,16151691,16233611,8fd087f16d8ce8a6f5a6ddb6fc9906f286d5429f30e1df96ad864787769b6746
ENSG00000039123,MTREX,ENST00000230640,5,55307988,+,GRCh38,55267028,55348948,a2769857beb61e4b80ddd30c4783136abb3431447f60cc5f222d12b6bc9f7b3d
ENSG00000039139,DNAH5,ENST00000265104,5,13944687,-,GRCh38,13903728,13985648,dec850a3dc257443a154bfe18c64aea94ac9cd5547a91104ae8c42f8adb55e3a
ENSG00000039537,C6,ENST00000337836,5,41213531,-,GRCh38,41172572,41254492,203345b3705fccab14c83730a97153fac1c62d39f606fa27ae4bbee1fe7c8f79
ENSG00000040731,CDH10,ENST00000264463,5,24644977,-,GRCh38,24604018,24685938,e41726bf4afe96031d3ae8dc935340b656e25592248c7f891627505e0820e99d
ENSG00000040933,INPP4A,ENST00000409851,2,98444857,+,GRCh38,98403897,98485817,4ed69d268c253fafc7621481c54ba5708e14aa51fcd1f3284c4625fd0284a0e2
ENSG00000041353,RAB27B,ENST00000262094,18,54828476,+,GRCh38,54787516,54869436,b6a3f59faf9ffc521a9e3e04ce545c064e03fdc524dd3ddd71f0a44f4d20cf9e
ENSG00000041982,TNC,ENST00000350763,9,115118156,-,GRCh38,115077197,115159117,689c557ea18941fa1038c6e9523f7cb6d289e56b3cbbaee77ad533c3c67ebb3a
ENSG00000042088,TDP1,ENST00000335725,14,89955926,+,GRCh38,89914966,89996886,07288369ca0178de812070cddcc6c5f5377a7363a3a91364c04fe1830b0ee8cd
ENSG00000042429,MED17,ENST00000251871,11,93784281,+,GRCh38,93743321,93825241,fad65abe81eda247b1561d457272a545eb6ec80d41cff44ab450f38e15ae4b37
ENSG00000042980,ADAM28,ENST00000265769,8,24294068,+,GRCh38,24253108,24335028,147ec41685d9c0cd777175f0c2894f35866ad554d4212e3f83effb6318c2b197
ENSG00000043462,LCP2,ENST00000046794,5,170297776,-,GRCh38,170256817,170338737,09351d09911391c1a820d19d76f744f0c772d4fb5743af6e0c2b183c9327e195
ENSG00000044446,PHKA2,ENST00000379942,X,18984113,-,GRCh38,18943154,19025074,66d8e5c5ebf2e708b23757423c90a7754decb914f80d3eeee7bd125c1b992efd
ENSG00000044524,EPHA3,ENST00000336596,3,89107620,+,GRCh38,89066660,89148580,2cac9d05bc82f098b9899200dfae4deed5f7b194dfc7ae8d7aaa618be6669391
ENSG00000046653,GPM6B,ENST00000316715,X,13817092,-,GRCh38,13776133,13858053,6fea813b3759dfcc0815b234befe89a9831143196090d41a165862e70d728fe2
ENSG00000047365,ARAP2,ENST00000303965,4,36244513,-,GRCh38,36203554,36285474,a6beabbc0e8152b6d5ff4406a667ccfee6a675028a686b0cb4f2b9abbd72f23b
ENSG00000047410,TPR,ENST00000367478,1,186375252,-,GRCh38,186334293,186416213,6b8d2286c5841cdfdc36b18e3df5c6d72567d46aa6ed1300d91c6941fc3ff8b9
ENSG00000047578,KATNIP,ENST00000261588,16,27550143,+,GRCh38,27509183,27591103,934a1c456aa6e8a1d77e992c62868ed5c074de8a7ba4b9b03700734279afff9a
ENSG00000047617,ANO2,ENST00000682330,12,5945258,-,GRCh38,5904299,5986219,d169d80e7583915977c394976baddfa139bf65466b47dbfb39d14f5fd7c50ed5
ENSG00000047932,GOPC,ENST00000368498,6,117602510,-,GRCh38,117561551,117643471,13d6c4af677dcae37aff4d3e13235a5097a6a731481ae0b8f6c98e776c6dbb44
ENSG00000048052,HDAC9,ENST00000686413,7,18495748,+,GRCh38,18454788,18536708,45aef78bae94bff1164805c5ab976ab2d1ac4988416f21fbf4ea46827ad4a5ed
ENSG00000048342,CC2D2A,ENST00000424120,4,15469881,+,GRCh38,15428921,15510841,27d2d953b14e709dadf74de81522909cd05937b35dbc4be436212b913101b6c8
ENSG00000048540,LMO3,ENST00000537304,12,16606161,-,GRCh38,16565202,16647122,68c35ac5f92d49aa8ae2d47c4cc3f0d21e526314e2e2c8a48ebc5a6f09908fe5
ENSG00000048649,RSF1,ENST00000308488,11,77820721,-,GRCh38,77779762,77861682,2a14e309cfb4329e1e63dd8dc26d8f789c380e9fbfd12e88837ab03955bbbf4a
ENSG00000048740,CELF2,ENST00000633077,10,11017871,+,GRCh38,10976911,11058831,ace2259446e76354b43a2f4e47c1290a8e3d804ff34b92cef6134190239d75b8
ENSG00000048991,R3HDM1,ENST00000683871,2,135531483,+,GRCh38,135490523,135572443,7c81f23aa0072f695d35de85eb585f9e169d7ce1353b684eedc85e5c0507f293
ENSG00000049130,KITLG,ENST00000644744,12,88580470,-,GRCh38,88539511,88621431,cf6b3b9bd89bb528df1fcf518200618885cf6a7f66abab93dc701ae8aef76af6
ENSG00000049759,NEDD4L,ENST00000400345,18,58044225,+,GRCh38,58003265,58085185,191298bfa69840246778a0fa410d1c2aa6895af08eb6df4551378f2762217ccd
ENSG00000049883,PTCD2,ENST00000380639,5,72320372,+,GRCh38,72279412,72361332,0585aa93bf1403b9b45e287245618b52613786e7020ba393212de29deb480d2a
ENSG00000050628,PTGER3,ENST00000306666,1,71047815,-,GRCh38,71006856,71088776,68123a166f30e5ce6c952b4e257242935a3c5c4827ad66f9d63d8f48ae828c96
ENSG00000051009,FHIP1B,ENST00000449352,11,6234635,-,GRCh38,6193676,6275596,7438fc30b55d4eca45c9ab56decb4a69b16aa0aec0e84163d4e821d97151250c
ENSG00000052795,FNIP2,ENST00000264433,4,158769025,+,GRCh38,158728065,158809985,ba7a0cf7a09a9c8487751894be2d74e2557fecac91b094d1af4bebb9ea4706c5
ENSG00000052841,TTC17,ENST00000039989,11,43358919,+,GRCh38,43317959,43399879,c1281e9f3262effdb4884e04c3b51f458b931f01145d4de4850392cb34612da2
ENSG00000052850,ALX4,ENST00000652299,11,44310138,-,GRCh38,44269179,44351099,28ad056de7f9f703ffee61aaa4046f66aac6c144fe0b02412ccd459f12c06ffb
ENSG00000053108,FSTL4,ENST00000265342,5,133612540,-,GRCh38,133571581,133653501,09f2241acc7df8a13577d63d43d8b1c76fbbd5a8a57d42c7dfb151b4e9d00017
ENSG00000053770,AP5M1,ENST00000261558,14,57268970,+,GRCh38,57228010,57309930,e86091f2c590c56b23e7b9742eccbff76bbf477f3eaf7a2a7efcb63bfbeebf25
ENSG00000054219,LY75,ENST00000263636,2,159904755,-,GRCh38,159863796,159945716,7339ef7a95209a0dbd7568d3b2674f6459d80ad60ca6b7b658ffec993ffc866f
ENSG00000054690,PLEKHH1,ENST00000329153,14,67533289,+,GRCh38,67492329,67574249,b2a7c4ebdc0ea4765d723cb2e30c3c2be99e95650c39b7869ad6581b54a15ea9
ENSG00000054796,SPO11,ENST00000371263,20,57329802,+,GRCh38,57288842,57370762,ef515b2bb041ff6a905f21bc02ada2e258289d923f536e102ec6a00b5710eb4b
ENSG00000054965,FAM168A,ENST00000356467,11,73598111,-,GRCh38,73557152,73639072,61516c71f3caf665e2de7dfaaabe8ed54d14b988f5add12c96e4ce7d53c94de4
ENSG00000054967,RELT,ENST00000064780,11,73376398,+,GRCh38,73335438,73417358,ce79dd596cb88441bbf2173180f62fe385d23fff463de8162a7156e2f9cd09e0
ENSG00000055813,CCDC85A,ENST00000407595,2,56183989,+,GRCh38,56143029,56224949,8d4ab0c44ec490b83485627105c72eb7a69e55806df8584e49aaafc14d1a580d
ENSG00000055917,PUM2,ENST00000361078,2,20350843,-,GRCh38,20309884,20391804,2de670eeb0bdc2b1c1a02737ba11df6a7bf94089403773d74f4b50ce29b4e2fa
ENSG00000055955,ITIH4,ENST00000266041,3,52830671,-,GRCh38,52789712,52871632,7e41d6f166f9828250060f7bc3b7b9ad180e100835d4f363ad0fd16f09a8ce16
ENSG00000056586,RC3H2,ENST00000357244,9,122905358,-,GRCh38,122864399,122946319,408885f257bbe0355efba1fc406ad94f752217aa4c6713fba8aabf8855ab2b80
ENSG00000057252,SOAT1,ENST00000367619,1,179293796,+,GRCh38,179252836,179334756,94190c8176fe874f12d8f5d2bc38039de8d724550e6d7fe93780237a9923fedc
ENSG00000057657,PRDM1,ENST00000369096,6,106086335,+,GRCh38,106045375,106127295,3553288fef4ab23f89f9a5afc77fc6492173fa47df5d408b249d06b7026b6bbe
ENSG00000057704,TMCC3,ENST00000261226,12,94650556,-,GRCh38,94609597,94691517,509be5d6eab8bf05421f8c49ed25c447c7a1ac455635fd8a9b967f0340efade5
ENSG00000058272,PPP1R12A,ENST00000450142,12,79935096,-,GRCh38,79894137,79976057,fe8a46c4584cfd48eba540a38cdf8175606bba922650da1c34220dc82fa5a024
ENSG00000058866,DGKG,ENST00000265022,3,186362233,-,GRCh38,186321274,186403194,7799aac6eb99ee800a81a226691e34d2fc499cf8047cd9631f3108359723f0df
ENSG00000059377,TBXAS1,ENST00000448866,7,139829263,+,GRCh38,139788303,139870223,47ef9d0c96a153ca84b0f98c12a617c2abc686e44e1580e7b8a5eb78ecae0a38
ENSG00000059691,GATB,ENST00000263985,4,151761006,-,GRCh38,151720047,151801967,5710448d88db25e380ce4f9410b66acada1f912693e8684fc9624be2c91406f7
ENSG00000059728,MXD1,ENST00000264444,2,69915108,+,GRCh38,69874148,69956068,56eccbcd361c7648db47c4949e6f73797ab66cc22be30846fcf6e9f9f4cd0f2b
ENSG00000060140,STYK1,ENST00000075503,12,10674051,-,GRCh38,10633092,10715012,3353a6a21db7f68b5c9ab17cf7c07fe6c8808f41b625556d01dfc3e2372cc2c0
ENSG00000061676,NCKAP1,ENST00000361354,2,183038456,-,GRCh38,182997497,183079417,2d4e76dbfff4c4ed8c3be10a069c7cefadac687f1c564758b9c812b0530275e7
ENSG00000062598,ELMO2,ENST00000290246,20,46406614,-,GRCh38,46365655,46447575,e4c91fb4bbb08ee167b7a95951280fe3408ccea352097027da3491542dad8dd1
ENSG00000063015,SEZ6,ENST00000317338,17,29006032,-,GRCh38,28965073,29046993,2b02b41e6aeaac08a2d51367749c56f5977dab383a9cf0d32f60b56c375eecd8
ENSG00000064102,INTS13,ENST00000261191,12,26937980,-,GRCh38,26897021,26978941,caf9fb3db3657eff0ac66729678f0d0768c5c72f3b05a1e65877040f20837b1e
ENSG00000064199,SPA17,ENST00000227135,11,124673903,+,GRCh38,124632943,124714863,b36af801c575c340720cee48b6c738bfccd1f674a57c255ec7ce978206495a1a
ENSG00000064309,CDON,ENST00000531738,11,126062865,-,GRCh38,126021906,126103826,32c6602a9aa955c3c7233dfa0e7f7ebaeafb090df1f50f26d59e86d950ac8c9b
ENSG00000064313,TAF2,ENST00000378164,8,119832840,-,GRCh38,119791881,119873801,9e5d6fa043f52cdcc8116f4827ea5f867aed941b50ef2f7ef5d43c9ceb574ec1
ENSG00000064393,HIPK2,ENST00000406875,7,139777997,-,GRCh38,139737038,139818958,4df4f3a6fa953c94560a53c8658f9d17f9c7bb280671e9b43a6836aed385a8d1
ENSG00000064419,TNPO3,ENST00000265388,7,129055110,-,GRCh38,129014151,129096071,b11b177feca483d03ec762c9f5d91fe259dd9e35b0b9c19fbb96c4108d116a27
ENSG00000064655,EYA2,ENST00000327619,20,46894842,+,GRCh38,46853882,46935802,2299ed653eb8b82e12874e3f448072a2c280008df561b345584f5e0793aeb6ca
ENSG00000064692,SNCAIP,ENST00000261368,5,122312236,+,GRCh38,122271276,122353196,fbbd9396cdf27b2c1013ba3b918e0ec601c42209d5212029d2f6e0291e01e4ba
ENSG00000064703,DDX20,ENST00000369702,1,111755900,+,GRCh38,111714940,111796860,a7292d024323c48d9ae9fb990f11fb57ca951233f3d7a3189752f9a47d4fa6fd
ENSG00000064835,POU1F1,ENST00000350375,3,87276583,-,GRCh38,87235624,87317544,b0155871814120e3db05bddd74ec7e12857c1a5f810136d02b891eb87642accb
ENSG00000064933,PMS1,ENST00000441310,2,189784449,+,GRCh38,189743489,189825409,5b6cedfa82b71d6c0812b13ec3c6028bf4d1c397a6f6d33a0e05c8f30806edca
ENSG00000064989,CALCRL,ENST00000392370,2,187448251,-,GRCh38,187407292,187489212,5946ab5f5e2e63df4738b3d4ed7a1d7ba2b6644cee9636efc73704a5a5619c8e
ENSG00000064999,ANKS1A,ENST00000360359,6,34889254,+,GRCh38,34848294,34930214,7dc3e3c327a3898cef7591773eebe2922da9800b4f16405b513fcffde96f299e
ENSG00000065135,GNAI3,ENST00000369851,1,109548614,+,GRCh38,109507654,109589574,d3a6bbcdc2e337ce079213cdda2a9368a257e7186c874d32d74ec8a51f38bc48
ENSG00000065183,WDR3,ENST00000349139,1,117929738,+,GRCh38,117888778,117970698,cd0364ea6ad2ef367ce94240a9c5ba6b9f20886d180038beaf0d0ff3f8c8fb63
ENSG00000065325,GLP2R,ENST00000262441,17,9825923,+,GRCh38,9784963,9866883,83787d5e4db23bdfa71997c48b99ef54baa27506e9d9cb4e1c9eb643b7132e9d
ENSG00000065413,ANKRD44,ENST00000282272,2,197310779,-,GRCh38,197269820,197351740,1d62abd669f2f06ae7370ab8e91aae61786ae2e4403c62087a329a6be9b8db2f
ENSG00000065485,PDIA5,ENST00000316218,3,123067024,+,GRCh38,123026064,123107984,f5af346b9b9ba953d96ca9846db11be0175f4af94648536cce8d7d2fe774fbfa
ENSG00000065491,TBC1D22B,ENST00000373491,6,37257771,+,GRCh38,37216811,37298731,c7d2d2b750f8e2c29a31c105cd54b3157c240bee542264b2b7e32c8eefd90045
ENSG00000065534,MYLK,ENST00000360304,3,123884331,-,GRCh38,123843372,123925292,7bd04a527adeec70eab5316be17be74f4eab4abea3646d0e50fec3ea0205eb7a
ENSG00000065548,ZC3H15,ENST00000337859,2,186486259,+,GRCh38,186445299,186527219,856c05127e014b67219f1c817e7454c04d0edc7169c7fdf9b33f49c74d103b36
ENSG00000065615,CYB5R4,ENST00000369681,6,83859688,+,GRCh38,83818728,83900648,fa7bd068efc5b882c94bec511310daa8aa9b83a9f9dc8c33e3f7cb2fca3ebe7c
ENSG00000065675,PRKCQ,ENST00000263125,10,6580275,-,GRCh38,6539316,6621236,96847d3d6973b747c449ddede6d776d507836e73c05ca02c3a8d0bd092f86f42
ENSG00000066084,DIP2B,ENST00000301180,12,50504984,+,GRCh38,50464024,50545944,6d782401ef6a10d6d11a25a58a7c131f24f4dfab8a6c45117082e751a56ddaf0
ENSG00000066135,KDM4A,ENST00000372396,1,43650148,+,GRCh38,43609188,43691108,8cce48623004e413fa585ef7f7b08c0fd617d992a708c6fae156a1a2573ca105
ENSG00000066136,NFYC,ENST00000447388,1,40691703,+,GRCh38,40650743,40732663,8771486b83620145abf7a31188c311d0b1f7681db75f7a3e692655aba3512786
ENSG00000066382,MPPED2,ENST00000358117,11,30586352,-,GRCh38,30545393,30627313,a02475645882ee6887383ff3220a1f8916ce0db7806cb341c06b418ed7fcb934
ENSG00000066405,CLDN18,ENST00000183605,3,138010164,+,GRCh38,137969204,138051124,fce3ec448cb5fed7c06e85da80727e9aafb79ffde445fa700e170aa876917f75
ENSG00000066557,LRRC40,ENST00000370952,1,70205578,-,GRCh38,70164619,70246539,09a3da0cfa14900ff3cf65bcab276f42da32fb100d8a800295d0de5e2332d150
ENSG00000066629,EML1,ENST00000262233,14,99793412,+,GRCh38,99752452,99834372,4be10a89e374cc32389f8cca6c6853f2a96d5453df32ad8cca45553931100a62
ENSG00000066651,TRMT11,ENST00000334379,6,125986539,+,GRCh38,125945579,126027499,e3166eb707e947126509c387a49af13f0a0135ef9358326ce3cd2e1cdbf1d0d5
ENSG00000066827,ZFAT,ENST00000377838,8,134713030,-,GRCh38,134672071,134753991,ad2aa563f6573d44874e74a34b47eb9d60152d50ae7668457eb7af5122a1beeb
ENSG00000066926,FECH,ENST00000262093,18,57586701,-,GRCh38,57545742,57627662,d56001e4a51d0fb738c86b083b04604f82ed7012a9d2a786b3e24d311d10f6d0
ENSG00000066933,MYO9A,ENST00000356056,15,72118149,-,GRCh38,72077190,72159110,c01b39b3261d193c91be4afcb0b6cb73b88f5b97ab8b27a09c2242d12378fdbc
ENSG00000067141,NEO1,ENST00000261908,15,73052462,+,GRCh38,73011502,73093422,65d021574e6c5107863e1212f304ba3d896a65cd3e2b0c8133f2931c1df00dc2
ENSG00000067221,STOML1,ENST00000541638,15,73992294,-,GRCh38,73951335,74033255,2cdd064674d55fe82d1536afb5db825299fea5d3a345a9aa80cde14e3bddc06a
ENSG00000067248,DHX29,ENST00000251636,5,55307693,-,GRCh38,55266734,55348654,572dcdf6fd0fde6dd68eb251db9bf2e1e00d10cd6f2bc44ca6af82b8fd9ee10c
ENSG00000067596,DHX8,ENST00000262415,17,43483974,+,GRCh38,43443014,43524934,7613f33963e088d1ae2dee8b77b18a4058c19488d46cf83d9299ad6ba69725c7
ENSG00000067704,IARS2,ENST00000366922,1,220094131,+,GRCh38,220053171,220135091,3c9d7b08585b486f2b864b97bfb57c85e32ec868b8e74daf207d9116df98fd66
ENSG00000067715,SYT1,ENST00000261205,12,78864773,+,GRCh38,78823813,78905733,6ea866375b539f57c1c3bf8bc8e3d39a97e6997d828cf115d5eef2c68ef37756
ENSG00000067798,NAV3,ENST00000397909,12,77830893,+,GRCh38,77789933,77871853,4aec67602b30cafe550095069e3e307312444b2492d02d7bf559fb601ddb8b6b
ENSG00000068024,HDAC4,ENST00000543185,2,239401019,-,GRCh38,239360060,239441980,206472398a75e8f349c3125965e7c8bb0465525e95b26cdc9af888dcfc9f9ee0
ENSG00000068305,MEF2A,ENST00000557942,15,99565983,+,GRCh38,99525023,99606943,e9e7807d1ca3cd9f1c7678a00cf13b2fda1f22c238113073ca765fd59ae83773
ENSG00000068654,POLR1A,ENST00000263857,2,86105885,-,GRCh38,86064926,86146846,25f42e70ce41c5a6a7d7519030ffbaf1ca90b0ed82d55ca0feda6618e2717c37
ENSG00000068912,ERLEC1,ENST00000185150,2,53787043,+,GRCh38,53746083,53828003,2d7e89d81a137bd4a8c50582d6c3f79a4e4f4f89b185d9a95e0b3f0a37478178
ENSG00000069018,TRPC7,ENST00000513104,5,136365544,-,GRCh38,136324585,136406505,4cb45c7c6b6a11ce9e8ecc9c47c347c75d4c326659454b6d6283031854e062d9
ENSG00000069122,ADGRF5,ENST00000283296,6,46921937,-,GRCh38,46880978,46962898,38da3a1409d562b6f2afbd3c3564de4b8073d5999e64bdf9aac517cd23d83e1e
ENSG00000069424,KCNAB2,ENST00000378083,1,6045887,+,GRCh38,6004927,6086847,db9b79bf8c9461040cfa4dd3573d140a16390ceb96acc50dc1a7efdd43bb16b6
ENSG00000069431,ABCC9,ENST00000261200,12,21941425,-,GRCh38,21900466,21982386,eef7a86cbc68bb686cebe28e990d832ee1de78d11f0766fc553b13382f86a86e
ENSG00000069535,MAOB,ENST00000378069,X,43882449,-,GRCh38,43841490,43923410,1a74e0150affe583714c211dc9bf55501f17377c5debfb1f678e46771215a46a
ENSG00000069667,RORA,ENST00000335670,15,61229301,-,GRCh38,61188342,61270262,eb773feddc5380271ffb9a7a7df724281df61bee4c6e71c9c4fdc81e774afaf8
ENSG00000069943,PIGB,ENST00000164305,15,55319221,+,GRCh38,55278261,55360181,2eba98aaddb6c6fb50686efb41564ecf8ac75d12edf04a3e8778765b69b2bd7f
ENSG00000070061,ELP1,ENST00000374647,9,108934123,-,GRCh38,108893164,108975084,f2dda2a6bc7e5adf194801671969134e539935e21d2a8e6d0f39755f46e5b124
ENSG00000070182,SPTB,ENST00000644917,14,64879906,-,GRCh38,64838947,64920867,7cd154acc1641eb119a5add3810a05542ace9786db71732288075b00eae58406
ENSG00000070190,DAPP1,ENST00000512369,4,99816826,+,GRCh38,99775866,99857786,f4eacfed14a3e3740a5b48de001df7cd32642cfd5964d95f7df2e533da672076
ENSG00000070193,FGF10,ENST00000264664,5,44389419,-,GRCh38,44348460,44430380,bc97feb33c7865ed5ba8aace33455316fd2ac9f58dc540aef0c39483a628603a
ENSG00000070214,SLC44A1,ENST00000374720,9,105244650,+,GRCh38,105203690,105285610,acde0213cf8affda5853f681b818f20939421a895eeecf3e1714737ed9d4211a
ENSG00000070269,TMEM260,ENST00000261556,14,56579797,+,GRCh38,56538837,56620757,1bae1cdef8b19a756c50b8b6908d8db3f47be4bebf4d642a29580915690221e1
ENSG00000070367,EXOC5,ENST00000621441,14,57268904,-,GRCh38,57227945,57309865,0425eb8a41ff3e92253cb877f1f4205b06aeeef5f8c51f33d405d0d9fbabe259
ENSG00000070501,POLB,ENST00000265421,8,42338493,+,GRCh38,42297533,42379453,0c36f9c5e5d015ff7a63b8a26643cea4df74c2d9f2ec024a7dc15b005d8db541
ENSG00000070540,WIPI1,ENST00000262139,17,68457495,-,GRCh38,68416536,68498456,902978d2f5392fb628ecccda5a18ac08e3559921a31a095580f4d23014a64609
ENSG00000070718,AP3M2,ENST00000396926,8,42153062,+,GRCh38,42112102,42194022,b994812b813d4749489552bdbc12d53223c20a5e10ca6872723a60cb2b399958
ENSG00000070761,CFAP20,ENST00000262498,16,58129380,-,GRCh38,58088421,58170341,f3f632ce1b3da6b5d8c5949bd877413704441231e63ee0fb5b26eef619756273
ENSG00000070808,CAMK2A,ENST00000671881,5,150289772,-,GRCh38,150248813,150330733,cda303cf1a07221c749990c2c2767161c531a36bf79e48cdc6cfd8a4242badef
ENSG00000070882,OSBPL3,ENST00000313367,7,24980177,-,GRCh38,24939218,25021138,b29c43188dac3adf5c443110c09debd8bdbd5166cf4168f8955e5abbb890f0be
ENSG00000070915,SLC12A3,ENST00000563236,16,56865206,+,GRCh38,56824246,56906166,6989621e3cbdf499a33d71b7bc9871c74d9613d5a48f8e854fdb4f3a4920082e
ENSG00000070950,RAD18,ENST00000264926,3,8963471,-,GRCh38,8922512,9004432,3639c4f373b04ea58297880700fae75d75121abeffae7917f5777146c7aee7b1
ENSG00000070961,ATP2B1,ENST00000428670,12,89708837,-,GRCh38,89667878,89749798,630645a1004d89a53516f1bc478594a65a003f042b1a73257861a5e8bc69e44a
ENSG00000071051,NCK2,ENST00000233154,2,105744911,+,GRCh38,105703951,105785871,ff47a4d35468e4fe08e47f024edcd35a063dee8548d84840cf3b82b80f4fc262
ENSG00000071189,SNX13,ENST00000428135,7,17940493,-,GRCh38,17899534,17981454,441452478eb4d123d6335ff1fd345544d62d7c6b0fcb40c847ea2d4587058e92
ENSG00000071243,ING3,ENST00000315870,7,120950776,+,GRCh38,120909816,120991736,94b76137a4a91166697360c37f36f9c942a6c571baa543ae5780b6eb43a3f766
ENSG00000071282,LMCD1,ENST00000157600,3,8501822,+,GRCh38,8460862,8542782,49f9e818c4dfc3b5fe95468540251a798e05d45553bbba8cbfe23b846e3a3f0e
ENSG00000071794,HLTF,ENST00000310053,3,149086532,-,GRCh38,149045573,149127493,610b9fcd99cb72d221f511d94498f39547062b763ea4be7e7a033f012b1c79e8
ENSG00000071909,MYO3B,ENST00000408978,2,170178146,+,GRCh38,170137186,170219106,056c8d50ac40e802799599bef297cb0a41ef6002a70e97ea2cdfada6765cecd6
ENSG00000071967,CYBRD1,ENST00000321348,2,171522473,+,GRCh38,171481513,171563433,f22e91a6772a2313f93da5dce0589ccda7fc3afc200e1f1fb15ae34c659ea50f
ENSG00000072134,EPN2,ENST00000314728,17,19237365,+,GRCh38,19196405,19278325,c1a09734ac5500c55da8390bbd7e8f2a88ddb93b70e8025bde925dcec19bde5b
ENSG00000072201,LNX1,ENST00000263925,4,53591485,-,GRCh38,53550526,53632446,d679f2288c0f2e2d43301217015a71b324cd40772e04925fdce2c0f116019cde
ENSG00000072310,SREBF1,ENST00000261646,17,17836985,-,GRCh38,17796026,17877946,ef3a77c9737cc10bebf5d3f05a6c0fdfd618436cd29458093c8304764241d375
ENSG00000072422,RHOBTB1,ENST00000337910,10,60944184,-,GRCh38,60903225,60985145,f8d4a7953a21b17e531c763c39ee3c1275a9c93e9c5d4eaa73cdd8680eb50b6f
ENSG00000072571,HMMR,ENST00000393915,5,163460631,+,GRCh38,163419671,163501591,4925c314996ee9352b43a6c4ced5f1f89935a52c168ed9c866a67a15bf199be1
ENSG00000072657,TRHDE,ENST00000261180,12,72272369,+,GRCh38,72231409,72313329,ec9e2058d5151158710faf2ef129adc094f8bbcca373b8a3369cc1f0a4c58c76
ENSG00000072756,TRNT1,ENST00000251607,3,3126939,+,GRCh38,3085979,3167899,07182f7f50e64a939d5dda1ed7f7b94897611ebdb60b3bede0513ef23b5e6e19
ENSG00000072840,EVC,ENST00000264956,4,5711200,+,GRCh38,5670240,5752160,7a02dadebcb20fe9a3f26e65d4f1bc64d0d6a16955c8d3b8af6811fcdba1338d
ENSG00000072858,SIDT1,ENST00000264852,3,113532554,+,GRCh38,113491594,113573514,37980ab075e9b7b26f83e72db70ebb3a75791a20afafbe47a3b615ae11db0231
ENSG00000072952,IRAG1,ENST00000423302,11,10693754,-,GRCh38,10652795,10734715,18a6735c84a4284135e2928a25360835190ea07700a4bd4d3f504be755ca2898
ENSG00000073111,MCM2,ENST00000265056,3,127598410,+,GRCh38,127557450,127639370,e7585bfa39e2947bf5e1d1f181409bb4d8e95c43679ce8f71a35b37bb2f8c750
ENSG00000073282,TP63,ENST00000264731,3,189631388,+,GRCh38,189590428,189672348,a5e9378c6d47d61ee797e9ca53e9ad8f7bef409f7c5e2d02c92585d7b85b40eb
ENSG00000073331,ALPK1,ENST00000650871,4,112297368,+,GRCh38,112256408,112338328,fb44e49df7e3d75de692572982643da29c3425691cd2cdc227b3749318ba4874
ENSG00000073734,ABCB11,ENST00000650372,2,169031323,-,GRCh38,168990364,169072284,c666e65d7a7e955e1212bd09c5785be7e416fd146bade585cb19f4b3f5879412
ENSG00000073737,DHRS9,ENST00000674881,2,169069562,+,GRCh38,169028602,169110522,aa8fdb213282d05fb7241bbec2edb14dfb8dc848e9ce4fec2bd9cd1f44f1c1c7
ENSG00000073803,MAP3K13,ENST00000265026,3,185363135,+,GRCh38,185322175,185404095,144fd02bf88a1438cd98b5587de95044d8671ad0108a385831530ffeed87607a
ENSG00000073849,ST6GAL1,ENST00000169298,3,186930525,+,GRCh38,186889565,186971485,8e1ee840f0fbfca36e8c289f9ab5ce11c3a44f40bce7892521da854e44ba63fb
ENSG00000073910,FRY,ENST00000542859,13,32031773,+,GRCh38,31990813,32072733,f2e687c4b72bbaa534e0effa26176c501f379aea343af3040cbd74ee8e4bba28
ENSG00000073921,PICALM,ENST00000393346,11,86069083,-,GRCh38,86028124,86110044,20f1f1ffb0b86ed3034315770aaa615adc8c291e0ea427f9978142df1bb4d0ed
ENSG00000074054,CLASP1,ENST00000696935,2,121649461,-,GRCh38,121608502,121690422,0ad7ea83b94fce37b32d3a4ff242da38caec3f66e6cbfad2ded82463109ce7ff
ENSG00000074410,CA12,ENST00000178638,15,63381845,-,GRCh38,63340886,63422806,63f4e2f548c9569b0ee58c831f81ed81cd1421c66d22249e396021684ca31656
ENSG00000074582,BCS1L,ENST00000359273,2,218659682,+,GRCh38,218618722,218700642,0ddd015a3989b6d089433e1b41e32117c44a286d4efc612cf49062c8cdacd884
ENSG00000074695,LMAN1,ENST00000251047,18,59359264,-,GRCh38,59318305,59400225,df4cfe97e9d13afcf9ad7562ab58e8085688a5053d1fb2a44896a219a83bceb1
ENSG00000074706,IPCEF1,ENST00000367220,6,154356802,-,GRCh38,154315843,154397763,666f48dee0f95f6df0517add5222b0ed8fc46b91ee7b89f829cbca3d8fd66fe1
ENSG00000074771,NOX3,ENST00000159060,6,155455838,-,GRCh38,155414879,155496799,bc38994924a4590f2a15f9fd466b674ce4b3abbde70eb42c04aba92b5434212b
ENSG00000074803,SLC12A1,ENST00000380993,15,48206301,+,GRCh38,48165341,48247261,e42682a73e3b1cdffc9fbc8dcd0396facac028e43d9bd1de3fce083db2ce2242
ENSG00000074935,TUBE1,ENST00000368662,6,112087481,-,GRCh38,112046522,112128442,3fc804d21ba19c2865d9601317df1b6e1dc5760f8b964031d3421f90e5ef63a9
ENSG00000075073,TACR2,ENST00000373306,10,69416917,-,GRCh38,69375958,69457878,e2cc5aeddaa99306fd271228cf285eb9bb60dd4893a4fb8f76e67edef5b04a13
ENSG00000075089,ACTR6,ENST00000188312,12,100200814,+,GRCh38,100159854,100241774,2c24c3efef7bb16fbf304596a131779eb5a5ddb3b2932e3885c885616effb969
ENSG00000075188,NUP37,ENST00000552283,12,102120113,-,GRCh38,102079154,102161074,f857a9dcf00f8958431a9d2b69e1c671d4e6097232981087f71c83c8252d25fb
ENSG00000075213,SEMA3A,ENST00000265362,7,84194788,-,GRCh38,84153829,84235749,0eb9bd76f9619e3dc0468efff5a71aa247d1a7f80a7465cb49cba0db349b4591
ENSG00000075223,SEMA3C,ENST00000265361,7,80919050,-,GRCh38,80878091,80960011,f96e06d3a8513ca5f6c5c2c77b711d7c05a08b2aa0f7635323177501acd612fb
ENSG00000075336,TIMM21,ENST00000169551,18,74148522,+,GRCh38,74107562,74189482,ef675f4a03f4a3853b66e6c7e2e32367436bc09c5558593da15ee32d78655a75
ENSG00000075391,RASAL2,ENST00000367649,1,178094103,+,GRCh38,178053143,178135063,6ca38fef7f8df3c67ec4cf5d21019b21b4fd24b6cd6df5abdcd0e6e9735e85f4
ENSG00000075420,FNDC3B,ENST00000415807,3,172039577,+,GRCh38,171998617,172080537,e1a7dd72500fbfeafa4ec95bb3713593a537df105d45ece7aa11048bce8a1f95
ENSG00000075539,FRYL,ENST00000358350,4,48780278,-,GRCh38,48739319,48821239,ea29ff319434079ae73a8040b8365a4af6d4f2d9e0933e7b22844ba60718a589
ENSG00000075643,MOCOS,ENST00000261326,18,36187496,+,GRCh38,36146536,36228456,af0824061bbc7cff6d9bcdce014411b15d37d280bb65219639320e654283e326
ENSG00000075651,PLD1,ENST00000351298,3,171810482,-,GRCh38,171769523,171851443,14159cbaecf50f8800a748e6c51e989fbaf77bed0be1fa2014c7e784c399ee2c
ENSG00000075856,SART3,ENST00000546815,12,108561172,-,GRCh38,108520213,108602133,1cf8f809364e7ffaf753af6245a3ebe6d77770b5c1c71734884639dd184fbe2b
ENSG00000075884,ARHGAP15,ENST00000295095,2,143129418,+,GRCh38,143088458,143170378,8a6c78a44093c20b8ff47f0594861fbc033b0909743a8139320e52e9a01feff4
ENSG00000075891,PAX2,ENST00000355243,10,100745581,+,GRCh38,100704621,100786541,6b629f81f837b7a533f5d6982729df8f64bf2d75d5e87b05213b9db75d9e8642
ENSG00000076003,MCM6,ENST00000264156,2,135876442,-,GRCh38,135835483,135917403,a535d00868944ceaf49c1039332c7b94fab93b1a9fc680c56f1283b8fa767d55
ENSG00000076043,REXO2,ENST00000265881,11,114439466,+,GRCh38,114398506,114480426,200e99803d3127e052292ac847894179a2a77ac940b55edbc2cde560b9ee709e
ENSG00000076321,KLHL20,ENST00000209884,1,173714980,+,GRCh38,173674020,173755940,c1fdf713e50dbc0874885778240098e8fcd3c2c10043592b22bcf8d4eff8043f
ENSG00000076641,PAG1,ENST00000220597,8,81112067,-,GRCh38,81071108,81153028,7d14e2ec0708c3f1822375c0cee77c18e5dfb211b4de5bd5cc36561b9a7dec53
ENSG00000077063,CTTNBP2,ENST00000160373,7,117873440,-,GRCh38,117832481,117914401,fb2588c814851f7387666c3832b6a0e23c9551b5221e9eaa64a4d47863aab345
ENSG00000077092,RARB,ENST00000330688,3,25428262,+,GRCh38,25387302,25469222,abd55de2b42bf415aed333186d53dd77768fee7bb09052b8da84f20d43e25d89
ENSG00000077097,TOP2B,ENST00000264331,3,25664906,-,GRCh38,25623947,25705867,cfb3cd296ef61be43e8ad1e874278d56b1768653d6017fb08da5c2e239f9898e
ENSG00000077147,TM9SF3,ENST00000371142,10,96587011,-,GRCh38,96546052,96627972,1afe8c6903f7dc2667c79d2a1da9ded592cece170921fb3eec8ef6c5707a6c9d
ENSG00000077264,PAK3,ENST00000372007,X,111096190,+,GRCh38,111055230,111137150,a36a20c1b06f6bef647c5d2ff5b82779aad0fcdd5ee140e02ec6bb423c0c1c6b
ENSG00000077380,DYNC1I2,ENST00000397119,2,171687468,+,GRCh38,171646508,171728428,cdeba0514d52f4da747321fcd273347543bfeeb1825d4f11651e9906947538bc
ENSG00000077498,TYR,ENST00000263321,11,89177874,+,GRCh38,89136914,89218834,b4d2ad2a491f5dc34191bdfb4c4bc548f5f38ce93797e1424a76e9992ebefb27
ENSG00000077522,ACTN2,ENST00000366578,1,236686498,+,GRCh38,236645538,236727458,753cab95075b82b3d601d525d1ab84e4ecdb33f7e3c03b1a599819d0306b18a5
ENSG00000077942,FBLN1,ENST00000327858,22,45502882,+,GRCh38,45461922,45543842,cf61290cc627579331ccc6e5ee8181c25f47c41342081b24556bbfdef9723cee
ENSG00000078018,MAP2,ENST00000682079,2,209424046,+,GRCh38,209383086,209465006,50166a345a1c24fa7173aa256044dddc2e7620b1ab84f7a95e86fd2a51b83e8d
ENSG00000078098,FAP,ENST00000188790,2,162243444,-,GRCh38,162202485,162284405,6e7713a072ca79c47590220dab77cfde4cc8abd9330dd2961b4d5d1f01f59085
ENSG00000078114,NEBL,ENST00000377122,10,20897310,-,GRCh38,20856351,20938271,d86a9aec9f17d7594e652ee45cf354aa47a748060280804b59cba71c4dc33bda
ENSG00000078246,TULP3,ENST00000448120,12,2890890,+,GRCh38,2849930,2931850,290456e79b00c86b2bbe90a684dfa29e27a3c08ced6b26a41d881e74b239360b
ENSG00000078328,RBFOX1,ENST00000550418,16,6019023,+,GRCh38,5978063,6059983,e9e9c8c504f95cb3d0792d1cb577ffb501ad46bf129ebc8bd801246c397cc3ce
ENSG00000078401,EDN1,ENST00000379375,6,12290360,+,GRCh38,12249400,12331320,1b3bc760c328fa1e99db3c4e9f975f9cf2eb7e9587fc2cedda658a80d68a12b1
ENSG00000078549,ADCYAP1R1,ENST00000304166,7,31052307,+,GRCh38,31011347,31093267,66e01019fa422b51a437a33ab6860ca8cdca74b92fd84033251eee2808e2181a
ENSG00000078618,NRDC,ENST00000352171,1,51878726,-,GRCh38,51837767,51919687,6a4a68d2cc47c07b0644f7ed3ad7962188ea9fff379ba889bb81b18d4067bf7e
ENSG00000078687,TNRC6C,ENST00000696270,17,77958702,+,GRCh38,77917742,77999662,0284f7f0d881db9e580d6d2388de24176501ee7a75a23ed2e9643e667546707e
ENSG00000078725,BRINP1,ENST00000265922,9,119369434,-,GRCh38,119328475,119410395,106b567f312c42fd376415b1ca677b955582545ede77ef2d51fe141cc9e50b10
ENSG00000079101,CLUL1,ENST00000692774,18,596987,+,GRCh38,556027,637947,6a415110612fa1cd67f5125939c3f38a29faf4a01ef6b2eeb938c5aa5d2c7ef5
ENSG00000079102,RUNX1T1,ENST00000523629,8,92103384,-,GRCh38,92062425,92144345,989b80995d6e1ce59d37b599422585275417debdd8b1808b47ed77c230957656
ENSG00000079112,CDH17,ENST00000027335,8,94208554,-,GRCh38,94167595,94249515,5a93071f83c603a7c256f678d7512862bd1ac321a4b1d3a48b6823ea7ba2062e
ENSG00000079134,THOC1,ENST00000261600,18,268046,-,GRCh38,227087,309007,b004dd4e8e72921748a0e863c1d4b173e5367349728d9df51e51e656e82b69e6
ENSG00000079156,OSBPL6,ENST00000190611,2,178194511,+,GRCh38,178153551,178235471,03133fc7a7d12854608b4e19d67ed7241591caea86aa89a9937528fe44c22b23
ENSG00000079215,SLC1A3,ENST00000265113,5,36606605,+,GRCh38,36565645,36647565,3f0e2933c2654f2435f658da8394d87f9d2c51f07324ff1a88f1865ea0d8a877
ENSG00000079246,XRCC5,ENST00000392132,2,216109347,+,GRCh38,216068387,216150307,8d12341a98b4b43b499c62d5f622cb1eb5042086abac0114157320d7b256a910
ENSG00000079689,SCGN,ENST00000377961,6,25652214,+,GRCh38,25611254,25693174,f0ad77d1e424572871c6fc87d90115fb1727bb40b67eee47525c1dbaa885ba29
ENSG00000079819,EPB41L2,ENST00000337057,6,131063244,-,GRCh38,131022285,131104205,dc7804a8892bf9c485dbc39ba093fe323e2e9b112c49223844db3838e0e7c241
ENSG00000079931,MOXD1,ENST00000367963,6,132401474,-,GRCh38,132360515,132442435,a12ae04ba17a7096779e7009f4a965cc637604f63c14e830a69683c8470c8a9c
ENSG00000080166,DCT,ENST00000377028,13,94479681,-,GRCh38,94438722,94520642,5ffc0ed58b42182c6cd530977fa7e2cb3033f806b4f4e88ed28621dbd6e60eda
ENSG00000080189,SLC35H1,ENST00000372230,20,46364424,-,GRCh38,46323465,46405385,af8fd6ba047c70cd9ce81190395d4e5c0e77c2b6453f4c862cfd29d9a433dcf7
ENSG00000080298,RFX3,ENST00000617270,9,3526000,-,GRCh38,3485041,3566961,bdebcb69a59723911eb77b581f979847a2cbe41db553be1b6d72c5bf69b1e15c
ENSG00000080493,SLC4A4,ENST00000264485,4,71187258,+,GRCh38,71146298,71228218,984b97f195d827f25aa7c672ea6e723fb9dae400f477326575d851a8e2f11634
ENSG00000080608,PUM3,ENST00000397885,9,2844094,-,GRCh38,2803135,2885055,a0d5e7a68d9f450b35d34a19ca131914213f742fcd29fa29537c93176c656f1f
ENSG00000080802,CNOT4,ENST00000541284,7,135510101,-,GRCh38,135469142,135551062,646b2f42037d220cc5e3368cb7739daf651f9849b7fc4cc11a15f58e45fc3ed3
ENSG00000080854,IGSF9B,ENST00000533871,11,133956967,-,GRCh38,133916008,133997928,250b24943f027dc6f0d517993b0c849d62305be1037d117720f79b07a1bf53eb
ENSG00000081019,RSBN1,ENST00000261441,1,113812475,-,GRCh38,113771516,113853436,5c5bde07cc23eaa4792b5d4c1c8c6ff3268bfeb5fdc8c9da457d94e0eb73842d
ENSG00000081051,AFP,ENST00000395792,4,73436220,+,GRCh38,73395260,73477180,b7bf28ab815cf7b48c84232fb3c168e5854d2413d769fed8266ad2e11502c990
ENSG00000081138,CDH7,ENST00000397968,18,65751011,+,GRCh38,65710051,65791971,00729d9f2300a2e44dbd2676aae74d97482ec35f37c07cdf4556a8ac183314eb
ENSG00000081181,ARG2,ENST00000261783,14,67619919,+,GRCh38,67578959,67660879,3e0beaf8f4c6e72de51d964572dec79caa459a955324be7a330916a4c3f87ba8
ENSG00000081189,MEF2C,ENST00000504921,5,88883183,-,GRCh38,88842224,88924144,0431410ddf1189b82b55b1b1c7ff30d496bda6f95cd48bfae3043ce175893465
ENSG00000081237,PTPRC,ENST00000442510,1,198639039,+,GRCh38,198598079,198679999,2fcf5f39522c45fad836d5f9b45f933b4779313aa16e06795cded590a43aeed2
ENSG00000081277,PKP1,ENST00000367324,1,201283505,+,GRCh38,201242545,201324465,4e02f946391dae258e6d1c0de973a8e91943cfb5bdc92a528a7feb235fb09f84
ENSG00000081320,STK17B,ENST00000263955,2,196171577,-,GRCh38,196130618,196212538,9856fa45152ddf16eef63a9a2f0ec6105875f7097efcc28a2660b76d45b9f477
ENSG00000081791,DELE1,ENST00000432126,5,141923870,+,GRCh38,141882910,141964830,5ff84459d102fc86c2abe2b376b0e3a43c6ecf7713f850b2e6265816b0b1846f
ENSG00000081800,SLC13A1,ENST00000194130,7,123199968,-,GRCh38,123159009,123240929,5f45bb5a09cca6b699a69b73ad41401c8820fee9f4acfdbef23ed221c89b66da
ENSG00000081923,ATP8B1,ENST00000648908,18,57803314,-,GRCh38,57762355,57844275,e7db7978d0c30d28d31ffbe21256459254bf61a74468f3c378a945fd59af1154
ENSG00000082126,MPP4,ENST00000409474,2,201698643,-,GRCh38,201657684,201739604,6ec845e14aa9ba8b08c3d8587fd1e19bf2c95f94845acc1c1dd11f32f47cee89
ENSG00000082146,STRADB,ENST00000194530,2,201451739,+,GRCh38,201410779,201492699,f612869583effd7b3fef7ece8dde97f5602cbf989e312b614cf7f9b699187d0a
ENSG00000082196,C1QTNF3,ENST00000382065,5,34043212,-,GRCh38,34002253,34084173,cf795f7d0ea5ae2fd12ca4b474935233d1f29665bc7e8547713127deef0d5c40
ENSG00000082213,C5orf22,ENST00000325366,5,31532300,+,GRCh38,31491340,31573260,6e9b9a07698c2f4fcf5f0180e4b9b6ffd26efa3929f4cec844ca795704639429
ENSG00000082258,CCNT2,ENST00000264157,2,134918821,+,GRCh38,134877861,134959781,59120fe7eaf0d37bfc23c3344e02915509ced9e18771df8e7de1d1e6c8e77038
ENSG00000082269,FAM135A,ENST00000418814,6,70413507,+,GRCh38,70372547,70454467,10c26858daec88b7804a055d1f0d9bedf5c296a0a571c7b85b3d2b3e3da417d4
ENSG00000082438,COBLL1,ENST00000652658,2,164841822,-,GRCh38,164800863,164882783,d7e1a43b59b8eaa8b6b47d6f95cf1d8ab130b783a2b16a6d4ac69e57c1b8f356
ENSG00000082512,TRAF5,ENST00000261464,1,211326832,+,GRCh38,211285872,211367792,ab9b559ea41a7b0e3d97f562a36bc006b3d6e7a93371fc4ef2abc19501c79654
ENSG00000082516,GEMIN5,ENST00000285873,5,154938210,-,GRCh38,154897251,154979171,6daebdf4edf3f495ed43361f2f7a5ff8cf988680d28a7f27fb546ca0dea3756e
ENSG00000082684,SEMA5B,ENST00000357599,3,123027762,-,GRCh38,122986803,123068723,c53a2c9c684f45a092cf291701ba59e3c2888697128fd1f6a7f3456a6cd842d7
ENSG00000082701,GSK3B,ENST00000264235,3,120094446,-,GRCh38,120053487,120135407,5b58c3b6c8d4366daa4718604bf92410958d8fc87936906c087fcaa30a3e6fd8
ENSG00000082898,XPO1,ENST00000401558,2,61538355,-,GRCh38,61497396,61579316,4cb11a69d663aa0f711244f1f24c7b7ee996cdc006c4ee94374380587df78a72
ENSG00000083067,TRPM3,ENST00000677713,9,71121620,-,GRCh38,71080661,71162581,66e6f9350c29506a558ede4bbda093f495f470ef43c9dde270740ddb90031356
ENSG00000083097,DOP1A,ENST00000349129,6,83067670,+,GRCh38,83026710,83108630,f5eeb5537c08efb6e3f8c059de8c4d321f6f2c26a3a337ed5ce7b6c1051b330a
ENSG00000083520,DIS3,ENST00000377767,13,72781899,-,GRCh38,72740940,72822860,c47a6abfb870625088b7d0d75677cdf09f58b1155909cfa3a2867840e8ff9e3f
ENSG00000083535,PIBF1,ENST00000326291,13,72782132,+,GRCh38,72741172,72823092,b66d8cea926c7c58b0ca96cb67b0bba9d35985ae8f1306c91cf557040bcada1b
ENSG00000083782,EPYC,ENST00000261172,12,91004971,-,GRCh38,90964012,91045932,01bf75a684948f79a2d47851af17b17f6c1c7e9f66c6fc6ce97206886fe9cd57
ENSG00000083937,CHMP2B,ENST00000263780,3,87227308,+,GRCh38,87186348,87268268,30538ab2ec0d00311a38fa22594a2fc9d0cafab02c6bd333dcfe864066f03a6e
ENSG00000084110,HAL,ENST00000261208,12,95996343,-,GRCh38,95955384,96037304,54f9491f644eb776acfbe49dbc885f94b15a967e2ce0c7dfea42dccd694c9612
ENSG00000084652,TXLNA,ENST00000373610,1,32179674,+,GRCh38,32138714,32220634,2fbbab6359c5774752f7b84df1cff630ce0fdad04178c65e2de5e1149b493ce8
ENSG00000084676,NCOA1,ENST00000348332,2,24491253,+,GRCh38,24450293,24532213,6e63f0aefb13e26d8e86ab5e915805cdfd0a65b9184af5ff08267ed085fa947b
ENSG00000084754,HADHA,ENST00000380649,2,26244631,-,GRCh38,26203672,26285592,164a65f39e443cf4d1736c7596da4e1fbe7b8899b500450a0fb3c1ec115ca7cb
ENSG00000084764,MAPRE3,ENST00000233121,2,26970636,+,GRCh38,26929676,27011596,f54ff02cc12c01761c9b178705637eb316a3620915387ceea9ee1a3d9a2e2e7a
ENSG00000085274,MYNN,ENST00000349841,3,169773395,+,GRCh38,169732435,169814355,4b020955d4d4db71258f4d4af847f08155d19f3f204a1abd04f6836b901f1179
ENSG00000085433,WDR47,ENST00000369962,1,109042101,-,GRCh38,109001142,109083062,b17ba7dd60b300b4d0a1ea2d9391541d1e15554021138c8262aa7b32df63d092
ENSG00000085449,WDFY1,ENST00000233055,2,223945334,-,GRCh38,223904375,223986295,7439fe4724d900274852b76768cf5e516131ef7ce058cc4a22a77ef95c5696a0
ENSG00000085511,MAP3K4,ENST00000392142,6,160991768,+,GRCh38,160950808,161032728,3abb2760136e7104b157e9f41c82ebf509e74c259440a6a6d1b49557bc6e83e9
ENSG00000085719,CPNE3,ENST00000517490,8,86514434,+,GRCh38,86473474,86555394,7f5cde5112a5183befcccafeed98a320dcd28a3b7971147a664cd55002a1ec08
ENSG00000085741,WNT11,ENST00000322563,11,76206501,-,GRCh38,76165542,76247462,65c544e9d0825a0c874fa484b502e71afc41137ec285247481fea4d3b195a5bc
ENSG00000085840,ORC1,ENST00000371568,1,52404422,-,GRCh38,52363463,52445383,0de66c84c80c48c1c6e302c0644a6c1a4a69d1606d922c376da85eaefff2289e
ENSG00000085978,ATG16L1,ENST00000392017,2,233251672,+,GRCh38,233210712,233292632,b17e3d480c5a8cdad411e89d51c659601f14ba54f667891e5331197d1805d42d
ENSG00000086062,B4GALT1,ENST00000379731,9,33167335,-,GRCh38,33126376,33208296,93ea44c1f206013134744579960472f9d4d0aeb89a4cbca8328d88c5df10f1f5
ENSG00000086189,DIMT1,ENST00000199320,5,62403904,-,GRCh38,62362945,62444865,cd26ddd48c23435b77fee354785217229a87c01899e976a02d54f7fd6ee4b9fe
ENSG00000086570,FAT2,ENST00000261800,5,151591330,-,GRCh38,151550371,151632291,81da7d624df80e288d35c103f5b7d3e5d0bb7bc03cd942a404ce8dbfe6378027
ENSG00000086589,RBM22,ENST00000199814,5,150701061,-,GRCh38,150660102,150742022,af3f97a8cbb9a7e09bf14016f090ba2d6563e05c8547b9c97739b2d6fcd99961
ENSG00000087111,PIGS,ENST00000308360,17,28571523,-,GRCh38,28530564,28612484,bd0025b6bd179ec1bc24286f0838e95823586e508b5863409a47996f8916e40b
ENSG00000087253,LPCAT2,ENST00000262134,16,55509071,+,GRCh38,55468111,55550031,2b107653049fc4dfab59e3bfe6d669e5a41678afbca1b2e10c6e2912d1f22b68
ENSG00000087301,TXNDC16,ENST00000281741,14,52552504,-,GRCh38,52511545,52593465,aae881bdbd9b7ae3b4b5a6968481a03a7965815307b54c4ebcdffabc4a947529
ENSG00000087502,ERGIC2,ENST00000360150,12,29381171,-,GRCh38,29340212,29422132,f8f9e55ba9179123491d23058189431a320fa1f442026d0fcc13a607e7ac139f
ENSG00000088035,ALG6,ENST00000263440,1,63367626,+,GRCh38,63326666,63408586,027256e74590f7726e2af1c6493e4f56bd369d46aa761c9bb3c7698ecc3250d6
ENSG00000088179,PTPN4,ENST00000263708,2,119759921,+,GRCh38,119718961,119800881,bfd82cbf2500074ca8704aab99bcf30843716c23e8d72608605822a68d3e7818
ENSG00000088325,TPX2,ENST00000300403,20,31739289,+,GRCh38,31698329,31780249,9313c945eaca368778fb6441cee5cb3c93084f08f1863e334249fe1acdd7d0c0
ENSG00000088356,PDRG1,ENST00000202017,20,31952045,-,GRCh38,31911086,31993006,f4a178e65d8d7c7bf1e6e26675392645823a79f00592201894bef86ba417b021
ENSG00000088387,DOCK9,ENST00000682017,13,98978063,-,GRCh38,98937104,99019024,ddc77dc9fc2e2f5896b817e2212f35d84caad92a7829e4000dbee94666a7e67a
ENSG00000088543,C3orf18,ENST00000357203,3,50567746,-,GRCh38,50526787,50608707,223b251dfe7d673f9312defa893f689a3e884b536954f0855b490deb94933992
ENSG00000088756,ARHGAP28,ENST00000383472,18,6729715,+,GRCh38,6688755,6770675,2a1e149ae6d99c1504c1eca8b4897eebb58e7d469c415a01c25bad37258d7398
ENSG00000088930,XRN2,ENST00000377191,20,21303330,+,GRCh38,21262370,21344290,35420c6cd7e04627872d388ca487e63ed21df8a9e10c6d9b62da82a0b4f2d443
ENSG00000089048,ESF1,ENST00000617257,20,13784918,-,GRCh38,13743959,13825879,64a9bd6a9fcedffef2e1ca2c0842ea94df6c276a707d5cc961337e4c8765d7d7
ENSG00000089057,SLC23A2,ENST00000338244,20,5001509,-,GRCh38,4960550,5042470,73ca6d5b1f780510a6bb428ef6d82221052621c1e61d591c85aa5ae0fd3c42f5
ENSG00000089101,CFAP61,ENST00000245957,20,20052531,+,GRCh38,20011571,20093491,836fca1f1af8edcbc5f460eb0bf8725f217baa89846ba1d4db58132b7f7febe1
ENSG00000089123,TASP1,ENST00000337743,20,13638931,-,GRCh38,13597972,13679892,73a68ad87443c1ddea674a7156898c45a5ed1e4c056a0ebdcd4c0e9624d1810a
ENSG00000089169,RPH3A,ENST00000389385,12,112791747,+,GRCh38,112750787,112832707,01e1cccf72cc9a92f4efa8e6140bb0962e3d2e6cf7a2150063b3be59ae7c9d70
ENSG00000089225,TBX5,ENST00000405440,12,114406143,-,GRCh38,114365184,114447104,2af0b15a115de8e9e06f3bf4f39f7125bc81d82d76d7f05bfaa77e444f398207
ENSG00000089723,OTUB2,ENST00000203664,14,94026339,+,GRCh38,93985379,94067299,3d3732fa08e1e19051acc74ce914d18103752d1e5a05c58003f38b173ac5c73e
ENSG00000089916,GPATCH2L,ENST00000261530,14,76151921,+,GRCh38,76110961,76192881,98ed27048beb0d1af75b4f50349a87ff7e4e19c35f32c1db3e92a55fbf3f4157
ENSG00000090104,RGS1,ENST00000367459,1,192575772,+,GRCh38,192534812,192616732,cc730952fa17739675f697a4480b4467d0467e74dcf791bd00eed7cdf24ce2d8
ENSG00000090273,NUDC,ENST00000321265,1,26921742,+,GRCh38,26880782,26962702,779ce63ad5a1a33c5abe9b7260440a2a9436cecd75d9ef5470b4f60f9bf77868
ENSG00000090376,IRAK3,ENST00000261233,12,66189213,+,GRCh38,66148253,66230173,93ba74387a3cc8644cd3131744509c33612ada093bb5c74464ef96abe0acbe73
ENSG00000090402,SI,ENST00000264382,3,165078495,-,GRCh38,165037536,165119456,4307329e8a9c21d62f6c2a5ed7cdeca3ad59fdec486f5bfddbd3fdefdc99e3b5
ENSG00000090861,AARS1,ENST00000261772,16,70289505,-,GRCh38,70248546,70330466,fbcc0f1811fee2348e833c83233aa2845cd6c8951f91cb8e943bc92b262add62
ENSG00000090905,TNRC6A,ENST00000395799,16,24729650,+,GRCh38,24688690,24770610,ab3393ecb160b528f42711af196e26c235db1853ac241beb6861dc25a65d9d25
ENSG00000090975,PITPNM2,ENST00000320201,12,123151089,-,GRCh38,123110130,123192050,2bd6119a33285d968ff252b53a23320b3363807a42e5e8d14ae53defa2b8268b
ENSG00000090989,EXOC1,ENST00000381295,4,55853647,+,GRCh38,55812687,55894607,ee341adc08294598cbb8acd611e13ce9608f875e2c00792b2217eae7b95ae2a1
ENSG00000091039,OSBPL8,ENST00000261183,12,76559770,-,GRCh38,76518811,76600731,194087c0df2b9d1e5bda4e264b7ec73eb0bcb2e89f61fed4254d1b3b62a3b5ae
ENSG00000091129,NRCAM,ENST00000379028,7,108456435,-,GRCh38,108415476,108497396,4a3aaf7b7885f6d76ef4996c3a9973c0cfbbe01a013e3539b8332e453bde8294
ENSG00000091136,LAMB1,ENST00000222399,7,108003160,-,GRCh38,107962201,108044121,97dfe0a7cfc6e7b81dc3b979776c9a1e860c1118320eab6e247b4fd16953acc1
ENSG00000091137,SLC26A4,ENST00000644269,7,107660827,+,GRCh38,107619867,107701787,f7bca9c0eed66a3efa149a91d2953768e4baa5bc7cba5d5e5e23ce2e01bdcdb2
ENSG00000091138,SLC26A3,ENST00000340010,7,107803222,-,GRCh38,107762263,107844183,c931b8b1421da24e8d2ec0a4699b3046f9a3576cc0768fb1242410b6163deb63
ENSG00000091157,WDR7,ENST00000254442,18,56651358,+,GRCh38,56610398,56692318,45a122de48db7b275a39236cdfbf43a0c24517b6a3180c95258902a7a7ab739f
ENSG00000091164,TXNL1,ENST00000217515,18,56638591,-,GRCh38,56597632,56679552,7f24efc34bf758f5632fca44cf32d17b49d15e9a9dd1735cfd7971738e00cd6b
ENSG00000091181,IL5RA,ENST00000446632,3,3110373,-,GRCh38,3069414,3151334,fa9bcc71dbac8f2fe20b1fd86f5ad5df25a44b5c297d84445a440f1c733958d0
ENSG00000091262,ABCC6,ENST00000205557,16,16223493,-,GRCh38,16182534,16264454,5c0256fbee91343a6bec355b4fb2a2c36a9debb9f6229648754d631edb6bb728
ENSG00000091409,ITGA6,ENST00000684293,2,172427585,+,GRCh38,172386625,172468545,a8baec8b177bbd7285cac3d6a0bdc6c418dcce9c16ba9a8a5a8bf31c73d4490f
ENSG00000091428,RAPGEF4,ENST00000397081,2,172735844,+,GRCh38,172694884,172776804,8aa0fcdcd66c245443151a12bbfae46a54fa654bee8d78c01e090b549b125f2d
ENSG00000091482,SMPX,ENST00000379494,X,21758115,-,GRCh38,21717156,21799076,5c188a0bec9cafa9c12c91d08bcc763f79b0c62afc208e2066c8eb1bcb02093e
ENSG00000091664,SLC17A6,ENST00000263160,11,22338380,+,GRCh38,22297420,22379340,4ca85be3afb2b3fe188a7a9634e945b617fda2e3c71fd0a1c430f9a3c715412f
ENSG00000091704,CPA1,ENST00000011292,7,130380493,+,GRCh38,130339533,130421453,ec2fa5f7a82e29f3ef60b993c37a709cd6d1f8b2cd7a58898cc49d5cafaef16b
ENSG00000091732,ZC3HC1,ENST00000358303,7,130051373,-,GRCh38,130010414,130092334,ba47a0f3d9eff8c26cc3ed7b337890105e2d193694a4f3a077d05b11452af558
ENSG00000091844,RGS17,ENST00000206262,6,153131281,-,GRCh38,153090322,153172242,a7bb3de9716f0e26c6a60266f34a9c9457737b0eefcbc4ba55adac2aea9cbf1b
ENSG00000091986,CCDC80,ENST00000206423,3,112641142,-,GRCh38,112600183,112682103,0a82026b101c68c51fda51dacfd75818502993868be6eb088ebf43c44e545190
ENSG00000092067,CEBPE,ENST00000206513,14,23119254,-,GRCh38,23078295,23160215,2c76aa9d1c086702f5a017d9c702d1171a12708c8d4669e843d59864c304eebc
ENSG00000092098,RNF31,ENST00000324103,14,24147497,+,GRCh38,24106537,24188457,6287b376c4e33659cd6a417afdd1a1475688626e5e6ec8c76e71ba1b7e50c322
ENSG00000092108,SCFD1,ENST00000458591,14,30622318,+,GRCh38,30581358,30663278,3863f6145281d76b16addead1c8a86325d9f3b5e1a6d0cd3d5987f14f16bc0a6
ENSG00000092140,G2E3,ENST00000206595,14,30559157,+,GRCh38,30518197,30600117,08e3820a5f6c03c146cadf1d5330d1b2fe9756b3b1e448547b20b1ec8b97215b
ENSG00000092208,GEMIN2,ENST00000308317,14,39114322,+,GRCh38,39073362,39155282,543140f5407647933dcb88a2c89979d747ea4931b4fa7e5a763c501afbbdc877
ENSG00000092421,SEMA6A,ENST00000343348,5,116574822,-,GRCh38,116533863,116615783,ac340bf168f6702b68f9a9bbb54c927bb272252bcbe7444117aab200af6b4f52
ENSG00000092439,TRPM7,ENST00000646667,15,50686796,-,GRCh38,50645837,50727757,a85f5b626a38b8f997edb4de20c386db4630d9f53b38590783d7a853d18fc43a
ENSG00000092529,CAPN3,ENST00000397163,15,42359500,+,GRCh38,42318540,42400460,9ecb4482e3d58385cce7532568e9da8759465d0c4f78ec817a9bbd8897993fda
ENSG00000092969,TGFB2,ENST00000366930,1,218345335,+,GRCh38,218304375,218386295,79b0d9eed8dac289a48a8d9825f987b1b4258a99f2ce250a3bd7f7f2cda0ed9e
ENSG00000092978,GPATCH2,ENST00000366935,1,217631089,-,GRCh38,217590130,217672050,2b1da1afed06b4e746612ac7688f8941f9d963905931d61b8038485b13f34717
ENSG00000093183,SEC22C,ENST00000264454,3,42581966,-,GRCh38,42541007,42622927,127397320cd6c721fa8c47dce8ae79b25798ed2def05332528d6d648f22227ee
ENSG00000094755,GABRP,ENST00000265294,5,170783724,+,GRCh38,170742764,170824684,024ead0734984623f58f6d7007d469fe3037e6e55ba26fe0fc26227835dcb550
ENSG00000094804,CDC6,ENST00000209728,17,40287878,+,GRCh38,40246918,40328838,373a7411fe4b2fcf6c80a5f1adf1b81d8707ffae0aee717618be5cd73741ed43
ENSG00000094880,CDC23,ENST00000394886,5,138213322,-,GRCh38,138172363,138254283,1d83c5ec1d6d77154536ecfb45df97d388d62323f6a424a7528274a02549f459
ENSG00000094975,SUCO,ENST00000263688,1,172533149,+,GRCh38,172492189,172574109,b399632f2f66ee6a8dbdc1cbd9b380ea92703aaa78d5a04c2b94c1b7b0327cbe
ENSG00000095261,PSMD5,ENST00000210313,9,120842921,-,GRCh38,120801962,120883882,9827146a49d21c42e2ddfc7650938b873fb439de41a05e49e49e5951bb082491
ENSG00000095383,TBC1D2,ENST00000465784,9,98255648,-,GRCh38,98214689,98296609,13d4830d630bb6ede784f224e55f0fdd96c62fd1edec6326bbe9eafb0c907671
ENSG00000095464,PDE6C,ENST00000371447,10,93612536,+,GRCh38,93571576,93653496,6aac251cfef23fefc85420ef066b2005fc25f785ba73ac1533a78bcb859d258f
ENSG00000095585,BLNK,ENST00000224337,10,96271568,-,GRCh38,96230609,96312529,a08b53aa88d78fdf8e4fdd62684646b9504914cd43b158dcfcd72a13ae639039
ENSG00000095587,TLL2,ENST00000357947,10,96513925,-,GRCh38,96472966,96554886,d5eaec817c3e6aa386d2de1ecf28b8c770462cdfdda9ac562ff732aa7321c926
ENSG00000095637,SORBS1,ENST00000371247,10,95561370,-,GRCh38,95520411,95602331,a47c323b45d4a886b5d27196ea899b11b87149d46ca57a9d4e4603cd09a91906
ENSG00000095906,NUBP2,ENST00000262302,16,1782959,+,GRCh38,1741999,1823919,4364bb7d82370e411461f825152bc51c5b6365fd1623de82b26f0fd4e4b90555
ENSG00000096401,CDC5L,ENST00000371477,6,44387705,+,GRCh38,44346745,44428665,751080c335bdab4fb775ad8ce0a59a87471a6162e6982a1476e655236d30bd36
ENSG00000096872,IFT74,ENST00000380062,9,26956411,+,GRCh38,26915451,26997371,93a7775ecb92a85c7214fb9dd9adecc8eaed1ec2c8984455cca21626e2fd2d4b
ENSG00000097046,CDC7,ENST00000234626,1,91500850,+,GRCh38,91459890,91541810,c932a6c7deb1e028c858b4f1069da9cbadefb3fcb013033544a2c560dd6f1fa8
ENSG00000099204,ABLIM1,ENST00000533213,10,114658274,-,GRCh38,114617315,114699235,3f36dd766dcb204596d0aa5b0080f906657a79d0c4d697b6c104b3c3f072259e
ENSG00000099219,ERMP1,ENST00000339450,9,5833116,-,GRCh38,5792157,5874077,f05070f00b4beacdde282526e8ce7ae6f2c09e56e7b90b3dd35f511541c4921f
ENSG00000099250,NRP1,ENST00000374867,10,33334666,-,GRCh38,33293707,33375627,1cc91faef06a537b813186b12d3e96ffd0de7b78c3c104e29dcfa19ef6b923a4
ENSG00000099954,CECR2,ENST00000262608,22,17369459,+,GRCh38,17328499,17410419,1110c4c1a5556431f1bc36c751b87412669b1f18f59cf2f632d8af54264c5300
ENSG00000100109,TFIP11,ENST00000407690,22,26512472,-,GRCh38,26471513,26553433,a086c56a73c0e94de38fafce21cf2da1e43ace19e53b265637470164f190920a
ENSG00000100234,TIMP3,ENST00000266085,22,32801704,+,GRCh38,32760744,32842664,b9c71ea3fb63e319facfdca3a80c2f5f7e6fd676c6bb6df2498c1d64b29d7ad1
ENSG00000100280,AP1B1,ENST00000357586,22,29388569,-,GRCh38,29347610,29429530,e82af428b8ec77b06d30ee7ab20c1a04570e2f1943626171522760a4fbbc1be0
ENSG00000100330,MTMR3,ENST00000401950,22,29883173,+,GRCh38,29842213,29924133,e615e195300ca63a93dc6c8d29fcdb7350c4ac1fa249e51f53122636398bb2bb
ENSG00000100351,GRAP2,ENST00000344138,22,39901083,+,GRCh38,39860123,39942043,53cca105ea793ca259b2d5b9023b2b32474124313365cf143699d0e965233200
ENSG00000100353,EIF3D,ENST00000216190,22,36529165,-,GRCh38,36488206,36570126,8d58d51af4ff872980caa5b667ddd5a0bd93e35b70799c76901bad9985153e10
ENSG00000100359,SGSM3,ENST00000248929,22,40370593,+,GRCh38,40329633,40411553,79bc816e657d022b210a2ea4def9c467f7de466b88952a70891b1cebc1d0791f
ENSG00000100372,SLC25A17,ENST00000435456,22,40819345,-,GRCh38,40778386,40860306,928b3b0cf83696319ea6c2712bec9ebb9a5502f58671fc1849fe78af02988775
ENSG00000100439,ABHD4,ENST00000428304,14,22598299,+,GRCh38,22557339,22639259,0fd09c1fadcfc68cf8a332ad46ea4b4c1009d8a71749f232e0d667ff8e74693a
ENSG00000100473,COCH,ENST00000396618,14,30874558,+,GRCh38,30833598,30915518,b25490fcc70f08d826463e5632130f89085be57adf9e4492f3a8640e3f899ce1
ENSG00000100483,VCPKMT,ENST00000395860,14,50116571,-,GRCh38,50075612,50157532,c9a60593610edf4d63c884f014619b8e8d39a25d8394a229631bb9e81c807158
ENSG00000100505,TRIM9,ENST00000684578,14,51095104,-,GRCh38,51054145,51136065,a67166fbc5dcf84a1901b26aa3e2bec6743752683015c8a34d11bdd305b54f65
ENSG00000100577,GSTZ1,ENST00000216465,14,77321035,+,GRCh38,77280075,77361995,6d5c01646e0ec8a9a68d7d675e432f8477a542d08fa1683df338367407224c42
ENSG00000100578,KIAA0586,ENST00000652326,14,58427718,+,GRCh38,58386758,58468678,73be0d20918a166a7679bcc95ae1f00636595925320c4531711ef71045842430
ENSG00000100592,DAAM1,ENST00000360909,14,59188666,+,GRCh38,59147706,59229626,fc80513e123a4f2bd1b4388cc4e3d6ed33abaf694b648ea1b5647c7f60268e3f
ENSG00000100605,ITPK1,ENST00000267615,14,93115924,-,GRCh38,93074965,93156885,950b40eb34cc069d5a444db16c35c38fd591aab24fa571932e279b088b32af0f
ENSG00000100629,CEP128,ENST00000555265,14,80941737,-,GRCh38,80900778,80982698,e0ab9bce39f3387e8cae3d4f3ac004f664b118ce72cdaaee74f37ba5d0ec7df5
ENSG00000100644,HIF1A,ENST00000337138,14,61695512,+,GRCh38,61654552,61736472,6eec9c1b6c1745c22dcd740fa4972d6c69521e7e2fdf2f66d6050ee1f9b77c81
ENSG00000100647,SUSD6,ENST00000342745,14,69611595,+,GRCh38,69570635,69652555,16847ab397e8d885d235844737ac77c7a7939d654abbe3aa3a666d1be0bb918e
ENSG00000100652,SLC10A1,ENST00000216540,14,69797240,-,GRCh38,69756281,69838201,c7412c782978121b93978f0daa8be21516e1caaeeb6cd733343356ffc90de8f4
ENSG00000100697,DICER1,ENST00000343455,14,95157528,-,GRCh38,95116569,95198489,9ba66a058a082d0ed139dbc744f1fa79bbd3ab8325b5d5667282d77afead16c1
ENSG00000100815,TRIP11,ENST00000267622,14,92040058,-,GRCh38,91999099,92081019,0039acba5076b272cf52a7d71a878927164201f56a68dd451d11a93657c87702
ENSG00000100884,CPNE6,ENST00000689861,14,24071561,+,GRCh38,24030601,24112521,785c93c3980155609926fe2e94c272ff9c7029afd28b28a711b08ca0c3252848
ENSG00000100889,PCK2,ENST00000216780,14,24094310,+,GRCh38,24053350,24135270,6da0fe2a6cf64e5f8a8edffd595ddec48fe8d77fb77b7af1ff526d86bb4762bc
ENSG00000100897,DCAF11,ENST00000446197,14,24114776,+,GRCh38,24073816,24155736,70b3aefaa1a30d58dcbde7831cd17407e86f6a6635ceee40b29200ffb6b54b8d
ENSG00000100941,PNN,ENST00000216832,14,39175253,+,GRCh38,39134293,39216213,470d14db9747911ee66e17aefadd8feee8f05c47c17878d0976c8199c37c5092
ENSG00000100982,PCIF1,ENST00000372409,20,45934682,+,GRCh38,45893722,45975642,360cd73210ad3a5ca119065ccc74f23147f58ae4be786f72578928ce522f76d1
ENSG00000100983,GSS,ENST00000651619,20,34955805,-,GRCh38,34914846,34996766,78feb71f3453ac0df298a47e1d2febda291c900ee9f2c0155dda5556e25e37a8
ENSG00000101109,STK4,ENST00000372806,20,44966511,+,GRCh38,44925551,45007471,78b03ea4a6d1ee768c5a78f27bbeace81777594da6ca3217db5add1f33a5d874
ENSG00000101134,DOK5,ENST00000262593,20,54475592,+,GRCh38,54434632,54516552,351db17c0afd49eef0f91f091b0cbf66b94f6d89defb0aab98b55b805ead2ba7
ENSG00000101138,CSTF1,ENST00000217109,20,56392644,+,GRCh38,56351684,56433604,f9c5b826507f9dc325c45f158c9e6c9ec3c5b60b1e0d733c8ab371037aec1806
ENSG00000101146,RAE1,ENST00000395841,20,57351254,+,GRCh38,57310294,57392214,acf5efc5f322ceba0e81c1754d63c07442eb9ec760ec079d1da1fbcd6edeb954
ENSG00000101194,SLC17A9,ENST00000370351,20,62952708,+,GRCh38,62911748,62993668,bad8c450f939a854f51286bd0261cd1b64fde24838ad02c08d163d4a6e3ee0c7
ENSG00000101247,NDUFAF5,ENST00000378106,20,13785027,+,GRCh38,13744067,13825987,04f07239a34b8eba59df2b43f79bad1cce499b7c033605ad46c5422ebe5d1f0e
ENSG00000101251,SEL1L2,ENST00000284951,20,13990613,-,GRCh38,13949654,14031574,4a8545a9de6840db2f4efb553f7874e932c5222f360f59f334604476e047aae8
ENSG00000101310,SEC23B,ENST00000650089,20,18507939,+,GRCh38,18466979,18548899,d87a01f6515e135a5ddbcbd896db297a609ae43736a8cfece5093d9176892c00
ENSG00000101323,HAO1,ENST00000378789,20,7940457,-,GRCh38,7899498,7981418,9a25405596242e2e5f1c34ff2c352ec5998d0b6f990a852da0e31e6d50d0cf47
ENSG00000101333,PLCB4,ENST00000378473,20,9069086,+,GRCh38,9028126,9110046,5cc64a79979a696c001795770f74f1a22897a6777b35d55b78690ac6dba88251
ENSG00000101343,CRNKL1,ENST00000536226,20,20052465,-,GRCh38,20011506,20093426,f4ada0e28640a10e495272f2e948051b47eda6f1f7bc54e3945b7b9cf7a97f9a
ENSG00000101349,PAK5,ENST00000353224,20,9839075,-,GRCh38,9798116,9880036,f2fdef7b3cadac36439ba1f65bcaf80fa4d32da5a8c4deda093bd902659c4e8d
ENSG00000101384,JAG1,ENST00000254958,20,10673998,-,GRCh38,10633039,10714959,bb4b91448279207a2a39bf6c682be107e06ad2514505b05a71ddc2e3735a47ca
ENSG00000101407,TTI1,ENST00000373447,20,38033455,-,GRCh38,37992496,38074416,634b692c719a9a251f0c8b40050a94d883f3f294f6245d0d951269601e1f1e08
ENSG00000101413,RPRD1B,ENST00000373433,20,38033745,+,GRCh38,37992785,38074705,979d19eaf0f1baa5d65d22fd5dc36bccb8d3d3d90f273d87326c6447e29e40a2
ENSG00000101438,SLC32A1,ENST00000217420,20,38724485,+,GRCh38,38683525,38765445,91cfb2b73579eb3d96bf31bd4596ddbae65fddeb49086b9ab76084d006ae908d
ENSG00000101442,ACTR5,ENST00000243903,20,38748459,+,GRCh38,38707499,38789419,4dc99c1c544523fd213ca0c299713eaf70f1fe3e76c43971c2893f43d63b1c7b
ENSG00000101445,PPP1R16B,ENST00000299824,20,38805696,+,GRCh38,38764736,38846656,5c62997c1b128b7002aedc27aa78790755682931d31e49371a6b7cbde3cd2065
ENSG00000101447,FAM83D,ENST00000619850,20,38926416,+,GRCh38,38885456,38967376,0b7d279500280030c902da14459f585f50bebe2560223f474b44400b8ccbb745
ENSG00000101452,DHX35,ENST00000252011,20,38962343,+,GRCh38,38921383,39003303,6e9c3c6442e6e842271ffc3b684ded3cae8391c2b4dae46995a510927fbed7cd
ENSG00000101463,SYNDIG1,ENST00000376862,20,24469628,+,GRCh38,24428668,24510588,9be15c2bb8975345de2ec9ab20bc3fef71939aba5aa32c527f40433b81abae67
ENSG00000101474,APMAP,ENST00000217456,20,24992750,-,GRCh38,24951791,25033711,99cb709f7b47211055cb68a355d95be32ace404e33b5ad345c8ad2c9ba52bf7d
ENSG00000101542,CDH20,ENST00000262717,18,61333429,+,GRCh38,61292469,61374389,b2354b21c4a5b43e6768dd18b0f453716c271c66c9d962a4d50e7b967aa97b72
ENSG00000101577,LPIN2,ENST00000677752,18,3013143,-,GRCh38,2972184,3054104,fbce2d6a1f31364f18bab66a55ea2d1524354a901b384ed69059ae8accdcbcd8
ENSG00000101605,MYOM1,ENST00000356443,18,3219967,-,GRCh38,3179008,3260928,3b0efe274c6f03545aa751629683b4b0dde51fa7bc3702cd47ada0df05a2e7fd
ENSG00000101639,CEP192,ENST00000506447,18,12991361,+,GRCh38,12950401,13032321,05e5bf29f533dc0b4b8664bca3129783b28eed7b779a424c461ed8380359d3ca
ENSG00000101654,RNMT,ENST00000383314,18,13726672,+,GRCh38,13685712,13767632,368e9689330536ff15d7035c9d80f0fbd30fce9469346a6944267eb73eeb2631
ENSG00000101782,RIOK3,ENST00000339486,18,23453286,+,GRCh38,23412326,23494246,7f67d45aef127b7ef3a46e506ded7dad423d0a3a705bdf846bd8672b14dbb5ec
ENSG00000101844,ATG4A,ENST00000372232,X,108091777,+,GRCh38,108050817,108132737,4eb2bac36d27907ba6be689f206af4ad0637cdbd1fc5fe8a8cd4b12e4e80ffd3
ENSG00000101868,POLA1,ENST00000379068,X,24693917,+,GRCh38,24652957,24734877,3c0872fe1527fce7e2c1ce8d09527b868b1d96a4d41d2edec0bf18dcc0a13a6a
ENSG00000101871,MID1,ENST00000317552,X,10620584,-,GRCh38,10579625,10661545,02142dd497e5b147c87c090e9ffdaf7b2660cb2c25d871c8450699f40838fb4e
ENSG00000101958,GLRA2,ENST00000218075,X,14529535,+,GRCh38,14488575,14570495,6c83a9a1c29bb7da29454e72552b8358ed7551f628af697d823c89a6903d2c7d
ENSG00000101974,ATP11C,ENST00000682941,X,139933052,-,GRCh38,139892093,139974013,55fb90eb04ccd23d21476feca68b724b6be0f1015619871a2ae592ec2c6b42e9
ENSG00000101997,CCDC22,ENST00000376227,X,49235469,+,GRCh38,49194509,49276429,fca3d2d0c5bc0960bbe4e8fb25eac33410f6be07edc0bf8c4d769bb14711bd7d
ENSG00000102081,FMR1,ENST00000370475,X,147911918,+,GRCh38,147870958,147952878,2e4cd1a982019012fec080b8411930c64988f3ac6114d48c47ce9d469ee7f84b
ENSG00000102104,RS1,ENST00000379984,X,18672107,-,GRCh38,18631148,18713068,b7213eda0a5bea9da7ad3ed603c33c356e18ea59941440cd3843b0faecc3b387
ENSG00000102174,PHEX,ENST00000379374,X,22032324,+,GRCh38,21991364,22073284,89201e2518a6b90bac30c47848e6d99785997b5648d128c8bf8263019f372ff9
ENSG00000102239,BRS3,ENST00000370648,X,136487946,+,GRCh38,136446986,136528906,c41c2b7603bc820604a4de76ccdae66299f50bf92f0173c32a74da79857e7e2f
ENSG00000102245,CD40LG,ENST00000370629,X,136648157,+,GRCh38,136607197,136689117,1d0e8dab2637737ab9b94b0a191f635c851a3cc988cb58e7f6f2863acc283983
ENSG00000102359,SRPX2,ENST00000373004,X,100644198,+,GRCh38,100603238,100685158,49dc055ab325748db70cf2bfbd58e1cb68e3317b64d8e7158b7c6cf6cf59fe07
ENSG00000102385,DRP2,ENST00000395209,X,101219785,+,GRCh38,101178825,101260745,2ead58b62181af628409bb9cebc77df371d99a79b1d3546cff61280d6c179e01
ENSG00000102452,NALCN,ENST00000251127,13,101416507,-,GRCh38,101375548,101457468,4b28338327daa58094df2a66d9f7c3be999dcdfa34cf5d63600438f82b0c43f5
ENSG00000102468,HTR2A,ENST00000542664,13,46897052,-,GRCh38,46856093,46938013,c46c4c16cb3112cb732b8325d62ac0802fdb450324d399947e172efe6aa49d8b
ENSG00000102524,TNFSF13B,ENST00000375887,13,108269717,+,GRCh38,108228757,108310677,da12caf6a92d250b56694f3b57c27ddd0e04039a5633694767cda57d85f1abb3
ENSG00000102547,CAB39L,ENST00000409308,13,49444063,-,GRCh38,49403104,49485024,f6f16a9dd1267c7295b3d67bfe740f99eb8dd37ff0f186ee2bbb2b0f0ff9881e
ENSG00000102580,DNAJC3,ENST00000602402,13,95677138,+,GRCh38,95636178,95718098,dade138f7d92c0e0ccf4d2830e6848c0b7edaa61ed4994dd5f2ad14a0939c273
ENSG00000102755,FLT1,ENST00000282397,13,28495127,-,GRCh38,28454168,28536088,d3e9dc21b323bcc5b50193cd56ee7387380a16c3735ea48278cc05aa541b8b93
ENSG00000102794,ACOD1,ENST00000377462,13,76948510,+,GRCh38,76907550,76989470,a3cf4d6add8998e496ebe13d88fa8badb5e767b41e06959df017508a51949957
ENSG00000102802,MEDAG,ENST00000380482,13,30906270,+,GRCh38,30865310,30947230,3af6aff6237e1ab2bc76fedac6d78ef9e637670fab5f1aacd72b16e8210eb76f
ENSG00000102837,OLFM4,ENST00000219022,13,53028812,+,GRCh38,52987852,53069772,747e220f26e77b83607400a2412332dbff2e2d511ced045ab5890b3f72e1b5c5
ENSG00000102890,ELMO3,ENST00000393997,16,67199130,+,GRCh38,67158170,67240090,52d198d9111f2cc978da7e2063b7be57278319c25e111d5361e158a875132d4b
ENSG00000102908,NFAT5,ENST00000349945,16,69565965,+,GRCh38,69525005,69606925,297e95026dfbc4a93917da41bb6de6cc02ab132ade58792c7395e100e5d3b929
ENSG00000103037,SETD6,ENST00000219315,16,58515516,+,GRCh38,58474556,58556476,428c5e8f3536dc62b684e196f74b633e74c100a2ab5cf0d2a1da0d1fcdd40030
ENSG00000103043,VAC14,ENST00000261776,16,70801157,-,GRCh38,70760198,70842118,d964efda94357e74b7b070eebeb4a8a73e3fa4136c05f90fad81757be08c0cf4
ENSG00000103051,COG4,ENST00000323786,16,70523553,-,GRCh38,70482594,70564514,1c8caf1df97c73ac4e9b2a459e52b6bd75c3fa0c4fd03258e4721911cb62af74
ENSG00000103056,SMPD3,ENST00000219334,16,68448507,-,GRCh38,68407548,68489468,5e82679bd250f2c3dae87f1b428e7b48a6a609ca3b53d43215173679ec832075
ENSG00000103089,FA2H,ENST00000219368,16,74774819,-,GRCh38,74733860,74815780,6c685d2862442ba42089d5ce2a3250bdf4d562d60cd8c9b5e9eafafed057bf20
ENSG00000103174,NAGPA,ENST00000312251,16,5033934,-,GRCh38,4992975,5074895,07ba9475acd9461d59881ea1848a80df9c0b326993f0348a72bd142bd536f442
ENSG00000103266,STUB1,ENST00000219548,16,680409,+,GRCh38,639449,721369,c04a34335a50ee1bcd257658919a18741e77cd25e1ec839a65c6ae9b58441a49
ENSG00000103274,NUBP1,ENST00000283027,16,10743841,+,GRCh38,10702881,10784801,aca20bd88b9fd1f2b95210c6f08eacf1cb292b1433b24a26ad7e78fb08597a45
ENSG00000103365,GGA2,ENST00000309859,16,23510493,-,GRCh38,23469534,23551454,a1dd6c667dde413f43a7f01e4531388f1154ade19dadc80ddd6bb232214a9a18
ENSG00000103375,AQP8,ENST00000219660,16,25216946,+,GRCh38,25175986,25257906,a9df98fd06d0304779b60776b9184d4370f8eebb2a15fce8b730f64c4ae9cd60
ENSG00000103429,BFAR,ENST00000261658,16,14632950,+,GRCh38,14591990,14673910,90878826606dd02389ec0fd555c5f973f221576aab432510bd39977f62706c77
ENSG00000103479,RBL2,ENST00000262133,16,53434470,+,GRCh38,53393510,53475430,eb232a5e103579ba63435a8feaa072e4fba2184b72e7a776d9033ba37cd54937
ENSG00000103494,RPGRIP1L,ENST00000647211,16,53703858,-,GRCh38,53662899,53744819,ab69f9ddcd69e18a562cab1e8809dbb6179b4f55f8b04adcd4897f7d0a2e40d4
ENSG00000103507,BCKDK,ENST00000219794,16,31108385,+,GRCh38,31067425,31149345,7b20d97c7a9913104738aa091d3bc3a9b63ba40dd2c3b93360eb735fd67d491a
ENSG00000103540,CCP110,ENST00000694978,16,19523941,+,GRCh38,19482981,19564901,998a8afff3e383e1482159ac0cb01b4d3ea4eaf405be4c15f90c5bb2509765e5
ENSG00000103544,VPS35L,ENST00000417362,16,19555702,+,GRCh38,19514742,19596662,cb534d4fb77ddcc8eaeb9ad641fd26e7ce9856bdcf97897fde637e5713a8b01c
ENSG00000103569,AQP9,ENST00000219919,15,58138380,+,GRCh38,58097420,58179340,c0e109a30b2326ec813e3e1ed7c1974a337ea88f5d228f54f159cc598852eb85
ENSG00000103591,AAGAB,ENST00000261880,15,67254660,-,GRCh38,67213701,67295621,09d3f3def89e13f17b6b809ae0ee3394db6a2f972f27f6f7f504aacf0b192a8e
ENSG00000103647,CORO2B,ENST00000261861,15,68578992,+,GRCh38,68538032,68619952,d0ab7e246e3f353211f21d43b559a69c2fe69ad3659ca0c3cbf3ba76aab6b017
ENSG00000103657,HERC1,ENST00000443617,15,63833947,-,GRCh38,63792988,63874908,cb86945fb7b33630183c8b9fbc1e52ce66fc2361b1515df05f29189cf4cfb2e8
ENSG00000103671,TRIP4,ENST00000261884,15,64387835,+,GRCh38,64346875,64428795,a355cbc471ce0a65593c26e14a6da84cc275f34a43ca7f41f5e9a5969544ead1
ENSG00000103978,TMEM87A,ENST00000389834,15,42273432,-,GRCh38,42232473,42314393,217954a847dd8756aca8b3e0582219ba0384411e07f894f6adc6020010552175
ENSG00000103995,CEP152,ENST00000380950,15,48811068,-,GRCh38,48770109,48852029,b7921d7cb204eb4dd47c903355f551af04f4409c9fad5ceee40c00c8e8765ec7
ENSG00000104043,ATP8B4,ENST00000284509,15,50119232,-,GRCh38,50078273,50160193,25d4f2a8130b34b0e8347f6c8a08a74951da83c68d49b17b57d9e64ed113e999
ENSG00000104047,DTWD1,ENST00000403028,15,49621047,+,GRCh38,49580087,49662007,d2b2791068b6ddb988db2e1dfa35a7f0fd36efdf0d1bd4d7a1a930e71fd4767b
ENSG00000104112,SCG3,ENST00000220478,15,51681502,+,GRCh38,51640542,51722462,756e4cc6f6cfa5021343a9783aae1f9571fafbec93729ee887226c53c29c7ce7
ENSG00000104164,BLOC1S6,ENST00000220531,15,45587378,+,GRCh38,45546418,45628338,575ae8e540b2b2b8963828df104114883695859ce16e7353c6c57ac200f944f8
ENSG00000104219,ZDHHC2,ENST00000262096,8,17156481,+,GRCh38,17115521,17197441,51dc23d267e035976c9d70f08c82e58039fad1ff72b0fe9880860a2ed011bf9b
ENSG00000104221,BRF2,ENST00000220659,8,37849860,-,GRCh38,37808901,37890821,8d12930d66d88b83f7753c1089005b5aa3f47591b4f987887070b35b6fae5f84
ENSG00000104228,TRIM35,ENST00000305364,8,27311271,-,GRCh38,27270312,27352232,61cbfeced7c4934dac8b9eff6f44045bcd9e095454cb255bbcaaa4234f0fdfd2
ENSG00000104299,INTS9,ENST00000521022,8,28889968,-,GRCh38,28849009,28930929,5408da2e772c9b925843db64f26a4a8bed579537261eb8d79adf5078216f30d0
ENSG00000104313,EYA1,ENST00000340726,8,71362068,-,GRCh38,71321109,71403029,83e31637648a1757726b5a0e5a6fcc980b8e3756509a5f142bf8dd23fb7c547e
ENSG00000104324,CPQ,ENST00000220763,8,96645241,+,GRCh38,96604281,96686201,cc625509487f458653726eca43c2997501afc7e971d1484ac31f812feee4870e
ENSG00000104327,CALB1,ENST00000265431,8,90082878,-,GRCh38,90041919,90123839,37d7f1affe21f07a40016f4e9bcf64639c4f85edc8244fa143230e749fc53ba9
ENSG00000104356,POP1,ENST00000401707,8,98117292,+,GRCh38,98076332,98158252,0d6aee2b8143cf9f03ee1f4223127fd86d611217fd18ff0b090b0b0747ed80a9
ENSG00000104375,STK3,ENST00000419617,8,98825687,-,GRCh38,98784728,98866648,1d872cd779087613c65c984d1da0256be0766ea45e7940a0e93ffe2420288732
ENSG00000104412,EMC2,ENST00000220853,8,108443623,+,GRCh38,108402663,108484583,cfd737dcd870ab1146b3d4429b42d2d4de2247021a3dbad5df65694414719128
ENSG00000104419,NDRG1,ENST00000323851,8,133297251,-,GRCh38,133256292,133338212,4578a60a2ef5d752be7d5118d8a8b5c59a58b415d07cfa65af5deae29b5e1c58
ENSG00000104447,TRPS1,ENST00000395715,8,115668974,-,GRCh38,115628015,115709935,a772f413b9458996b3c496c61c3c5b9c6f33db58b371fd46530da556403f07f8
ENSG00000104537,ANXA13,ENST00000419625,8,123737392,-,GRCh38,123696433,123778353,01f96c6851323679b20ebcc0b6ded4dee58a96aec20dfe8ad86f4ed53c2d82ce
ENSG00000104611,SH2D4A,ENST00000265807,8,19313692,+,GRCh38,19272732,19354652,9ae5c052de63bbff606e6df3dd3d46cf8a275696bc2322aa9be929cb43dfe87e
ENSG00000104635,SLC39A14,ENST00000381237,8,22367277,+,GRCh38,22326317,22408237,0de63bafeac040a5a963ffea54082379b2a798f98f4667733baf866a6ced5665
ENSG00000104756,KCTD9,ENST00000221200,8,25458432,-,GRCh38,25417473,25499393,d581557dcc397aa082ac47edee7d025accaa439e8f7b8195ef708addc855571f
ENSG00000105223,PLD3,ENST00000409735,19,40348694,+,GRCh38,40307734,40389654,61f0bdc0b4199aabf4ba76d81dab871c4c55f62a6cd7c56304e804d95143a870
ENSG00000105402,NAPA,ENST00000263354,19,47515062,-,GRCh38,47474103,47556023,6fbf20b0c2792d0d0ab192c2103ae8dec7c9d9646959d23f2dfafa74cfefc6e5
ENSG00000105792,CFAP69,ENST00000389297,7,90245173,+,GRCh38,90204213,90286133,604365c353ab16884cd6b6cccc852dbce188ffd5982054a01a6561435f666e5d
ENSG00000105810,CDK6,ENST00000424848,7,92836572,-,GRCh38,92795613,92877533,e7dacad409057977f7dba660dcbc10567a0986044e8263c40ed07379a4dce3bc
ENSG00000105821,DNAJC2,ENST00000379263,7,103344766,-,GRCh38,103303807,103385727,7f3fe48761fa7cafde54a14e0912604b9e6ab30a63892a9fca153f8663517ca5
ENSG00000105851,PIK3CG,ENST00000496166,7,106865281,+,GRCh38,106824321,106906241,0bf51f364e975d512362f616cd554d3d1555c7259eb8b7d34b32430101a666a5
ENSG00000105852,PON3,ENST00000265627,7,95396374,-,GRCh38,95355415,95437335,a79598c2c38d4a70b540ae3bba70bc4b3e7ecc00e1ae1252e1625860aea720bd
ENSG00000105855,ITGB8,ENST00000222573,7,20330899,+,GRCh38,20289939,20371859,92ccac3ed573cb42494dd7937480fcb38e9f97ce12156e5b62499998e42e3de4
ENSG00000105856,HBP1,ENST00000222574,7,107169002,+,GRCh38,107128042,107209962,7efbcdba83c92348ee93cf82b8628aa0c34ee671fdfc0d50576148c9ed74bfc7
ENSG00000105865,DUS4L,ENST00000265720,7,107563970,+,GRCh38,107523010,107604930,68ac1d909227247639d1a443ab396bef777dff81b560710f2321de2780bca35a
ENSG00000105875,WDR91,ENST00000354475,7,135211525,-,GRCh38,135170566,135252486,a6fc36f771dec953590f17eb2efa1ae4044e18b7be9baa14a1310b6803867faa
ENSG00000105880,DLX5,ENST00000648378,7,97024830,-,GRCh38,96983871,97065791,461fa0adc2125b556cd825ea107f66c79829b1a6f309719d235bc1b31637845b
ENSG00000105887,MTPN,ENST00000393085,7,135977358,-,GRCh38,135936399,136018319,513d1fb1535525c1f2c0d81d3726feeb34754dbfa8a20c9e149493fc5a892704
ENSG00000105967,TFEC,ENST00000265440,7,116030762,-,GRCh38,115989803,116071723,b24fd86e96ab30d2ee981ea11db7201f3d25a6412d2f0ce72176264f3521d041
ENSG00000105974,CAV1,ENST00000341049,7,116525035,+,GRCh38,116484075,116565995,cb04791f2295a91295eb9404863a492966c50c6317aecdf88e1f7f625ea78faf
ENSG00000105976,MET,ENST00000397752,7,116672195,+,GRCh38,116631235,116713155,dc2a9be1a0b0ee8a02d112658f9fbcac52c8916eee01b81b5426a7a7034da68c
ENSG00000105989,WNT2,ENST00000265441,7,117323057,-,GRCh38,117282098,117364018,bd42d3fe23819da92603c6de6639436ec32ac56c04bf2088e1753c455b702922
ENSG00000106004,HOXA5,ENST00000222726,7,27143680,-,GRCh38,27102721,27184641,3eb094774bacd0dba7e64002e4b5ed367c95978a575423a19535c5e580861c58
ENSG00000106025,TSPAN12,ENST00000222747,7,120858143,-,GRCh38,120817184,120899104,a62ae2c8b4991f6f23bff2b57be000499ccaba00fc3f2e58daf938afbf795029
ENSG00000106034,CPED1,ENST00000310396,7,120988710,+,GRCh38,120947750,121029670,db325d569cfd5df239c203fdcb7e3fd03c12e6f591352f40a1c9357637eebfbb
ENSG00000106066,CPVL,ENST00000265394,7,29146536,-,GRCh38,29105577,29187497,18f979a74a9184e1f381561b39d807966e3a306d76bedaa6eb2121968e71fccb
ENSG00000106070,GRB10,ENST00000401949,7,50782895,-,GRCh38,50741936,50823856,2669ab983abf1ea65f4ba48c613314da105915ec4778f8cbf72e40f293fc003b
ENSG00000106100,NOD1,ENST00000222823,7,30478783,-,GRCh38,30437824,30519744,368cb0e263f28f9ab29df15dffe71975813982c0aea6b5c4e82b0508afe2f05e
ENSG00000106105,GARS1,ENST00000389266,7,30594877,+,GRCh38,30553917,30635837,f80e871a5a87147f738c91371a80a1e855828b4d2877ecd7946804da42c737a8
ENSG00000106113,CRHR2,ENST00000471646,7,30682455,-,GRCh38,30641496,30723416,b574636ea8ee61a7d2c931f9bf4a6a92efc6dba17af19469c5e20ddf86914cc5
ENSG00000106123,EPHB6,ENST00000652003,7,142855075,+,GRCh38,142814115,142896035,dfdc03f6e2f8e7e99fe5c06f4d9ddd4f9eb566a0d5ffb7c230e83b611ba0f6f6
ENSG00000106144,CASP2,ENST00000310447,7,143288350,+,GRCh38,143247390,143329310,1e3da337cdbe30591fd93738e4b8e9e13a69644b33e8df990c1abd829f68277a
ENSG00000106278,PTPRZ1,ENST00000393386,7,121873160,+,GRCh38,121832200,121914120,b2e38cc2e8d02d6ed34f1b6f36dec4fe16347efdcd6cd22a937c84f6110d8157
ENSG00000106299,WASL,ENST00000223023,7,123749002,-,GRCh38,123708043,123789963,6b72507192f49cfe49c52961c212b695c2b42a56de8ce27ff16711422d390a1c
ENSG00000106302,HYAL4,ENST00000223026,7,123845168,+,GRCh38,123804208,123886128,8ebfc3bbd0125e1d5d294aa55d7c19c18eb00eb8db3896e12f98975e7e642b4a
ENSG00000106341,PPP1R17,ENST00000342032,7,31687214,+,GRCh38,31646254,31728174,7d7a42d77ec9e78ff9210d03f8a528173eeec41d6dfb2c48d8a0413134f28beb
ENSG00000106366,SERPINE1,ENST00000223095,7,101127103,+,GRCh38,101086143,101168063,a448f5a8ce75f7ef6d5d67586c7a33316b0052fb3eed7f4615eff1029ad4a072
ENSG00000106477,CEP41,ENST00000223208,7,130441015,-,GRCh38,130400056,130481976,719ea41fef97ea33eb2744cc78895f08f3bb7041b592f80bc41474b933fa72d3
ENSG00000106483,SFRP4,ENST00000436072,7,37916816,-,GRCh38,37875857,37957777,03da3786970e8d215b17b648c792613dddd5c67cbf69be248deadb3435ad47cb
ENSG00000106511,MEOX2,ENST00000262041,7,15686682,-,GRCh38,15645723,15727643,d8cea6ac09c795a4f7144770631912b1533495ef3dd8d5b1442609f0ad9a2447
ENSG00000106524,ANKMY2,ENST00000306999,7,16645753,-,GRCh38,16604794,16686714,983bce5ecbdd12179c61a6dcfb03982eaf6eef3e1999105b2793a44b2432cde9
ENSG00000106541,AGR2,ENST00000419304,7,16804998,-,GRCh38,16764039,16845959,359fe20ae8dfdc70ce4615f2f4507b0200d30c99b9be93129b5d38ae96b912a5
ENSG00000106546,AHR,ENST00000242057,7,17298651,+,GRCh38,17257691,17339611,c2da0845172e345d27fb7eecd508a8e72f435067e7740307930b3a33ac462f8c
ENSG00000106692,FKTN,ENST00000357998,9,105558130,+,GRCh38,105517170,105599090,5542f1535bcdac3670c2bec6bdce4f043b3f5d9aed61de6121be9a5932402894
ENSG00000106771,TMEM245,ENST00000374586,9,109119946,-,GRCh38,109078987,109160907,73c5643de43f66aa13d020eb9f2f344681b91c788669a04531ce9b758ae2d250
ENSG00000106799,TGFBR1,ENST00000374994,9,99105112,+,GRCh38,99064152,99146072,d617970da35aa027b4ce6fb09153643e0b8121e0378ba4f901e22d8a35c699ca
ENSG00000106809,OGN,ENST00000375561,9,92404577,-,GRCh38,92363618,92445538,d7264f3b71a3a965536f589a6f94ff5777ced726e830dd5d586756898b4a377a
ENSG00000106819,ASPN,ENST00000375544,9,92482505,-,GRCh38,92441546,92523466,699a6b73a375561d0fc82cab504c226df77b8dc66d07172cff56621bc9bbc556
ENSG00000106927,AMBP,ENST00000265132,9,114078299,-,GRCh38,114037340,114119260,ea982500b864318f19667ace88bc4dcb12e89548166cbb5400426eee1af4ab2d
ENSG00000106952,TNFSF8,ENST00000223795,9,114930590,-,GRCh38,114889631,114971551,485f99d5c697319affe4a3b5e7605278152c7e1351bd9ac9a42e85007d850b78
ENSG00000106993,CDC37L1,ENST00000381854,9,4679568,+,GRCh38,4638608,4720528,a65d98918536fee608613676ebfcf6e5fa9cac7b9038a332adb99f3671750ae1
ENSG00000107020,PLGRKT,ENST00000223864,9,5437924,-,GRCh38,5396965,5478885,4f2fc99776dca15df355d434c44ea58173433ae18282a71a8ab02b9815608021
ENSG00000107099,DOCK8,ENST00000432829,9,214864,+,GRCh38,173904,255824,27a5c38318eff3678885967b28a348d801d25a4689dc2a2eeddb81bde12b3825
ENSG00000107105,ELAVL2,ENST00000397312,9,23826239,-,GRCh38,23785280,23867200,6d2755b286526d744625c7d82dba1c0376f118f05fef36aad78a83ed0945021d
ENSG00000107242,PIP5K1B,ENST00000265382,9,68705239,+,GRCh38,68664279,68746199,f66e793d6540256cccf3bf17cda0e0d432728eb6fd5f4c37120a4e7b8302e6a4
ENSG00000107371,EXOSC3,ENST00000327304,9,37785063,-,GRCh38,37744104,37826024,abbabbe5875a02e1a49aa3c7bf7218c370d225714ea0a8d9bc6df32b9e46b948
ENSG00000107443,CCNJ,ENST00000465148,10,96043582,+,GRCh38,96002622,96084542,d732dab690ab4ecd502ad1677478b59f60fdcf6030e5f5c0eef834c172cdd3cb
ENSG00000107447,DNTT,ENST00000371174,10,96304433,+,GRCh38,96263473,96345393,6209ce599c4ce32be94989f0a838ed64357b5a31b5a598a07ae9293beb816222
ENSG00000107521,HPS1,ENST00000361490,10,98446934,-,GRCh38,98405975,98487895,9def86da7503492691b525042790eef361c2c5a25457f1713c660b9f116c5d8a
ENSG00000107566,ERLIN1,ENST00000421367,10,100186028,-,GRCh38,100145069,100226989,bfa86be796bbcc11854da2b45e674b87bbd732f9a74a567ea894c002d3ddb695
ENSG00000107593,PKD2L1,ENST00000318222,10,100330227,-,GRCh38,100289268,100371188,d033766a4ed3916f764f108174f2d237ca26214051caf49e66e38efa0ad116f0
ENSG00000107611,CUBN,ENST00000377833,10,17129810,-,GRCh38,17088851,17170771,7207635982f918e5d7ee9c5c35ede1c85404621076f3b9c0aa33a4d678695b6d
ENSG00000107643,MAPK8,ENST00000374189,10,48306676,+,GRCh38,48265716,48347636,6a7038f7233cb4871fb46833ce46ab9ddd57f8acddccafc026fe6c201aad714e
ENSG00000107669,ATE1,ENST00000224652,10,121928030,-,GRCh38,121887071,121968991,198a2f5319dc2d9bc7de98900e8e250da258461d6e3bed06ba115f8349fc2251
ENSG00000107679,PLEKHA1,ENST00000368990,10,122374707,+,GRCh38,122333747,122415667,49f63312db170277a6c9960ab23aba6d58b1cab515f7b60e427f53b90281733a
ENSG00000107779,BMPR1A,ENST00000372037,10,86756618,+,GRCh38,86715658,86797578,bee9db41eaa492b8b413957f012fc3de7e3285f414d710e1ca897a7e35dd5b92
ENSG00000107796,ACTA2,ENST00000224784,10,88952772,-,GRCh38,88911813,88993733,d452150926b897a4bf50fc38eff0a329137e868c9ca5fc3105ed1bc4925a2255
ENSG00000107807,TLX1,ENST00000370196,10,101131299,+,GRCh38,101090339,101172259,4065956aaa71a8b7f77c61f8e78fb3de03bf3d7788aa185c8f3f5c18809901c9
ENSG00000107816,LZTS2,ENST00000454422,10,100999807,+,GRCh38,100958847,101040767,0bd7a7229d689d07f65f86dd2b535882ad20c09ce27c2b0b54a65c273a27676d
ENSG00000107854,TNKS2,ENST00000371627,10,91798425,+,GRCh38,91757465,91839385,8b9e0908f265606d52008dd1ce527602907ee65783684ed7d450f5efd7b6bdc5
ENSG00000107938,EDRF1,ENST00000356792,10,125719708,+,GRCh38,125678748,125760668,1c35f1179dfbf106cbfde1622c63f84ca5876506527c255a53af6d82a903e3f7
ENSG00000107960,STN1,ENST00000224950,10,103918183,-,GRCh38,103877224,103959144,e5b78df678adc71507f44ecf3a6438c0052ea52e80e1c8d82182f7021914c1ab
ENSG00000108018,SORCS1,ENST00000263054,10,107164705,-,GRCh38,107123746,107205666,e2d4bb69b4364c5d00ee2738bb6fc2e9435f7e080388ba13de0756dda6b3b407
ENSG00000108055,SMC3,ENST00000361804,10,110567694,+,GRCh38,110526734,110608654,be652dc5a5c58f60e824cf30b3487e592a12e180b71570804b5167dd42053c3c
ENSG00000108091,CCDC6,ENST00000263102,10,59906555,-,GRCh38,59865596,59947516,e11d505af06c066e79c0796ef619d70e8cf267b6a5ae55495088881d09d76cd5
ENSG00000108175,ZMIZ1,ENST00000334512,10,79068965,+,GRCh38,79028005,79109925,16103ef9bdd7d00f3593724797d46bfa6de6cdcd7ac3c8167463f744f0b51abc
ENSG00000108231,LGI1,ENST00000371418,10,93757935,+,GRCh38,93716975,93798895,bdceb71f6f53870784cd51bed0674eb7ccdc30a6dd96196058cb4ac0f49bbfd8
ENSG00000108244,KRT23,ENST00000209718,17,40937645,-,GRCh38,40896686,40978606,c3c83ce61ca2b6d5d61feafd80ec02d5ebadc1d6e304d085dd58380f1142b8c5
ENSG00000108375,RNF43,ENST00000407977,17,58417533,-,GRCh38,58376574,58458494,d34722b55a7f0542c56c9b3930ceeca6cef2308858f9fb02cacefc878468dd13
ENSG00000108384,RAD51C,ENST00000337432,17,58692601,+,GRCh38,58651641,58733561,c6b663d023c45f5a57e7c8b5ff15bd4249d4431e80ae6738422f2bbf273b86d3
ENSG00000108395,TRIM37,ENST00000262294,17,59106879,-,GRCh38,59065920,59147840,702b0cef42af3a59bb69cafac41d909ae99bf33f815c5d6734a74a96fb224444
ENSG00000108406,DHX40,ENST00000251241,17,59565609,+,GRCh38,59524649,59606569,8e679484795f1bfeeb08d08a306af6fe8dfe4dc3a9874c7a5242f35eeca456df
ENSG00000108423,TUBD1,ENST00000325752,17,59892942,-,GRCh38,59851983,59933903,861c9dc673e5e7f6cdbc72783e2f04f5b3437fb5dc27defe3637446f689fd009
ENSG00000108443,RPS6KB1,ENST00000225577,17,59893120,+,GRCh38,59852160,59934080,e00ffddb0b07e59a1fcdc4cce29e75c676be1d4b7a393813947610651c573777
ENSG00000108469,RECQL5,ENST00000317905,17,75667153,-,GRCh38,75626194,75708114,caa4a52589119bb34dd89a0b6dfb8dcb33be2605e43b591c216e2de0e9849d77
ENSG00000108588,CCDC47,ENST00000225726,17,63773596,-,GRCh38,63732637,63814557,7ad45d6f4a067708231cf497b88ce677bb0fb868c2eee2c2bdbe46c907c2b9f7
ENSG00000108848,LUC7L3,ENST00000505658,17,50719602,+,GRCh38,50678642,50760562,78cd8bae4d8e15f5fb0c6a68b63c7f56a64f39b8eddeb4aa87cddce7c8f0024f
ENSG00000108878,CACNG1,ENST00000226021,17,67044553,+,GRCh38,67003593,67085513,6b4845e4637a9f230c1c4109f913a064b8b6d16c7f466ab640ff90835d704734
ENSG00000108883,EFTUD2,ENST00000426333,17,44899444,-,GRCh38,44858485,44940405,7e8b8b45c44e11efef53f022c894bc476c6fde7ddf53f4e6f384240a4ffa4fa8
ENSG00000108960,MMD,ENST00000262065,17,55421834,-,GRCh38,55380875,55462795,65e3a90d84c1b21399d83c99d6e8181a390dad1d74a9485d8d199b758735905a
ENSG00000108984,MAP2K6,ENST00000590474,17,69414696,+,GRCh38,69373736,69455656,4022d1b6f0fe0179756b93c0fbc98ee93f3064176bd5d88798b230778940e79d
ENSG00000109063,MYH3,ENST00000583535,17,10657308,-,GRCh38,10616349,10698269,de5119959a5d1c7eeaa37022063aab3385ba4e7d13ebdd938bc7c4b462e70ff8
ENSG00000109072,VTN,ENST00000226218,17,28370306,-,GRCh38,28329347,28411267,aedc99b4fde5020219931ab080a74e656adf38bd3008e7e14c6d77124b45e5b6
ENSG00000109079,TNFAIP1,ENST00000226225,17,28335760,+,GRCh38,28294800,28376720,172999a4ca88c16cb50ecaf805d56266445315e40a438d559762b84d8cd95448
ENSG00000109099,PMP22,ENST00000312280,17,15265325,-,GRCh38,15224366,15306286,d20184c870d779bc8cffb6424c625d6e086f0601535a512aadc4b90603227ef4
ENSG00000109101,FOXN1,ENST00000579795,17,28506347,+,GRCh38,28465387,28547307,4ea869d1adbf0fde0fe384c59605c21a681f22f41caf013b62b9759c66b67150
ENSG00000109107,ALDOC,ENST00000226253,17,28576894,-,GRCh38,28535935,28617855,d2b7424b1bdb0066d78be787eeae15ff96b0d7abd408b96664bb6f7cae6e052d
ENSG00000109118,PHF12,ENST00000332830,17,28951517,-,GRCh38,28910558,28992478,2cb06a89a2d8233959637b485ad71c0fbe188fa8ddd76b2f28076ab4e61ff6a9
ENSG00000109133,TMEM33,ENST00000504986,4,41935428,+,GRCh38,41894468,41976388,4a1eacc95d5b54a07049320edab9465abfcd6025c5ad3d5ac1ca6b384292a1b5
ENSG00000109158,GABRA4,ENST00000264318,4,46993580,-,GRCh38,46952621,47034541,980b638832516e02463775b4d905e57d01b4e6f9d4e8c229f141d1acc40e5257
ENSG00000109220,CHIC2,ENST00000263921,4,54064604,-,GRCh38,54023645,54105565,cc9b131d5e26b85ac25ff86707c3818d41ed8f6e40511fa08d8b9d2ef113c61f
ENSG00000109320,NFKB1,ENST00000226574,4,102501358,+,GRCh38,102460398,102542318,5b6776abfb4ca74f4b5b660478f95f665a9db2706e7900134086fb924bd931e1
ENSG00000109321,AREG,ENST00000395748,4,74445135,+,GRCh38,74404175,74486095,dda9d54b6b1c25c8144aab698ee523581188c7967ee6b515b41465ebf0a6259f
ENSG00000109323,MANBA,ENST00000647097,4,102760967,-,GRCh38,102720008,102801928,937fbd4dab1b93f84089905c1275ff352d78aae6e77f4e220f8677f6d657caf1
ENSG00000109339,MAPK10,ENST00000641462,4,86360052,-,GRCh38,86319093,86401013,27af2303ea19da8fe3e87d7851b0164b77bcb1c7607d700a4678d7ef45b0fef7
ENSG00000109452,INPP4B,ENST00000262992,4,142846300,-,GRCh38,142805341,142887261,e943a7317e371703b8dc36a6f24ab7e0a9a6b3ce7cc7a91912538efde853497a
ENSG00000109458,GAB1,ENST00000262994,4,143336875,+,GRCh38,143295915,143377835,fcf9fc616d2438b5a660cfe7b7448ee89422fe8ee4effedf30f5f43a2733fb9f
ENSG00000109511,ANXA10,ENST00000359299,4,168092536,+,GRCh38,168051576,168133496,58ef61d0c3439601a33c6457e67d469f483807d4209e27a0db2a9cda71ff6e5b
ENSG00000109572,CLCN3,ENST00000513761,4,169620577,+,GRCh38,169579617,169661537,466a1233526a1918cee78bd4bf2009019dced51d6fc05eb021f608e8ff0a0f2e
ENSG00000109618,SEPSECS,ENST00000382103,4,25160448,-,GRCh38,25119489,25201409,32ba9aedc9307a8d1939ae24950fbfe08a64bd53d19a27b5e3f0292e5d319d46
ENSG00000109667,SLC2A9,ENST00000264784,4,10021496,-,GRCh38,9980537,10062457,c7165fcc254ab7b5776679d2359e1dc4599322352d15cfc0ea0e499a179a5acc
ENSG00000109670,FBXW7,ENST00000281708,4,152536091,-,GRCh38,152495132,152577052,00832068464a4909a220ff1eeccc870e0475d411eaf8c4d9bbba25ae8491f958
ENSG00000109674,NEIL3,ENST00000264596,4,177309873,+,GRCh38,177268913,177350833,c033bc7067f6d88a09928c9b0a624f449ed8d11d5098bc01ed8b43114bc63beb
ENSG00000109689,STIM2,ENST00000467087,4,26860840,+,GRCh38,26819880,26901800,fa761b3fe7aaf93f112abe9ee3a2aa7c8939e4a9c9279b278261c4d4a9f9cefc
ENSG00000109771,LRP2BP,ENST00000505916,4,185395923,-,GRCh38,185354964,185436884,88fbeb709eb2b10212f8cfe06317d31af858a4bd7ea8d0f26a665667d79c4ba4
ENSG00000109805,NCAPG,ENST00000251496,4,17810978,+,GRCh38,17770018,17851938,e4dde5d4161063febbe195dbd392bd318f21f4fecdc0dacc040049d2e1c8ef7a
ENSG00000109819,PPARGC1A,ENST00000264867,4,23890046,-,GRCh38,23849087,23931007,0b6c1c50c65d89b250eee015808e9c5472d0efd85add30b2fce485ce8b078aff
ENSG00000109832,DDX25,ENST00000263576,11,125904507,+,GRCh38,125863547,125945467,f7855eb6dd6a8ebd08f44dd5a5cf72f6fabbecd1cac9579d16def6722eb0ae35
ENSG00000109851,DBX1,ENST00000524983,11,20160474,-,GRCh38,20119515,20201435,8e0a6473883d7509d1f9945eec6b20d7a88f27e9df52092c97b3ea2bb236e514
ENSG00000109861,CTSC,ENST00000227266,11,88337735,-,GRCh38,88296776,88378696,5ada8f694cb41fab643087a346b89af5c4cd91beea82946ae3f8151f8cbb6c2e
ENSG00000109906,ZBTB16,ENST00000335953,11,114059710,+,GRCh38,114018750,114100670,1bc41bc763f969d7998a68863bf1a22ba5f318996563d69a1cffb039f0f37da4
ENSG00000109911,ELP4,ENST00000640961,11,31509766,+,GRCh38,31468806,31550726,97f21cc20da1cddd49c880bc392d04efa40422ce2d64dc6c8de880d4850cda66
ENSG00000109927,TECTA,ENST00000392793,11,121101242,+,GRCh38,121060282,121142202,b621525a391be860936e0a838a0408374d70b670d4bc221878bfacc645518788
ENSG00000109943,CRTAM,ENST00000227348,11,122838499,+,GRCh38,122797539,122879459,1e163f1a456eacafa8e28aa6960d2a04c53820b840d9a1fa8a28b3cbbe0288b7
ENSG00000110013,SIAE,ENST00000263593,11,124673738,-,GRCh38,124632779,124714699,1c8ddc41b5cbb55a7014da494b9a4d141058ac4d14b6209ab1bdccd3f25b4ac6
ENSG00000110060,PUS3,ENST00000227474,11,125903205,-,GRCh38,125862246,125944166,e4a82bba71d8fc6ac397dc3c6cd64f3c50d2ea1e343a1fb51f4871923bfa20f0
ENSG00000110107,PRPF19,ENST00000227524,11,60906584,-,GRCh38,60865625,60947545,e65b7b8e2cba6cfb5c8666f6d015e4290446af9b11635ebaf0f6ecc8b52d9ad5
ENSG00000110108,TMEM109,ENST00000227525,11,60914157,+,GRCh38,60873197,60955117,7f22eac25dc99635284cb6ff6cc7d92822f2f332f75b8efd8766b3ac2ef25fd5
ENSG00000110169,HPX,ENST00000265983,11,6440986,-,GRCh38,6400027,6481947,577186d6bd137d7be73329aecffb75ddb37f1b1a8431ed992bea8d9ac2bbb795
ENSG00000110171,TRIM3,ENST00000345851,11,6473940,-,GRCh38,6432981,6514901,768d173132ae457f989029d01c09bdce6b960a6e8a1c130be233fa24ad6e7466
ENSG00000110243,APOA5,ENST00000227665,11,116791878,-,GRCh38,116750919,116832839,865fdff83217b6e82951de848404c07737420d41700e85643fbca219f518ea22
ENSG00000110315,RNF141,ENST00000265981,11,10541186,-,GRCh38,10500227,10582147,ea1e3cf792f1055cb93f3acb662e29b3c57540fc8c8baa7c255a70305cbc8351
ENSG00000110328,GALNT18,ENST00000227756,11,11622004,-,GRCh38,11581045,11662965,2a96ceb172cadcee23df167aae45a3de419d77253412c729258a4722d9b36806
ENSG00000110344,UBE4A,ENST00000252108,11,118359599,+,GRCh38,118318639,118400559,b9903a916ddf58876cdb91af9f1032a0022c8d37e151a4d51cc7c13fe8654669
ENSG00000110435,PDHX,ENST00000227868,11,34916617,+,GRCh38,34875657,34957577,f74ceae8f612ccf414d87396d58aacc6f8d32c2968d663b8c307fbd5ce6ffec4
ENSG00000110436,SLC1A2,ENST00000278379,11,35419557,-,GRCh38,35378598,35460518,4f542ade634e509b6b91993dde4a5d83ad85ccc3e3d083c9a6dcd7d1bcb6cf09
ENSG00000110442,COMMD9,ENST00000263401,11,36289423,-,GRCh38,36248464,36330384,91f7b35b08835ea8cf82790cb4723cace6d409d4f83d88f691ddddd84666eeab
ENSG00000110675,ELMOD1,ENST00000265840,11,107591146,+,GRCh38,107550186,107632106,acf062b5a33b9a55be53aa0054b3e3a7e5e704b2207b657deb5c9332f56056d5
ENSG00000110693,SOX6,ENST00000683767,11,16356545,-,GRCh38,16315586,16397506,f1642b0dc1b44c67397176eeef5f49ca6a0afa26627aa8553a46f86cadb275ca
ENSG00000110756,HPS5,ENST00000349215,11,18322139,-,GRCh38,18281180,18363100,e68f9b44cde4704dd7ed0228712502162508d35adae1a086071e1ff4effb6359
ENSG00000110768,GTF2H1,ENST00000265963,11,18322566,+,GRCh38,18281606,18363526,0bd13a61e6ca2e01daa48aa05fe1eaaaed465ba4090ada551b28843825edc243
ENSG00000110777,POU2AF1,ENST00000393067,11,111379274,-,GRCh38,111338315,111420235,80fc979870914d56aab9c3c88dded77aca2ca156dee6c2a452c783131ce36849
ENSG00000110844,PRPF40B,ENST00000548825,12,49623560,+,GRCh38,49582600,49664520,69b1dfcb55b9615a8ea70f403ba753423b73e851951daf4b8a17a566a7558128
ENSG00000110906,KCTD10,ENST00000228495,12,109477299,-,GRCh38,109436340,109518260,7d1a010f3a15036a41d9500eb63beb4c8b77132bb101942dd06d1b7e8d4af238
ENSG00000110921,MVK,ENST00000228510,12,109573793,+,GRCh38,109532833,109614753,b29537d72ea6a63a6ba6053e00ecb260168c366df05173c39a20f14ad7220236
ENSG00000111011,RSRC2,ENST00000331738,12,122526935,-,GRCh38,122485976,122567896,eaa9df517d76d7e77fed87fd2d6d50394cccfb17c5e075c2234dfad547f780d6
ENSG00000111046,MYF6,ENST00000228641,12,80707633,+,GRCh38,80666673,80748593,b52d1e935d5dbc9b552d091e6a53d737cdf450b28264a0798e5366bb12e9baab
ENSG00000111049,MYF5,ENST00000228644,12,80716911,+,GRCh38,80675951,80757871,1070147ec30099c5f2b131a95bc2bafb014e45a4b79ac13abdf5780f7a3c0116
ENSG00000111052,LIN7A,ENST00000552864,12,80937933,-,GRCh38,80896974,80978894,cb5a8f1c432e59c4ce099507b937d1835ed81dca4ba3236fcb13443613abeb25
ENSG00000111058,ACSS3,ENST00000548058,12,81078078,+,GRCh38,81037118,81119038,304931205ed7c9c31adfebc2951a0116c6c0459bf6adb712e790f06335186e94
ENSG00000111144,LTA4H,ENST00000228740,12,96035586,-,GRCh38,95994627,96076547,070d2611a230e45de31295cb9d7b6e402df6aa5fd1211d99e48d25eab3cf0f15
ENSG00000111181,SLC6A12,ENST00000684302,12,214156,-,GRCh38,173197,255117,98914e8507d23783d1c0e2b2aab04217b5322c42cc955a35aec8c1967c0c869f
ENSG00000111218,PRMT8,ENST00000382622,12,3491202,+,GRCh38,3450242,3532162,4277cf1f32729ad514bd61a5790ada7666fefa72c3a05401e45faf85c8148dd6
ENSG00000111224,PARP11,ENST00000228820,12,3873398,-,GRCh38,3832439,3914359,8da118065c4172383a08dd6265cb831b7f703dd98c2ae7bce7563678e0662ac5
ENSG00000111231,GPN3,ENST00000228827,12,110468256,-,GRCh38,110427297,110509217,66bb99c86fd2e0a1e866883369d3c589978b0c18a3bc1a5ccd085cadfab45d06
ENSG00000111241,FGF6,ENST00000228837,12,4445814,-,GRCh38,4404855,4486775,37ccac344c378bd30ef48906f59fdafc004b2f47a7b008223f0a08dd11069663
ENSG00000111249,CUX2,ENST00000261726,12,111034164,+,GRCh38,110993204,111075124,56b794c1634bf59d97d1b42c4bd7afcbfe56e0faa5883d2946bd8696a42d205c
ENSG00000111262,KCNA1,ENST00000382545,12,4909904,+,GRCh38,4868944,4950864,9dab9ce6326535e458ef5ef5ecc71bb40df2562a864c4b923834d8059a0141d3
ENSG00000111276,CDKN1B,ENST00000228872,12,12717367,+,GRCh38,12676407,12758327,143a7c4f9694f66749b9baf1f5cd054c85be77c44f0f935ca62ee3b8194dc3fc
ENSG00000111348,ARHGDIB,ENST00000228945,12,14961600,-,GRCh38,14920641,15002561,0a08dd39d60e89ab818488961626276c7fa4c3ce66c1c8b6b068987fb1ccc886
ENSG00000111424,VDR,ENST00000549336,12,47904993,-,GRCh38,47864034,47945954,202928194eee1e121e2d7976a4d9aed09a4e069372b93d553b1d7068e97e82b0
ENSG00000111490,TBC1D30,ENST00000539867,12,64824646,+,GRCh38,64783686,64865606,f2d857027149871a6b83e90f9c008d7728485a4790d10cca09588382112bdf3a
ENSG00000111530,CAND1,ENST00000545606,12,67269357,+,GRCh38,67228397,67310317,3438640b61192d266f06df64968155541926c77158cd9f467224e17b1d5565bb
ENSG00000111554,MDM1,ENST00000682720,12,68332361,-,GRCh38,68291402,68373322,9c6a5acf91bb5c608823d6c9846cc74dbb3e7ec355597222be0c530f1a455591
ENSG00000111596,CNOT2,ENST00000229195,12,70243432,+,GRCh38,70202472,70284392,579daef973dbc5030cb873662031f29233e20914bc1376b71b103f84faf6a9cc
ENSG00000111725,PRKAB1,ENST00000229328,12,119668132,+,GRCh38,119627172,119709092,a1405b2cda28e639b9a5a1cd99be28154c7bd61cec094a7d3b113e874c4735f4
ENSG00000111728,ST8SIA1,ENST00000396037,12,22334706,-,GRCh38,22293747,22375667,e8d8c622e5e3383dbf05be39af56997e5a77f00a17a1c4e44c62a877739c32cb
ENSG00000111731,C2CD5,ENST00000446597,12,22544541,-,GRCh38,22503582,22585502,690cf02c1b7f5c3a6df1bcc0465ba87dde3aa8f3787acfee6b31de3c22395345
ENSG00000111785,RIC8B,ENST00000392837,12,106774681,+,GRCh38,106733721,106815641,ddbf9dc0ecbda641a71eddb63ab7c35b71ab44743dde74af45cc43d0aa78f1d0
ENSG00000111790,FGFR1OP2,ENST00000229395,12,26938469,+,GRCh38,26897509,26979429,f6b9796bababc337cc6c78f75771e7f974bf1271c8258d5fca7223a9890f3c75
ENSG00000111799,COL12A1,ENST00000322507,6,75206052,-,GRCh38,75165093,75247013,b07489e3dcb4a3f5c7eb5be52bb52363aa32cd18e44dec9332a31e860d097320
ENSG00000111816,FRK,ENST00000606080,6,116060890,-,GRCh38,116019931,116101851,b113ae76e31e1262498449b16a810d57577724c51e412ce4f55c0343cc4856ba
ENSG00000111817,DSE,ENST00000644252,6,116370946,+,GRCh38,116329986,116411906,265eca95fa16801e863b2a8a2097549b06e5822e7c3afcbd565aff70fea317a0
ENSG00000111834,RSPH4A,ENST00000229554,6,116616478,+,GRCh38,116575518,116657438,0b5c5812628418093b74c14b3d23f6301d329276a9daaf9d5800962c81396d71
ENSG00000111845,PAK1IP1,ENST00000379568,6,10694971,+,GRCh38,10654011,10735931,4d1ad0e90199b7d9245efed8204a16e64cdec80c42b6f2bf7740135ab68165fd
ENSG00000111859,NEDD9,ENST00000379446,6,11232667,-,GRCh38,11191708,11273628,2babf55bb02381732632d7542b566e3baddc6436f531bb39dc12f552df0cd52d
ENSG00000111860,CEP85L,ENST00000368491,6,118651590,-,GRCh38,118610631,118692551,389048dec0625544de73f872a05518846d2f7253cc4353f9ef0f0e3b4590fb35
ENSG00000111879,FAM184A,ENST00000338891,6,119078663,-,GRCh38,119037704,119119624,d42b61665b00c949fde7cd28f5251d2de5967905bc2ac16faf5a7e4e8e06b645
ENSG00000111897,SERINC1,ENST00000339697,6,122471806,-,GRCh38,122430847,122512767,c615854ab48b11bc8729d7ca369bdf833bae4a40be30373e88a8a639be334e1f
ENSG00000111912,NCOA7,ENST00000392477,6,125790959,+,GRCh38,125749999,125831919,4c8bfd476df0b60a6e83778be77a77aedebda46c27c84eadd071979d5d285875
ENSG00000111913,RIPOR2,ENST00000643898,6,24935959,-,GRCh38,24895000,24976920,bcb46d54c4837cd37cf1b20a7b97b9231abd74648e53ce85a4ba99b7eeee5d0b
ENSG00000111961,SASH1,ENST00000367467,6,148342837,+,GRCh38,148301877,148383797,1553775ab072ad74fe685e881fc5fda8c6de7b27464fd050d9e8fb473f875fdb
ENSG00000111962,UST,ENST00000367463,6,148747029,+,GRCh38,148706069,148787989,533352b0211d6598d6563792583421dfca54d54628781a7b03aa04c3a8035975
ENSG00000112038,OPRM1,ENST00000330432,6,154039239,+,GRCh38,153998279,154080199,2a8baaab8a1c23c1502d649d083ebe7e3553b13d1900b333bcfed40c72babe8a
ENSG00000112077,RHAG,ENST00000371175,6,49636838,-,GRCh38,49595879,49677799,32de79aa157730f8252c22cd1f74a0bbd1f51a033cd965e681397697a23986cd
ENSG00000112078,KCTD20,ENST00000373731,6,36442999,+,GRCh38,36402039,36483959,7717a11d7f18de61501053e88b3e3b0b7923cdd87ccc7e12c4ead7414be49e0e
ENSG00000112079,STK38,ENST00000229812,6,36547478,-,GRCh38,36506519,36588439,2ccc5d39d6e2d49801ca98ba2a6309732a76836f762be466db05937a20a3266d
ENSG00000112118,MCM3,ENST00000596288,6,52284741,-,GRCh38,52243782,52325702,6811bfcddaab3de2dc0f4f49d624ff622bd5ea53e7fc62b34b8e94c4b16ef3b9
ENSG00000112146,FBXO9,ENST00000323557,6,53065403,+,GRCh38,53024443,53106363,30765a6929c26869cc4e15defd4219ae29d76bd7ef0ffe07c72da347af43f366
ENSG00000112159,MDN1,ENST00000369393,6,89819793,-,GRCh38,89778834,89860754,005605bc54e21bd6bf6255db1da6d9aa8e2b0f74d2fae4688ed62bd3da73fd43
ENSG00000112175,BMP5,ENST00000370830,6,55875589,-,GRCh38,55834630,55916550,30b54c66975026d29c5d5d3ea82ad359c739cdda6b5edbdad3be1a8af6052b02
ENSG00000112182,BACH2,ENST00000257749,6,90296842,-,GRCh38,90255883,90337803,e79bdca76e0a8bdeaa08f99a9da80c991cde11c74f22ee83ef322cf3dd8f23c7
ENSG00000112186,CAP2,ENST00000229922,6,17393594,+,GRCh38,17352634,17434554,840a3584430fbbbb669eb093d7cf30841efd982b34afc241d312b4823261d4e8
ENSG00000112200,ZNF451,ENST00000370706,6,57090187,+,GRCh38,57049227,57131147,b12641598f9486939cd344a1d643d951dd2305c13927c39755ba6c9dc880943f
ENSG00000112214,FHL5,ENST00000450218,6,96563127,+,GRCh38,96522167,96604087,92821fb0e51c13f2d55e9ed1cd8ca126cd0a1c616f56ceef2ff53b294d6fa275
ENSG00000112234,FBXL4,ENST00000369244,6,98947945,-,GRCh38,98906986,98988906,77fafebe2dc6860b2a537314d65b1a8685946b5e862df5e810254958fb83ae63
ENSG00000112246,SIM1,ENST00000369208,6,100464920,-,GRCh38,100423961,100505881,cab001d0e2fbafa659ebc44f980c53b1507f4d08316bdc47b34f54b0a769c20f
ENSG00000112249,ASCC3,ENST00000369162,6,100881328,-,GRCh38,100840369,100922289,f6d1f20de52a32bebcc8bfc5676dad1f284595b0d88476927adaa3283cf69f2b
ENSG00000112280,COL9A1,ENST00000357250,6,70303083,-,GRCh38,70262124,70344044,e069ce3ed545d4123b2598c291c62a455ea0d20c8b6e5e33229510c4bfaa5732
ENSG00000112282,MED23,ENST00000368068,6,131628241,-,GRCh38,131587282,131669202,85d621ec7e3c62f8ef47e2de8369316b4a0c25f5e8581788fc09f5e9d5128a1d
ENSG00000112290,WASF1,ENST00000392589,6,110179669,-,GRCh38,110138710,110220630,2970a2c2688433a6d2be626134a9e4db7401d7b72e5f0bd88cf2909d2306d72a
ENSG00000112308,C6orf62,ENST00000378119,6,24719153,-,GRCh38,24678194,24760114,da889056ac35453f0f11d7fc65bea83495fcd8691ca3d491c1d51048ae05054a
ENSG00000112319,EYA4,ENST00000355286,6,133241356,+,GRCh38,133200396,133282316,feee9f3b282e59e5bda2a1d777d9e7fef6eab7e67d3bc45b89dcfe451646e9bc
ENSG00000112333,NR2E1,ENST00000368986,6,108166021,+,GRCh38,108125061,108206981,966844125b3f12575c22e605d0bded04ae1e01dcb2134d44a298469f1cb3253c
ENSG00000112339,HBS1L,ENST00000367837,6,135054821,-,GRCh38,135013862,135095782,0fd6b61e7a1c93fc793949a9e44a4c2ebf5a5bc3babdcd9a823474eb65792036
ENSG00000112357,PEX7,ENST00000318471,6,136822591,+,GRCh38,136781631,136863551,93856a482e39eeab0f1a1666bcbcc2d7f304f5a101ef6efd47b31fb47cc8db90
ENSG00000112367,FIG4,ENST00000230124,6,109691295,+,GRCh38,109650335,109732255,0e7296dc5f8a2ebfdc52f26c224b7c0c4397ea630e8920478b4736254eeded52
ENSG00000112414,ADGRG6,ENST00000367609,6,142302006,+,GRCh38,142261046,142342966,1b5613efbe02d7d416e75fbeebeba26c9e53e66c3a61a559bb697b4efd64f7c9
ENSG00000112419,PHACTR2,ENST00000440869,6,143677964,+,GRCh38,143637004,143718924,8a552a327a8bed686740c3ec359f8360dac8e4632cf3618c60ba203fbac35966
ENSG00000112499,SLC22A2,ENST00000366953,6,160258820,-,GRCh38,160217861,160299781,3c0e74d7a32d122f0e832090c75e9884d1532f85208f1c81ced7a0274c777171
ENSG00000112562,SMOC2,ENST00000356284,6,168441183,+,GRCh38,168400223,168482143,0656437fb75636137181332bbe6b7f45b3cca719db76e210c82ba61e9c86905c
ENSG00000112761,CCN6,ENST00000368666,6,112054103,+,GRCh38,112013143,112095063,de43195bcefc512431bf6f3ba80a24759f57b902b8211e35842ce44aab81037f
ENSG00000112769,LAMA4,ENST00000230538,6,112254566,-,GRCh38,112213607,112295527,5a319749001f9d4d416a959b59390977ca8a8e0fbfb5403a943a333e2fae88bc
ENSG00000112796,ENPP5,ENST00000371383,6,46170979,-,GRCh38,46130020,46211940,c1b88c9a079d16c4366b238f943a21bcf914ddb27a5137c6d40fe53ec6f32267
ENSG00000112837,TBX18,ENST00000369663,6,84764597,-,GRCh38,84723638,84805558,6825907b994a6bb2c3c962075bf2a56c7c6266086b063fcd2abec5d7e5a8d08d
ENSG00000112874,NUDT12,ENST00000230792,5,103562788,-,GRCh38,103521829,103603749,930bf1c60e661f8890184057793f2c8080fb4eceefb599e31927f171bba34cfa
ENSG00000112893,MAN2A1,ENST00000261483,5,109689926,+,GRCh38,109648966,109730886,bfd15fb882a9c2bdaba28502d2005dd56c59ef675f5758cae7025d3755b693fe
ENSG00000112902,SEMA5A,ENST00000382496,5,9546074,-,GRCh38,9505115,9587035,f9ac041e0fbee6cf566f72b10d31cca493e11c251a742cdbaaf6e976d7af4efe
ENSG00000112984,KIF20A,ENST00000394894,5,138179111,+,GRCh38,138138151,138220071,6134f5634176d570c8595d91e868602372629d54c491824b4648be0e3481f4a6
ENSG00000112992,NNT,ENST00000344920,5,43603179,+,GRCh38,43562219,43644139,f76e70879ed853ec7af9fc400a1e98294ae8c7dce5b49eedbb8969b678820694
ENSG00000112996,MRPS30,ENST00000507110,5,44808946,+,GRCh38,44767986,44849906,1632b9d3d20cb972996352e865c86937eb3273bb3f4f338093da0f1e0bbd70dc
ENSG00000113048,MRPS27,ENST00000261413,5,72320239,-,GRCh38,72279280,72361200,3adce701f0ddd5cc5a1eb0105ad0313afa8b7ea904c459baddc54b6c659a874b
ENSG00000113119,TMCO6,ENST00000394671,5,140639450,+,GRCh38,140598490,140680410,f0f2593a2b4d62fd62254e087d2844196b94720fac24aa7c908f4ce1573a3936
ENSG00000113140,SPARC,ENST00000231061,5,151686914,-,GRCh38,151645955,151727875,b4cb5a95bf438979cda4d3ff192e7b04200b3543a1395268854a7ab3f4bca29b
ENSG00000113163,CERT1,ENST00000643780,5,75511628,-,GRCh38,75470669,75552589,06da55845a3ea332af83ca7d8658a87e54a095d653140d381800dc26593f1a8a
ENSG00000113196,HAND1,ENST00000231121,5,154478226,-,GRCh38,154437267,154519187,93592fd7428ac05da5873126c1cec79235d43bf22afbc01a802bfe70b77565cc
ENSG00000113263,ITK,ENST00000422843,5,157180839,+,GRCh38,157139879,157221799,ddceffb903540daee2f6ac2a583480d2b383a9ebc142b42c539a8f53fcadf94a
ENSG00000113272,THG1L,ENST00000231198,5,157731419,+,GRCh38,157690459,157772379,7dd6e7d662f30d9e33ea22846db6785964f8fc9db283ec8a8d2288607c9081de
ENSG00000113282,CLINT1,ENST00000411809,5,157859144,-,GRCh38,157818185,157900105,164411633e232cebac658475b759c886fd13f5aa0c2557bab7e1f73c4e64a296
ENSG00000113302,IL12B,ENST00000231228,5,159330486,-,GRCh38,159289527,159371447,a1bf40697253337634538762c9cffcc813a4d053103d6838389a7f599da4ba04
ENSG00000113312,TTC1,ENST00000231238,5,160009138,+,GRCh38,159968178,160050098,cd52b7fdc45553b8f678ba8a3e73a81344b0b23f77b33860d5a26df7f20fd6ef
ENSG00000113319,RASGRF2,ENST00000265080,5,80960362,+,GRCh38,80919402,81001322,26f126b47d6924fb67fb47f7c7170fd3ac5936115894d85bcd934a40e2f78544
ENSG00000113327,GABRG2,ENST00000639213,5,162067772,+,GRCh38,162026812,162108732,405ada5f617d97d5a4b992d373af0bd73df001ddad5ffeb4dedbbc7e6ba821ea
ENSG00000113360,DROSHA,ENST00000344624,5,31532092,-,GRCh38,31491133,31573053,040b9a7e9384f131da77847ebfd971b68dfd65a3036b4433fd284136ac327eaa
ENSG00000113361,CDH6,ENST00000265071,5,31193685,+,GRCh38,31152725,31234645,fa04a7c7ddf2701133cd1926d666997c91cae45ca2293bb73531f467714f81d9
ENSG00000113391,ARB2A,ENST00000395965,5,94111662,-,GRCh38,94070703,94152623,59f7ea2beff9db75d6d2222a3ece6cfac368552b3cde67da0d5fbdb6bfa937f6
ENSG00000113407,TARS1,ENST00000265112,5,33440964,+,GRCh38,33400004,33481924,fe83be950371c224747299c07b96c6180f23e968fff375b5424847078f3adb22
ENSG00000113441,LNPEP,ENST00000231368,5,96936079,+,GRCh38,96895119,96977039,0190b361e2ff5e31f12706b1912f332d77af55f446a390bf53876e69b3187775
ENSG00000113456,RAD1,ENST00000382038,5,34915503,-,GRCh38,34874544,34956464,ebd25ecf315148e89be047541ed002cf0c09e663a0275d14d40e9764fc683d0e
ENSG00000113460,BRIX1,ENST00000336767,5,34915710,+,GRCh38,34874750,34956670,4b76ed8e2093e0e8a57808994072a33c3c4d739626379f433b775cdffa22e109
ENSG00000113492,AGXT2,ENST00000231420,5,35047948,-,GRCh38,35006989,35088909,dccca6a3d7ca7012e6f0650e4dd01a5cbcfc7429254502e16010057d0ba6d313
ENSG00000113494,PRLR,ENST00000618457,5,35230486,-,GRCh38,35189527,35271447,95f9749d5951441829c8d2085b01f5f0b9bab3e6c775f0b3f4f2789c99767c00
ENSG00000113522,RAD50,ENST00000378823,5,132556976,+,GRCh38,132516016,132597936,ba0dbf1bc31bc2d15634a851c9b1c7b4f2b7db487bd7d73a823b4a1ac050ec45
ENSG00000113525,IL5,ENST00000231454,5,132543521,-,GRCh38,132502562,132584482,67f4fe1b115a6c5b0b5df87b07362ab44be12e1c62b1cf39f99f88d6b1f91330
ENSG00000113532,ST8SIA4,ENST00000231461,5,100903281,-,GRCh38,100862322,100944242,f05141fef01bfae8ce3ee6b9609d834ce7f8139a9ebe6effd0720328d9140345
ENSG00000113555,PCDH12,ENST00000231484,5,141958201,-,GRCh38,141917242,141999162,a6d8caafd62ab531ad7622938f40fe447ce5451c0a03b0277e795c6cc86887e5
ENSG00000113578,FGF1,ENST00000337706,5,142686089,-,GRCh38,142645130,142727050,4b815f13e7fb0f8148e03459e8ab68739abac09a8dce10f4bf44408e4fb31fbf
ENSG00000113593,PPWD1,ENST00000261308,5,65563295,+,GRCh38,65522335,65604255,3b03131e8a44673ba020e73a83960b962c69b33dafcbf635d05ca49c6a1a6289
ENSG00000113595,TRIM23,ENST00000231524,5,65624332,-,GRCh38,65583373,65665293,dd7853d6d0465a7b76b19fd7eebb12a39268ebe244b090c350099fa5c9668495
ENSG00000113597,TRAPPC13,ENST00000399438,5,65625026,+,GRCh38,65584066,65665986,05306da5ef71faca69cfe8457b17eb077bd38d8fd1265289011c456c8b0a561e
ENSG00000113600,C9,ENST00000263408,5,39364494,-,GRCh38,39323535,39405455,7555ab699fcfd5fe713cc4ce862acd6ec6fe350e180e7be5795f2824f90d8045
ENSG00000113643,RARS1,ENST00000231572,5,168486470,+,GRCh38,168445510,168527430,462bba5c96af127cd3aa02df6e822097f2354ade308011ae96c6a92f2a46f1e5
ENSG00000113658,SMAD5,ENST00000545279,5,136132844,+,GRCh38,136091884,136173804,bb6eacdb163f3440d2eb805dec0d9a2f7382d3cdb24c774a3f734f7efd60fc90
ENSG00000113716,HMGXB3,ENST00000502717,5,150000738,+,GRCh38,149959778,150041698,f44fa1afb3bf37ba313e1260436de628fff15188776aa11e78e168844cdfeaa8
ENSG00000113721,PDGFRB,ENST00000261799,5,150155844,-,GRCh38,150114885,150196805,1fb5297405252ee15cd7ec8e4069251d6e7a25b848de7a6105e816ba46eb2c51
ENSG00000113722,CDX1,ENST00000231656,5,150166777,+,GRCh38,150125817,150207737,aa2dc41986ca8febd30aad6c773c3de9b3eefe090c7502bb63535f604d8ca320
ENSG00000113739,STC2,ENST00000265087,5,173328413,-,GRCh38,173287454,173369374,5cca4e640ec5b14b6df517c5dbfe8ac4fef7076d88d40ba045ffc08ed6c96f94
ENSG00000113742,CPEB4,ENST00000265085,5,173888348,+,GRCh38,173847388,173929308,4d7fef77b9805c1e9d95ca3d80121a777b1d45501481e7f4babf7ee6333cb382
ENSG00000113749,HRH2,ENST00000636584,5,175658070,+,GRCh38,175617110,175699030,f4a71ceb21014ca41221b7329282d1b6f0daad6f41196f4c45f8e993f701c760
ENSG00000113805,CNTN3,ENST00000263665,3,74614658,-,GRCh38,74573699,74655619,d6942b2644dbe96a2bc1e48347287fbec6cf0b576ac11ce76c4bc22e4ad6dae8
ENSG00000113838,TBCCD1,ENST00000338733,3,186567338,-,GRCh38,186526379,186608299,c31843f73b7e79ff2d58b6b1e68e23ac1057a1dc6b5ef8b9bca2b52ad6d993e2
ENSG00000113845,TIMMDC1,ENST00000494664,3,119498546,+,GRCh38,119457586,119539506,3eb6b4553235dc5c995d3327e4ceacbd9653789cbdf07a607d97115b86ee3554
ENSG00000113851,CRBN,ENST00000231948,3,3179690,-,GRCh38,3138731,3220651,d20183185cd45ac7f1e65f232bcfb44fac5ea20241d1012dc41c2d4583a57c37
ENSG00000113924,HGD,ENST00000283871,3,120682238,-,GRCh38,120641279,120723199,1cc10676baff03dd2760fede04dcea62f59e86d38754ae930c722e167fec06a9
ENSG00000113946,CLDN16,ENST00000264734,3,190388162,+,GRCh38,190347202,190429122,50efbd70564056493e76f6e329835802664642099a91d1ff0ab947dd248990fd
ENSG00000113966,ARL6,ENST00000463745,3,97764757,+,GRCh38,97723797,97805717,18360e08cfc5bcf04a8b0dfed60cac74a8fa0e182817092984bf9389f4e8720f
ENSG00000114019,AMOTL2,ENST00000249883,3,134374446,-,GRCh38,134333487,134415407,8417d7d9672356cf6d24f8b0a8aa3314cc1c0772b0e5e1cd24e3a714a69fb01f
ENSG00000114023,FAM162A,ENST00000477892,3,122384181,+,GRCh38,122343221,122425141,a747d58b5708d2925cef9c08d8993d0fa06d4bbc9fcbdd3ac22223e03079a9cc
ENSG00000114030,KPNA1,ENST00000344337,3,122514938,-,GRCh38,122473979,122555899,3e8565fede50e46833fa86605db363648a33a68c16c799d748f614bb3517bd7a
ENSG00000114062,UBE3A,ENST00000648336,15,25439023,-,GRCh38,25398064,25479984,abd4a59a8a8281a5f2c77e877d1d2737460ac305ad7987ef8709dc45cd42e186
ENSG00000114113,RBP2,ENST00000232217,3,139476515,-,GRCh38,139435556,139517476,68ffd0e8f1672a0b25c042712112bc54c6313e1f562945b17b11ac4f58ca47bf
ENSG00000114124,GRK7,ENST00000682958,3,141763407,+,GRCh38,141722447,141804367,a808bec5813632765a9eb659a57e286076d0010ad7673a01eadbbed37622a47c
ENSG00000114200,BCHE,ENST00000264381,3,165837422,-,GRCh38,165796463,165878383,7da6f791c1d967980f4aff6edee260d53222bc68284fb42b3bc1d9105783828f
ENSG00000114251,WNT5A,ENST00000264634,3,55487305,-,GRCh38,55446346,55528266,f51c0f9f2ddf184e384a662fe484f6be774548f4bf03e54824a47a0a561ed773
ENSG00000114279,FGF12,ENST00000445105,3,192727540,-,GRCh38,192686581,192768501,164a8b09d40f5cc35fc572bc79e1ee1d214bd16d2c29b89dc38f849a029947cd
ENSG00000114302,PRKAR2A,ENST00000265563,3,48847873,-,GRCh38,48806914,48888834,051292d3724065a69a50b5480e9fd26941016791ca12f8a5e2acadb87003fd8e
ENSG00000114331,ACAP2,ENST00000326793,3,195443019,-,GRCh38,195402060,195483980,3576902a278e22494df1ece4e1b973160116ee2d314b169a61514b3284c0d12f
ENSG00000114395,CYB561D2,ENST00000425346,3,50350861,+,GRCh38,50309901,50391821,ca40a71d945fa73d8da185e76f1675878e10eaaf1d3491729e0b2e9d394aca41
ENSG00000114423,CBLB,ENST00000394030,3,105869011,-,GRCh38,105828052,105909972,870e7ca066e1d870de6f439e932b69fa0565ce8b5945ffb774f984d10fcfd5c7
ENSG00000114439,BBX,ENST00000325805,3,107522961,+,GRCh38,107482001,107563921,4a87d91943884dc1055decd8aa374e4f62f8c9177ad5b870a42781dd56e596b7
ENSG00000114446,IFT57,ENST00000264538,3,108222423,-,GRCh38,108181464,108263384,f803df19d2542fe500a1e91f3835d83ba6c0562d5fa21f57de00908769dffb47
ENSG00000114541,FRMD4B,ENST00000398540,3,69386087,-,GRCh38,69345128,69427048,db3398d5c1e3f5d8d760c01c6a134ea4c33f6110d57cc68e4d6409cb642de892
ENSG00000114648,KLHL18,ENST00000232766,3,47282943,+,GRCh38,47241983,47323903,37b4de62651f8de19a8a81ae3e91d2250a4350d59b1282b30249c08a90a5ee69
ENSG00000114686,MRPL3,ENST00000264995,3,131502970,-,GRCh38,131462011,131543931,d621730e5f40969adf5b609aa0aa1c5050dab17415dfae5ea1a524b3a46c5957
ENSG00000114735,HEMK1,ENST00000232854,3,50569521,+,GRCh38,50528561,50610481,9a79d60b4ae6d63a9889f85386c254b3eed54a4bd94cbb455034f3c25ff43cfd
ENSG00000114737,CISH,ENST00000348721,3,50611773,-,GRCh38,50570814,50652734,48807b865ca9b858ad3876ea91bbc1670d2d05970c40f6baf8fdc0ad55aeea48
ENSG00000114738,MAPKAPK3,ENST00000621469,3,50617150,+,GRCh38,50576190,50658110,9ef6379f2053cb83939d0178d96361a91dce848abab32eb3e050c8f2dcccbeaf
ENSG00000114742,WDR48,ENST00000302313,3,39052015,+,GRCh38,39011055,39092975,7d02ec7265a66a944ddf3e9e34c1c67fc8d9fce79f2d563000baec759e5a4e83
ENSG00000114757,PEX5L,ENST00000467460,3,180036936,-,GRCh38,179995977,180077897,41c98c47f4aaf6817ed04643a8ef7349933a401e7902f4a0235b6df63c3fea55
ENSG00000114805,PLCH1,ENST00000460012,3,155745070,-,GRCh38,155704111,155786031,da052e91814bc6dc0923d165498965f564bfb381353adfb170ff2df20b16d673
ENSG00000114812,VIPR1,ENST00000325123,3,42502642,+,GRCh38,42461682,42543602,652443dfdd3ce8fd0bfbe0abf09838a8c2b2a57cfbbb1e0bf4e0a1be1d8d145c
ENSG00000114861,FOXP1,ENST00000649528,3,71583727,-,GRCh38,71542768,71624688,8f4b43b8be2ac50c7e04ecdd129d5fe0a529ef8000009fb8feead25cc1e7b9c3
ENSG00000114904,NEK4,ENST00000233027,3,52770939,-,GRCh38,52729980,52811900,c84910b2ebe19d38446d0d6dcc4a4300a3dc29853c4ccb61e1e2b1e588853b35
ENSG00000114956,DGUOK,ENST00000264093,2,73926879,+,GRCh38,73885919,73967839,7ca38f42432ae7b766d021346ed4ae4d269b0a915bf9ae9b2dbb4f886949c92f
ENSG00000115020,PIKFYVE,ENST00000264380,2,208266254,+,GRCh38,208225294,208307214,c25091c32705823a8800c47efdb87895c103359a4f8b72ade4d73adaf7ec525d
ENSG00000115042,FAHD2A,ENST00000233379,2,95402707,+,GRCh38,95361747,95443667,ad32aaf13c9043ae0e3d0a46903eb6500316e63ad512ff2027ef46c7d1e791ec
ENSG00000115137,DNAJC27,ENST00000264711,2,24971954,-,GRCh38,24930995,25012915,25be9ca7ecbfdc580452c10228279cac090400ab4d51c16bc23d2119b20e6117
ENSG00000115155,OTOF,ENST00000272371,2,26558755,-,GRCh38,26517796,26599716,6891c5e3bfed7d5f0b7968bc6f6c560f7cd0f20ff09ee63f476f7b1c67795f17
ENSG00000115165,CYTIP,ENST00000264192,2,157444088,-,GRCh38,157403129,157485049,e3b278139e3220f28f83d8635ca8ac4d1256f6d5b526e01f0908ee26e9ad0137
ENSG00000115170,ACVR1,ENST00000434821,2,157876329,-,GRCh38,157835370,157917290,f750bfb4c3bf59ce5c566be502f1b120396f2c718e3dbd75b350a1449243a209
ENSG00000115183,TANC1,ENST00000263635,2,158968639,+,GRCh38,158927679,159009599,3ee31e459630d1b2c7847da0b980bde3d47fa77add267238de06144c5e4c5bba
ENSG00000115207,GTF3C2,ENST00000264720,2,27356763,-,GRCh38,27315804,27397724,1392424be42af9dcf06bbd41c19353c2af3b6f7917edc4c2e95a53eaef0e4876
ENSG00000115211,EIF2B4,ENST00000347454,2,27370337,-,GRCh38,27329378,27411298,4233640eb305a316e9f883b1c81c3595b9b804990fd3fa3a1a24ea1c8ff8a273
ENSG00000115221,ITGB6,ENST00000283249,2,160200271,-,GRCh38,160159312,160241232,0682c8f1f6babff2a9156ba382bcfdf821a31cded96ba81239edd08c52b58e2a
ENSG00000115232,ITGA4,ENST00000397033,2,181457385,+,GRCh38,181416425,181498345,3e9156a50f0b1ab7b21be0501c5b37e5aefaf4b0b0f4a8b757a1a7a0449e820f
ENSG00000115252,PDE1A,ENST00000409365,2,182427035,-,GRCh38,182386076,182467996,285331d2e28fcddaa3caf14559a830a5a1b8b3d8241a317de0cfcde12874e780
ENSG00000115263,GCG,ENST00000418842,2,162152246,-,GRCh38,162111287,162193207,8d63f7e888f88cd9359789fb0991ad869b9daeda052db2932853b801cc6e6c27
ENSG00000115267,IFIH1,ENST00000649979,2,162318683,-,GRCh38,162277724,162359644,e4209c5c49beae3bd6ceeb5ef4a74dacc4477ef26692cfb9c784e6b2c44fc47b
ENSG00000115271,GCA,ENST00000437150,2,162344131,+,GRCh38,162303171,162385091,372892b64d717669d23cc500559b494213bef8bf3780bd37fa4a5a6fcd11a67b
ENSG00000115306,SPTBN1,ENST00000356805,2,54456326,+,GRCh38,54415366,54497286,77d7cf2ecc469ae79878586d4bccf5a93d915d320588eb73d6f78a6d12be1832
ENSG00000115310,RTN4,ENST00000337526,2,55050450,-,GRCh38,55009491,55091411,8e5bf548a8d7a55cc82dba67b2daa73c106b25441255ed769f31e90a08044147
ENSG00000115317,HTRA2,ENST00000258080,2,74529932,+,GRCh38,74488972,74570892,49f251523b17f34badb730098c33d5b2ff87c95db897e9236fa41d75bea79541
ENSG00000115318,LOXL3,ENST00000264094,2,74553941,-,GRCh38,74512982,74594902,0b643689507a13abe291f9ac14d6157db9f619ec4cca5786f02ad86dc3a1f64b
ENSG00000115325,DOK1,ENST00000233668,2,74554719,+,GRCh38,74513759,74595679,2029fcba4d7e10e20122d285ef178dffad4ce73d1f89553615f1237d90e4dd5a
ENSG00000115339,GALNT3,ENST00000392701,2,165794246,-,GRCh38,165753287,165835207,03cf2df5d140b357692509613ca935e1c6bb3dd420fbb03367365ed3bed00f44
ENSG00000115392,FANCL,ENST00000233741,2,58241324,-,GRCh38,58200365,58282285,08fe80d26cb39cb4a1384f2c937e8bb43c19b3e44b7b70c287c45915a7ffeb04
ENSG00000115414,FN1,ENST00000354785,2,215436067,-,GRCh38,215395108,215477028,f6eec2411b804bd4c3fc329e3e301ed6104319dc1a5018eb08db766f4000ca08
ENSG00000115415,STAT1,ENST00000361099,2,191014170,-,GRCh38,190973211,191055131,414ffaeeecd9efdf1e4aa3ee0f33ca0706890d5ee719a181ebc8f69b4678a28f
ENSG00000115446,UNC50,ENST00000357765,2,98608588,+,GRCh38,98567628,98649548,a98af183fbdfe078366e5b3c5c0371debeee93a1c7deac5be916f35d1ad8c5ac
ENSG00000115474,KCNJ13,ENST00000233826,2,232776564,-,GRCh38,232735605,232817525,b48aa2a42df22322675f10194765b21b0a2796e5b10437a9c7aab1ee2fe9aae3
ENSG00000115504,EHBP1,ENST00000431489,2,62705712,+,GRCh38,62664752,62746672,1802f435033fa28084fa37e7e5149e1662abada0a6f4cf796a67d7d4c1549a0b
ENSG00000115514,TXNDC9,ENST00000264255,2,99336332,-,GRCh38,99295373,99377293,a7f7a05abc4a3894a594badfab8aa45a8c0e16d65701b04c1c316c60aeb2b36a
ENSG00000115524,SF3B1,ENST00000335508,2,197435027,-,GRCh38,197394068,197475988,992596252bc7f22c769a642f4c0f6aec0836a11b80620a516c28090febe0c226
ENSG00000115556,PLCD4,ENST00000450993,2,218607898,+,GRCh38,218566938,218648858,dced6ac78351c3d433a495b072eceece7cdb59c592e19f8ff5410b6d9f6ac8fc
ENSG00000115590,IL1R2,ENST00000332549,2,101991959,+,GRCh38,101950999,102032919,0935497401c307867cfe414aa9cab900335e9b5bf66dfb6f052c48a3b36c831f
ENSG00000115657,ABCB6,ENST00000265316,2,219218957,-,GRCh38,219177998,219259918,a2cd6b98a894c2c8b0e3c503f7dd283fb25753ee67ef5fd14e603049fe0bab65
ENSG00000115661,STK16,ENST00000396738,2,219245478,+,GRCh38,219204518,219286438,24827cd2cd309956d88a1da3815e83297bf626a0b149975a904af630b3dcea6c
ENSG00000115806,GORASP2,ENST00000234160,2,170929252,+,GRCh38,170888292,170970212,bf25acff7061a92f5e3509f1490aea530ea619fb5cc2cfcbbc76b30d92835666
ENSG00000115816,CEBPZ,ENST00000234170,2,37231595,-,GRCh38,37190636,37272556,dd88440618bd92ad2e65fbb32a5fb59b2de16022e5d4907100f3ce8d7db8c9c9
ENSG00000115825,PRKD3,ENST00000234179,2,37324832,-,GRCh38,37283873,37365793,33bf4a5f9385c39a1fcbe5d791741301a04f7cc766d765f28674cfd3c8fe5357
ENSG00000115827,DCAF17,ENST00000375255,2,171434225,+,GRCh38,171393265,171475185,e951797dae00535192ac56dbb076716917a814cc82ce0fb2f1b152862474e9a0
ENSG00000115828,QPCT,ENST00000338415,2,37344629,+,GRCh38,37303669,37385589,51e275992a224bd174fb41e9c3675594817d0f06645030d501ebf33c5f12f14d
ENSG00000115840,SLC25A12,ENST00000422440,2,171894243,-,GRCh38,171853284,171935204,40d0c4c07dd68a8f713b429e93ab0b33f2e172bcc19069e70cb291c62719a915
ENSG00000115866,DARS1,ENST00000264161,2,135985625,-,GRCh38,135944666,136026586,5b70bacde130372a4569f27f2e06654aef934eefc886064f7e6d8a3993e01577
ENSG00000115896,PLCL1,ENST00000428675,2,197804592,+,GRCh38,197763632,197845552,31777ac810854ba80ef5a5ac1320683c43dc0904c5d7e24fe854060a6105aa2d
ENSG00000115919,KYNU,ENST00000264170,2,142877663,+,GRCh38,142836703,142918623,cb2066b570778fde89b5b0c3bd8d994aa3e41301ebc30b2c76d834fac7b4ad6d
ENSG00000115942,ORC2,ENST00000234296,2,200963659,-,GRCh38,200922700,201004620,7e9cefae0df1eaa16081fb38afce47e91e62fa9ae29a7a4a2c3856b8f2d66757
ENSG00000115956,PLEK,ENST00000234313,2,68365281,+,GRCh38,68324321,68406241,ee1663029d34b42d9cfad31e61d6dd453c4d7631d2166e576688f80f6f155c77
ENSG00000115963,RND3,ENST00000263895,2,150487666,-,GRCh38,150446707,150528627,d2155ccdae67b3a64d12d8807f46d49bfd9722a4751c10da316d74db132c0443
ENSG00000115966,ATF2,ENST00000264110,2,175168202,-,GRCh38,175127243,175209163,ae5a545ecb48bc7050e70e78dadd6425f43968640b89018e45c6fb79d889f3a5
ENSG00000116106,EPHA4,ENST00000281821,2,221572303,-,GRCh38,221531344,221613264,b80da55c83eedafed805084adc471ebc1bae005d90ac63be593e9a0de0bd7cdc
ENSG00000116117,PARD3B,ENST00000406610,2,204545474,+,GRCh38,204504514,204586434,19a8fe70979cd2d0c2eeca15f6d94c84915cf61ed49d30d518466ac7fb4dd664
ENSG00000116132,PRRX1,ENST00000239461,1,170664130,+,GRCh38,170623170,170705090,68f60ffdb5ce52078bcf448b44fc3539437215744e0576138dbbc8e76fadc36a
ENSG00000116147,TNR,ENST00000367674,1,175743594,-,GRCh38,175702635,175784555,39a28ac2ba0155e14b23608572f6a4ab6d964b9eecc41cd977e2c92f3e0035e3
ENSG00000116194,ANGPTL1,ENST00000234816,1,178871076,-,GRCh38,178830117,178912037,fd284da94181eb7f4cc4e9d8fbcfb9f0f9f317d43fa61bf6f2eb4f64748357c5
ENSG00000116205,TCEANC2,ENST00000234827,1,54053607,+,GRCh38,54012647,54094567,a8e65e3c7ea8cdfbc4301090a9146bed36016d67a99bae8a18b928e40bcab12b
ENSG00000116218,NPHS2,ENST00000367615,1,179575947,-,GRCh38,179534988,179616908,730edc1a4f79fc57cdffb6e2f0318b765a565fe808a7b95ce302b808a373d6ee
ENSG00000116221,MRPL37,ENST00000360840,1,54200166,+,GRCh38,54159206,54241126,12d04d718351b62012a86e615e5fa71c2eaed933280575c1305d6b70b14ec4cc
ENSG00000116455,WDR77,ENST00000235090,1,111449255,-,GRCh38,111408296,111490216,76514bdf4fbf517a272aa4f740d168f4dc662dc72e746ad67cdf89d04908b60f
ENSG00000116668,SWT1,ENST00000367500,1,185157166,+,GRCh38,185116206,185198126,d3deee3d783c4d7ddd0f0f0502a5363a3747051b2756c498c24c2a291bf2915c
ENSG00000116675,DNAJC6,ENST00000371069,1,65309542,+,GRCh38,65268582,65350502,26a7efd1f2a90337002704d919922648aa598f5c2f4ff5cb0591116c57ffb73c
ENSG00000116678,LEPR,ENST00000349533,1,65420667,+,GRCh38,65379707,65461627,82155052a1c5756a9445b9bd47be2fa287d111a3244d3338dc60c5f1a7734fe9
ENSG00000116679,IVNS1ABP,ENST00000367498,1,185317242,-,GRCh38,185276283,185358203,a3260dc087025fa612a734cafdc4591a5783c1c0a6ea72bc1b0ea62ae2cf70e2
ENSG00000116698,SMG7,ENST00000688051,1,183472498,+,GRCh38,183431538,183513458,632e3b465802a2a9664cb6e2aee81ab37b8c1f4ab9fbac3c49aec5876a7fdb56
ENSG00000116701,NCF2,ENST00000367535,1,183590458,-,GRCh38,183549499,183631419,942bd17aa4c926f7c365b00fa9659f54b8bed3d8bd8d26dd8174769d89719d07
ENSG00000116703,PDC,ENST00000391997,1,186461113,-,GRCh38,186420154,186502074,bb3aec520e7f76d01aea9648684dddf041a046d730abf5ff62d36e4093ede221
ENSG00000116717,GADD45A,ENST00000370986,1,67685200,+,GRCh38,67644240,67726160,2ed60f54ed55b59f53fe433ca0d0bee4db6311545df676131140853845dddb1a
ENSG00000116729,WLS,ENST00000262348,1,68232522,-,GRCh38,68191563,68273483,52a69eb7d818a7c030362f594eeb12602965c1125e8a961f49ae4f25e7f306ba
ENSG00000116745,RPE65,ENST00000262340,1,68449953,-,GRCh38,68408994,68490914,9faabd263452cd6181694d646449132c6f09c5e4f62909ebd58676b77842c22d
ENSG00000116747,RO60,ENST00000400968,1,193059611,+,GRCh38,193018651,193100571,1506cb12851bb84ae0eec157ce503e0d5614ea06a7ba2dabda71def44d6316e3
ENSG00000116748,AMPD1,ENST00000520113,1,114695545,-,GRCh38,114654586,114736506,6e0d4189e1c7f32b3cb0a420f4d009c34018373ac1be0d32223ccbb8032864a8
ENSG00000116754,SRSF11,ENST00000370949,1,70221379,+,GRCh38,70180419,70262339,92c2b18abb7a7e1b7f27ea1da4e4d2a376e99cefc36a1f74d09125fea543417e
ENSG00000116774,OLFML3,ENST00000320334,1,113979473,+,GRCh38,113938513,114020433,f02edfc1a385ce48e3c880a6029fb120308a51fe66b146e1d38921fafccf6473
ENSG00000116783,TNNI3K,ENST00000326637,1,74235386,+,GRCh38,74194426,74276346,52b80a7aa67c2f8730fe40e3a5787f06b8549f4ae992219e95e0e23805bb034f
ENSG00000116857,TMEM9,ENST00000367330,1,201154473,-,GRCh38,201113514,201195434,e0c14d1cefcdf712f57f89b37a112913b07e74d7c7a93cfdd7dc37abf95b17e1
ENSG00000116874,WARS2,ENST00000235521,1,119140652,-,GRCh38,119099693,119181613,c4cf70e3d7e6eaa675d9a4ac6e6ffbc54e77f859dc32af28fbd931c4dce76093
ENSG00000116885,OSCP1,ENST00000235532,1,36450450,-,GRCh38,36409491,36491411,6cb9cec6c45be0485b7408521ec5cd33c1b3a098e719e95bd90d314824f9b348
ENSG00000116906,GNPAT,ENST00000366647,1,231241211,+,GRCh38,231200251,231282171,abf7d12945c8c6167ec1ac660876becb3fe56cb1ef57f13b1443b65fdeb6484b
ENSG00000116981,NT5C1A,ENST00000235628,1,39672106,-,GRCh38,39631147,39713067,9aeaaf003cc0f562f782b798745f17dbbc1725e374b3ce56477b45f3fbb8ef68
ENSG00000116984,MTR,ENST00000366577,1,236795291,+,GRCh38,236754331,236836251,f3f392a28b47843bd67322b82d105d17029d8afc29696685de88cb07f28581f6
ENSG00000116991,SIPA1L2,ENST00000674635,1,232630132,-,GRCh38,232589173,232671093,d2eff503ba40aef7b97ed6e73c3a03859dd8e5f824606962f43fedfdcc0a6d01
ENSG00000117000,RLF,ENST00000372771,1,40161386,+,GRCh38,40120426,40202346,55d0ceaa6e78167a460d1a1c26452c50356c916721502bbd46672d966fcb6da5
ENSG00000117009,KMO,ENST00000366559,1,241532377,+,GRCh38,241491417,241573337,186ee1de265179d893d1d1430f297efe424a0a603a71b22b1937e6ada77a644c
ENSG00000117016,RIMS3,ENST00000372684,1,40665681,-,GRCh38,40624722,40706642,af5ff1b3cbeced4ee515473d3263de3dd6f9c648eb633682d3a242181c10e2bb
ENSG00000117069,ST6GALNAC5,ENST00000477717,1,76867479,+,GRCh38,76826519,76908439,4aebf7fa885ff24b604626ea3df8ee92f0ac34e9364ab9293c049585bdf161c6
ENSG00000117114,ADGRL2,ENST00000686636,1,81800933,+,GRCh38,81759973,81841893,24984117ca94463eaecbb5a57f7afcf573005db60a1c5736ae4f25c29f63e93e
ENSG00000117151,CTBS,ENST00000370630,1,84574439,-,GRCh38,84533480,84615400,fd9fa0e7da809ace6596a574df0e41eb24a6b3452f940d92e9a88a434c744c9b
ENSG00000117154,IGSF21,ENST00000251296,1,18107797,+,GRCh38,18066837,18148757,1305f074d2e55c9f5e6d280c4c08eb54833f8b0c2841b978334624a3e19eedca
ENSG00000117155,SSX2IP,ENST00000342203,1,84690460,-,GRCh38,84649501,84731421,b329f35e343b7da829d7e0481c3a012770bf5e733aef4b4d214b4f0b261a91d7
ENSG00000117222,RBBP5,ENST00000264515,1,205121977,-,GRCh38,205081018,205162938,0d05aabb3a06e86a1672c487ceff8d2834b19a9abecb4456c79410e60ed7b46a
ENSG00000117394,SLC2A1,ENST00000426263,1,42958867,-,GRCh38,42917908,42999828,a754c4851b788c2940bdef6805136b24cc47f7308cf14b63fe5b72038d435106
ENSG00000117475,BLZF1,ENST00000367808,1,169368194,+,GRCh38,169327234,169409154,c2ea9eadeac2f8452a0119610692dca39738075ec4094b02abc0735348238f83
ENSG00000117479,SLC19A2,ENST00000236137,1,169485943,-,GRCh38,169444984,169526904,e5a7f671afe8050ea9b3c649d9a8d41156045da26db9b326416018ddc24b96a5
ENSG00000117528,ABCD3,ENST00000370214,1,94418388,+,GRCh38,94377428,94459348,5be743373ecb115e8fea8b43012b13e05f0c3efaa863c5d60f2e1d71ad04fc05
ENSG00000117543,DPH5,ENST00000370109,1,101025783,-,GRCh38,100984824,101066744,2ed61a9db3ae1c90ecc1fed713a1b5159ac9c1637afe09cc7fc45311d26fa9a6
ENSG00000117569,PTBP2,ENST00000674951,1,96721783,+,GRCh38,96680823,96762743,cf0d93e759abe57e34ea515a2d2dc3bc5f02bd31b65f8fb46f63dceaa0e1ca8c
ENSG00000117593,DARS2,ENST00000649689,1,173824672,+,GRCh38,173783712,173865632,1f9c16d571644bd5295b9f233f678483078f8ebb28c2282816d7024f77827418
ENSG00000117594,HSD11B1,ENST00000367027,1,209704845,+,GRCh38,209663885,209745805,a2e37f1e2425808fc9e11a14aa547105ff22ae9ae8aaf74d0f8875aafdb8bfc9
ENSG00000117595,IRF6,ENST00000367021,1,209806141,-,GRCh38,209765182,209847102,09941dd2afadbb5789020e23cbab78e2dcfd2118c24457b7d90c6b5418e47127
ENSG00000117597,UTP25,ENST00000491415,1,209827971,+,GRCh38,209787011,209868931,ff4dc82a472aed84b535cebdc5d97167eb9f233507168b4191e97da81b33dee1
ENSG00000117600,PLPPR4,ENST00000370185,1,99264491,+,GRCh38,99223531,99305451,0ad156ebe941a6f10388ecc4e7572aabb5c7eec0c9cc22c718b4cbbe82cfeb2e
ENSG00000117601,SERPINC1,ENST00000367698,1,173917326,-,GRCh38,173876367,173958287,f44c0fde1ddf469b927fcb8f4a750ce356e2782889cf636eb1007af140ae9961
ENSG00000118017,A4GNT,ENST00000236709,3,138132389,-,GRCh38,138091430,138173350,8ac516567b6e312aedde295607c8ac2ae5889a172cb1b1ab6c583e3a0af76309
ENSG00000118113,MMP8,ENST00000236826,11,102724953,-,GRCh38,102683994,102765914,3d31d2b8431954d0c91e49dfcd25a0303a3ce2f9ddff5bd46675a72bc3245bb9
ENSG00000118217,ATF6,ENST00000367942,1,161766319,+,GRCh38,161725359,161807279,2cad25f1c557c32345cc535d55220c04886f8d4deab57c4a2265d215ce2ef56e
ENSG00000118245,TNP1,ENST00000236979,2,216860063,-,GRCh38,216819104,216901024,79ec510f14958109509e92110d9dc4b1560d7a95ab9cccdb7579c25ac6352a65
ENSG00000118246,FASTKD2,ENST00000402774,2,206765605,+,GRCh38,206724645,206806565,c19d3364be2cc771d97a3554df9d60299d36b6ff9d2b78ae60d4ac6a7de401a2
ENSG00000118257,NRP2,ENST00000357785,2,205682500,+,GRCh38,205641540,205723460,6d41a71bcbddfa4720d141950d140a07f2d36663fcb8f817857837d84ed5cfa0
ENSG00000118263,KLF7,ENST00000309446,2,207165947,-,GRCh38,207124988,207206908,5bd4ba99506226908dc58ee6bc9c0e94b634038aa4a1c1c7e1de8cbdb7d1fe78
ENSG00000118271,TTR,ENST00000237014,18,31591876,+,GRCh38,31550916,31632836,63a3455f1b72c3af26169f927c76e3672e6e265393d264e5b0b4c5c31e712288
ENSG00000118402,ELOVL4,ENST00000369816,6,79947552,-,GRCh38,79906593,79988513,7421470f58b14578406c7b0e1a47e96e838f0599274a788531823776b9d1c8b1
ENSG00000118407,FILIP1,ENST00000237172,6,75493799,-,GRCh38,75452840,75534760,00649531796774139c0268718973d5f5953ba7b013784af59972dbf67df0b491
ENSG00000118420,UBE3D,ENST00000369747,6,83065840,-,GRCh38,83024881,83106801,1fd89e4c8776ed0bc2f37e37f67f9f0d3a74e08b2da5fc0ca45812ce6c7ecf16
ENSG00000118434,SPACA1,ENST00000237201,6,88047840,+,GRCh38,88006880,88088800,0f1849dacaf1cb7d944b69389a68415754f815d27c8d5e19fbf7e5a9a38288b4
ENSG00000118454,ANKRD13C,ENST00000370944,1,70354721,-,GRCh38,70313762,70395682,d22d0929ed99a091d7366b28ed7699bf9d774db8724188b5d9a4d5a3bc21a2e6
ENSG00000118491,ZC2HC1B,ENST00000237275,6,143864473,+,GRCh38,143823513,143905433,77886807662fdd2c3e0c09ccb218272c2bfb57b61f017762cfec26297cee9f26
ENSG00000118492,ADGB,ENST00000397944,6,146598971,+,GRCh38,146558011,146639931,80e1cd6b80c0ba5d849136ac87bfd4aea73ff656a5c7d10b31e00188b96ae336
ENSG00000118495,PLAGL1,ENST00000674357,6,144008258,-,GRCh38,143967299,144049219,c2bd13643b96b0bd597ac97616cfb9b45334e7645e2abc9e900ff54e4b53becf
ENSG00000118496,FBXO30,ENST00000237281,6,145814794,-,GRCh38,145773835,145855755,f9794992e785c3efa8a5a10e20c6b9a5b9228eb90cddf0bc43ff26d5427880bb
ENSG00000118514,ALDH8A1,ENST00000265605,6,134950100,-,GRCh38,134909141,134991061,c48ecb6b4600ff8bb3069ab1ea4a446cc77661cfda625207787570a1860c4454
ENSG00000118520,ARG1,ENST00000368087,6,131573225,+,GRCh38,131532265,131614185,bc0dffc25b8f5d6ac0caea26d0cf77c4121cc47001879794dd617ef3e9104d94
ENSG00000118526,TCF21,ENST00000367882,6,133889112,+,GRCh38,133848152,133930072,92c406aa38814bed952c17a141652a55568caed741603aaf6f67b3272c9f6ec8
ENSG00000118557,PMFBP1,ENST00000237353,16,72172154,-,GRCh38,72131195,72213115,1069d2e3e02924c399b5f5fc9e693bee78227294e749af2499aedb76f8c9bd71
ENSG00000118596,SLC16A7,ENST00000547379,12,59596028,+,GRCh38,59555068,59636988,b8b332db2e37deca16be49854e6203b238b9ef0092d2c38fe14f166a00b25e6d
ENSG00000118689,FOXO3,ENST00000406360,6,108560916,+,GRCh38,108519956,108601876,30e0941f6193285c43db9f138d3fded80826e136855762e79e585b8e81cf7cda
ENSG00000118690,ARMC2,ENST00000392644,6,108848421,+,GRCh38,108807461,108889381,63bbf6d3e18f831d08f1f589de2aa91804f36b7d5bc00624d19f46c8a8a29848
ENSG00000118705,RPN2,ENST00000237530,20,37179329,+,GRCh38,37138369,37220289,f36ff576aff96f2d376013b981d2a6e1b268b1390eda9e70356be8cbd4d58ce1
ENSG00000118729,CASQ2,ENST00000261448,1,115768713,-,GRCh38,115727754,115809674,edeb2a4c3cfc189684e8802063eee1261efcda76e660d2ab1879d100c6130eab
ENSG00000118733,OLFM3,ENST00000370103,1,101996925,-,GRCh38,101955966,102037886,ecedcdf55e5e12bf7e77599f2a180c7d927834601cd5c988636d616fba034fb0
ENSG00000118855,MFSD1,ENST00000415822,3,158802053,+,GRCh38,158761093,158843013,b452fb1c595b92f740e1e17153593241fdc320e5a846b369db000b78d83aeb17
ENSG00000118900,UBN1,ENST00000262376,16,4847480,+,GRCh38,4806520,4888440,910fd9a8b66312a89643a8e9636770c395744e58c98878fd18df9a6e8cd2a6df
ENSG00000118922,KLF12,ENST00000703967,13,74134403,-,GRCh38,74093444,74175364,adee881ecf122b722101a61c68ffde422738d4cd331671c03b1d959fb882f547
ENSG00000118946,PCDH17,ENST00000377918,13,57631743,+,GRCh38,57590783,57672703,bddb2dc195831e24cee3e832694a0fc2a9491f04063ba4a01d2471b752bde9ad
ENSG00000119203,CPSF3,ENST00000238112,2,9423653,+,GRCh38,9382693,9464613,c789f3e41f7c31a4a055daa6dca4b3b08fce0669d03ad9a5d308aec02feb13d3
ENSG00000119285,HEATR1,ENST00000366582,1,236604515,-,GRCh38,236563556,236645476,9e6cd3c4cc07120f222b621f07dddb4126efc36dc49d3b59d157137fa720498a
ENSG00000119321,FKBP15,ENST00000238256,9,113221276,-,GRCh38,113180317,113262237,3e97323c70e2c5a34bf515b64115414a4c87a0f6628a6f7c7c37b7654152c64d
ENSG00000119328,ABITRAM,ENST00000322940,9,108934399,+,GRCh38,108893439,108975359,7b09434f6641418f5fc0b3755b9ea3baa9267147cc5db5ade6b05e0f509d3c02
ENSG00000119397,CNTRL,ENST00000373855,9,121074954,+,GRCh38,121033994,121115914,db315ff16f7591d8832cf62b125ea657e7cfffec942ab5ccf0db2ad44428f6e1
ENSG00000119401,TRIM32,ENST00000450136,9,116687304,+,GRCh38,116646344,116728264,ae2db70caf92110d1de4eccaba178312dcd3e63fa1a328967bc2279f9b071983
ENSG00000119408,NEK6,ENST00000320246,9,124257948,+,GRCh38,124216988,124298908,c4d7d4d64907d711ec959118fda89c3aa7f27933c21285bc900ca86f8ffc493a
ENSG00000119487,MAPKAP1,ENST00000265960,9,125707207,-,GRCh38,125666248,125748168,0ce98b9e5f134180618556a5acbbc8e5826d5b5f526dc2dee4beb2e9b427004d
ENSG00000119508,NR4A3,ENST00000395097,9,99821884,+,GRCh38,99780924,99862844,59bd3b6bd092dccb07adbfcaca5c54d4a6bc9ae7c28a3a74dce62b0e23231791
ENSG00000119509,INVS,ENST00000262457,9,100099242,+,GRCh38,100058282,100140202,a63a7383baa26a08d931741588e9b37e7cb943b831043fa5459657752939787c
ENSG00000119523,ALG2,ENST00000476832,9,99221941,-,GRCh38,99180982,99262902,f551c4c2586ab88d89d9f21355012150f5187dba5cbc6b24247b223321a2e3ae
ENSG00000119681,LTBP2,ENST00000261978,14,74612236,-,GRCh38,74571277,74653197,1bf21db5da3807fa8aae71d55f433261fdecce9ebb50879d950f184dac91870e
ENSG00000119684,MLH3,ENST00000355774,14,75051466,-,GRCh38,75010507,75092427,4a179d63761406317983def745646078e76fca734b4a7d3a6cf331708246ab9b
ENSG00000119689,DLST,ENST00000334220,14,74881915,+,GRCh38,74840955,74922875,01f50fb443f6199d8e3bab7e5b0c755a50fad905b4fed7955a91630556b55a58
ENSG00000119718,EIF2B2,ENST00000266126,14,75002920,+,GRCh38,74961960,75043880,3cd7249e0aed5f831ac69a5fa68237ca15b56fe5e787a07b71676e18c04c5c7b
ENSG00000119720,NRDE2,ENST00000354366,14,90331940,-,GRCh38,90290981,90372901,7d541f26d561116d441c80664f561bdd343346bf0456a02adf5c452145d353b5
ENSG00000119723,COQ6,ENST00000334571,14,73950301,+,GRCh38,73909341,73991261,bb8d8caabfdd210ca86dc9e734df83a777fd8d250731fdaee173604d2b157996
ENSG00000119812,FAM98A,ENST00000238823,2,33599298,-,GRCh38,33558339,33640259,941b13e45ae418c9039f041f33f79cc3eb9b37def93359afeada135b164bc744
ENSG00000119844,AFTPH,ENST00000409933,2,64524327,+,GRCh38,64483367,64565287,21673fda63ab6a5974e0db8dc4b75bd09896b69624cabdf14862701df3976aae
ENSG00000119865,CNRIP1,ENST00000263655,2,68319948,-,GRCh38,68278989,68360909,3812cca2eded210b5bcc9f04bf626913ed7c4be718d91498c9299167de817059
ENSG00000119913,TECTB,ENST00000646139,10,112283399,+,GRCh38,112242439,112324359,03349de7a39304b226d76060938a7a423f6fc360a16745b040442489ef66a341
ENSG00000119919,NKX2-3,ENST00000344586,10,99532941,+,GRCh38,99491981,99573901,9d2b13055ae7839b385478282e02c5019526a852bc29f8f163e430aa6e3fecb7
ENSG00000119927,GPAM,ENST00000348367,10,112183764,-,GRCh38,112142805,112224725,d4633172a99a63d68363dd01e80e5bc138536ab4608017aa38b2dea3f720b969
ENSG00000119929,CUTC,ENST00000370476,10,99732233,+,GRCh38,99691273,99773193,1b70fd8016fe6297987802247adbf9c4725135041d977ed867c78a8ee60d2fa1
ENSG00000119938,PPP1R3C,ENST00000238994,10,91633070,-,GRCh38,91592111,91674031,0224a1da8e99e3c687fe78c4ba775cae1da24e948e9ec9a1647e17adabfdd95d
ENSG00000119943,PYROXD2,ENST00000370575,10,98415181,-,GRCh38,98374222,98456142,e0b018251cc9638e2f0a162ad0bfc66285aee9f849a5aa86ca5d46d41021569a
ENSG00000119969,HELLS,ENST00000348459,10,94545787,+,GRCh38,94504827,94586747,bb1c124d6e56f06c0ef4fc5da0b5a7e488bdf350e5ee1558e1dedbc42e24699e
ENSG00000120008,WDR11,ENST00000263461,10,120851361,+,GRCh38,120810401,120892321,dd7a311371d2011b985133bb52717556c5829fc8f57ce8d8c063bd1e8ee6b825
ENSG00000120051,CFAP58,ENST00000369704,10,104353832,+,GRCh38,104312872,104394792,98839b1dd08081d97179bf6ffba1dc074f02ad339e7e1d64f6595002a449b926
ENSG00000120053,GOT1,ENST00000370508,10,99430623,-,GRCh38,99389664,99471584,9aabc228d6c1bccd7995b01c3709e93001da078fa2a32a7fbecfe759a8605f0f
ENSG00000120057,SFRP5,ENST00000266066,10,97771998,-,GRCh38,97731039,97812959,462bb23e565046752dddbd75d9ebbbfeafa1c030cb98a036733371a0d759e57a
ENSG00000120075,HOXB5,ENST00000239151,17,48593778,-,GRCh38,48552819,48634739,eba6276d2730274b4856b237f42cfe9d6c382c309ccf089c6b3c50c5ee373432
ENSG00000120094,HOXB1,ENST00000239174,17,48531010,-,GRCh38,48490051,48571971,0ccb1451f2afdc254b8b104b928b5e82e82e8847d115867952709d46e1b5a519
ENSG00000120129,DUSP1,ENST00000239223,5,172771194,-,GRCh38,172730235,172812155,c7c104bb2c9d04f736b00dd4a8cf7b65c4420021a5dce10cf57e2878df5b15d9
ENSG00000120156,TEK,ENST00000380036,9,27109224,+,GRCh38,27068264,27150184,0a073f3dbbec38e0fc6c387de557fc1ecf7beea16aa71a533446f3d7ea16cfea
ENSG00000120158,RCL1,ENST00000381750,9,4792943,+,GRCh38,4751983,4833903,2e604f3cfd1f5b375c740087ebdf5e11635a889abebaf771c82d0865e0bca1a5
ENSG00000120217,CD274,ENST00000381577,9,5450541,+,GRCh38,5409581,5491501,b30d4604f52bf4af68e8879ecbab5bbac0cd2a32f2f8f22be25e33b000f667a5
ENSG00000120279,MYCT1,ENST00000367245,6,152697896,+,GRCh38,152656936,152738856,40b7d0f8c69850a19f6eb8ae958cb4d9a76f13547b4bbf0a2795a3e0a19b8966
ENSG00000120332,TNN,ENST00000239462,1,175067832,+,GRCh38,175026872,175108792,9cd163d01eb36ee928cbe2ae778a84e6584a5ad96ae60f36448154f60f6955cf
ENSG00000120334,CENPL,ENST00000682279,1,173824882,-,GRCh38,173783923,173865843,adaa8171cf1a5c6ca5f315ab780f69d709a6a98ad4d4186de4fcd390b62618b3
ENSG00000120370,GORAB,ENST00000367763,1,170532165,+,GRCh38,170491205,170573125,094e7ad6b5be97729ae480cb196d2ed094e1b9129f5af2be47fc1cb2ef5289e1
ENSG00000120451,SNX19,ENST00000265909,11,130916478,-,GRCh38,130875519,130957439,7a31a4bae905efe2687837911db8949e990f23466e969c940bf802f3bab0a6e6
ENSG00000120457,KCNJ5,ENST00000529694,11,128891355,+,GRCh38,128850395,128932315,063dae35924ed986a20c5c8d565526eb5bac2fa668ce9d1ce960a10923bf7a31
ENSG00000120526,NUDCD1,ENST00000239690,8,109334086,-,GRCh38,109293127,109375047,08a25d769b18c5bbfe6846d8b487cbf3161bb54b864ea58d46f6b06fc40c02c5
ENSG00000120594,PLXDC2,ENST00000377252,10,19816431,+,GRCh38,19775471,19857391,3e5846cc0c18996c9f427d884f9ba209f73fad0a970380ad151a51d6eb34ee5c
ENSG00000120658,ENOX1,ENST00000690772,13,43786971,-,GRCh38,43746012,43827932,3ed1665f0690fad33fc0753c0463ae7940b74d5d96a708dcac5a93cca3dfe282
ENSG00000120659,TNFSF11,ENST00000398795,13,42574151,+,GRCh38,42533191,42615111,ec447e0dfd4e49a77b3f100d69a347971eeef7b2cf10d99f667bd7a8b27b7c2b
ENSG00000120685,PROSER1,ENST00000352251,13,39038088,-,GRCh38,38997129,39079049,df03ec857575689234295dc4e15092c11fc9754ae048c4dce33b78342985973d
ENSG00000120694,HSPH1,ENST00000320027,13,31161903,-,GRCh38,31120944,31202864,93e3a072e418a697ceb6559fd88bdccdb7e422ec9a7bb13e6482214fc99d6ae3
ENSG00000120697,ALG5,ENST00000239891,13,36999339,-,GRCh38,36958380,37040300,2178f2ba5541a1146cd3d0419cbf38112c70b374c882cd5fa3bb581fdf65b096
ENSG00000120708,TGFBI,ENST00000442011,5,136028987,+,GRCh38,135988027,136069947,92c3f899a9ad60179320e882548c4f022422c5ed01f5b3d669c6bf23f924b74b
ENSG00000120709,FAM53C,ENST00000239906,5,138338265,+,GRCh38,138297305,138379225,835b955974ef86c1918d5b166f8315bdce058cbb47b0ec881095e1634dd56706
ENSG00000120725,SIL1,ENST00000394817,5,139198367,-,GRCh38,139157408,139239328,151aaf4f849182bf8eaad539fd4d538fa8eee6f62c3bc0fa3550d83f4da80900
ENSG00000120727,PAIP2,ENST00000265192,5,139341853,+,GRCh38,139300893,139382813,0da423c8cab42e359767314e42ec69e7f59070eea496766ee147e0498d4f2cb8
ENSG00000120729,MYOT,ENST00000239926,5,137867859,+,GRCh38,137826899,137908819,a68d2a79dfa944ffc8d7fb93376a46117d1a8c75b8114afbd01861d69ea90c20
ENSG00000120756,PLS1,ENST00000457734,3,142596392,+,GRCh38,142555432,142637352,7081bb386f5cd1e0479d480b14d92e0d521af80269eaca49e922ef6685775aa9
ENSG00000120800,UTP20,ENST00000261637,12,101280104,+,GRCh38,101239144,101321064,01f008bd9c9f4c358cdd56947cbd136b16a67078ff2b17c65b202be084f15db3
ENSG00000120820,GLT8D2,ENST00000360814,12,104050186,-,GRCh38,104009227,104091147,5cedd5ad34fa15921109e522e48a03217ecc259790a8ed438e476c4d344a40a6
ENSG00000120860,WASHC3,ENST00000240079,12,102061990,-,GRCh38,102021031,102102951,d94b9caac8b28d304b3e81497438d0b85bb0d2f11d09df096328a4da2399d3cf
ENSG00000120899,PTK2B,ENST00000346049,8,27325551,+,GRCh38,27284591,27366511,afa5428ac21ab731e1ffe6f01dd8fd9f1a9e9c88e5c57e8cfd1bc1cdd931c170
ENSG00000120903,CHRNA2,ENST00000407991,8,27479260,-,GRCh38,27438301,27520221,f4b250b90af823e9ea19b5ac05aba59934e758e8c071b11dc06ac507949fc3ab
ENSG00000120942,UBIAD1,ENST00000376810,1,11273197,+,GRCh38,11232237,11314157,1a8b63b0f6e2d654e05968ecb35ed499f9d3e809907a8a4d7c2517c562cafefe
ENSG00000121281,ADCY7,ENST00000673801,16,50266550,+,GRCh38,50225590,50307510,b3de78e429ec2e3ee096d76c5fcabbe555336e8bf66f28a081d43184e5d6a45b
ENSG00000121316,PLBD1,ENST00000240617,12,14567882,-,GRCh38,14526923,14608843,a8f4222de1787f053f633dd6ed95ca0b37c4530e810dee840942c9250918184f
ENSG00000121361,KCNJ8,ENST00000240662,12,21774705,-,GRCh38,21733746,21815666,c02934926f3105b8f07aad5fdb980de678f0d477bb8f9efa87ea5a99a2e708b4
ENSG00000121440,PDZRN3,ENST00000263666,3,73624940,-,GRCh38,73583981,73665901,4977c72f0f8563783d43761387853fa688dca4bd48778ab00103a842046bd8c8
ENSG00000121454,LHX4,ENST00000263726,1,180230263,+,GRCh38,180189303,180271223,4356aad897aa4a490d6afb0137330c67594b1e76837825c0132cfd4092d7ddfd
ENSG00000121542,SEC22A,ENST00000492595,3,123201942,+,GRCh38,123160982,123242902,d6812708c4fa3504f0ebe35c0e9d4f691b0f30a24cdf8748355a17602e817145
ENSG00000121577,POPDC2,ENST00000493094,3,119660588,-,GRCh38,119619629,119701549,b0b6877dbc5dced35ad1b17bc72e45b0e57a7ed95cc281e9ed0bf46704c50174
ENSG00000121578,B4GALT4,ENST00000393765,3,119240877,-,GRCh38,119199918,119281838,b01db13fb393f63ad94793c9ff1d600a59fa58761e8cadc963d26d10189bffe0
ENSG00000121634,GJA8,ENST00000369235,1,147902794,+,GRCh38,147861834,147943754,7b22f998e0c74e4a60d1e7ce167a1aaeee3d6bed18e53b35a8e5a50db99ba822
ENSG00000121691,CAT,ENST00000241052,11,34438933,+,GRCh38,34397973,34479893,5cee7349c456b7e72678396a664b7bc877c61b7f0ce1240a6d8e581d33122cea
ENSG00000121742,GJB6,ENST00000647029,13,20232318,-,GRCh38,20191359,20273279,eacc0a3f26b737d29bc5a1e818f423cd90bb21afb0436fe51601d0b71e12ff59
ENSG00000121775,TMEM39B,ENST00000336294,1,32072938,+,GRCh38,32031978,32113898,968a9ea031813a3867256d428e6b3276dd0629a552b30e1b1ce1f4a1fb9f739a
ENSG00000121879,PIK3CA,ENST00000263967,3,179148356,+,GRCh38,179107396,179189316,287081ad7d3a4022691273045186a4f050fad24ed83bca9c254501a455b68e22
ENSG00000121940,CLCC1,ENST00000369969,1,108963483,-,GRCh38,108922524,109004444,20031aad157b884f964d30431424e2033d9966febd3754131e4c395593b5e0f3
ENSG00000121957,GPSM2,ENST00000264126,1,108876984,+,GRCh38,108836024,108917944,1f7c0a4d3954c970994f4f7861adc078466b5447a842da6a783927af32361372
ENSG00000121964,QTMAN,ENST00000682281,2,144332511,-,GRCh38,144291552,144373472,9d9e7cd6103d5c4c040e45e8bd1c69108cba91bd4b4a45fa45708b226b84537e
ENSG00000121966,CXCR4,ENST00000241393,2,136118148,-,GRCh38,136077189,136159109,a263a139bdb81aef392b4f1dcf2011546cf99a5351b25c813bc339c63ea0e4fa
ENSG00000122008,POLK,ENST00000241436,5,75511890,+,GRCh38,75470930,75552850,8d85a7f57bcf794dc6b3b1f6b93ecf257fc6104b56c9ee278c76bd37536a60fd
ENSG00000122012,SV2C,ENST00000502798,5,76083382,+,GRCh38,76042422,76124342,c4c2553d416b96c5fd6267fbb184d0f586e6239592de9260dd41574aadab8a2c
ENSG00000122033,MTIF3,ENST00000381120,13,27450563,-,GRCh38,27409604,27491524,fcb6dd9e7ca61ec3fef8d1d5994c8348a5b8e931a628d19db877b23cb7639715
ENSG00000122035,RASL11A,ENST00000241463,13,27270829,+,GRCh38,27229869,27311789,bf4edc2cd7984355c1f2b4b7b3d572f461a37b7617a0124e5f83e98beb0d7ead
ENSG00000122042,UBL3,ENST00000380680,13,29850616,-,GRCh38,29809657,29891577,60647c3e824a715c85d38aa66fa07d3a682f9c7e2743741b5736fcdb76351799
ENSG00000122121,XPNPEP2,ENST00000371106,X,129738978,+,GRCh38,129698018,129779938,6da3147e11ed9a4b619a64d9915c3a1d272b9aadcabcffec4d5932db7cd8416e
ENSG00000122122,SASH3,ENST00000356892,X,129779948,+,GRCh38,129738988,129820908,66773c565a94984039345a619afb98511db566bbb21b4b6c7b6ea5b53a7e37a9
ENSG00000122176,FMOD,ENST00000354955,1,203351121,-,GRCh38,203310162,203392082,fc4d1ce905aedfc1e48c760be47499321d123f15fa6ea3706fb5776bd7984840
ENSG00000122218,COPA,ENST00000241704,1,160343249,-,GRCh38,160302290,160384210,35f6090efc94f8a143a8ae118abda9affaeab1abf89fc1a6a411dfe59e92dc0b
ENSG00000122417,ODF2L,ENST00000460698,1,86396322,-,GRCh38,86355363,86437283,a74f648a76b41e38dc4157be4fb0e3dae6f1e81cf08393474f956c3e2db8014f
ENSG00000122420,PTGFR,ENST00000370757,1,78490973,+,GRCh38,78450013,78531933,14d28acdf6ca9a0438e9f1a372f92fa3e8bb9b2e71867241d55bef9aa2c83180
ENSG00000122435,TRMT13,ENST00000370141,1,100133162,+,GRCh38,100092202,100174122,0690af1a2780ed07a4463f27019539c963702db57b4c2030d6fd0091cbaf063d
ENSG00000122477,LRRC39,ENST00000370137,1,100178255,-,GRCh38,100137296,100219216,fdfd06eb3de1a7d92bdf5bb5a8d1b399f55dd728eafac33b86d5fca92f87cd0d
ENSG00000122481,RWDD3,ENST00000370202,1,95234209,+,GRCh38,95193249,95275169,bcd51835f087748ea24c72071f2c02bd09134a1da37d6143f0c6aaabc138dda4
ENSG00000122482,ZNF644,ENST00000337393,1,91022034,-,GRCh38,90981075,91062995,9ae50ed8f37aafff76cf96fdd2b665bdeaf3175d9b719600fe76d629f559f57f
ENSG00000122547,EEPD1,ENST00000242108,7,36153253,+,GRCh38,36112293,36194213,dce6197321dd8d5523eda4e22ac02bf69bd8cde70a68d2a96b1fde8ce705a2b1
ENSG00000122584,NXPH1,ENST00000405863,7,8433608,+,GRCh38,8392648,8474568,5e06004f861fe6cda6bbeaa4cd3f062cdfb505e2c61b3b2530bdd48113b0dc9a
ENSG00000122592,HOXA7,ENST00000242159,7,27156674,-,GRCh38,27115715,27197635,eb05e7a04f3b9b403d89d2a4d6427879e2f9414b928ca7b17e6b354c1f791687
ENSG00000122641,INHBA,ENST00000242208,7,41703089,-,GRCh38,41662130,41744050,d3908ecf4000d8c6f527b8978c65b7c6c39e29d6c5929902c4c641f06abef3df
ENSG00000122692,SMU1,ENST00000397149,9,33076673,-,GRCh38,33035714,33117634,6dac805bd856a8d3d00790abd13c0bbb286032d93db69edcdbef89082bec3f9f
ENSG00000122707,RECK,ENST00000377966,9,36036912,+,GRCh38,35995952,36077872,aaed32c04148e551ff9fef6875e8c8e6d6d96e40a364235414e953a928e72c91
ENSG00000122735,DNAI1,ENST00000242317,9,34458804,+,GRCh38,34417844,34499764,ce05ee807784e07b2f8ea5526eb2755298a301b11c7c1021e42ede853490b1cc
ENSG00000122756,CNTFR,ENST00000378980,9,34589723,-,GRCh38,34548764,34630684,6427936084010f55368ec8d7ba45926a5eee96fc2d20d1bc9e9c4755ac80bebf
ENSG00000122786,CALD1,ENST00000361675,7,134779633,+,GRCh38,134738673,134820593,1c1bccbc12de66b474dfe29fae732973e2281206d833920830c1a57584b2f016
ENSG00000122877,EGR2,ENST00000242480,10,62816365,-,GRCh38,62775406,62857326,290ec61a81c23b50c7e358802117e7c0d0d5b5e20c2de6880db81df1ae3032cd
ENSG00000122965,RBM19,ENST00000261741,12,113966324,-,GRCh38,113925365,114007285,4ef5d31115a62aec8db60bd5600f8583d101be4007f96370f6c37a24cc10c5ad
ENSG00000123094,RASSF8,ENST00000689635,12,25958681,+,GRCh38,25917721,25999641,435fbfa8b7403279efdbfc85e56ea793f76c32101b3358da6a2829ab9fc2ba43
ENSG00000123096,SSPN,ENST00000242729,12,26195572,+,GRCh38,26154612,26236532,646a39b8eb16464e234424be1f5965c9dd811bce6ca61834405a6f4d313316c5
ENSG00000123104,ITPR2,ENST00000381340,12,26833193,-,GRCh38,26792234,26874154,0537a6445e6de034009f8576b85f0c41ac6ca432eb1e7f34d85b45b8691ea512
ENSG00000123106,CCDC91,ENST00000536442,12,28190455,+,GRCh38,28149495,28231415,7ff74a5c22a47398bac94a18a6d47345bea348b88f5540ae3097d9aba40ed9d8
ENSG00000123124,WWP1,ENST00000517970,8,86342546,+,GRCh38,86301586,86383506,5aa46ae7fdbf10d67e88eb8ab18852ab82110e98f744f88dac3d92b07a97d15a
ENSG00000123219,CENPK,ENST00000396679,5,65563167,-,GRCh38,65522208,65604128,fc766d45cc61f6310b9d10e3d0f4d2800516059701b2163b5587fd7f081cf458
ENSG00000123407,HOXC12,ENST00000243103,12,53954902,+,GRCh38,53913942,53995862,e46afa57899d274ab62259065c48f648f4ee2bb82aea7544abd2fe8e61069400
ENSG00000123454,DBH,ENST00000393056,9,133636362,+,GRCh38,133595402,133677322,6deac91ed25999ed04ca416fb8151900bb8759b69d3118749e1c2416b2759ae7
ENSG00000123473,STIL,ENST00000371877,1,47314146,-,GRCh38,47273187,47355107,383179e7c153736c3923a76e54869393883d39f73ac3ce4650b703a4d6ad0ae2
ENSG00000123552,USP45,ENST00000500704,6,99515422,-,GRCh38,99474463,99556383,a37ef9d430e5f7380e05a8cc28f8d5d23a0812656f81fb2ab9b17e291e73cbcc
ENSG00000123600,METTL8,ENST00000375258,2,171433989,-,GRCh38,171393030,171474950,0190b6d5a3913b1389934a1ee5c2faaa10fc7ea18866f510552330e40fc43c3e
ENSG00000123607,TTC21B,ENST00000243344,2,165953775,-,GRCh38,165912816,165994736,98337f59ae0392ab88dc48a3be50bebc4d1251f6318e4addcb158c3086fa5793
ENSG00000123636,BAZ2B,ENST00000392783,2,159616547,-,GRCh38,159575588,159657508,114990666a5b49a0728dcc467d5fe90fda6505c3d3eef322b538325deae0bb93
ENSG00000123700,KCNJ2,ENST00000243457,17,70169531,+,GRCh38,70128571,70210491,7b0863631443b48685a76e0374e58b88ae64b5742d008d18cc256da621e32b21
ENSG00000123737,EXOSC9,ENST00000243498,4,121801322,+,GRCh38,121760362,121842282,8e7afea5d0c3a9558cc73c149796008c90cfa6d35b22fc2cab2c0d6f89b172af
ENSG00000123836,PFKFB2,ENST00000367080,1,207053274,+,GRCh38,207012314,207094234,080a39ac03c97ab0062b14bcc051f20ae7ccf206c97ef94dfaa46aa1fa7d0e03
ENSG00000123892,RAB38,ENST00000243662,11,88175442,-,GRCh38,88134483,88216403,5ece56559312686e7ea3bef72d416c587b4d906498003e6bb3ec880eadaf900e
ENSG00000123992,DNPEP,ENST00000273075,2,219387911,-,GRCh38,219346952,219428872,7294f0cd1a13b1ea16dfe9f244670ad4295b469570fa8aa2cf09da510256b2f2
ENSG00000124019,FAM124B,ENST00000409685,2,224402106,-,GRCh38,224361147,224443067,d2ee8f7fe737899505fae4ae1725f3ce5df0efc7644e424bb991ed11b00eeb6c
ENSG00000124120,TTPAL,ENST00000262605,20,44475873,+,GRCh38,44434913,44516833,8ae4b4d257225acad5451abd65238b37825f6ed1b7b40b9608b92b7146d736d6
ENSG00000124134,KCNS1,ENST00000537075,20,45101126,-,GRCh38,45060167,45142087,e483879aa91d41e0c1c41a77a9afb5b2f134ce95cc56bbdbba55ae6aefc8bcbf
ENSG00000124145,SDC4,ENST00000372733,20,45348423,-,GRCh38,45307464,45389384,a2867065e4b10e3a63745f09961fa64fa1ae8892efac722d27b47d1ef38bf0cd
ENSG00000124151,NCOA3,ENST00000371998,20,47501886,+,GRCh38,47460926,47542846,7f716d91c00eb71f201e21798841d6b6b53fc99949528849ba4b2e312d825d41
ENSG00000124155,PIGT,ENST00000279036,20,45416140,+,GRCh38,45375180,45457100,c9d330f343837713f17fa569bcea8813d3443dcaebbaa904b93beb608130999e
ENSG00000124191,TOX2,ENST00000341197,20,43914851,+,GRCh38,43873891,43955811,a55a1922dcff65acd4b6de09fd71c52628bfc02e495e94a3e800f121eb824178
ENSG00000124194,GDAP1L1,ENST00000342560,20,44247307,+,GRCh38,44206347,44288267,b42c094e9fa33eb9415831d76fa2b94bec4e0476e88355dfde909a8f644a93fc
ENSG00000124214,STAU1,ENST00000371856,20,49188333,-,GRCh38,49147374,49229294,f6de1137e6e2f683d024649127727e0ee6c5debf1dfe6d1e8d17d4d053a93fe0
ENSG00000124228,DDX27,ENST00000618172,20,49219415,+,GRCh38,49178455,49260375,364ef601d325ada5c66ca3ee3c5e54fb1fa42254dc0d151bf52462d7643bf85a
ENSG00000124232,RBPJL,ENST00000343694,20,45306839,+,GRCh38,45265879,45347799,72253fb8c7acef66d4b7233ac1a97897a3647830e7c450e76c1a98c177f090e9
ENSG00000124302,CHST8,ENST00000650847,19,33621952,+,GRCh38,33580992,33662912,a1fa13385fe4e04e7a7a66dfeb2556834a2cb7e3bfd0f025b6cc2be679ea3e53
ENSG00000124479,NDP,ENST00000642620,X,43973389,-,GRCh38,43932430,44014350,17f7c352f978fda8dec26ca4466def5e747f814a56dcf0a5dabc96c58ffc4796
ENSG00000124491,F13A1,ENST00000264870,6,6320661,-,GRCh38,6279702,6361622,4ffaaeb744cc09aa79d4126c7277abcd8a83870eecab845e222d74c7d22ee7fb
ENSG00000124496,TRERF1,ENST00000695948,6,42451925,-,GRCh38,42410966,42492886,344dca01d8fa61004b6e1b52107a3fe120305d1dc23320051d9e37e5fc4098ce
ENSG00000124602,UNC5CL,ENST00000244565,6,41039220,-,GRCh38,40998261,41080181,876dfaf278623bce3c184bd521c91e0b8617ea20d9ce7d12c7a046912acd950b
ENSG00000124608,AARS2,ENST00000244571,6,44313346,-,GRCh38,44272387,44354307,1324402f5de8e11b1f3806abc75c7660f104073d074f27e15aaee38182e1d9da
ENSG00000124664,SPDEF,ENST00000374037,6,34556328,-,GRCh38,34515369,34597289,2c3f5af68dad241bd8d5fe1997b17eeb104585e547c1457c7acec03004b75a2b
ENSG00000124701,APOBEC2,ENST00000244669,6,41053201,+,GRCh38,41012241,41094161,5b701e2ebc80f2747f7b69305ea736d566e1fa6fd545903b8348e070349dbcc5
ENSG00000124743,KLHL31,ENST00000370905,6,53665755,-,GRCh38,53624796,53706716,5f2ef6c50deaa0d0db2cc9c6e6b62e8b0c974cff578ee47e0b3c411224eb2960
ENSG00000124784,RIOK1,ENST00000379834,6,7389807,+,GRCh38,7348847,7430767,1bb0400a805c9a5cb9e39615b0060bb8f3bb761bb2638ffbad2c5b67c5becab6
ENSG00000124786,SLC35B3,ENST00000710437,6,8435544,-,GRCh38,8394585,8476505,5325eaa29f53bb7d7a8df7fe2aaa936824c526ab4ecfc2e3e5f2f7435e4bb345
ENSG00000124788,ATXN1,ENST00000436367,6,16761459,-,GRCh38,16720500,16802420,7f7b7e654fa3a8059ea7884a83ca0a5474a87b888143cb31e461f55ea23c36fb
ENSG00000124813,RUNX2,ENST00000647337,6,45328329,+,GRCh38,45287369,45369289,f20d3ba0eefa8182f75cf7381a0fcfe6e90ae926113d278b52e1db5357f2196e
ENSG00000124818,OPN5,ENST00000371211,6,47782031,+,GRCh38,47741071,47822991,24eef6e8eb043025ddbcb6a0e3e400c7297db4e553552e99774de3daf2f9b78e
ENSG00000124882,EREG,ENST00000244869,4,74365144,+,GRCh38,74324184,74406104,9a9be01e66543243bbd2a3f224a3bb119f70eea2e452087b6a4c75dc334a55ea
ENSG00000125046,SSUH2,ENST00000544814,3,8644797,-,GRCh38,8603838,8685758,91f2efd4aac29dbea8f13fca511c5de32e4a7c4474441ba886c033f401a4d381
ENSG00000125124,BBS2,ENST00000245157,16,56520023,-,GRCh38,56479064,56560984,fd6e1991165ebead8cfcc7199ac6311ab900989ba997a37e3105e2f4a8b282b1
ENSG00000125245,GPR18,ENST00000397470,13,99258378,-,GRCh38,99217419,99299339,a77815f792fdfba84da832993af93d86a701af13e166ef820528959411861561
ENSG00000125266,EFNB2,ENST00000646441,13,106535661,-,GRCh38,106494702,106576622,d31bddccdd64f1a026830042b8fba8c435358dbeebc5dabd02207ca05d8dd161
ENSG00000125304,TM9SF2,ENST00000376387,13,99501471,+,GRCh38,99460511,99542431,b57bd9bbe0f22cc6eaf54fad2a0b1d1e58e6e4ef2f7c7e3bf850b838d3b87779
ENSG00000125409,TEKT3,ENST00000395930,17,15341596,-,GRCh38,15300637,15382557,385d15244d1c69f9babd669e80f53fc603461688fb2ab16519648cf672444f94
ENSG00000125447,GGA3,ENST00000537686,17,75261605,-,GRCh38,75220646,75302566,58f30a06f8a8d37b2241a83cc4e2a8ea85d09c01b28e26f3048272c2265d64c8
ENSG00000125484,GTF3C4,ENST00000372146,9,132670463,+,GRCh38,132629503,132711423,07a793368176d1e0a24216e6abeac8aa215902b16c4ccbc11fb6ba6274ca9eed
ENSG00000125485,DDX31,ENST00000372159,9,132669982,-,GRCh38,132629023,132710943,10a885ed93b9120ffceaab433868fb05a49d51bb02fc965bfc7a461090bd919d
ENSG00000125629,INSIG2,ENST00000245787,2,118088470,+,GRCh38,118047510,118129430,19429d2809ee7d42c533664e9efa1def391af09b952b1ffdef5868d1e128c8d4
ENSG00000125675,GRIA3,ENST00000620443,X,123184277,+,GRCh38,123143317,123225237,80e9bd223236d8be94f0bd71b534b8f1d015703db5e462ae85e080e6ea7d3736
ENSG00000125780,TGM3,ENST00000381458,20,2296000,+,GRCh38,2255040,2336960,9c23acdda95e3ba36c5ee491b99690ee0e214ccdfe8996264fd98f78128a0c42
ENSG00000125798,FOXA2,ENST00000419308,20,22584571,-,GRCh38,22543612,22625532,a1852c766a4e3a14257c1ee30c01af2e38172ffe12918836c207a4c06753ad50
ENSG00000125810,CD93,ENST00000246006,20,23086323,-,GRCh38,23045364,23127284,1f87900e01ecf56c4206d27e67217b2386c20f3b9a9139f07703cebfecf183ce
ENSG00000125814,NAPB,ENST00000377026,20,23421487,-,GRCh38,23380528,23462448,edca6c4330a541acddb4a9da63a8e4de67cfef9bfd3c0a1a9b4d66ffea682bc4
ENSG00000125818,PSMF1,ENST00000335877,20,1118601,+,GRCh38,1077641,1159561,25ee43d05a810cdac173d6638cc49b2145ddd96ba772deb6a6ce33b35ba66832
ENSG00000125848,FLRT3,ENST00000341420,20,14337611,-,GRCh38,14296652,14378572,99c8b1172e8aa5e8119ab004088e21f695edb2a34a4abb4de6c4ba0717099531
ENSG00000125863,MKKS,ENST00000347364,20,10434221,-,GRCh38,10393262,10475182,f174f4c1f72fdedeb67fa7f7c9493981d834e29a4946dd4cd711778be76c4ff2
ENSG00000125869,LAMP5,ENST00000246070,20,9514589,+,GRCh38,9473629,9555549,18ee3e1a0fd22dd61d9015d150d64759217c2243a105a4c99f70bc2ab4005ad0
ENSG00000125885,MCM8,ENST00000610722,20,5950651,+,GRCh38,5909691,5991611,567f2b56d88b44936c880cc23757e9dc524cd4653b9ecb81123ed3533a87f7a7
ENSG00000125991,ERGIC3,ENST00000348547,20,35542077,+,GRCh38,35501117,35583037,5fa4d80ec43f7809e19bccf32116d2c501f9b29e130f530de552b9f9528d0722
ENSG00000125998,FAM83C,ENST00000374408,20,35292424,-,GRCh38,35251465,35333385,13c65541bbd6e374ff8fd90c5b95cfa23e8f7146b7ff06f56acc1eb6a38c60f4
ENSG00000126010,GRPR,ENST00000380289,X,16123564,+,GRCh38,16082604,16164524,a7283621f08cb691c0fc9be165d2fff270fd73433cb21bcdb1d05e1c19b58b89
ENSG00000126062,TMEM115,ENST00000266025,3,50359520,-,GRCh38,50318561,50400481,65a44e161218be9b3bdc5da2fd68350e5c98ce89a8301a78c9787433397c5864
ENSG00000126353,CCR7,ENST00000246657,17,40565471,-,GRCh38,40524512,40606432,c936fcbd315c8763523815ec4f7e477d3e90400485685c648f89644786b4bb92
ENSG00000126500,FLRT1,ENST00000682287,11,64035930,+,GRCh38,63994970,64076890,0aa968ab48e9486e0f278173f94bfc9f4044604f33d6efd31ec8a44fee062f53
ENSG00000126602,TRAP1,ENST00000246957,16,3717523,-,GRCh38,3676564,3758484,870b6c4bfe44b7bfbfa5bb4c0af6320b7d19f88c8d1a74c700a1c41ee7cbe3d1
ENSG00000126773,PCNX4,ENST00000406854,14,60091922,+,GRCh38,60050962,60132882,2bc26c7723763d07986d2279ef57bd33366ba4b1806968de2f0e6cd599396bb3
ENSG00000126775,ATG14,ENST00000247178,14,55411829,-,GRCh38,55370870,55452790,2f67abb029e2c55734cb53b685e14a63bb1c02a46d48dbc5c5d9206e87aaf470
ENSG00000126785,RHOJ,ENST00000316754,14,63204442,+,GRCh38,63163482,63245402,2721c2be5544c695c9f591ef453bc2d1ccfe774f71e4fb002a1cfc6aaec3e195
ENSG00000126822,PLEKHG3,ENST00000247226,14,64704423,+,GRCh38,64663463,64745383,f7334eabe84005c087b49bdcfdf4e1b51b07da1e6f2923ee8f077e1503de5a38
ENSG00000126860,EVI2A,ENST00000462804,17,31321621,-,GRCh38,31280662,31362582,d430a9e2e8de206b355319458c7ac6186553b51e0f5f850dbade1f4914b50d57
ENSG00000126950,TMEM35A,ENST00000372930,X,101078878,+,GRCh38,101037918,101119838,22ae6993b13ffc53e6713543becb994e5e060bd03ed85e4d4b61a821f2c8dc72
ENSG00000127074,RGS13,ENST00000391995,1,192636146,+,GRCh38,192595186,192677106,25ee1c247f2b341b48dcfc866373575c7334100e0015f8d34d4d17c79e73505e
ENSG00000127241,MASP1,ENST00000296280,3,187291736,-,GRCh38,187250777,187332697,404f2ed289f6a76f77421e35ba6046ab89b0ae68ee737b7853793035c2a27b1c
ENSG00000127249,ATP13A4,ENST00000342695,3,193554894,-,GRCh38,193513935,193595855,102daa60e8dcd19e61c9cee2031b796baeb762738dd63ed1dcc0ec4bb1754c95
ENSG00000127325,BEST3,ENST00000330891,12,69699302,-,GRCh38,69658343,69740263,22a3b2a923c8226246e8928b22766d9d4e0a1ffe34184fd727441258a28fa902
ENSG00000127329,PTPRB,ENST00000334414,12,70637428,-,GRCh38,70596469,70678389,874955cc7339b04d2681b0d9a9b18c78d03a92de6878d5326ff9f16fd09649de
ENSG00000127580,WDR24,ENST00000293883,16,690397,-,GRCh38,649438,731358,ab4df0f01cb5e4ca990cbe5b675ab9db06564336c2612e1706271239fa3988e9
ENSG00000127585,FBXL16,ENST00000397621,16,705800,-,GRCh38,664841,746761,45afab473acdf0adf71e9d83f1feca75334b89801cadc861b8d0739836512fbf
ENSG00000127720,METTL25,ENST00000248306,12,82358528,+,GRCh38,82317568,82399488,78b1cd299ae30f6f9264df1e0539e505b1b935cabc06bab6dc2ff1791358ce10
ENSG00000127743,IL17B,ENST00000261796,5,149379291,-,GRCh38,149338332,149420252,5d624f8836e3d693157a1f3747ee733e18b5cf19f933caf9a58a6e56ba5a303c
ENSG00000127824,TUBA4A,ENST00000248437,2,219253917,-,GRCh38,219212958,219294878,f3a3b3a0bc5b63e1170dd325fc2dc081a370ba66270a0ae00206538f040d6803
ENSG00000127863,TNFRSF19,ENST00000248484,13,23570411,+,GRCh38,23529451,23611371,b19a3872793a7f89f22c675ce89413baf8a7af0af673f41af4707fdc1fb73419
ENSG00000127954,STEAP4,ENST00000380079,7,88306893,-,GRCh38,88265934,88347854,6564a9ab3da4531a51aefc497dd703d3768e6da8ee986fd5dd40b509c19864fe
ENSG00000127955,GNAI1,ENST00000649796,7,80134830,+,GRCh38,80093870,80175790,978ea83ddc407ab311630b652321dc8c211aa833cd26e69f26b9e4f492959a4b
ENSG00000127980,PEX1,ENST00000248633,7,92528519,-,GRCh38,92487560,92569480,6c8029a6aa23ab24b3d13b780e5679f37a681658b08b78b30eae2cbcce815687
ENSG00000127993,RBM48,ENST00000265732,7,92528794,+,GRCh38,92487834,92569754,73105c09179d4a17211153a48f64ec119de6e7b1a5a2209c3acd6d14a43b9541
ENSG00000128052,KDR,ENST00000263923,4,55125594,-,GRCh38,55084635,55166555,e7fbf919be9ada217570893982d66e4aba4eb95fd6988eae374a7175ba9be81c
ENSG00000128059,PPAT,ENST00000264220,4,56435614,-,GRCh38,56394655,56476575,d0e0bdf5413f1019ee7b95de86b3db4605fe2d2cb25072bc0bcf9ac5bdbced52
ENSG00000128271,ADORA2A,ENST00000337539,22,24427598,+,GRCh38,24386638,24468558,91a5b281f65a27a9af318c3dfa612a953a522c37dd88532d281766c02e914881
ENSG00000128463,EMC4,ENST00000267750,15,34225015,+,GRCh38,34184055,34265975,690fe1b58c09a7f14121ec21fa5f79ec4c22188b147a5b54ce6c109024c2a7b2
ENSG00000128510,CPA4,ENST00000222482,7,130293160,+,GRCh38,130252200,130334120,fe3c5219179b154f2c7b8140f97c61c90a964bf675fbc0af93261f380794c64c
ENSG00000128512,DOCK4,ENST00000428084,7,112206398,-,GRCh38,112165439,112247359,7f3f63c2f9f54224fd57d90be48a9057863014c0b0bff3524959331ce9b895cc
ENSG00000128573,FOXP2,ENST00000350908,7,114414814,+,GRCh38,114373854,114455774,c8b87ef5af4b0056098dac3fa1554c763a997f0cb51e94f5b7ec039caf10a784
ENSG00000128595,CALU,ENST00000249364,7,128739358,+,GRCh38,128698398,128780318,19529060f3827273e47ac3246d4ef61cac74c3f948f92edda91456f64b136f96
ENSG00000128606,LRRC17,ENST00000339431,7,102912999,+,GRCh38,102872039,102953959,c3f256e5977fe58b661b38413b36483a2b13f5e81d86d9f35b3a653851bc2973
ENSG00000128617,OPN1SW,ENST00000249389,7,128775793,-,GRCh38,128734834,128816754,01ebbcf36c9d49cab5580a9a57a4d937127a533401d4a6fb57ad7f0502e80732
ENSG00000128641,MYO1B,ENST00000392318,2,191245403,+,GRCh38,191204443,191286363,415730b632c7bf9432508149af868fde7849191db1fe2682080bfcb178a2ae55
ENSG00000128652,HOXD3,ENST00000683222,2,176157306,+,GRCh38,176116346,176198266,a7e85f2b09155279bccd7eda0123e7671a408425f8f459987bb32e08d5f84d67
ENSG00000128683,GAD1,ENST00000358196,2,170816886,+,GRCh38,170775926,170857846,0fe21398e112045ca11b56e67b46eca059b534b9792a4b598525ac66b008f79a
ENSG00000128805,ARHGAP22,ENST00000249601,10,48605072,-,GRCh38,48564113,48646033,b586ae52061155134c3ad10fe050d13f671844df68c81231fbd6051759709858
ENSG00000128815,WDFY4,ENST00000325239,10,48684872,+,GRCh38,48643912,48725832,3bb20a7e1ebde0a8adad1b7b6f552c80c72ec4bbcd76f090b0308620ebe22597
ENSG00000128833,MYO5C,ENST00000261839,15,52295803,-,GRCh38,52254844,52336764,e55c61dfec2b30ea1ab21a6d06d32055b5ec5534c8b44d373a791ba84f78d358
ENSG00000128849,CGNL1,ENST00000281282,15,57376504,+,GRCh38,57335544,57417464,4fbe17ebeb8dbd51db0e4922011b8fb1bbd7d54170602246afb72f7ec6a8b827
ENSG00000128915,ICE2,ENST00000261520,15,60479141,-,GRCh38,60438182,60520102,c61a9ef8d9e296e9f7e27084e0999e1e15ab7142e5405ae297499a6d9f88bb7b
ENSG00000128918,ALDH1A2,ENST00000249750,15,58065710,-,GRCh38,58024751,58106671,a91ebbb4c63405e61ea3b143117db4602aa4cf98b1bb456b8cfdaa3d84db7c53
ENSG00000129009,ISLR,ENST00000249842,15,74173709,+,GRCh38,74132749,74214669,662f7806cf9d13921c8cfcd5eb8eefc3629e88980e7f321ba0d700745d105164
ENSG00000129048,ACKR4,ENST00000249887,3,132597269,+,GRCh38,132556309,132638229,a2d5bab3bea19df4e1180e23f1f6fb44655d22052ea5d5415ce41a0e1b93cfd6
ENSG00000129083,COPB1,ENST00000439561,11,14499810,-,GRCh38,14458851,14540771,547272c8711e01fcc30a77814c643ecbf38e7c71e71740eac2d1239510598f27
ENSG00000129151,BBOX1,ENST00000263182,11,27040814,+,GRCh38,26999854,27081774,3e375c6fb41c50ed5edd5a4bb2cb77baa364a80503413fbf2c6f184f0b0b8ba8
ENSG00000129152,MYOD1,ENST00000250003,11,17719570,+,GRCh38,17678610,17760530,b3131b59d0c6c9ddc2b7ccd5f93d29154a864c49b0b602886464cb4bcb9d66bf
ENSG00000129170,CSRP3,ENST00000265968,11,19201982,-,GRCh38,19161023,19242943,4de20f6905191bfcaa5b3ee1f09eee0aff779269537d361d95f763451bd1b9d6
ENSG00000129173,E2F8,ENST00000250024,11,19240944,-,GRCh38,19199985,19281905,3e04b2d0fdc2c382745a97ab073fdd569fbb77a688f33a463235daf2a6dce23b
ENSG00000129295,DNAAF11,ENST00000620350,8,132675544,-,GRCh38,132634585,132716505,5be4dc70030ab73a8a8fd3bb472b2f79cf62b88f3c2d62ef659b5eb345d8b0f9
ENSG00000129467,ADCY4,ENST00000418030,14,24335070,-,GRCh38,24294111,24376031,05b237cbf7f2bc1f8edc1c4a4017f1c6809c226105bdead546f6a876e433f495
ENSG00000129493,HEATR5A,ENST00000543095,14,31420549,-,GRCh38,31379590,31461510,83e390fd310f65bfd337edf0c53ffa8a32e6f0bb1f81e30b03d9dfd06f1c1e07
ENSG00000129521,EGLN3,ENST00000250457,14,33951073,-,GRCh38,33910114,33992034,93c9cd55690f4d5ea8b319bef06555425a8606747fce45b26f7acbe06def6c64
ENSG00000129535,NRL,ENST00000561028,14,24114948,-,GRCh38,24073989,24155909,3c95d90ef591250a837a52a36ba45c6a3a8381d7929f2b47962b1b31fd680f8c
ENSG00000129595,EPB41L4A,ENST00000261486,5,112419276,-,GRCh38,112378317,112460237,30b67a3f48be7fd3ac401a1e8a11a57b0539a3777ebd116b653a364e57f78b1e
ENSG00000129988,LBP,ENST00000217407,20,38346481,+,GRCh38,38305521,38387441,d0494b954b0c7950a3f1a5e991844eff73dd72ba3efade223c97570c98715dcd
ENSG00000130150,MOSPD2,ENST00000380492,X,14873420,+,GRCh38,14832460,14914380,e92fb745da9d7683a98aac56ad4cc7bc724e143981717065c5772a80de4f2432
ENSG00000130224,LRCH2,ENST00000317135,X,115234095,-,GRCh38,115193136,115275056,c6e039ce92a64997c7459913a35dce83092d55b37567f23a02bf0b54e3b334ee
ENSG00000130227,XPO7,ENST00000252512,8,21919661,+,GRCh38,21878701,21960621,1390383961af7148a7c207df0f46fc25f872611d4e2ae2d02285ef4347739ee5
ENSG00000130234,ACE2,ENST00000252519,X,15600959,-,GRCh38,15560000,15641920,5a2b8d7f0c162ac841cf65dd85c989fdea9d82eb5337dd489d78f28d634c1270
ENSG00000130340,SNX9,ENST00000392185,6,157823245,+,GRCh38,157782285,157864205,9ac4921652fc88fcfb3630b4bc24c82f142b4878e5ae0af686b455e1ea474d39
ENSG00000130347,RTN4IP1,ENST00000369063,6,106629497,-,GRCh38,106588538,106670458,8e4d3235359a384754f8327011470356ae8b3bb78bd4a44cf8bd80b54d77feba
ENSG00000130348,QRSL1,ENST00000369046,6,106629577,+,GRCh38,106588617,106670537,7b71fb606f726fe43a2004a470479f3c2006f46bb08f4641615661e9b9c0bd65
ENSG00000130762,ARHGEF16,ENST00000378378,1,3454664,+,GRCh38,3413704,3495624,96c889b7c74ac5496a5c1df936886c2cc1383cc681f7065aa792544356d6b8ae
ENSG00000130935,NOL11,ENST00000253247,17,67717935,+,GRCh38,67676975,67758895,5fbb569d93937123025e86f846eeb0d591ac7ebd5e32406e603fa6514858dac9
ENSG00000131023,LATS1,ENST00000543571,6,149718100,-,GRCh38,149677141,149759061,f66b1da7a10966c00ff2d5e83807e1313c63be4f204f90ecbea71947f1cd79b9
ENSG00000131043,AAR2,ENST00000320849,20,36236477,+,GRCh38,36195517,36277437,0afc821c5189f75218d9fa25406204bba6d8d5aee779b75e2827ccbb4172074c
ENSG00000131067,GGT7,ENST00000336431,20,34872855,-,GRCh38,34831896,34913816,a3b4aca03422fdc44c4b4a5566ac4a7249c61409538f76bddc92cbc7fb9a7490
ENSG00000131095,GFAP,ENST00000588735,17,44915499,-,GRCh38,44874540,44956460,8c5af0ed31151a19c3e520a18b5034ca3f5cca2c593997cb574f69e8da4ef36d
ENSG00000131378,RFTN1,ENST00000334133,3,16513698,-,GRCh38,16472739,16554659,02c237f50fc0538b6ca7d22a388aad9604cc47f6c76e0c22c8b9a0799c41c314
ENSG00000131386,GALNT15,ENST00000339732,3,16174679,+,GRCh38,16133719,16215639,e5fb6dd5176f915cd933e7444a97c630635bcaf765d76cebba4745a1d8fd1670
ENSG00000131389,SLC6A6,ENST00000622186,3,14402605,+,GRCh38,14361645,14443565,4cc583bf0a6f47ab4be8e2c179bb81cbd478bf15b19c49b2ea3710a2fe32edd3
ENSG00000131459,GFPT2,ENST00000253778,5,180353335,-,GRCh38,180312376,180394296,9ca7c2b1a9c1108a6d88d745061b778775b219ceabe5b08bbcd247152d4ced29
ENSG00000131634,TMEM204,ENST00000566264,16,1533665,+,GRCh38,1492705,1574625,7437d4b2d529e7089825e70cd9374255e0d503472482274c469ee42d69961158
ENSG00000131730,CKMT2,ENST00000254035,5,81233321,+,GRCh38,81192361,81274281,98133e9f61ef26c786a626159fcd0de7eadebe54f391d0c6fa34330f8edfe344
ENSG00000131747,TOP2A,ENST00000423485,17,40417895,-,GRCh38,40376936,40458856,cda7890cbf770bbca610badeeb359a21000c8922ef411f5be49bbad8dfabcd24
ENSG00000131844,MCCC2,ENST00000340941,5,71587339,+,GRCh38,71546379,71628299,5e2ca8d1efb4a4db05adb8344f43138e07662c87ef403767af5e3dadf3f3bb0d
ENSG00000131951,LRRC9,ENST00000570145,14,59920143,+,GRCh38,59879183,59961103,e233e62c3ea55268a4bbfa1494f8f47d3d3337519210893934f5d7e70bf5d1c6
ENSG00000132170,PPARG,ENST00000651735,3,12289069,+,GRCh38,12248109,12330029,173b7d58d0f41456a3cf5c095ebcb238f2b56d9bceba93d992d56706b47e7504
ENSG00000132254,ARFIP2,ENST00000396777,11,6481330,-,GRCh38,6440371,6522291,45c4d8a7c2a54773fda52a38b8dd26592e20ec7e7fafaae0cd73660f86dd6fcf
ENSG00000132259,CNGA4,ENST00000379936,11,6239088,+,GRCh38,6198128,6280048,1d0ede86665e879855fd4d67a2330c43ca0c724e1f274e89acd4d0af886f31c3
ENSG00000132275,RRP8,ENST00000254605,11,6603615,-,GRCh38,6562656,6644576,f7bf910433acebe864c8715bf175d0a3f5b815a5f66fd5dbc375909201567f80
ENSG00000132294,EFR3A,ENST00000254624,8,131904092,+,GRCh38,131863132,131945052,47910aa930dd45d00c84dcd6e722b8d6bc86bc9f05a1fa5d1d2cf7fa59117aa3
ENSG00000132300,PTCD3,ENST00000254630,2,86106234,+,GRCh38,86065274,86147194,02b3f72bb1dcd77fc70c90377fa373edd277fbd204de3c30ab51935a97db2684
ENSG00000132305,IMMT,ENST00000410111,2,86195461,-,GRCh38,86154502,86236422,9caf5efa186c5f8a5e90d7cdc4be1c6007062109ca1480e936f3ae6c552ad670
ENSG00000132321,DRC11,ENST00000409907,2,236507475,-,GRCh38,236466516,236548436,74d9b5af777a571d970ce0ab0533f205c4a773f385fbb9d66a312db24047e5a4
ENSG00000132394,EEFSEC,ENST00000254730,3,128153480,+,GRCh38,128112520,128194440,4de919fbf004c009215f1141de2fe6d0477e9cd7f13c53afa2c711f3d445efc6
ENSG00000132424,PNISR,ENST00000369239,6,99425307,-,GRCh38,99384348,99466268,02919b244d2acbd86fcb62a284eadd41f2e5cb40b55fb79ccaa364ebf340aaed
ENSG00000132429,POPDC3,ENST00000254765,6,105180013,-,GRCh38,105139054,105220974,f88b344fbb35d354947c25829bf065d43f9db872f3276541ce06554cd139e9f3
ENSG00000132437,DDC,ENST00000444124,7,50565404,-,GRCh38,50524445,50606365,46f1e7f42e7d3fad10d29c2e39fd01dcb7724b4156a57be2b8d83cf1226e855b
ENSG00000132464,ENAM,ENST00000396073,4,70628743,+,GRCh38,70587783,70669703,6f7c472b3123889dd43d69f8ae3bdbb5adb17117bba2783b45eb4f15fdb14326
ENSG00000132466,ANKRD17,ENST00000358602,4,73258797,-,GRCh38,73217838,73299758,edc97f83c86cd9d506702e23074abd11e6f640f2a06bb3e43b13751d96742124
ENSG00000132600,PRMT7,ENST00000441236,16,68311018,+,GRCh38,68270058,68351978,f01fbf708ecf78b97482a2b01cdb2497d3d431d1a9a4f79114b98318189d00dc
ENSG00000132623,ANKEF1,ENST00000378392,20,10034986,+,GRCh38,9994026,10075946,baaae34cc796ab093a4169729ab60f28141c6b549b6c28f65fa74c0cc9792679
ENSG00000132639,SNAP25,ENST00000254976,20,10218829,+,GRCh38,10177869,10259789,695f402c229cf1d6c8adf49157ac42b10761b2339d7097ade0da25b120c76985
ENSG00000132640,BTBD3,ENST00000378226,20,11917892,+,GRCh38,11876932,11958852,97b310d7b0a95b7ec123185d5a80f92a104061eb4a0792e86772d10ddee99910
ENSG00000132669,RIN2,ENST00000255006,20,19758257,+,GRCh38,19717297,19799217,1e56c89c162a6051d8d554abd522eca3ac356522194e07b1215501216a4a5c92
ENSG00000132670,PTPRA,ENST00000399903,20,2873480,+,GRCh38,2832520,2914440,7ab1a3e15efb530193d537ad58ae8f13cfdbeda067c8f91965245823b6710023
ENSG00000132792,CTNNBL1,ENST00000361383,20,37694029,+,GRCh38,37653069,37734989,c4e78c4c5ce1c94bfa7003f581e6f6954dc373a5f92ba648871af08ac72b5c3d
ENSG00000132821,VSTM2L,ENST00000373461,20,37903126,+,GRCh38,37862166,37944086,9d6f40cf3c8e0b0c590a6108cc7318dc6e0de85fe93ee7aed4cec83dc494cc00
ENSG00000132823,OSER1,ENST00000255174,20,44210770,-,GRCh38,44169811,44251731,52bb7d9c7972b8dd71893595890aaf6362944adfe81eedab6d2beec745ba5fe9
ENSG00000132837,DMGDH,ENST00000255189,5,79069673,-,GRCh38,79028714,79110634,161f9f7bac31aeedb4958c223aa6e48f387f5d54badeeefccd6745ccaaa15ade
ENSG00000132855,ANGPTL3,ENST00000371129,1,62597519,+,GRCh38,62556559,62638479,1538a56d22f65953bd38b0b4d266d0ed5bc9c9f47212065e7b14e39e575051fc
ENSG00000132874,SLC14A2,ENST00000255226,18,45615475,+,GRCh38,45574515,45656435,9946d85cacf766dcb32b74a8f64637c6b6317f9e8e140672ae84a0f2ff2129c2
ENSG00000132911,NMUR2,ENST00000255262,5,152405278,-,GRCh38,152364319,152446239,8c7da6d44bec8af765f92ebc1176ffd3cdfb095a89cdb801f809ee5c0c1d057d
ENSG00000132912,DCTN4,ENST00000447998,5,150759016,-,GRCh38,150718057,150799977,d58b3483ffa3feefc6b27b6e784137da714a3c2f6ed7cd39f60f4e0a3ab37cf5
ENSG00000132915,PDE6A,ENST00000255266,5,149944792,-,GRCh38,149903833,149985753,c6f209ca96490899c1bae2c37c6050009bd63565287d785cf91e318b1e22ae52
ENSG00000132965,ALOX5AP,ENST00000380490,13,30735542,+,GRCh38,30694582,30776502,1a6f20206e9c1a0a0cdac7c72c2bc0a2642811c1d2fbf036895f10c9d11c49e4
ENSG00000132970,WASF3,ENST00000335327,13,26557682,+,GRCh38,26516722,26598642,0f49d9da882235be83e9fd4c5bda5fba6c53e6aba69ff38300a0e33f5b280e47
ENSG00000133020,MYH8,ENST00000403437,17,10421949,-,GRCh38,10380990,10462910,4a9dbd9aae0f17bef0dc65194833a69eeea25257a0eb471ce46898ebb025304e
ENSG00000133048,CHI3L1,ENST00000255409,1,203186703,-,GRCh38,203145744,203227664,5f36f5c60221c5f8f425763aba2e3f0c5647e331d28d18bd03dfd90fb62802cd
ENSG00000133055,MYBPH,ENST00000255416,1,203175825,-,GRCh38,203134866,203216786,360f8bdcd0c6c190c70bee9e43bbe61d11aeefde6b3a7a0c412810b4b2bcdbc5
ENSG00000133059,DSTYK,ENST00000367162,1,205211701,-,GRCh38,205170742,205252662,985d77541604c87c6a10603e0d81a92f567efa3e062c96c065294b0fbf193ff4
ENSG00000133083,DCLK1,ENST00000360631,13,36131381,-,GRCh38,36090422,36172342,1d9da246418b5b7b0ff6b7a578309570396e94907945e59b230932ccdd9c9fb5
ENSG00000133104,SPART,ENST00000438666,13,36346393,-,GRCh38,36305434,36387354,4c29782ae4e68fd287755bd39cb4359ffd3af4410a420e9d66f8c0e3e38260d6
ENSG00000133105,RXFP2,ENST00000298386,13,31739525,+,GRCh38,31698565,31780485,f6c7fab25c39452e0cd90fae5b723d8ead2a84ec2efcabe8f1939e5f0b7b4ea3
ENSG00000133107,TRPC4,ENST00000379705,13,37869771,-,GRCh38,37828812,37910732,749321d516be1363716fa2af7cf2db43677a3bfbadc587c3f4d5966ece95d76b
ENSG00000133110,POSTN,ENST00000379747,13,37598767,-,GRCh38,37557808,37639728,6a0dcf225a6d47c1ec992d61b54099dffc1ed4dc5c2d31954b836a9dec6fb5b0
ENSG00000133119,RFC3,ENST00000380071,13,33818148,+,GRCh38,33777188,33859108,1325100b15ed8c159b387d5f374df88035203faf66322f77c5c660cc66cfd802
ENSG00000133121,STARD13,ENST00000336934,13,33285754,-,GRCh38,33244795,33326715,f53e2ac7b2fd89c7065a74ea01734f718417488c8e1833851cdd4282b5848057
ENSG00000133302,SLF1,ENST00000265140,5,94618668,+,GRCh38,94577708,94659628,c85eb13b7f8512aad68288f554405c2fc850839224a77e2ccdcd3f72ec8dd021
ENSG00000133392,MYH11,ENST00000300036,16,15857027,-,GRCh38,15816068,15897988,a42b04af0a503dc3562a13be55254715556717056cc3de100e4afbc95e76841d
ENSG00000133636,NTS,ENST00000256010,12,85874294,+,GRCh38,85833334,85915254,39ff674f00d7c61c09e48af1bc9e6f94943f3e357ba2a60c6b8322c2ed46bc95
ENSG00000133641,RLIG1,ENST00000356891,12,88035535,+,GRCh38,87994575,88076495,5e0d2a024d58fec7dec76d18d64b7de25e2b6959a2a553fe907f1a4c74e55225
ENSG00000133704,IPO8,ENST00000256079,12,30695868,-,GRCh38,30654909,30736829,a9ed0d1c035850805028e6ebfccda665840158984a2ace6cac7bac9028eb602c
ENSG00000133773,CCDC59,ENST00000256151,12,82358386,-,GRCh38,82317427,82399347,f8db75465573e992ddf4dc67e73e6a8e04cc73f12cd08ba7541d26f4889119b7
ENSG00000133794,BMAL1,ENST00000403290,11,13277789,+,GRCh38,13236829,13318749,39fc89c10601c484669b74506a7c63de6f076847a96497d9bc52ad6a7bbc94ee
ENSG00000133800,LYVE1,ENST00000256178,11,10568664,-,GRCh38,10527705,10609625,92afadd3f2edc1d16519b38779001371eb9dcfed64b2e3694841ac616fe61eb5
ENSG00000133835,HSD17B4,ENST00000510025,5,119452496,+,GRCh38,119411536,119493456,0d98f2de71989df9e39da4494906a05f987b18d964c2e080bedc71f3e26063c1
ENSG00000133858,ZFC3H1,ENST00000378743,12,71663847,-,GRCh38,71622888,71704808,9d09fb38a047e31194e8cbda158c765a11a4c02d9ca25c73c9dc3b5ed078ef28
ENSG00000133935,ERG28,ENST00000256319,14,75660875,-,GRCh38,75619916,75701836,51ff10c2b50a7da30773f21fbc56f20d5a0fdbf94cf510c3582941cac0bfec74
ENSG00000134013,LOXL2,ENST00000389131,8,23404119,-,GRCh38,23363160,23445080,208bbd9b43779fe81c0b2a74b0b41eaee5fc26ab7842eb6804e8f3d582b819c0
ENSG00000134014,ELP3,ENST00000256398,8,28093138,+,GRCh38,28052178,28134098,670d68556696f10e4f970bf26f2ecfa0dd4a79c1ba03dfff526f7288e991eb21
ENSG00000134028,ADAMDEC1,ENST00000256412,8,24384284,+,GRCh38,24343324,24425244,9c2a7c13aee8f868758aa2a050c8f6a96621c289fcbf7dd0853567b4653b82b0
ENSG00000134061,CD180,ENST00000256447,5,67196798,-,GRCh38,67155839,67237759,e17c0703bbda8f86517a350cc07bf9d799eeb14d7abb9a11433fbb15c57c05a2
ENSG00000134115,CNTN6,ENST00000446702,3,1093023,+,GRCh38,1052063,1133983,bf1c4bd16c5d399c8c17865521ab5b2e7bc867eab785860334372e4eae0a9738
ENSG00000134198,TSPAN2,ENST00000369516,1,115089502,-,GRCh38,115048543,115130463,d3905912e5c9e1973b515b2866ed199d5e9ff00f36e43c0c94a9ffac9f494541
ENSG00000134200,TSHB,ENST00000256592,1,115029825,+,GRCh38,114988865,115070785,d2b238ab9e980374830a84f7a6d9a59a5089076c23972e3eef42f88202f03e9d
ENSG00000134222,PSRC1,ENST00000369909,1,109283144,-,GRCh38,109242185,109324105,e507528db44acaebed90c668326f15d185a6cada5d14c2d66f8d41ff8a551d45
ENSG00000134242,PTPN22,ENST00000359785,1,113871711,-,GRCh38,113830752,113912672,4a76eeb21d5b16005fe2247ab89722985fb6676e36c8cf8a10a56a2b1682a534
ENSG00000134245,WNT2B,ENST00000369684,1,112508964,+,GRCh38,112468004,112549924,c65b18c0edd00dde5bf8d159ef244d126e8745b24fb4d72f12b339dab5e3085d
ENSG00000134247,PTGFRN,ENST00000393203,1,116909915,+,GRCh38,116868955,116950875,cf3e4cfcb608a9c004c43af5ab234d9c743d1df559788e3ec532aed4f35d6b64
ENSG00000134253,TRIM45,ENST00000256649,1,117121748,-,GRCh38,117080789,117162709,6acca7fcccc2a88921e8d9059cdbcc5fadecfc9edb07793ab2e19d8486843a93
ENSG00000134255,CEPT1,ENST00000357172,1,111140222,+,GRCh38,111099262,111181182,e9bef24da6f9f0052674868fac26bf3719f3d88aa5d1b3a942e46e7d9cff0a15
ENSG00000134256,CD101,ENST00000682167,1,117001759,+,GRCh38,116960799,117042719,26f56b8c8785668309671f30b9e0820e9fbcda7133372855b00ae395c7a45c5c
ENSG00000134258,VTCN1,ENST00000369458,1,117210926,-,GRCh38,117169967,117251887,9519a1251bf09c510c9e1239be07a771b172d28cd07cbef95fa18cdaa2262086
ENSG00000134259,NGF,ENST00000369512,1,115338248,-,GRCh38,115297289,115379209,1d04832ae4be28f428dd1b6b2a39874d8afaff5e91dfd3bf93bd9f5bd224e382
ENSG00000134324,LPIN1,ENST00000674199,2,11746631,+,GRCh38,11705671,11787591,a2ce4f04979bbbc9f76ee1462891fbf5a02a27c4e4e5c9cda663274a694a2309
ENSG00000134343,ANO3,ENST00000256737,11,26332129,+,GRCh38,26291169,26373089,a114e74b8dc1d9d4435ee983721aa7f9e515c7913eca2de0368014eb9beebcac
ENSG00000134352,IL6ST,ENST00000381298,5,55994962,-,GRCh38,55954003,56035923,99edfeabcf6ad7ae595f7a9d6203e535b98c0835c897a5155fc6674761299d57
ENSG00000134444,RELCH,ENST00000644646,18,62187254,+,GRCh38,62146294,62228214,ba5462ce78785177973c981a32f2ba0d02a9e6207d331731a627344d50142f1b
ENSG00000134480,CCNH,ENST00000256897,5,87412929,-,GRCh38,87371970,87453890,4635fd0300d7236e56f4b44fbe37d44c36ffdb5ad9bd05e92202970cf18075ff
ENSG00000134516,DOCK2,ENST00000520908,5,169637274,+,GRCh38,169596314,169678234,59001d392e0533338dcfcddf59c2b56bdcf45c5437ed8a5372666db0ee811b61
ENSG00000134532,SOX5,ENST00000451604,12,23949669,-,GRCh38,23908710,23990630,9f8045937aab011d6eac0bba7357369c2ce5ca7e5b10e60cabb8fde7b1490980
ENSG00000134533,RERG,ENST00000256953,12,15221416,-,GRCh38,15180457,15262377,2e339617b4357579fa820b9b7d8f1123a4cae1044296dd3cdb599b35424aadbb
ENSG00000134602,STK26,ENST00000394334,X,132023301,+,GRCh38,131982341,132064261,d2e2b3e8098a5812568919bf53e37d19901e22b2d41254d486472a2eb58c8aaa
ENSG00000134640,MTNR1B,ENST00000257068,11,92969650,+,GRCh38,92928690,93010610,40b4c720926dd8f26f90c9dd06d48a20c15676e2313037e26398639d9028e2bd
ENSG00000134690,CDCA8,ENST00000373055,1,37692515,+,GRCh38,37651555,37733475,82d8513470405f7475255908ef81c0e0a4b75ae1798aeaffa954c7351dff31bb
ENSG00000134697,GNL2,ENST00000373062,1,37595936,-,GRCh38,37554977,37636897,1c36483aa2c54fee48ff07a74f96b19131ad67e359519e1ef3b67870cb7b8789
ENSG00000134709,HOOK1,ENST00000371208,1,59814948,+,GRCh38,59773988,59855908,d4ef7e016c1954ba21a194c541873e14c1b3b0e9e490dec08678026fa9738fe1
ENSG00000134744,TUT4,ENST00000257177,1,52553091,-,GRCh38,52512132,52594052,c0f419b5b770c52406e0208972a2533e81e83afeb562d47cdfdc6685110936cf
ENSG00000134748,PRPF38A,ENST00000257181,1,52404601,+,GRCh38,52363641,52445561,c320671096c981e23767f73ad805fb2dd0c523cea1336452dff089bc11431460
ENSG00000134759,ELP2,ENST00000358232,18,36129898,+,GRCh38,36088938,36170858,a020e7a857a8d7ba4ea57c2c7ad7d9faff5a689992624afe500d343a6b5988da
ENSG00000134760,DSG1,ENST00000257192,18,31318159,+,GRCh38,31277199,31359119,e499605145d88f889de1402ff5ee24a49a4d5adec80b27813ee3e0e5b3ea342d
ENSG00000134765,DSC1,ENST00000257198,18,31162855,-,GRCh38,31121896,31203816,84f02547eb053f9b147b45fd2f3c03d4b791f6c02f54a740b8e62953dec5b95b
ENSG00000134769,DTNA,ENST00000444659,18,34710297,+,GRCh38,34669337,34751257,3cb4fb6f2fa202a443b43a636eb80ff4f5ffa9eb816f0649620f39d08a6b8c4d
ENSG00000134775,FHOD3,ENST00000590592,18,36297712,+,GRCh38,36256752,36338672,fa1dac38d475793992f103f79be742c1d093983ecb04ac8cff786b954d343221
ENSG00000134852,CLOCK,ENST00000513440,4,55546908,-,GRCh38,55505949,55587869,4fd907ca048987bc5e8012ff4e00cae841c4894b195b2e8bba6ceb6f5f4b5e71
ENSG00000134871,COL4A2,ENST00000360467,13,110307283,+,GRCh38,110266323,110348243,23fbc0d794e0fa4b020a8367530884a4f155e2f0c9a9e6b297eeb3484b687e12
ENSG00000134882,UBAC2,ENST00000403766,13,99200853,+,GRCh38,99159893,99241813,8a146b4f930d35cfcb17bc1391376879dee40e90a80ec52824d6f8826aab47c4
ENSG00000134909,ARHGAP32,ENST00000682385,11,129192324,-,GRCh38,129151365,129233285,69143a284cecb9ccf07540e494a5897ee3dd526408442969d5709fd2d857cf85
ENSG00000134954,ETS1,ENST00000392668,11,128587557,-,GRCh38,128546598,128628518,2b9b0dec878c7a45f3170bb64ab1d4194beba62dbaa0ee747ccd38358ae7e742
ENSG00000134982,APC,ENST00000257430,5,112737884,+,GRCh38,112696924,112778844,af4f7776fdba0208fdf8b3e3ba21d23e8b58159b6cd378b8f2e4393e5271f642
ENSG00000134987,WDR36,ENST00000513710,5,111092347,+,GRCh38,111051387,111133307,10cc3e912496488fdd7e178c87e31971303a32e995289c5981af3a7fbf75cad9
ENSG00000135048,CEMIP2,ENST00000377044,9,71768512,-,GRCh38,71727553,71809473,370e2cb5b14a63852ac8e82163948c3e4e187990116679885fce4eac6fab7903
ENSG00000135049,AGTPBP1,ENST00000357081,9,85741953,-,GRCh38,85700994,85782914,725da4e164ff9f1211639519cb1046e0c50c3c81c05702ce911278840455157d
ENSG00000135164,DMTF1,ENST00000331242,7,87152452,+,GRCh38,87111492,87193412,989c9418a96c5c58fb8814c2937f22f5c2485b8c5a7557e21359e1baef320f85
ENSG00000135211,TMEM60,ENST00000257663,7,77798433,-,GRCh38,77757474,77839394,f1de727617020ab9de0106c7ab2748c8dacb472b56f19f01fd61f7b72a2f5c33
ENSG00000135269,TES,ENST00000358204,7,116210538,+,GRCh38,116169578,116251498,e877c7de7ceb5f5898dc4d00abd033024687eab88c04ec1945be81776bb06c8f
ENSG00000135272,MDFIC,ENST00000393486,7,114922093,+,GRCh38,114881133,114963053,fef615e6689001c1440accc44319101ffbc9fb62460b73dfaacdc1900767ea7e
ENSG00000135299,ANKRD6,ENST00000339746,6,89433151,+,GRCh38,89392191,89474111,fdd312b86a0ede456a931c95ae78bd3df9603cb9a5e77ab06d6d5934f40184d7
ENSG00000135312,HTR1B,ENST00000369947,6,77463490,-,GRCh38,77422531,77504451,3f3bfea55963de5f7c2f5518aa0b1fd7ecd46a8aa96782b8c6d0efda8bea9a8a
ENSG00000135315,CEP162,ENST00000403245,6,84227642,-,GRCh38,84186683,84268603,8991b18371a345c75a42e105c330906af5be3d9347aac7faf8cbd8205c4991bd
ENSG00000135324,MRAP2,ENST00000257776,6,84033771,+,GRCh38,83992811,84074731,a99c017df5fe34ff60c7d46f135deec444a3a5c557cd4d18cf77c4a8ca07dff5
ENSG00000135334,AKIRIN2,ENST00000257787,6,87702232,-,GRCh38,87661273,87743193,60802ff8af9f093d221db9d4ddd1cf87ed012b776f5203f07075caa81b487548
ENSG00000135336,ORC3,ENST00000392844,6,87590134,+,GRCh38,87549174,87631094,15d2a0df40da7750340b18bc76f91d66a5d1b506508a6fcf4820aa10854a7d15
ENSG00000135341,MAP3K7,ENST00000369329,6,90587071,-,GRCh38,90546112,90628032,fdf390dee1be0f2e0e7d0f0c274890f5489fb7c72bfc1472ab7977cdd0cfc0be
ENSG00000135362,PRR5L,ENST00000530639,11,36296287,+,GRCh38,36255327,36337247,f56375c2658b4b58bb30263cebba512d6da1bcb467f85a6c9dfdbeb67c51df5c
ENSG00000135363,LMO2,ENST00000257818,11,33892075,-,GRCh38,33851116,33933036,63ff5c9b83649972bba47c9fccf0e5b3b1ea1b6e66e6933b3ba3d4250b5b6b76
ENSG00000135372,NAT10,ENST00000257829,11,34105628,+,GRCh38,34064668,34146588,1ccfc089cc8b005769a8dec650cfda8c5df40bc7451cf8c513b5af716dea1f11
ENSG00000135373,EHF,ENST00000257831,11,34621092,+,GRCh38,34580132,34662052,d8411b4f22dd5fd56864d23b5885069147991d1fbbde8ae8d2f1183c00081921
ENSG00000135374,ELF5,ENST00000257832,11,34513793,-,GRCh38,34472834,34554754,9d8d5f6e0d1e4f741d6a711f891c0dbfcbbc4f48583c106c5bf67ace26aafbb0
ENSG00000135423,GLS2,ENST00000311966,12,56488160,-,GRCh38,56447201,56529121,9aa1160c8273e4dbb9c4e07c937cc72ed6dbf02e596a60ab5212a8dd0f29987f
ENSG00000135443,KRT85,ENST00000257901,12,52367480,-,GRCh38,52326521,52408441,694422fa4e33674448fb3ea5480f3ff7a34edc90063785bf2b1903c9429fce66
ENSG00000135472,FAIM2,ENST00000320634,12,49903899,-,GRCh38,49862940,49944860,62a848ba9d2d493b66801e4043b93fdc21843054f1e483a4bb3bb435ba57fcda
ENSG00000135521,LTV1,ENST00000367576,6,143843337,+,GRCh38,143802377,143884297,8022181405342c004d688f9832a6bb93ee88f05c11c39dbb4450a157df3ae560
ENSG00000135525,MAP7,ENST00000354570,6,136550421,-,GRCh38,136509462,136591382,a365ca1a7825cf46fd8911b7f50330ed84426049b04cb27ca3ffe7f483390b57
ENSG00000135540,NHSL1,ENST00000343505,6,138499493,-,GRCh38,138458534,138540454,065800f6ad5023feca4b5282575890a676d0c055cf445d9d6ae1809ac3227c90
ENSG00000135547,HEY2,ENST00000368364,6,125749631,+,GRCh38,125708671,125790591,adda11ac66ba46b0c204197abdc443d9842dc13a4024f994d7d150d871440e06
ENSG00000135577,NMBR,ENST00000258042,6,142147121,-,GRCh38,142106162,142188082,40be1964689a8e4dd519b61b1c9c71cdb47dd905c5e3f8c5ad37ae2de8f2d689
ENSG00000135596,MICAL1,ENST00000358807,6,109455771,-,GRCh38,109414812,109496732,346ebf1dbcefa53c09108c91b86e1cfdc8b32a8d785553b70a7b2f779d54ba9a
ENSG00000135622,SEMA4F,ENST00000357877,2,74654246,+,GRCh38,74613286,74695206,f6e11a3cd57d85b5ad42fa4a0c2dcaf43f1b5bc0b5565e5c5d578b87102829a1
ENSG00000135655,USP15,ENST00000280377,12,62260403,+,GRCh38,62219443,62301363,38582121cc7593258cd2624290c5ed42d29259004bc527f1730f6f09ef8c22c3
ENSG00000135740,SLC9A5,ENST00000299798,16,67248978,+,GRCh38,67208018,67289938,7a347054afed1431a7326514089d6cfe8223e29b7927b61aec143ecab31aacb1
ENSG00000135775,COG2,ENST00000366669,1,230642480,+,GRCh38,230601520,230683440,ae45dab7dad3f6183706cc31198c8b23ff915337aba41dbf6e5e8d660103b8a6
ENSG00000135823,STX6,ENST00000258301,1,181022869,-,GRCh38,180981910,181063830,239997617305b7bfcb10537624c92f5a7afe1ef9fb9a064f0818e479caa7e1e4
ENSG00000135824,RGS8,ENST00000515211,1,182684586,-,GRCh38,182643627,182725547,8e89989b66c6ee9f7e3737d7250bd283c514e61cf4b4cfdb96003b5b58ebd9d4
ENSG00000135829,DHX9,ENST00000367549,1,182839346,+,GRCh38,182798386,182880306,4383f4a914e1dceef4b27739374180308c2bff9f670c8c7b28dde76d97d5eb50
ENSG00000135837,CEP350,ENST00000367607,1,179954809,+,GRCh38,179913849,179995769,c281cc9295e8489f63c00c26162f8274f2587c769e1f795a040b8945ce8e098b
ENSG00000135900,MRPL44,ENST00000258383,2,223957462,+,GRCh38,223916502,223998422,b4ddbf11820c3bc902913452030ca86bf7219b01201df3b7106caadd1a0f29cf
ENSG00000135905,DOCK10,ENST00000258390,2,225042467,-,GRCh38,225001508,225083428,ff2d6f4e0c42f4c8b432f33a15ca6c4355ef8d19767ef32bf181f093d9a5393c
ENSG00000135913,USP37,ENST00000258399,2,218568350,-,GRCh38,218527391,218609311,c90a92c4c048f1c211733d388af1fc0bd9c3cf951a3a44f62b0f2993cce6a75a
ENSG00000135914,HTR2B,ENST00000258400,2,231125041,-,GRCh38,231084082,231166002,e5163fe28b415da23c7f6b5615f1d58e304264bc549b5bea4dda390991cdbed2
ENSG00000135924,DNAJB2,ENST00000336576,2,219279365,+,GRCh38,219238405,219320325,309c0a23acb0abfa2432190e62954f9c187ff12d793be0d7485ee942e20f4c3a
ENSG00000135931,ARMC9,ENST00000611582,2,231198630,+,GRCh38,231157670,231239590,12020e92b6be92079f42805f75574c06a224012e3293760e84b00638bc20be30
ENSG00000135945,REV1,ENST00000258428,2,99490016,-,GRCh38,99449057,99530977,a0ebf6fbc93c3ab1aa6e07a264a262bac36cdeb544364269562439502bd2a0d1
ENSG00000135956,TMEM127,ENST00000258439,2,96265996,-,GRCh38,96225037,96306957,678471963fd2a2be58d71aead22e8d96e9062865a2311b61eaf809ffb35b0920
ENSG00000135960,EDAR,ENST00000258443,2,108989219,-,GRCh38,108948260,109030180,187d2a3824459f3fe722d41fefac50c96800a09f2645b6b04f2e14e64bbb2d81
ENSG00000135966,TGFBRAP1,ENST00000393359,2,105329734,-,GRCh38,105288775,105370695,7c2aff81568eba1426faddeb015ce8daf161a05ec72e026911291991650777c0
ENSG00000136010,ALDH1L2,ENST00000258494,12,105084457,-,GRCh38,105043498,105125418,97a6d4cce50705fdca9060335aad0cfa5c1c0437d3ddec192598bb81a5899afe
ENSG00000136011,STAB2,ENST00000388887,12,103587272,+,GRCh38,103546312,103628232,6d0b37671e8e93a5da4eed8232788bfe3675303d2ff93d6236d2ae9ac3a18d24
ENSG00000136044,APPL2,ENST00000258530,12,105236173,-,GRCh38,105195214,105277134,6a006c9ba53122cf42fedfc8b3b5b51fe1a1d2c3482db384f59c1f21cee2f633
ENSG00000136051,WASHC4,ENST00000332180,12,105107730,+,GRCh38,105066770,105148690,e3a8a7510d43cb5b36205e84d178160a4f955d92b5bc3519c4d2612f719bc63e
ENSG00000136141,LRCH1,ENST00000389797,13,46553169,+,GRCh38,46512209,46594129,ff219fccfc8974af86fd1c8ef014ef10ff6c80668dc25d6dcb9d4b27d0d74a44
ENSG00000136160,EDNRB,ENST00000646607,13,77918830,-,GRCh38,77877871,77959791,bbf8336a2ad0c20c39d7ce0fd1b4fd0753e28c4c54984ebbca62e9bf486da370
ENSG00000136161,RCBTB2,ENST00000344532,13,48533079,-,GRCh38,48492120,48574040,dc1da536dff98c0090880e4666afe23ba3f93cbbfbae4f5a22273c1e2228b830
ENSG00000136167,LCP1,ENST00000323076,13,46182176,-,GRCh38,46141217,46223137,e814e2474f6fde3979a09d263b4ec5a3555021e71cdafeb0a2878f886dfea302
ENSG00000136169,SETDB2,ENST00000611815,13,49444273,+,GRCh38,49403313,49485233,460382bd39995e6457e67f63deacead8717d80c3e3a345efb509c87864646eb5
ENSG00000136193,SCRN1,ENST00000242059,7,29989800,-,GRCh38,29948841,30030761,6722dedee0deca9648a1e7d407b27bb52435b3077ce03040f81d6749ebcd6468
ENSG00000136237,RAPGEF5,ENST00000665637,7,22357153,-,GRCh38,22316194,22398114,786c5640425979c06b3d93ae62de1b1c4caeaeedf73db178a74df36f46af50f7
ENSG00000136261,BZW2,ENST00000258761,7,16646180,+,GRCh38,16605220,16687140,f9659c23711ea092362aa4b6b802cdf8d5c5a15ff89e68f111cfeff4a01987c8
ENSG00000136267,DGKB,ENST00000402815,7,14902750,-,GRCh38,14861791,14943711,261b6e9a156def22072bf22d341ea24876c4c37af36dd6b347086053b2e2eb9d
ENSG00000136305,CIDEB,ENST00000554411,14,24307976,-,GRCh38,24267017,24348937,feda9e07a7f264b30a83a30b9db42dca2a85081f33cbbab3803b1c0dfeac60f8
ENSG00000136352,NKX2-1,ENST00000354822,14,36520231,-,GRCh38,36479272,36561192,50795279679dfe5d5155a703439f3fb207b86606ef65c9490b26f4bd68d4bd0d
ENSG00000136404,TM6SF1,ENST00000322019,15,83107644,+,GRCh38,83066684,83148604,7a691df35516630e85015add99971f1d21b2d79a921ca7f293e94e3dc53ca6a4
ENSG00000136504,KAT7,ENST00000259021,17,49788680,+,GRCh38,49747720,49829640,e0800c88c7b538e262bd6be036810fcdd5d60d868bb36f51bfb73e7ee7e6dd66
ENSG00000136527,TRA2B,ENST00000453386,3,185938013,-,GRCh38,185897054,185978974,221a179bec212894d8cdf7b5aa76b4d558a09506427a3d0978a363677ce4c7dc
ENSG00000136535,TBR1,ENST00000389554,2,161416296,+,GRCh38,161375336,161457256,a4017a2fb4804ba501ba815a2a1fd9f28e590d1abe46f21d581e5abec9c901c7
ENSG00000136541,ERMN,ENST00000410096,2,157325823,-,GRCh38,157284864,157366784,009165d9d802bd0e44703ad94f5c118e353cebb03f8347bebf189edc652f68af
ENSG00000136560,TANK,ENST00000392749,2,161160427,+,GRCh38,161119467,161201387,e56e4218923bfe8b921973e868cf7e23cf7b9975bc200fa467ca3c5047155dab
ENSG00000136573,BLK,ENST00000259089,8,11494386,+,GRCh38,11453426,11535346,8bc75817a305e0f92eed651d2e755e1522c96f1992ceb23dfb0995a06b3a6478
ENSG00000136574,GATA4,ENST00000532059,8,11704201,+,GRCh38,11663241,11745161,8b9b9fd2c885383850320bffc0fc4e479b88c472ff3c0c3c016a25d79a784718
ENSG00000136634,IL10,ENST00000423557,1,206772493,-,GRCh38,206731534,206813454,ea1175e0067779eebd9ee8b2ab5775dd4961367638551576540ed31fb4bbf7cd
ENSG00000136770,DNAJC1,ENST00000376980,10,22003729,-,GRCh38,21962770,22044690,ef7cbb015302eb1f297b070a3c6ce7da98a706878994d0fbd04cd4a6f1d0f646
ENSG00000136824,SMC2,ENST00000374793,9,104094308,+,GRCh38,104053348,104135268,de2c755341d47392a812375c591ff77de213bb351f01a3096b3c58318388d487
ENSG00000136828,RALGPS1,ENST00000259351,9,126914781,+,GRCh38,126873821,126955741,635374e2751bbbb2acc56b8e36d006da4089baaa5c3d2e4976989be59420c50c
ENSG00000136842,TMOD1,ENST00000259365,9,97501665,+,GRCh38,97460705,97542625,09b7cc844af27fa4a21837f78cd646112f844cb1fbf79bea3d0572db0610fe77
ENSG00000136859,ANGPTL2,ENST00000373425,9,127122634,-,GRCh38,127081675,127163595,35e38af6ea7ad5dbaaa0705eacfd27273067ec343389a5f8642eadc63a262acc
ENSG00000136872,ALDOB,ENST00000647789,9,101435773,-,GRCh38,101394814,101476734,11e1bf300b9c2c81c3e6786217c0986b9a629ed9cd0277cbff7cfa5f4683d6b1
ENSG00000136878,USP20,ENST00000372429,9,129835457,+,GRCh38,129794497,129876417,1d7ab084fe50971a44070abd55ca01c941034fc9cf257da4b6b2b73680720b4c
ENSG00000136895,GARNL3,ENST00000373387,9,127264773,+,GRCh38,127223813,127305733,c5244bb8133a0bb91b72d656bd13a7db15d0cf414d42cf5d052f84893abbe581
ENSG00000136925,TSTD2,ENST00000341170,9,97633367,-,GRCh38,97592408,97674328,f6342b84dd9be1fd52879937ca56b06fa4a63cc67aa0c3b20bf9932371904931
ENSG00000136935,GOLGA1,ENST00000373555,9,124941082,-,GRCh38,124900123,124982043,6c38a1efea20ad558b2b9dc7018219d8fb59a9ef0f6fe3cdcde3ab0cfc7f0fcb
ENSG00000136936,XPA,ENST00000375128,9,97697339,-,GRCh38,97656380,97738300,97819bb4b8b0212b3e1634dbf193c3e4e65f25afa34698e6eed80652a8434e58
ENSG00000136937,NCBP1,ENST00000375147,9,97633820,+,GRCh38,97592860,97674780,10f653dbb6c1b679683532b8e98eca84a1280d1a8c07808d0526891a0784a6a9
ENSG00000136960,ENPP2,ENST00000075322,8,119638838,-,GRCh38,119597879,119679799,c976f85f6e40799d642df6958fad22f44ab3584c15f884fdef9845f34b6d9a13
ENSG00000136982,DSCC1,ENST00000313655,8,119855893,-,GRCh38,119814934,119896854,6105542b4a82bbfee12ca2a56a4b61327abe7b601801a64fb02e11c542ce6c5b
ENSG00000136986,DERL1,ENST00000259512,8,123042301,-,GRCh38,123001342,123083262,343da3b6c1455fedefa2467cf26077c36be8c2c020ae543d452845e21e19e9fa
ENSG00000137055,PLAA,ENST00000397292,9,26947241,-,GRCh38,26906282,26988202,966620ee80c4bb4aed927cd72fedf1554c5df80321dbebd95d440ec5e58eeef8
ENSG00000137145,DENND4C,ENST00000434457,9,19230692,+,GRCh38,19189732,19271652,285408aab6a0bbe9dbec9d7d4d7eae51b20da72e0d18f406298c82cd8aeae863
ENSG00000137171,KLC4,ENST00000347162,6,43059630,+,GRCh38,43018670,43100590,5b6b7806a5da05b70da13c4a14bb93aa5ca9f95a0e9a1cf4ae7b8dc200551ca4
ENSG00000137207,YIPF3,ENST00000372422,6,43516925,-,GRCh38,43475966,43557886,4b9984b1ca1b6502cbeab72001e473e91f303b1cf2c0d4516428cd91957b3201
ENSG00000137251,TINAG,ENST00000259782,6,54308440,+,GRCh38,54267480,54349400,b2ea16f5fe7121e666f6f1de5c62f545a061a6a7ae6682ee617a3496386d79d6
ENSG00000137252,HCRTR2,ENST00000370862,6,55174514,+,GRCh38,55133554,55215474,6ea3b0e9c109b4b6a1d1d5144acd79f4340c5c4a06a04ba25cba4b1b6f0f9d95
ENSG00000137265,IRF4,ENST00000380956,6,391751,+,GRCh38,350791,432711,4c3ef5a0e13169a349500794d8cfdfcb1b89c6848b09994cdf46894130c6c01b
ENSG00000137269,LRRC1,ENST00000370888,6,53795004,+,GRCh38,53754044,53835964,c8f6b2a475db4b0b6dfa8d7f4a64be4d45a15f771296d19cae360865ba7e06e6
ENSG00000137473,TTC29,ENST00000325106,4,146945863,-,GRCh38,146904904,146986824,9faa06c77f17f9b2da6c0592285e698b561eb7bab1bfd7a1ac068199746b09d0
ENSG00000137478,FCHSD2,ENST00000409418,11,73142317,-,GRCh38,73101358,73183278,0918d3b94892b9fbcf2bd3a60db91b6e4d4dee7ef58df7249208ee6a20d6c1b9
ENSG00000137491,SLCO2B1,ENST00000289575,11,75151106,+,GRCh38,75110146,75192066,237fc7af2fbddc55a96b1ce22520d9d86e0a42922407c5b210ea721a3c26461c
ENSG00000137502,RAB30,ENST00000527633,11,83071896,-,GRCh38,83030937,83112857,04d3709926aba9ac767b576313a491fc486a9433b4356f7a1f7ec18f025f9ad1
ENSG00000137507,LRRC32,ENST00000260061,11,76670746,-,GRCh38,76629787,76711707,31b0aa2d1fbf06f65e87e6e5c4bd8d3cbf54a6103bd244002052ba3208becc6a
ENSG00000137509,PRCP,ENST00000313010,11,82900429,-,GRCh38,82859470,82941390,15897dc1f1b4bd2c4cb0a26231e7f14c3fbc109feec6323326d715a27f70a500
ENSG00000137513,NARS2,ENST00000281038,11,78574863,-,GRCh38,78533904,78615824,c40dfd7bd8343ab7dd49c14a7bcfd6f4bb105bc2213a5e8da6ba99559811ec1d
ENSG00000137558,PI15,ENST00000260113,8,74824533,+,GRCh38,74783573,74865493,24785412b8605d28d737b5f00950d258efd7047303b4d79979637484e0afabb0
ENSG00000137573,SULF1,ENST00000402687,8,69492846,+,GRCh38,69451886,69533806,83b8676a13ea4d0322b1a9795013ad74a3283613ee5036520547dd9179072787
ENSG00000137601,NEK1,ENST00000507142,4,169612582,-,GRCh38,169571623,169653543,7cdca76a8b367d9b25f1ffad68aef43c33c83146484069a3261840ef9ad1fd58
ENSG00000137672,TRPC6,ENST00000344327,11,101584006,-,GRCh38,101543047,101624967,700d53274e3bc16bba13cad25b4c5db357ec5b9e2b4248691232667a2ab94018
ENSG00000137692,DCUN1D5,ENST00000260247,11,103092159,-,GRCh38,103051200,103133120,5894e5fb0b663c2cea46a3ff396cd28fe4dfd15f5a650ea15c583e92c4654dac
ENSG00000137699,TRIM29,ENST00000341846,11,120138112,-,GRCh38,120097153,120179073,4bc421a4eabbba2d0ee4529a5923fd198b57578fb97220e123671dc100f107fe
ENSG00000137747,TMPRSS13,ENST00000524993,11,117929401,-,GRCh38,117888442,117970362,1fa9f8a74f0e16daf7347d8ad98e0ae8bc00143dc61c40a6cc7d82a3863fcd77
ENSG00000137764,MAP2K5,ENST00000178640,15,67542702,+,GRCh38,67501742,67583662,6aa9804ff50768d0a09137c5c2528fc51af065064cb4903c9a60f8a7d4e9f1d7
ENSG00000137801,THBS1,ENST00000260356,15,39581078,+,GRCh38,39540118,39622038,4a5a2f95a25f17852916b5579e97fe5cc3ee4bab56a513c06e937a5ccba07299
ENSG00000137807,KIF23,ENST00000679126,15,69414348,+,GRCh38,69373388,69455308,d8b70d1ff00b5aad627b8e62827bf6039bcb6cd92a262fe85e868e3756631abf
ENSG00000137809,ITGA11,ENST00000315757,15,68432162,-,GRCh38,68391203,68473123,70e362604fbe8698a363959f8805281a1e1d877fa410577215d21884bb79e229
ENSG00000137819,PAQR5,ENST00000395407,15,69298911,+,GRCh38,69257951,69339871,98372c8cc04325907d57d5264f930fb57b22141364644979b9d05911db7ed2c4
ENSG00000137821,LRRC49,ENST00000260382,15,70892825,+,GRCh38,70851865,70933785,7ccac79cbade487c2bdcd3868d3016cc83c9359ca08b76e72287cb8403dbcfcd
ENSG00000137822,TUBGCP4,ENST00000564079,15,43371100,+,GRCh38,43330140,43412060,d8ce883d76e1743d96d1a693bcaa739ac031ea9ec9ffff319b4616b0e3757457
ENSG00000137831,UACA,ENST00000322954,15,70763557,-,GRCh38,70722598,70804518,8fe48e2d303aa7b0caa228ccc1a7a0320afc3d9e585d4029a5ca38a156fb2e1a
ENSG00000137841,PLCB2,ENST00000260402,15,40307934,-,GRCh38,40266975,40348895,ac1e3b99b3e44950612375692b84de50c3ff1f4839ede4dbf6f8455fd69f20dc
ENSG00000137868,STRA6,ENST00000395105,15,74202786,-,GRCh38,74161827,74243747,ab33aca97ee5278f0ca36d8d760844bfb0af3edde909164d204fce3661ea773b
ENSG00000137869,CYP19A1,ENST00000396402,15,51338595,-,GRCh38,51297636,51379556,5782c3576dda1be77c6c0513367d82ffc35d8e219836669f871bd4a02b73db5a
ENSG00000137872,SEMA6D,ENST00000536845,15,47717504,+,GRCh38,47676544,47758464,0efff969c606bbe6f1c32648e226cd933a291e1699985aa68ff24091a9894c49
ENSG00000137941,TTLL7,ENST00000260505,1,83999131,-,GRCh38,83958172,84040092,1e5a0964c526d78d82014176e83256f318bc70221dad060dd6d35b7594665d95
ENSG00000137942,FNBP1L,ENST00000271234,1,93448117,+,GRCh38,93407157,93489077,1263a02ac8358d18891f5ee0b39a5fc0ff1840411f0f2efcdf1e9b06b5c63b2d
ENSG00000137968,SLC44A5,ENST00000370859,1,75611113,-,GRCh38,75570154,75652074,0efd3ec726c1bfac4ddf5ef91d4ff93118ed455f483bde1e0d39c87d47f740ee
ENSG00000137975,CLCA2,ENST00000370565,1,86424170,+,GRCh38,86383210,86465130,fdec58ab3c72bea7af80bce2319b6852709bc07ec14e929fd58efb9d0ca44f7e
ENSG00000137976,DNASE2B,ENST00000370665,1,84398483,+,GRCh38,84357523,84439443,517e63aa1175a3d17d49c64b1d1787f70ad10e8741c3e45cb6ab407167b7e078
ENSG00000137996,RTCA,ENST00000370128,1,100266215,+,GRCh38,100225255,100307175,89eb7e3bc40721b0c772df2e2f705b05643ff2b3d96be1512d3d56f7c4be5c76
ENSG00000138029,HADHB,ENST00000317799,2,26244938,+,GRCh38,26203978,26285898,080a2e9e2eb09ab9fd6e5b40dd99b78182aaeea8793383a5fb09a6537c72388a
ENSG00000138036,DYNC2LI1,ENST00000260605,2,43774038,+,GRCh38,43733078,43814998,200b248ae8d9c862191f3c0e20076901ccc024a91927fe59227e711665fd8351
ENSG00000138039,LHCGR,ENST00000294954,2,48755723,-,GRCh38,48714764,48796684,7ad27e55dc899fe0d328cf4b59b9d0122ab9cec9f1f73107c4a9f90ac51a0a3e
ENSG00000138071,ACTR2,ENST00000260641,2,65227830,+,GRCh38,65186870,65268790,a6f454de93946359154cf3f3bbf9a6782d09bece008ecc11dd60dda0a4f4bf54
ENSG00000138074,SLC5A6,ENST00000310574,2,27212267,-,GRCh38,27171308,27253228,e44185709b06baf5f5a429f78888e4d67ac6d11f5d1220badecda120c718b2ce
ENSG00000138075,ABCG5,ENST00000405322,2,43838838,-,GRCh38,43797879,43879799,9a238faa384efbc8aabd93a43255bb34e718a6e41c555ffc5a80fd2b3c713869
ENSG00000138081,FBXO11,ENST00000403359,2,47906497,-,GRCh38,47865538,47947458,862d3b25edc371e65105b2a155964da2b629240f32df7bde2fb63d90aae4bde9
ENSG00000138085,ATRAID,ENST00000380171,2,27212040,+,GRCh38,27171080,27253000,d943ce3e6dc3ccd78bc56f8ed92523493d02740ab8018267b534293566253d96
ENSG00000138134,STAMBPL1,ENST00000371926,10,88880244,+,GRCh38,88839284,88921204,a2b46ccd0cd7f9277871a8e96b8005dc980366309db5cff8251c92e9ecdec02f
ENSG00000138152,BTBD16,ENST00000260723,10,122271295,+,GRCh38,122230335,122312255,73242e09932fa03127d4f3c2c48857740678c3874e654b1d623f80df24cba0f0
ENSG00000138160,KIF11,ENST00000260731,10,92593129,+,GRCh38,92552169,92634089,b068a33ba948e310a29129b34af8d1409ab00d3b9aba9a7baf6295dccf92df23
ENSG00000138172,CALHM2,ENST00000260743,10,103452369,-,GRCh38,103411410,103493330,b2205f966ec769b8497ee314335a869f916cf54ad23f775f101b92cc550ca64e
ENSG00000138182,KIF20B,ENST00000371728,10,89701589,+,GRCh38,89660629,89742549,11e03213301ddb7778dd749e411e2b47fa975234aeba21e6b01faeeca6cf8e4f
ENSG00000138190,EXOC6,ENST00000260762,10,92848519,+,GRCh38,92807559,92889479,557bf1bc88bbfaae7176e8eb80200c61c4ab6d61e2f33f1709e201e6854ab86e
ENSG00000138193,PLCE1,ENST00000371380,10,93993930,+,GRCh38,93952970,94034890,1c4ab7610947e13fa39b524ecc6fd68ee50b8803b045d0dfecfd3160a8d43d9d
ENSG00000138207,RBP4,ENST00000371464,10,93601234,-,GRCh38,93560275,93642195,176af4de059a87a7ebcd188eabb6992684835197c99ecc327563e0796d806723
ENSG00000138231,DBR1,ENST00000260803,3,138174920,-,GRCh38,138133961,138215881,c888447efee14d18f6dbaca6464e027d2cc7fd8949a0c7baa3e0db3dec61174b
ENSG00000138246,DNAJC13,ENST00000260818,3,132417501,+,GRCh38,132376541,132458461,71ceaace2abd8afc0bc34caff96a5b0a5cc80642a9eea8d7894adb1c5460f7f4
ENSG00000138271,GPR87,ENST00000260843,3,151316819,-,GRCh38,151275860,151357780,e00918997999abad4f132518660d741d1c69cc5b4ccd12786a2752ac0e5a201a
ENSG00000138303,ASCC1,ENST00000672957,10,72216275,-,GRCh38,72175316,72257236,a0858bd6d7726d233a021f85e536cba0ee3189563689a171a985629bf8b0a7b9
ENSG00000138311,ZNF365,ENST00000395254,10,62374368,+,GRCh38,62333408,62415328,1d4d4d3e4678a688adb55ead599a9be1cd25eb56dd1243204bbcf53ad945ac41
ENSG00000138315,OIT3,ENST00000334011,10,72893738,+,GRCh38,72852778,72934698,ccc5aded72cdf43e062645a4780e854577dee94080959625e1b04f50daa18d95
ENSG00000138347,MYPN,ENST00000358913,10,68109487,+,GRCh38,68068527,68150447,b412ce8d8a2b42a2b5dc008c8efd5137bd1ffd06f9d29e608d1fb091ac093012
ENSG00000138356,AOX1,ENST00000374700,2,200586013,+,GRCh38,200545053,200626973,aa557f5372b0735b31e987a8ee908228dc1f8da025de62365733c9e23bd03175
ENSG00000138375,SMARCAL1,ENST00000357276,2,216412483,+,GRCh38,216371523,216453443,e097aab64c417f4bec0987efe78d8f145e88edd1f6c1cdfa06b4185ceea72c14
ENSG00000138378,STAT4,ENST00000392320,2,191150993,-,GRCh38,191110034,191191954,96047be66e4ade0ea36d4a45622d41a9a504a5da099de523daa3ed1c3ac66d2c
ENSG00000138379,MSTN,ENST00000260950,2,190062728,-,GRCh38,190021769,190103689,c692162d88d6fc0c4b41d8a087e591fd0dbc995d2b846a89929bd504b78fa6c4
ENSG00000138395,CDK15,ENST00000652192,2,201806536,+,GRCh38,201765576,201847496,f639b7d00a0f35dde984ad9d6c1dae13be35d6b31d15b0a4b742458d1787be83
ENSG00000138400,MDH1B,ENST00000374412,2,206765327,-,GRCh38,206724368,206806288,1fc3d082f793347d1c9fdff178743080a56f237c488f6cbe963a70167bcb2f25
ENSG00000138411,HECW2,ENST00000644978,2,196593553,-,GRCh38,196552594,196634514,49632239dab0e0e5965a48a6341574df011be92fdafd59d5b264b312dacbad44
ENSG00000138435,CHRNA1,ENST00000348749,2,174764471,-,GRCh38,174723512,174805432,42271d60a72d684aae46e9db7849851d8c4e6260745fa801ed91ebb28cd373be
ENSG00000138448,ITGAV,ENST00000261023,2,186590055,+,GRCh38,186549095,186631015,a9df1f242ea4b853519733682752d125db4fba6453ae289a4c342d29827ae78e
ENSG00000138449,SLC40A1,ENST00000261024,2,189580785,-,GRCh38,189539826,189621746,bcb76859ec48c851b21d761d77d15984dd2624b07fae36bc9bdd38b4f857adbc
ENSG00000138459,SLC35A5,ENST00000492406,3,112562044,+,GRCh38,112521084,112603004,1c551387161ccc90391b34cf953e3b042295a005c3c362d4b4ad6c85006b3f16
ENSG00000138592,USP8,ENST00000307179,15,50424404,+,GRCh38,50383444,50465364,cb290c828d6f8c18b6ec2f4cda0dd03cf2cedbe38cb9e1ea7f3d743df11689b2
ENSG00000138593,SECISBP2L,ENST00000559471,15,49046445,-,GRCh38,49005486,49087406,10e9e79626f749638a67a232a0df481c15cf46b5a0c0afcab72ff9b511fd2bb3
ENSG00000138600,SPPL2A,ENST00000261854,15,50765705,-,GRCh38,50724746,50806666,cba23250da0cf33c73f350dde780bd9d2c590527dedb3325d5b95219483f40ec
ENSG00000138604,GLCE,ENST00000261858,15,69160634,+,GRCh38,69119674,69201594,3f2646a4484c6257aa07fa1ebe41fbecc5016d52449f3d78d61ccbbfda7d9746
ENSG00000138614,INTS14,ENST00000313182,15,65611130,-,GRCh38,65570171,65652091,449ffcd088b89b1222068bf0ad51331217bae30e4057a4d82c9d75d89e24b5cc
ENSG00000138615,CILP,ENST00000261883,15,65211472,-,GRCh38,65170513,65252433,ecd112a1167f8c6cadcd2d94672c2b4b2e1e1f796bdcb946c3722e57e7ad1713
ENSG00000138623,SEMA7A,ENST00000261918,15,74433957,-,GRCh38,74392998,74474918,a502167f6c73fdaf376c08f1cd603e46b9e428ad682ef6dd1cc4edee759f4921
ENSG00000138639,ARHGAP24,ENST00000395184,4,85475149,+,GRCh38,85434189,85516109,352059964a32f787731f2672cd1abea081c30c911ddea26ebfa89f69454f7e08
ENSG00000138650,PCDH10,ENST00000264360,4,133149293,+,GRCh38,133108333,133190253,7ffbba73ce2f0cd84371f7fba525d56882a28be1497e2ddfa19d7abef2253167
ENSG00000138663,COPS4,ENST00000264389,4,83035182,+,GRCh38,82994222,83076142,b45c49346901953811c2390b10dbe0e5d492b87ee9065cbba814d21acbbb129f
ENSG00000138670,RASGEF1B,ENST00000264400,4,81471906,-,GRCh38,81430947,81512867,54943badcef8f13b40e2ed1a5028e58ff5a97a02f7bea1b81062513a13ba82f1
ENSG00000138674,SEC31A,ENST00000395310,4,82891152,-,GRCh38,82850193,82932113,1d55cc8d32d52404601e1c510b5da3a570c6ef2f22257557e51e37dd0992c28d
ENSG00000138675,FGF5,ENST00000312465,4,80266663,+,GRCh38,80225703,80307623,2da78e0fe20aee739245545bf36928005c3c987bbea2e6601eaf2a045b60f57b
ENSG00000138686,BBS7,ENST00000264499,4,121870473,-,GRCh38,121829514,121911434,164d9e2e73e3c8381163813eb12e00745df842970dd30ce1d751ce4e3d4e4766
ENSG00000138696,BMPR1B,ENST00000515059,4,94757954,+,GRCh38,94716994,94798914,69e8ce9d50461c7b734c5d520203a1ee5cc9b17437879cbb5dcdf1d85eebd98f
ENSG00000138698,RAP1GDS1,ENST00000408927,4,98261383,+,GRCh38,98220423,98302343,0a7e9aabae1d123904b816c27e23f4e94eb7e8dd5d41b1f7eb801e5bdc8f154f
ENSG00000138722,MMRN1,ENST00000264790,4,89894853,+,GRCh38,89853893,89935813,06b78b749edb2685e768f139b741ce4998c0f909343f385bac9199ee4d04f633
ENSG00000138750,NUP54,ENST00000264883,4,76148396,-,GRCh38,76107437,76189357,94eeb3524718853e7156062beaa4b1b14cc381850bf6b2798d56997fc55b225c
ENSG00000138757,G3BP2,ENST00000359707,4,75673410,-,GRCh38,75632451,75714371,bcad6aa9d6a1b16437c4130de79e6a83881b4a5348d73d605bad67b2ee1949a0
ENSG00000138758,SEPTIN11,ENST00000264893,4,76949751,+,GRCh38,76908791,76990711,3e93b193865bddf7fdffa15d571682a9ed6c9d060a0a8e27b08cb979646c6609
ENSG00000138764,CCNG2,ENST00000316355,4,77157206,+,GRCh38,77116246,77198166,44340f67494d49eca9fa1e7badd282a20f99979cc645496d41f78fa2afa31396
ENSG00000138769,CDKL2,ENST00000307465,4,75630527,-,GRCh38,75589568,75671488,651c25260f53cefcf5cd485d4673f8d0e559af46fc3333b5ba3bd46ac9cede97
ENSG00000138780,GSTCD,ENST00000515279,4,105708783,+,GRCh38,105667823,105749743,3d06449046e2e3d1dfd22f406ec8dc77a4af352c8a17806cb2a6eff734707ec5
ENSG00000138795,LEF1,ENST00000265165,4,108168931,-,GRCh38,108127972,108209892,ac6fb1340130c636fda120b1c253abc967f36c5c3236b8500faa47bc39734f4d
ENSG00000138796,HADH,ENST00000309522,4,107989888,+,GRCh38,107948928,108030848,6cdc8778012c9b34f9767f1a4933d925b5ee1e8d67fb51748e67b2095f5b36de
ENSG00000138814,PPP3CA,ENST00000394854,4,101347525,-,GRCh38,101306566,101388486,e36c9b4139daf9df6c85cfc6dba0fc19f84ed4ea4134a3ae2808034e5b632506
ENSG00000138821,SLC39A8,ENST00000356736,4,102345481,-,GRCh38,102304522,102386442,8c0563f7985e1bedd974a9c15d8c2af1d70bd48303f3586548c8b41b865f5c55
ENSG00000138823,MTTP,ENST00000265517,4,99574823,+,GRCh38,99533863,99615783,ae3e7fc90f85e4e01154c55d19603b20ffed94bd1f701de56197f5f10872d652
ENSG00000139053,PDE6H,ENST00000266395,12,14973041,+,GRCh38,14932081,15014001,dfbeb5ffca35dc4d864b6fcb905e06ca99c5f92f78e264d3623283d097dda491
ENSG00000139055,ERP27,ENST00000266397,12,14938536,-,GRCh38,14897577,14979497,f81558f8b81c15b2f713b524ffcf532d55d966b5b53c7d5a3348c0a83379b6df
ENSG00000139083,ETV6,ENST00000396373,12,11649673,+,GRCh38,11608713,11690633,c20dc3b71f07ec04abfb00f4c7ad30de5062f6b8b42546e12d9313beeac52b7a
ENSG00000139116,KIF21A,ENST00000361418,12,39443119,-,GRCh38,39402160,39484080,eef6f0ff860a84c5ab634662e7d838723877f79ed49e649eeaccdcefc2e80b36
ENSG00000139155,SLCO1C1,ENST00000266509,12,20695331,+,GRCh38,20654371,20736291,79e64fbab36b0fc05c2ef9ce5c30c8676768900f8a59d351c0bb57d2138282f6
ENSG00000139163,ETNK1,ENST00000266517,12,22625170,+,GRCh38,22584210,22666130,2a420873d49a3ef83dce130f601eb187c1f8d6176b8b56aaf13a784b65502150
ENSG00000139174,PRICKLE1,ENST00000345127,12,42589745,-,GRCh38,42548786,42630706,8668c49234bae6430f4f042f7bdf0704379bd9f5950620aa79edb31d9e0a74ad
ENSG00000139209,SLC38A4,ENST00000266579,12,46825996,-,GRCh38,46785037,46866957,db7278dec66c171b6ca23ebbe9cfd3895b1781fb0f9a6d17b025d9a5769a7a16
ENSG00000139263,LRIG3,ENST00000320743,12,58920503,-,GRCh38,58879544,58961464,ec1ffd837baea7415088b343bec4c46b8513251e546a9e67f095164c7c618fa4
ENSG00000139304,PTPRQ,ENST00000644991,12,80444234,+,GRCh38,80403274,80485194,b150f672f5e35375c20c12f65f523943427596488f907c3c159e4d690136d433
ENSG00000139318,DUSP6,ENST00000279488,12,89352500,-,GRCh38,89311541,89393461,a9d58351dccf28e356204448eb8fa18dbc52719603b2ef9af601bfda8a8743b2
ENSG00000139323,POC1B,ENST00000313546,12,89526046,-,GRCh38,89485087,89567007,75eb776ad4253efe46f3ffcf60822e9ed8197c587cd3d57519efa7fc27f3ece2
ENSG00000139324,TMTC3,ENST00000266712,12,88142306,+,GRCh38,88101346,88183266,58d0907583880c8a538dcea417b82cc8076663dc9ce1a9f185bb97262fd63a4b
ENSG00000139329,LUM,ENST00000266718,12,91111493,-,GRCh38,91070534,91152454,c1fa4a826cb9529971067df30b45361ca5a76f49c2a8e07de727f8c61a98310e
ENSG00000139330,KERA,ENST00000266719,12,91058023,-,GRCh38,91017064,91098984,a6d2fe51c999fb8a1336ca2cb16eb9cb995a783e2fa065a217a3b3ee0768d935
ENSG00000139344,AMDHD1,ENST00000266736,12,95943330,+,GRCh38,95902370,95984290,e43700219d8ff5f67608625ccbf0c18e1ce7094280243d5cccf51b0387e5fcea
ENSG00000139350,NEDD1,ENST00000266742,12,96907256,+,GRCh38,96866296,96948216,11dee75c768cf125796f38772cc7f2e20f655544dc49ccb4ff48ef1510fe9259
ENSG00000139354,GAS2L3,ENST00000547754,12,100573683,+,GRCh38,100532723,100614643,ca3e0a7e90533ba37abb5f2f31c4aa58aaca6e329286b15c342be234b606fd77
ENSG00000139372,TDG,ENST00000392872,12,103965871,+,GRCh38,103924911,104006831,ae8112848b8d18e1ea810a9ff21bfbf3aab6b94596772561b21bafd2623f8de1
ENSG00000139428,MMAB,ENST00000545712,12,109573503,-,GRCh38,109532544,109614464,f3472c7594d5561149342aea12f31142353385fab3870c734ab7d7f56f0448bf
ENSG00000139436,GIT2,ENST00000355312,12,109996367,-,GRCh38,109955408,110037328,ca1cdb300226b3b35f9d1e03860a829453d9b2b68c6e1c35dfa8046a78541d0f
ENSG00000139505,MTMR6,ENST00000381801,13,25287487,-,GRCh38,25246528,25328448,9026c94bef5118add33c3c2b2294ab166d7432fe894a9116b34e1737e4f6a7d1
ENSG00000139508,SLC46A3,ENST00000266943,13,28718969,-,GRCh38,28678010,28759930,4357a57c544952ef62a90a4bb817686e60e404abe13d5289275eabf8f0a77605
ENSG00000139514,SLC7A1,ENST00000380752,13,29595687,-,GRCh38,29554728,29636648,940d424075579535f7fdc192193651cfc5b9c85c017ef8246fa1cdd2c67e6eee
ENSG00000139517,LNX2,ENST00000316334,13,27620528,-,GRCh38,27579569,27661489,d8b9b39fe3a7d5e541307070c18e95bc5cf48e1d6ab493005b27642781e94c50
ENSG00000139668,WDFY2,ENST00000298125,13,51584461,+,GRCh38,51543501,51625421,95314958537f41a9703e291509a47284b09de2762caaa2633ecc557f883787a4
ENSG00000139679,LPAR6,ENST00000620633,13,48413112,-,GRCh38,48372153,48454073,ffc785e108c15e40693b48e0f5e3c13e525e12c9201f3b85852d37c20e6b0919
ENSG00000139687,RB1,ENST00000267163,13,48303750,+,GRCh38,48262790,48344710,a0bcb94942c933e4c14252687fa28585fcacf7147ba7859ae8c7efa587db4c00
ENSG00000139719,VPS33A,ENST00000267199,12,122266493,-,GRCh38,122225534,122307454,1ca54c357f07a7cb0b62309eb4dff88d9e904c844b848db7a21109a593a6c327
ENSG00000139746,RBM26,ENST00000438737,13,79406254,-,GRCh38,79365295,79447215,7b892a72113c74bacbd7e0534fd3ab5bb4252e31252a610e194953ce7a1e4266
ENSG00000139767,SRRM4,ENST00000267260,12,118981540,+,GRCh38,118940580,119022500,1f1616ae956e6c56fe0788588f41a20d2a18a145391fbb374f0e3f2a30e5f412
ENSG00000139793,MBNL2,ENST00000679496,13,97222332,+,GRCh38,97181372,97263292,88cd6bbea11a05aecf2cb12819f1413b8cc162b160850d436f22be6fa0996e77
ENSG00000139826,ABHD13,ENST00000375898,13,108218391,+,GRCh38,108177431,108259351,90520feade3555cd81052ddd5614993dd81e85297e9ba280fe09b5129ac0db90
ENSG00000139874,SSTR1,ENST00000267377,14,38207903,+,GRCh38,38166943,38248863,041a265a6d8b6dd261c0db04be5756eea17355c7ca8830d3e3a327e95f7de4d7
ENSG00000139899,CBLN3,ENST00000267406,14,24429667,-,GRCh38,24388708,24470628,994369b1847c98c9deb57daeac7cf4c0f6b1e38cbdb87acafc2b8709d29be3f5
ENSG00000139908,TSSK4,ENST00000339917,14,24205695,+,GRCh38,24164735,24246655,893089899b9ce9e4530665af5e076c650cc2f7a1755a7af7e9141f7cccd443d5
ENSG00000139946,PELI2,ENST00000267460,14,56118410,+,GRCh38,56077450,56159370,f4fe0ab7d28ff088dc558d344349d0445b67d86f6c8383985cef7f3c19e4a4e4
ENSG00000140015,KCNH5,ENST00000322893,14,63045457,-,GRCh38,63004498,63086418,55074b26cb7bc8539e06db9cb779896ac2c3fd30a01577d6cc07fa80bdc20eb5
ENSG00000140025,EFCAB11,ENST00000316738,14,89954729,-,GRCh38,89913770,89995690,a7cfe50cda1e56b26e64ccb7bc68f60f0b51570e4c11cc641432e70554ef8245
ENSG00000140030,GPR65,ENST00000267549,14,88005134,+,GRCh38,87964174,88046094,44124a747db1afa4e984473c782aef7948d43c9bbf415b3a189a75407fa8a171
ENSG00000140043,PTGR2,ENST00000555661,14,73851830,+,GRCh38,73810870,73892790,c4261fc57624c12b17d9a2fdd47f5f5024f032266e2bf559dd23634dd1f7ab93
ENSG00000140265,ZSCAN29,ENST00000684362,15,43371042,-,GRCh38,43330083,43412003,173526fb88cc901d6a785cbc52f1ca6a055d4350595a7a45d482b09721f693fe
ENSG00000140274,DUOXA2,ENST00000323030,15,45114325,+,GRCh38,45073365,45155285,4cc1c534f008e02c954b3637f95338ea8e35315b30d863da608efd42a987848a
ENSG00000140279,DUOX2,ENST00000389039,15,45114171,-,GRCh38,45073212,45155132,f7d9ea114d3573120da65b6bd6755b380cbbc1bc3a5720682bbb8f9788b39b68
ENSG00000140285,FGF7,ENST00000267843,15,49423241,+,GRCh38,49382281,49464201,f0ab6b145345aae0d6d8578b27faa405bfb28681ab833e64a0facacb53d05186
ENSG00000140287,HDC,ENST00000267845,15,50265725,-,GRCh38,50224766,50306686,fd91398b78969e90aeff68593b8f347ffd2baa9a951133364511ca4366dbabb1
ENSG00000140332,TLE3,ENST00000451782,15,70097916,-,GRCh38,70056957,70138877,fe27aaed119de91a725e4fc8f7a889028d5ad0b665bdbe1415e017552976f971
ENSG00000140382,HMG20A,ENST00000336216,15,77420887,+,GRCh38,77379927,77461847,08ffebe072eb7dd628808429045959730a7f1f9b76a37f6b1dfe6379972c6042
ENSG00000140396,NCOA2,ENST00000452400,8,70403807,-,GRCh38,70362848,70444768,84c093815d04ee01197fd3880563292f7064c5ac314a4113a0ddda546774a2f7
ENSG00000140470,ADAMTS17,ENST00000268070,15,100341974,-,GRCh38,100301015,100382935,18324f84700a1d353616787702b311c0839d6c53529990cbcc44320a324c5ec2
ENSG00000140471,LINS1,ENST00000314742,15,100602183,-,GRCh38,100561224,100643144,2092beb0dab3f53041e93c69b5e4008d458800498214f9128312e06a56701396
ENSG00000140519,RHCG,ENST00000268122,15,89496582,-,GRCh38,89455623,89537543,3e5206659d6c6b1861ad79c1cf72afc381619b57aeb2bcd993adb4e8b890afab
ENSG00000140522,RLBP1,ENST00000268125,15,89221578,-,GRCh38,89180619,89262539,f68493fe2f5c326d5ac66aeaca867eee2eb76209eb11529bce57a02d3acf5cb8
ENSG00000140543,DET1,ENST00000268148,15,88546680,-,GRCh38,88505721,88587641,ffe855b8c7a7c06a6f99429c485626f891e50208d3a2e4c92df0ebd992f637b9
ENSG00000140557,ST8SIA2,ENST00000268164,15,92393880,+,GRCh38,92352920,92434840,64dbaf5ddf231831ef1b1669b42908a25ab2e0d0bc4b442eb619790d368c23ab
ENSG00000140563,MCTP2,ENST00000357742,15,94231560,+,GRCh38,94190600,94272520,9a4456a9621402480ea326f0bd57c396a6075441c3aaed38c2c1d78d68770874
ENSG00000140632,GLYR1,ENST00000321919,16,4847287,-,GRCh38,4806328,4888248,26d231c5187e9810dd51b6e5fb56f137f258104005abb6564e87f3aa2476476a
ENSG00000140691,ARMC5,ENST00000268314,16,31459500,+,GRCh38,31418540,31500460,03b4b542ab94e4528366954cf5f472a32053ac22b50d69999f0836846fde8594
ENSG00000140694,PARN,ENST00000437198,16,14630259,-,GRCh38,14589300,14671220,909da8325dd4f30abc69a6cc86cd86151860659949f4b2e562c773af54f250ab
ENSG00000140718,FTO,ENST00000471389,16,53704155,+,GRCh38,53663195,53745115,e0eb4f87c505bc49e41c95620ed4ad6f7cb1876fb75d0c552b17ad164508dcc9
ENSG00000140829,DHX38,ENST00000268482,16,72093846,+,GRCh38,72052886,72134806,a91f3b0ef38fea8b1c57654228854a33147812cb6b68af37548ee5c89e442252
ENSG00000140836,ZFHX3,ENST00000268489,16,73048127,-,GRCh38,73007168,73089088,5eca1b8a5212078535bddbbca82f8e14c8a25091b5e18ae73a6141b11a1c7f5d
ENSG00000140848,CPNE2,ENST00000290776,16,57092582,+,GRCh38,57051622,57133542,1fc87c14a0c88aefca8c999cf0883d22dd3639f8ea1f5a4013c31e544841cf60
ENSG00000140937,CDH11,ENST00000268603,16,65122062,-,GRCh38,65081103,65163023,0fd60909291351662683d07e05a54e3f21fc87355e79b1894b6f30aef799cdba
ENSG00000140955,ADAD2,ENST00000315906,16,84191156,+,GRCh38,84150196,84232116,321ae914384e521224d48ac73b7162c3a08cfbd5b81ee915b45996012e0e6bc2
ENSG00000141298,SSH2,ENST00000540801,17,29930227,-,GRCh38,29889268,29971188,246fa357c8f4188e9bd8edde4d29d30019f782096d4d74376b17da35f164a2a8
ENSG00000141367,CLTC,ENST00000269122,17,59619894,+,GRCh38,59578934,59660854,48d9f53d7c86ef96a9539b68ae8237e8be0cc0364c88561d2e0b3c7a1280b1be
ENSG00000141376,BCAS3,ENST00000407086,17,60677850,+,GRCh38,60636890,60718810,a55746037f03c7dc8de8ed7820af77e4973a2d503ee0547628caee5777d09613
ENSG00000141378,PTRH2,ENST00000393038,17,59707429,-,GRCh38,59666470,59748390,f47f3aeb1afd5a1ad9cea13ff1732740a52d6375f414ec586fa1a4a27bfd1c01
ENSG00000141424,SLC39A6,ENST00000269187,18,36129339,-,GRCh38,36088380,36170300,6e8c09f4a61f7a4cc45b6330c626f8174d371d9cbbb05b455a16e8f905b7cf6c
ENSG00000141425,RPRD1A,ENST00000399022,18,36067558,-,GRCh38,36026599,36108519,fd1d16d70b1d9ab8ae9e35b325aa34475d17a46afe60fa5c2e9adcfb22402909
ENSG00000141431,ASXL3,ENST00000269197,18,33578218,+,GRCh38,33537258,33619178,857fe3fab09593ea15e0dd5f00efd6d02253df174fa41164a457d29caba6f607
ENSG00000141469,SLC14A1,ENST00000321925,18,45724180,+,GRCh38,45683220,45765140,bb1a485381806f27d959bb97874a865f49a35f90e1493749ad4767cb52f76ebc
ENSG00000141655,TNFRSF11A,ENST00000586569,18,62325309,+,GRCh38,62284349,62366269,3f08401d09c1010552b3be2c85b156355ee76905c1af0699cfb6ee99ab3fa904
ENSG00000141665,FBXO15,ENST00000419743,18,74147833,-,GRCh38,74106874,74188794,f82bf2114d7ee05ed7f111f724c92a8a2d8ecaddcdc7fc2d397b16924b8908b9
ENSG00000141699,RETREG3,ENST00000309428,17,42609373,-,GRCh38,42568414,42650334,0c2eb7659b981ecb85eff591dd6bdda612a39589fdccf2b100a8fe3d6ff15130
ENSG00000142192,APP,ENST00000346798,21,26170769,-,GRCh38,26129810,26211730,26836d014e35568da0900e2b665cbaa7d921b78b2295599f558dfe68ea9c380f
ENSG00000142319,SLC6A3,ENST00000270349,5,1445439,-,GRCh38,1404480,1486400,90feac158231f04083d6ec7a6a9fe0d08578f8174749ceafd054f59b1fd454f4
ENSG00000142623,PADI1,ENST00000375471,1,17205127,+,GRCh38,17164167,17246087,da21f71eb7a06b1051341cc702683d4f20889bf656802c98f30af8fa4176b8e7
ENSG00000142871,CCN1,ENST00000451137,1,85580760,+,GRCh38,85539800,85621720,63e9674ee8befb5159fd825df95e739fef61c3dc6675186527416776fcd1c23a
ENSG00000142875,PRKACB,ENST00000370685,1,84144270,+,GRCh38,84103310,84185230,4f4796ff00883fefd98ed1329d5c521539ca9631cacb0b3b80c3d923dbbd8fc8
ENSG00000143033,MTF2,ENST00000370298,1,93079282,+,GRCh38,93038322,93120242,d9da33c1371c8461797d9626527928c930ddca25c7f2c88c7e8eb3cd343a47b3
ENSG00000143036,SLC44A3,ENST00000271227,1,94820356,+,GRCh38,94779396,94861316,a102cfe9b58ead34038861471e099ee6714e5c1348bd668a482333f1e8eb68b9
ENSG00000143079,CTTNBP2NL,ENST00000271277,1,112396213,+,GRCh38,112355253,112437173,3089fca30a13395176376507fb3baeddeb2f823220d89fde9bdb188b932a208c
ENSG00000143093,STRIP1,ENST00000369795,1,110034623,+,GRCh38,109993663,110075583,40b0d11b550ac912662511cba6ceb1e150750998c04d83f0b5845a8b04747898
ENSG00000143105,KCNA10,ENST00000369771,1,110519174,-,GRCh38,110478215,110560135,8016c84eadc47676ee5a9d2ca01c42a0c109353ddee544f819eecc454c070b06
ENSG00000143106,PSMA5,ENST00000271308,1,109426447,-,GRCh38,109385488,109467408,336b09d88d8685834244938308e018ddc03507118bb444975b9b64aee0462e57
ENSG00000143156,NME7,ENST00000367811,1,169367796,-,GRCh38,169326837,169408757,0c7598048d575f667200fea2a90fe8ec0820c6a1b30b1c25c74cb0d10ed75d5d
ENSG00000143167,GPA33,ENST00000367868,1,167090376,-,GRCh38,167049417,167131337,35e929b561929f05158e9c85d9e9e7ba7d6b1943efa3eedcaad5e9c07c10a9d7
ENSG00000143171,RXRG,ENST00000359842,1,165445125,-,GRCh38,165404166,165486086,ce0f648bcc4ca539c8bbdd80128c0dea7866b869a310a9642eb9a93dbced2b42
ENSG00000143196,DPT,ENST00000367817,1,168729205,-,GRCh38,168688246,168770166,4192cb33e0aba2d6306918ed2031a0a22c23884de507836054ebccc8a78749f9
ENSG00000143199,ADCY10,ENST00000367851,1,167914133,-,GRCh38,167873174,167955094,ab89da0c48d02490ca294a6cb3c0baef5897feffcbaa67b8cf03b9057786f730
ENSG00000143228,NUF2,ENST00000271452,1,163321953,+,GRCh38,163280993,163362913,61d91f2e21481f8099d4a9ad791aecdcb0ada13af1c79b74e217c96dc004068a
ENSG00000143258,USP21,ENST00000368002,1,161159499,+,GRCh38,161118539,161200459,5de2e9332a1ca26f64cdb5cac2ae8abfb420cce427ba9d956d62435515edcad4
ENSG00000143322,ABL2,ENST00000502732,1,179229676,-,GRCh38,179188717,179270637,72d0d43820cc42d1623620399c38d32c12cb52144e9e7f82c15f0602a2a715ec
ENSG00000143324,XPR1,ENST00000367590,1,180632021,+,GRCh38,180591061,180672981,8d88d97bb113fd193af0d1192d75f593313d9f0de3be079947bf23cb1d033ec2
ENSG00000143341,HMCN1,ENST00000271588,1,185734390,+,GRCh38,185693430,185775350,651214cf751e22340c67a5a19ebf60a0eeb7f8756ba88e325306097bd3be32d1
ENSG00000143344,RGL1,ENST00000360851,1,183805119,+,GRCh38,183764159,183846079,87d3007a5f0d8481307afe88fed8dc99b6188ae905acd36bafb0c970f40ce3e9
ENSG00000143353,LYPLAL1,ENST00000366928,1,219173877,+,GRCh38,219132917,219214837,9e4172ec3e28c949e65a430065606cd6a5695691b586870bd9e92c0b1a5869cf
ENSG00000143476,DTL,ENST00000366991,1,212035747,+,GRCh38,211994787,212076707,a0858020a9a503de9ac61237b59cf052a6b6a4a230e72c752bbf31100806a241
ENSG00000143479,DYRK3,ENST00000367109,1,206635535,+,GRCh38,206594575,206676495,c20c043f8a07569d9c45b9e0383f8a8be41025dd754372f73618a3c03c5007da
ENSG00000143493,INTS7,ENST00000366994,1,212035556,-,GRCh38,211994597,212076517,050fcabc4241de3f2b6883c41c111a2e1ae93d17664c35937a2123514a8038a3
ENSG00000143498,TAF1A,ENST00000352967,1,222589932,-,GRCh38,222548973,222630893,fb94dab1d44d7d3578dd756e3900bfa26b9ea9b490f9ab3d35b02141aa0bffc3
ENSG00000143702,CEP170,ENST00000366542,1,243255280,-,GRCh38,243214321,243296241,a720132b483476f70249205ca7501717fc76338dd89fc65f01a2e91346eaceeb
ENSG00000143797,MBOAT2,ENST00000305997,2,9003683,-,GRCh38,8962724,9044644,826e63670281bed985a331fed2ab608ff76c46d454e373515621116ce4d5cfea
ENSG00000143842,SOX13,ENST00000367204,1,204073114,+,GRCh38,204032154,204114074,bfcc714719b5d3456faaa8149a7d2d55ee93fbf1c4d29f26cc20f5c3d1a46668
ENSG00000143850,PLEKHA6,ENST00000272203,1,204359928,-,GRCh38,204318969,204400889,aaf5a13af072c8bdccacc0ddec5bf079dfd6cce37c5cd88db5b88904c80585fc
ENSG00000143919,CAMKMT,ENST00000378494,2,44361946,+,GRCh38,44320986,44402906,8aff2239147069700d1af43821e0baf11096765f01cecef4670d2f273ca0d86d
ENSG00000143921,ABCG8,ENST00000272286,2,43838970,+,GRCh38,43798010,43879930,f846cb86823c425ece64317b18058e9f46d6bd368d9f4ad884851faf873a678a
ENSG00000143924,EML4,ENST00000318522,2,42169352,+,GRCh38,42128392,42210312,3583cef426f008c2e67c8e6943b148c88998b73f07b4baddd3403efa65a59954
ENSG00000143951,WDPCP,ENST00000272321,2,63588476,-,GRCh38,63547517,63629437,57c49733fa2b6b648f7ab52e4d32aa0f0388f05b503e1fe26d3ef1b4506ce270
ENSG00000143995,MEIS1,ENST00000272369,2,66435124,+,GRCh38,66394164,66476084,10cc3f0ffb7bce88c3bfb8218ea341f8b1602279848a4028cf5acf39f6ee19ab
ENSG00000144021,CIAO1,ENST00000488633,2,96266224,+,GRCh38,96225264,96307184,6e162a79990b729cec610f4bc513dc784fcdb5935a554b689d099189cc764dd9
ENSG00000144045,DQX1,ENST00000404568,2,74526230,-,GRCh38,74485271,74567191,992cb7cc2be1ad9fda9a7c76c4de37611c0737328f52da5ef8a6b99117f96109
ENSG00000144191,CNGA3,ENST00000272602,2,98346455,+,GRCh38,98305495,98387415,bc5e3cf9b0122f263442ad364bffadf5ca8a59adce37b5be3e94c1d8f065491e
ENSG00000144227,NXPH2,ENST00000272641,2,138780389,-,GRCh38,138739430,138821350,37927a6689f1acd6214f712913495e884eb8bb6762e20ec735387721155ed9a7
ENSG00000144229,THSD7B,ENST00000409968,2,136765544,+,GRCh38,136724584,136806504,b0b5bb764e04d10d86b54ab16ffbbd407575027d8599ada4fa78de0b5ca26358
ENSG00000144278,GALNT13,ENST00000392825,2,153871921,+,GRCh38,153830961,153912881,baf3b797449fee14d933bb428c866ccf65dd21b960c7e8ed4963e39add3c7446
ENSG00000144283,PKP4,ENST00000389759,2,158456951,+,GRCh38,158415991,158497911,5697089dda42f3355a3cc9c6eb34cbfdd895a6cdca1ae1ac1762210cc20ca17c
ENSG00000144285,SCN1A,ENST00000674923,2,166128019,-,GRCh38,166087060,166168980,79f16d1d98dcf7c119c35e387a09524b494e1af821c2a53c148b949fd5d42b18
ENSG00000144290,SLC4A10,ENST00000446997,2,161624415,+,GRCh38,161583455,161665375,d8a309ceeaf601cb2f16a210903ef6e601830a3aeec7308825138da496c863ce
ENSG00000144320,LNPK,ENST00000272748,2,176002266,-,GRCh38,175961307,176043227,5b935a3a28958c4b4b522e74fcb7c63b99926f3d5aceed523656b1c7f13e9cbe
ENSG00000144331,ZNF385B,ENST00000410066,2,179861611,-,GRCh38,179820652,179902572,bb1a0092700e875c732922ed77107a001cf1b705b34c954be9b38ce03fc8e9e4
ENSG00000144366,GULP1,ENST00000409830,2,188291873,+,GRCh38,188250913,188332833,4cce696b498001ae27b5c247fabd37c8399e0285bbb68cf694bbf42a5a042416
ENSG00000144369,FAM171B,ENST00000304698,2,186694059,+,GRCh38,186653099,186735019,7c247b548c87ad1311e146e9546e3a344843fafe680537614eb7a947bda6924d
ENSG00000144445,KANSL1L,ENST00000281772,2,210171408,-,GRCh38,210130449,210212369,995119dfb47e217157ff20f113aa688a0d7884a75fd45b76e9cea359491c0317
ENSG00000144452,ABCA12,ENST00000272895,2,215138625,-,GRCh38,215097666,215179586,391af963281bbfc5ff21156da558d32490b699cbcde9d4c030562f8a8edb3691
ENSG00000144460,NYAP2,ENST00000272907,2,225399709,+,GRCh38,225358749,225440669,41db0e6e84cbac0c52717ef1f40569067f2b3d0f8404b0a9526ac003ac22def2
ENSG00000144468,RHBDD1,ENST00000392062,2,226836053,+,GRCh38,226795093,226877013,1ad5cea8a65b5aeb234470fa6f413db085ea4d8f3497e7980f9a39d1d339aa49
ENSG00000144476,ACKR3,ENST00000272928,2,236569824,+,GRCh38,236528864,236610784,35d80208ad8e3f37c10723c7fecf9b9692e34698d45ff7a65b09b4935299acd6
ENSG00000144481,TRPM8,ENST00000324695,2,233917372,+,GRCh38,233876412,233958332,c4f56328db8eac0e4a1745e0787a634f7acfba6ad942eef6bb6668b2c5ebe764
ENSG00000144535,DIS3L2,ENST00000325385,2,231961712,+,GRCh38,231920752,232002672,c664d2f82e78b62e60c6e14dd0e1909977813e673c5e6f2af3603c9439d71df1
ENSG00000144580,CNOT9,ENST00000273064,2,218568838,+,GRCh38,218527878,218609798,a514956c58c17a1c189f2b61200a40301a17dae8178ef552bd1d4037ff45a4f6
ENSG00000144583,MARCHF4,ENST00000273067,2,216372482,-,GRCh38,216331523,216413443,448c3fb096796f17c57dedbc0c50690ea8d7c7f37a0fd7524de909922df1fda1
ENSG00000144591,GMPPA,ENST00000313597,2,219498890,+,GRCh38,219457930,219539850,d89da85fc12f04593b0d821d8d60b9ffb27afae2c6d7082bcf671da57bb80403
ENSG00000144619,CNTN4,ENST00000418658,3,2098865,+,GRCh38,2057905,2139825,e7e464f147997ed10f59ad08c3c5428060df73e7df11d3971ea4e4ab46511dd9
ENSG00000144642,RBMS3,ENST00000383767,3,29281070,+,GRCh38,29240110,29322030,fcf11340c6d92fff92cecfcf60f30d5b230cb6d2951758d78de49b65c6012c0e
ENSG00000144644,GADL1,ENST00000282538,3,30894660,-,GRCh38,30853701,30935621,544fcab1f71438415a03fb452a2d24581ea498582c4f2fedce1d27aa7646ed38
ENSG00000144747,TMF1,ENST00000398559,3,69052332,-,GRCh38,69011373,69093293,2e831b72f36e284b7611f3cb733ce2afd63cd7a5a6a585bb549c70c154a0b169
ENSG00000144771,LRTM1,ENST00000273286,3,54928058,-,GRCh38,54887099,54969019,7bbfa9ffc832fbb20f98ab72d33c1544cb2edf9b7e57fcbe4e04e93465b1315c
ENSG00000144810,COL8A1,ENST00000652472,3,99638593,+,GRCh38,99597633,99679553,829fc385353c40be3596c1f832a87c58842fc0cce30cfe6781b4f3c64f066ba2
ENSG00000144824,PHLDB2,ENST00000431670,3,111859264,+,GRCh38,111818304,111900224,b5cd6387a3d6f81738370d5bf16361d6d303ea654248bfc2434529a5189f27f5
ENSG00000144827,ABHD10,ENST00000273359,3,111979025,+,GRCh38,111938065,112019985,323607ecfbe1c5419a3909567b84fc21adf957cd3da277cba4f8b1c233a49c4a
ENSG00000144834,TAGLN3,ENST00000478951,3,111998921,+,GRCh38,111957961,112039881,a10778e1c9854401f16273741b240e17530f1c3d19c64c9ac9d0b16ab173b47b
ENSG00000144840,RABL3,ENST00000273375,3,120742515,-,GRCh38,120701556,120783476,596a37ff20818504944d6fccddb24e9aa9aa15632a5701ef96c8b3a55e9b63ca
ENSG00000144847,IGSF11,ENST00000393775,3,119034845,-,GRCh38,118993886,119075806,6155064ee3a86d5716babea1e819d47e55fb261ce40bc0b49590765ae24da48a
ENSG00000144891,AGTR1,ENST00000349243,3,148697902,+,GRCh38,148656942,148738862,7305954056a3db397b84dd847e0977235968a7301c4d358ce398b0026180b3bb
ENSG00000144895,EIF2A,ENST00000460851,3,150546786,+,GRCh38,150505826,150587746,1ccf6b75cc07e11b955bce36525c53b0d1894baa3abe89341b41edcff02ed8dc
ENSG00000144935,TRPC1,ENST00000476941,3,142724033,+,GRCh38,142683073,142764993,68bde1c86f85688e47befaa26d8520982cb56d6d4ce5b40e27a09a43aa351968
ENSG00000144962,SPATA16,ENST00000351008,3,173141234,-,GRCh38,173100275,173182195,73d4e41e2a285218880d1a4989e4d1f04f325000cd178c83ad398dba80bdfd14
ENSG00000145012,LPP,ENST00000617246,3,188154156,+,GRCh38,188113196,188195116,29ec579cba1c7c6ddfc2a05b67336aa7c8de37e70b63e50f4a324d7c1a523cc9
ENSG00000145050,MANF,ENST00000528157,3,51385290,+,GRCh38,51344330,51426250,9f7b61a4793d3a7e476fd4ac3522cdddcad1a536de80e1cf24016e7d0c121dec
ENSG00000145088,EAF2,ENST00000273668,3,121835208,+,GRCh38,121794248,121876168,ce5d2ce07db280e52ea905954d31ff134b163c8a9d81e1a056cca3026b781a8f
ENSG00000145103,ILDR1,ENST00000344209,3,122022246,-,GRCh38,121981287,122063207,432262f61d56b43023a80d31a24c251be5a2a7e56131f97db89f233bd357200e
ENSG00000145147,SLIT2,ENST00000504154,4,20251904,+,GRCh38,20210944,20292864,2a093a8935fd8d521000cd8f132aa68cf6cc480c57379758cc66cb30f2ac1848
ENSG00000145244,CORIN,ENST00000273857,4,47838066,-,GRCh38,47797107,47879027,093d1627b9230d405dea1c02c16c4a11d62f980f7c4d5950dd1d0d6c7127bcbf
ENSG00000145246,ATP10D,ENST00000273859,4,47485274,+,GRCh38,47444314,47526234,327ef1ac37ec76bab11b9bc8978e3a52a7b028a4020933852ff64cae5ace0cc2
ENSG00000145283,SLC10A6,ENST00000273905,4,86849383,-,GRCh38,86808424,86890344,a5c1dd5ebfe6c9eaec2be576f45aef528894a54337853c13ef3379f405686d6c
ENSG00000145321,GC,ENST00000273951,4,71784078,-,GRCh38,71743119,71825039,2a95a19a9a899c5bf997c3b5b159ca56221dba77b76560a579adde907b1f5f62
ENSG00000145331,TRMT10A,ENST00000394876,4,99564038,-,GRCh38,99523079,99604999,92ab292e4f03c91f6218b198925d1ce92528be5274b8b21dac20799ff7f246a0
ENSG00000145348,TBCK,ENST00000394708,4,106316208,-,GRCh38,106275249,106357169,b52bf287d16dfcf834c8e3130c4a806e98ed351d2a6bbcd33d2b31b550f1aa40
ENSG00000145358,DDIT4L,ENST00000273990,4,100190467,-,GRCh38,100149508,100231428,6730a85122c2a94b239c8fdcc8e6b5ec54495f29f9203422c9889f32d881fd91
ENSG00000145375,AFG2A,ENST00000274008,4,122923077,+,GRCh38,122882117,122964037,1dc457e60bade052a5e70413aeed0220c026c1a62a6ec110d6637b43630e2cf3
ENSG00000145390,USP53,ENST00000692078,4,119212712,+,GRCh38,119171752,119253672,976bdaa686a6b6f4420ece03d7466ab7feafaf990d736c042d92cd6d0b0a204d
ENSG00000145416,MARCHF1,ENST00000514618,4,164384018,-,GRCh38,164343059,164424979,f0f51b6527e1b28657abcecb4b29678fb4c6f7f0b2d39ed0c65ed29a10fe3643
ENSG00000145431,PDGFC,ENST00000502773,4,156971798,-,GRCh38,156930839,157012759,96434078cf70c64bead875e69c0fd06a978d24a7c9765380a2ece49270c3bd05
ENSG00000145439,CBR4,ENST00000306193,4,169010254,-,GRCh38,168969295,169051215,51217b7ab6bcbb30294c1c60bd3a4b12fe236dc4d90a1029dae07dc20a155d69
ENSG00000145451,GLRA3,ENST00000274093,4,174829246,-,GRCh38,174788287,174870207,135354f7c6d685967aa35d2711f79ef529b24a233214961004af6cab6100a728
ENSG00000145555,MYO10,ENST00000513610,5,16936287,-,GRCh38,16895328,16977248,dbcc191c1ee64fac6b620d14eeb5d1e8d5566d4cd14a0358f9098aa68436bf26
ENSG00000145675,PIK3R1,ENST00000521381,5,68215755,+,GRCh38,68174795,68256715,6fa6eb177e5bf8f4826055be8bf17772c968cb03997de3808d13ec39fcd999d0
ENSG00000145681,HAPLN1,ENST00000274341,5,83720854,-,GRCh38,83679895,83761815,0a8362bba16a01948678d62c88f9f187ac1259cd633553c9b50c83d1e6c37de7
ENSG00000145685,LHFPL2,ENST00000380345,5,78648771,-,GRCh38,78607812,78689732,7475136ceffc02cb13a53ef08cb79377f7bfec1a7459cd4e24d3460e0a30cc63
ENSG00000145715,RASA1,ENST00000274376,5,87267882,+,GRCh38,87226922,87308842,49cb97202bf8412a7f1a45cafe415797169dc5327c28841a9ca0bc1787ad89c7
ENSG00000145721,LIX1,ENST00000274382,5,97142610,-,GRCh38,97101651,97183571,7d30814f921339d2a4d6819e2744ff5612f6690704ff83a5644492bce078c3d6
ENSG00000145723,GIN1,ENST00000399004,5,103120137,-,GRCh38,103079178,103161098,770174e0f73f362f2a5f2fb10a27c018944e54821f8f3e7ea581206876cdcbac
ENSG00000145725,PPIP5K2,ENST00000358359,5,103120300,+,GRCh38,103079340,103161260,174c19fdf98ac149481830647250387ab23539f8910939dceb55df1145410dca
ENSG00000145730,PAM,ENST00000438793,5,102755304,+,GRCh38,102714344,102796264,2a9b7ee9581fc3c89ec024771c862aec4107ed49f888be99f53670797e6b5192
ENSG00000145757,SPATA9,ENST00000274432,5,95682990,-,GRCh38,95642031,95723951,4262c512ae87e19f77a61cacb1f1dc936ff35ee10dcf950ebf4ce6c517336f87
ENSG00000145794,MEGF10,ENST00000503335,5,127290795,+,GRCh38,127249835,127331755,a86adaff5a330bf7f491112ca9b89a9f43af7377b2719401008a7fc3ab134455
ENSG00000145817,YIPF5,ENST00000274496,5,144170658,-,GRCh38,144129699,144211619,5ddf04d5f01dfa830018d4cd19556a79f4662c64422d0efe5744da7cad58d912
ENSG00000145819,ARHGAP26,ENST00000645722,5,142770376,+,GRCh38,142729416,142811336,dd1ddfd416e61fafe5b593dcdf9bbaf8bbe893f84eb1c4186e1de26aa58d12ff
ENSG00000145832,SLC25A48,ENST00000681962,5,135834662,+,GRCh38,135793702,135875622,821f92fc809158d74852a581bea7ff125079d62ea3d73286479a1a1bddb2efb5
ENSG00000145860,RNF145,ENST00000424310,5,159209552,-,GRCh38,159168593,159250513,3ee719c2a44aaa51319202f08e79650356fd6fd6cee53b8ba7f0c4bd2d9073b8
ENSG00000145863,GABRA6,ENST00000274545,5,161685720,+,GRCh38,161644760,161726680,c2ca8bd535afbbc41a3d9dd3040df1aeeeb5f9e17c289f81bc4e9bf97a2f9960
ENSG00000145864,GABRB2,ENST00000393959,5,161546724,-,GRCh38,161505765,161587685,1fc59f04096538cfd9dcc8c76aa88c10b50dcf636e249a5c264489364e9c067f
ENSG00000145868,FBXO38,ENST00000340253,5,148383957,+,GRCh38,148342997,148424917,635398ab590f49133e3bbfb445b62e64e113775aade07ae3ec37826ec0a763b8
ENSG00000145888,GLRA1,ENST00000274576,5,151924850,-,GRCh38,151883891,151965811,f8950aee8aa38f18895d727cb0b8db6aa22cc59be6cc39121ec0747d87047a18
ENSG00000145901,TNIP1,ENST00000521591,5,151081033,-,GRCh38,151040074,151121994,fea742bcfa06df2e92ed2f4ed00979e9e606100c78177d88ee4e97e4665f74a7
ENSG00000145934,TENM2,ENST00000518659,5,166979028,+,GRCh38,166938068,167019988,cc07d022d59b7247844ff04bb6966ff7ceb5d94763f0ded783783ef43c72bf28
ENSG00000145936,KCNMB1,ENST00000274629,5,170389366,-,GRCh38,170348407,170430327,0229cc5a1da23bd5e7775798a62b4fed08635b475fa68e441c305038d1d5cf40
ENSG00000145982,FARS2,ENST00000274680,6,5261512,+,GRCh38,5220552,5302472,b831e9fdaca1597a9252e6cdae449ad8ef7b753dc0c20f2d1d02de3f56699205
ENSG00000145996,CDKAL1,ENST00000274695,6,20534456,+,GRCh38,20493496,20575416,f73fc5009bef339ab8bae8f43b59c7c6ef25c3fd631cf1370db30ab9229b7565
ENSG00000146005,PSD2,ENST00000274710,5,139795807,+,GRCh38,139754847,139836767,6c01c2dca7c5ba40ee11f83a57ef2838a1f2e09912695210ba8eb1644ef218ff
ENSG00000146006,LRRTM2,ENST00000274711,5,138875334,-,GRCh38,138834375,138916295,71bbcb15b5ba7e3ff3775d75df7f67b84971011abec140f6cf8dd77980000537
ENSG00000146021,KLHL3,ENST00000309755,5,137736088,-,GRCh38,137695129,137777049,78865aca2551b2cb4c5019e9a0fa1a02284e2cda3ab8f3cdc12aa0f2040663a0
ENSG00000146038,DCDC2,ENST00000378454,6,24358058,-,GRCh38,24317099,24399019,c96ed9b482236fdae3837e50a7a539f42596cdfb4fe889c002e40b8bef678bb5
ENSG00000146070,PLA2G7,ENST00000274793,6,46735374,-,GRCh38,46694415,46776335,4f5628a2e0f155a5c9e776d2a3cc212acd952e82933bdaa057c7279b5b7cdc46
ENSG00000146072,TNFRSF21,ENST00000296861,6,47309904,-,GRCh38,47268945,47350865,fec4289bc8d79f37a6b563417dd1b6a9b9ba3144fc0c2572139cac47d632539a
ENSG00000146085,MMUT,ENST00000274813,6,49463252,-,GRCh38,49422293,49504213,768961d1acdfd18b3ddf22de4f3c6116d6a8442cd403be405d4b16d43afb5133
ENSG00000146151,HMGCLL1,ENST00000274901,6,55579191,-,GRCh38,55538232,55620152,1ae0620a9fc23fca08a093d091fe1b85c3a9d4181166f41bc44bf2aabd7b32f4
ENSG00000146166,LGSN,ENST00000370657,6,63319982,-,GRCh38,63279023,63360943,75f2c54aa2507aefff37208d09932528bd06baafe773509828e157177e034bad
ENSG00000146197,SCUBE3,ENST00000274938,6,35213955,+,GRCh38,35172995,35254915,b1a4f968da9acd6adc0c9cc5754ce188332c1ec0cfce7301f575edaf489dfe75
ENSG00000146233,CYP39A1,ENST00000275016,6,46652817,-,GRCh38,46611858,46693778,02e4da6834b35852a3a6769382cb1f737cfe775694ed8103216e68f742a03e0d
ENSG00000146263,MMS22L,ENST00000683635,6,97283215,-,GRCh38,97242256,97324176,afd8bc28ee5578229977204a5d9e3a53f8c96fae7abc8ce9e540d95b2fb4e2f9
ENSG00000146281,PM20D2,ENST00000275072,6,89146054,+,GRCh38,89105094,89187014,5aa88a79b417cb0f192756f99726329c94f4849524ee212f4e3c6d30906c440a
ENSG00000146282,RARS2,ENST00000369536,6,87589986,-,GRCh38,87549027,87630947,778ab23e3edc016e1ce2ec1de7a08ab278114c8ce55b498ef939ebce72fbe0c7
ENSG00000146285,SCML4,ENST00000369020,6,107824312,-,GRCh38,107783353,107865273,d7ad2441dca5014dfe12026f70dddd513f98f5968b02eaad6d022210f5034541
ENSG00000146350,TBC1D32,ENST00000398212,6,121334479,-,GRCh38,121293520,121375440,0bf2255141a806fc41636e79e4a6ee532b5f4c962e294c1c1e41b9586e8457e7
ENSG00000146352,CLVS2,ENST00000275162,6,122996234,+,GRCh38,122955274,123037194,fa177091f89cb8d8e8e73fbdaecdc4d03484961962efded0c1ad27fd8d4f419f
ENSG00000146374,RSPO3,ENST00000356698,6,127118670,+,GRCh38,127077710,127159630,d4455476258e16515191bc14def5ff9aa81db51a84bab58d907be95a75ea9160
ENSG00000146410,MTFR2,ENST00000420702,6,136250310,-,GRCh38,136209351,136291271,c204956509b1ca89abd0fcc2bddc62858cac1cf8933560d587c7666819e715d0
ENSG00000146411,SLC2A12,ENST00000275230,6,134052623,-,GRCh38,134011664,134093584,9da08c79f43db28d25481f5308648a293d79ac04c83108639bab20b90ba7ad2f
ENSG00000146414,SHPRH,ENST00000275233,6,145964357,-,GRCh38,145923398,146005318,48fd6de1a80f95074c8f6ac01336257c423bada2a208852ed7b6eb52734b8915
ENSG00000146618,FERD3L,ENST00000275461,7,19145420,-,GRCh38,19104461,19186381,27d4eff90802501f9c761958ebc1ebe88cdd73f78940ed1c265433ff8019aa9b
ENSG00000146648,EGFR,ENST00000275493,7,55019016,+,GRCh38,54978056,55059976,8de681abfdfdda420b9ae0bd792bb63fce69ff616a50d09873739bdb82d15d6c
ENSG00000146674,IGFBP3,ENST00000613132,7,45921271,-,GRCh38,45880312,45962232,9411dccece14614fa40f9c29ae4543593e7370c880e26423ac45a47d512c6b84
ENSG00000146842,TMEM209,ENST00000397622,7,130205405,-,GRCh38,130164446,130246366,4fab4d1e9b6bbddfd21197960042c4d12b9141b505b8e7e4846f5f3cf6ed9203
ENSG00000146857,STRA8,ENST00000662584,7,135233837,+,GRCh38,135192877,135274797,72b9b64c56cc1738fe73ee516e5231c59d6d2ea2585e5b58ebf00b0a39cac558
ENSG00000147113,DIPK2B,ENST00000398000,X,45200875,-,GRCh38,45159916,45241836,20def5febef50d129beaa2541ba0c7183f4821993d37003c3b87b160b2a77e04
ENSG00000147408,CSGALNACT1,ENST00000692225,8,19757276,-,GRCh38,19716317,19798237,ac2f0b15e53a79d61df4de62f2aaa0cd14d16f544db44eac0cdd9229a314762f
ENSG00000147416,ATP6V1B2,ENST00000276390,8,20197380,+,GRCh38,20156420,20238340,b50fa2cca27195ec0644528f619ec7a9f244c6a76e8b9e8baa54bc4bc9ac3f19
ENSG00000147419,CCDC25,ENST00000356537,8,27772639,-,GRCh38,27731680,27813600,8941ceaaaa2fda50736e53b697840e92bc4bf09f0168082457472f421ecfeddf
ENSG00000147421,HMBOX1,ENST00000287701,8,28890394,+,GRCh38,28849434,28931354,84e46be100b1e2e6d5872b39d2b33a513afeb02b82b3c0768b64b7ebd12e5cfd
ENSG00000147439,BIN3,ENST00000276416,8,22669120,-,GRCh38,22628161,22710081,74b40b79b496fe0928de4f3ddb06710314638a77e6a56d3a4debbacbf233b36f
ENSG00000147454,SLC25A37,ENST00000519973,8,23528955,+,GRCh38,23487995,23569915,b068e180ae20a54a4b9bc2f0714464fd90634e67b81dfae274d9ea313684b8ab
ENSG00000147459,DOCK5,ENST00000276440,8,25184688,+,GRCh38,25143728,25225648,41d8435f9a66b25112248706450533f0bae6728855b47fc81cc8786764df4968
ENSG00000147488,ST18,ENST00000689386,8,52409755,-,GRCh38,52368796,52450716,00a4c0b861b7ac62839613f238d1b243d961627c326a81d105a46b8809586793
ENSG00000147573,TRIM55,ENST00000315962,8,66127128,+,GRCh38,66086168,66168088,863576f4ee7999543b8dc28f7c7bc375c061b46e9541e1e446b33b401fac4461
ENSG00000147588,PMP2,ENST00000256103,8,81447438,-,GRCh38,81406479,81488399,86e439e31c719e286de9e74e3ef6440d1e2f3ca5cf61e62bfef4db8bc0c6f1ab
ENSG00000147606,SLC26A7,ENST00000276609,8,91249318,+,GRCh38,91208358,91290278,8cdefc44f4af1c5a326772418fc370a9f29384ecca9b7d10b530f91b60ba5ddd
ENSG00000147647,DPYS,ENST00000351513,8,104467054,-,GRCh38,104426095,104508015,6aa43094b026eef91cad11e31bfe6b2bbf718b34354030e2b08a5df788b91c24
ENSG00000147655,RSPO2,ENST00000276659,8,108083619,-,GRCh38,108042660,108124580,c904bbb24debd6c1e8a112321adbb73df04fd01fb4be898c1e71a48123c2ebd2
ENSG00000147677,EIF3H,ENST00000521861,8,116755822,-,GRCh38,116714863,116796783,82720c128ce7b73921b98d56f6a803532ba7654d8f5e34ebc62bea4d9d208e75
ENSG00000147679,UTP23,ENST00000309822,8,116766523,+,GRCh38,116725563,116807483,b590feecc318f4bab12c6c8afb032fefb5fcd23c7722d12ac38912667ed457c2
ENSG00000147684,NDUFB9,ENST00000276689,8,124539122,+,GRCh38,124498162,124580082,35a0a5738d14bb5a698a04de684ff6cc0c40a9e0102fe3c3945dbd0e2734a024
ENSG00000147687,TATDN1,ENST00000276692,8,124539084,-,GRCh38,124498125,124580045,0b46c9b063f195f4d7577ea5be7df496bba438049b8cbd79214a1921f9ae948d
ENSG00000147862,NFIB,ENST00000380953,9,14314140,-,GRCh38,14273181,14355101,629ea036338cd239968c751854ad112744b13f6e6ca7ae245bb6ee96906cb3c0
ENSG00000147869,CER1,ENST00000380911,9,14722732,-,GRCh38,14681773,14763693,a1b3df3737816051f45b7aba91f21588d73c2e40f0e7056922e59ac28f380207
ENSG00000147894,C9orf72,ENST00000380003,9,27573480,-,GRCh38,27532521,27614441,352665bea1fbb41807b503baa39cd8b24c2be003c227cdc1f7ba7aeecad7ecba
ENSG00000148053,NTRK2,ENST00000277120,9,84669728,+,GRCh38,84628768,84710688,674fa9883346d3af11d48bef2af32ddb6f0f04fd0a4d621e74a4550d38f2b497
ENSG00000148123,PLPPR1,ENST00000374874,9,101028726,+,GRCh38,100987766,101069686,af9f1cbeed1cf4699477766f84f6cb91162a776cac8afe97845d9992ac4bdaeb
ENSG00000148143,ZNF462,ENST00000277225,9,106863165,+,GRCh38,106822205,106904125,e6b501ba323ee7c6617f8d59ebaed3e66e229eb6c657f374ab9b5ab2990661ce
ENSG00000148156,ACTL7B,ENST00000374667,9,108855985,-,GRCh38,108815026,108896946,edbebabd85d231d2ad22e630c1d19557cb30f69ac6093e63207ba4df62881e07
ENSG00000148175,STOM,ENST00000286713,9,121370249,-,GRCh38,121329290,121411210,a0b96b1f4aaad8b3c7b70270b7105fde98fd9f54d1f7705c577b286ac761a73b
ENSG00000148180,GSN,ENST00000432226,9,121268161,+,GRCh38,121227201,121309121,ae38046dd7daca32603baaa10dd1b2e67090ebe463583cd2154532c19b3774c2
ENSG00000148225,WDR31,ENST00000374193,9,113340274,-,GRCh38,113299315,113381235,211fc944dd31ece6bde6d390d712d11eef861740652efa1875be868f1c8e0b77
ENSG00000148459,PDSS1,ENST00000376215,10,26697700,+,GRCh38,26656740,26738660,ffd8d4ecccab158e4afaa392b16601aca428183ffa34c0141578c06cfbb0af2a
ENSG00000148484,RSU1,ENST00000345264,10,16817423,-,GRCh38,16776464,16858384,74451ef65143d825b08986bf03afee1dd63535de85f41b9a0869b1af91a7bae1
ENSG00000148541,FAM13C,ENST00000618804,10,59362548,-,GRCh38,59321589,59403509,84a5462bb2eb4bbbdef2882591cce5f34f297bddccaff4aa80d553bae41a4954
ENSG00000148584,A1CF,ENST00000373997,10,50885626,-,GRCh38,50844667,50926587,28ffa788dc173e0e9bb7bea4266a4d016617f60475fd39f3acf47e9a8d8e0629
ENSG00000148634,HERC4,ENST00000373700,10,68075282,-,GRCh38,68034323,68116243,6cea0539a82e42798a824d7d938ad3f77352b607e39381f4bd79982775cd7d1c
ENSG00000148655,LRMDA,ENST00000611255,10,75431623,+,GRCh38,75390663,75472583,d93d0f9cbffa7ef751196f9705b877be3422d0624bef732dfcb5abf7f00991d1
ENSG00000148677,ANKRD1,ENST00000371697,10,90921086,-,GRCh38,90880127,90962047,de9572022d34cb3fd78c7ef3f7629648dfb063ffbf867fefbc48ee0c6b854f74
ENSG00000148688,RPP30,ENST00000371703,10,90871973,+,GRCh38,90831013,90912933,d661ef2db377774bae8888bcedb4ca5c9484c3b56df5db312d33000df9afb6a8
ENSG00000148700,ADD3,ENST00000356080,10,110007983,+,GRCh38,109967023,110048943,924acee794b260c45c88465f19c1e22f5f10803e0eba36bae26beac4ac6f7dfb
ENSG00000148702,HABP2,ENST00000351270,10,113553052,+,GRCh38,113512092,113594012,105910505f685fa80c48abd533c55f3eeaa3a34aad13cad66109a57a598bba91
ENSG00000148798,INA,ENST00000369849,10,103277137,+,GRCh38,103236177,103318097,a14ea5b83a0f9709c01069c488337215f4a75f2ed7f6cd54cdd98a5d9ae567a4
ENSG00000148841,ITPRIP,ENST00000337478,10,104338464,-,GRCh38,104297505,104379425,3d328685fa1c114aa67f46f365fe5f43b84f0aa3396c678b9f616522557b5b31
ENSG00000148843,PDCD11,ENST00000369797,10,103396625,+,GRCh38,103355665,103437585,b6305ba9a12827921ec89c6f500ab68fd36e309bc4e836474f9e027fe737d786
ENSG00000148848,ADAM12,ENST00000448723,10,126388476,-,GRCh38,126347517,126429437,6099bfc5379cf56dad8e41e1a01d1daeb982aab97ea5f8c11b6c026dab22bc12
ENSG00000148935,GAS2,ENST00000454584,11,22666610,+,GRCh38,22625650,22707570,cc30fea5cb55f1cfe97b4d6c2486ef2344e4f649cafd4582374e17a80b9a63f7
ENSG00000148942,SLC5A12,ENST00000396005,11,26722059,-,GRCh38,26681100,26763020,a50ad199b4baaaf42a367e28efdfbd26006fb8ed5cdbb2d58eaff6871a9c8652
ENSG00000148948,LRRC4C,ENST00000528697,11,41459651,-,GRCh38,41418692,41500612,e4ed8950ba088d7ac40c4b43732ccaa007ada0db8abc93c119a5e3b3d4a17b03
ENSG00000149084,HSD17B12,ENST00000278353,11,43680737,+,GRCh38,43639777,43721697,a4caa4848b06ee2b548ae8cb1aa5c108386bf8b292f9f24c001429d5950e399a
ENSG00000149089,APIP,ENST00000395787,11,34916378,-,GRCh38,34875419,34957339,55d68143432ce7831b240e7f6bbab0293e3d0b8810d574771c94ecd8388d8c1b
ENSG00000149090,PAMR1,ENST00000619888,11,35525615,-,GRCh38,35484656,35566576,fd49ce8049945b9f6159793a00d8d056b94c167b4fe051295eae08b3276019d3
ENSG00000149187,CELF1,ENST00000687097,11,47553131,-,GRCh38,47512172,47594092,03f9c95cbd9030c7853793e91083e8c20f5f40f1d593fa72e29a3c6b5d7efe3c
ENSG00000149201,CCDC81,ENST00000445632,11,86374886,+,GRCh38,86333926,86415846,6e4133435d38d862eee04934f2f97832005f5907c23f5d2a789cc717b5102e54
ENSG00000149256,TENM4,ENST00000278550,11,79441029,-,GRCh38,79400070,79481990,c0b99dac15732180c6e8d40fc4d1ef79f500c9a9f76f4442726cb42e13892ea2
ENSG00000149257,SERPINH1,ENST00000358171,11,75562252,+,GRCh38,75521292,75603212,3d973c110d556da3ddfe0a50fc9e380f6bdd6ee34a6d1eae6e65fe30a58a0a69
ENSG00000149260,CAPN5,ENST00000648180,11,77066970,+,GRCh38,77026010,77107930,601f3a7eae853671c7a2fd25afafc46bc3f5989bd67f1d0ffb8b7780ba6c2fc9
ENSG00000149294,NCAM1,ENST00000316851,11,112961419,+,GRCh38,112920459,113002379,c46c967d3461c8d46ef664c7e6bf462804be70345611fe49bde107a3067bbf5d
ENSG00000149295,DRD2,ENST00000362072,11,113475397,-,GRCh38,113434438,113516358,fbae57f67c35d0a14ea4ca26132d18ff5b3fb0e25572e2581b506ee1f9023ae6
ENSG00000149380,P4HA3,ENST00000331597,11,74311639,-,GRCh38,74270680,74352600,07877d014351a1dd2ac62187a6c41db3ce5e1a2338b85fec27220bce6d8c2b5b
ENSG00000149403,GRIK4,ENST00000527524,11,120511747,+,GRCh38,120470787,120552707,1b7afe6097ecd54af0aae9eedb4d9ff3cfb7d549d03e9fe5481514c9744cabef
ENSG00000149488,TMC2,ENST00000358864,20,2536572,+,GRCh38,2495612,2577532,94173a275892b4d9d46c4d5aee286b049c63a980bc6ff00a86c12a836cf1d81d
ENSG00000149564,ESAM,ENST00000278927,11,124762289,-,GRCh38,124721330,124803250,a7bc61d0c0582292ad8343726f11e96fa3386a8006febf652c502aa9469ce5e3
ENSG00000149571,KIRREL3,ENST00000525144,11,127000769,-,GRCh38,126959810,127041730,1fb60f12a5dfde74d527202289311b68bd984f4d961ba95044127da3e0aca3ba
ENSG00000149573,MPZL2,ENST00000278937,11,118264296,-,GRCh38,118223337,118305257,4a3c1de43dfc40e6a4e39ab77ad2d547001753bb41620144c70e10fc13770ba0
ENSG00000149968,MMP3,ENST00000299855,11,102843608,-,GRCh38,102802649,102884569,9403466c72346884f75c51d0cb9cc79f4bc7698922d5d606111b3fb4d0974d9e
ENSG00000150054,MPP7,ENST00000683449,10,28303063,-,GRCh38,28262104,28344024,7ee1066a97972329de7c971dfb8f5b3770972aa7afcfc5affa42ffcc2de98a02
ENSG00000150347,ARID5B,ENST00000279873,10,61901698,+,GRCh38,61860738,61942658,8450a3b34da6d80e56178ede7f513330a4d9c7a5eff5f435560449d8dd4698ad
ENSG00000150394,CDH8,ENST00000577390,16,62036437,-,GRCh38,61995478,62077398,fb7f0c167195c55f4f5b5705bdce7d423a2e60f5b124eb813fa86ec89c1c2f6e
ENSG00000150456,EEF1AKMT1,ENST00000382758,13,20773960,-,GRCh38,20733001,20814921,5e6473e2cb4a342eb532c63ae626233c8b824d0bfe96efd77d3af722ed5fb368
ENSG00000150471,ADGRL3,ENST00000683033,4,61200325,+,GRCh38,61159365,61241285,3f272d78aa644129869f4fc2f2ed807c8894f70e47b1472e4e0b81662ab476ac
ENSG00000150556,LYPD6B,ENST00000409642,2,149038698,+,GRCh38,148997738,149079658,edc3724a8d7b5b5db2feeb942afa7c791b3b5b4bd35b00f0b394d0381f40bca2
ENSG00000150593,PDCD4,ENST00000280154,10,110871927,+,GRCh38,110830967,110912887,0ffddc7434badf9ab91117a912dd6649c8ad0739e318ad56e9f15f8fbc2a9f71
ENSG00000150625,GPM6A,ENST00000393658,4,175812263,-,GRCh38,175771304,175853224,26fe6de316b2e4c985ff52cf5b5665c44d5574493428a48957c8df741cfb78ce
ENSG00000150627,WDR17,ENST00000508596,4,176065840,+,GRCh38,176024880,176106800,1cbbb803c1183234975be07334d40db55a970a9f206f2178c1d29c4cba3ab9f1
ENSG00000150628,SPATA4,ENST00000280191,4,176195584,-,GRCh38,176154625,176236545,3dfe098f100dd16b0fbfe5b9338abb2578e9bec1d5d37d7890dc90ae4267e106
ENSG00000150656,CNDP1,ENST00000358821,18,74534499,+,GRCh38,74493539,74575459,d29b21496bea3fc7778d445ef51ba903a5c76e884205d2dc9c31e1a084d922af
ENSG00000150681,RGS18,ENST00000367460,1,192158461,+,GRCh38,192117501,192199421,9cbd54107d21e1ffb428f14cde9073ecf25644dbd65e2241e60ba138c9a5f9fb
ENSG00000150722,PPP1R1C,ENST00000682840,2,181985852,+,GRCh38,181944892,182026812,7fd0416a51a91612922719eb0256514f8d716da1b7fc5a7abed57923d35e3494
ENSG00000150750,POU2AF2,ENST00000280325,11,111245724,+,GRCh38,111204764,111286684,cc8faa2a9ca8785f60a36f7c2e84ac3b0a4ee3b6c341439d57808bd906ac935e
ENSG00000150756,ATPSCKMT,ENST00000511437,5,10249887,-,GRCh38,10208928,10290848,170872e1a44822176fb6ab9136163480fb44788beaa85d759ee02c0d2ba4d77d
ENSG00000150773,PIH1D2,ENST00000280350,11,112074016,-,GRCh38,112033057,112114977,932754993fb5ca82bd9d6c8ad168e50a01af15e8fff311bddc760566755e2f9a
ENSG00000150893,FREM2,ENST00000280481,13,38687076,+,GRCh38,38646116,38728036,e8e98fc754ea496cb042387ea2075d36caf99aba48a7873fc7b4893d9730a750
ENSG00000151012,SLC7A11,ENST00000280612,4,138242348,-,GRCh38,138201389,138283309,17b2dea77e5d34818ef170e5622bf2e8fd8cea446a0f69fba26076174e5c27a0
ENSG00000151023,ENKUR,ENST00000331161,10,25016157,-,GRCh38,24975198,25057118,f4f6ea8bda99fb592d636ff5125356f8f9ed54401da5824abec28575ee31b687
ENSG00000151065,DCP1B,ENST00000280665,12,2004456,-,GRCh38,1963497,2045417,327f7b8e4a59e947cf21aa30971c0d7a287ce4ba5165c8de96ffabdb4b8ce0c4
ENSG00000151090,THRB,ENST00000646209,3,24494849,-,GRCh38,24453890,24535810,587ef9f5031a5fefd02f9168b17bd80fcf15044477178fa1be52fe5a37ddc073
ENSG00000151148,UBE3B,ENST00000342494,12,109477633,+,GRCh38,109436673,109518593,da611e20d34159b25047ee04bfc38f82824e179a6de2663a4d71f5b2752a7ce1
ENSG00000151240,DIP2C,ENST00000280886,10,689667,-,GRCh38,648708,730628,ca874016c96c7f5ed9f50e4a98c25e22ed821b25a4ba227a45d7e52661e669fe
ENSG00000151276,MAGI1,ENST00000402939,3,66038917,-,GRCh38,65997958,66079878,86703dad343c3cd4cd8307328909c2b956224eb8be59d19115fd822586bbb2f3
ENSG00000151320,AKAP6,ENST00000280979,14,32329297,+,GRCh38,32288337,32370257,9eb28748990c33a82767c8606488e1c85e67247bbcabaffaee2f5898c748f7c5
ENSG00000151332,MBIP,ENST00000416007,14,36320636,-,GRCh38,36279677,36361597,a7aa1f2b93cf3fc113ee46596c490306c9b425e7f0a5fe8875ce54a2dd9ad2f4
ENSG00000151376,ME3,ENST00000543262,11,86672615,-,GRCh38,86631656,86713576,85313089a0ac700b9c8315a8d2d044c3322876bb0abc274756e14abcd99dc039
ENSG00000151379,MSGN1,ENST00000281047,2,17816459,+,GRCh38,17775499,17857419,3ea8ae77fd9c979a976a33f7670ae31f536c16da803f7a6058e7a39b6b1e515a
ENSG00000151418,ATP6V1G3,ENST00000367382,1,198540679,-,GRCh38,198499720,198581640,c8fcf53eea4d8b54d981565c240361dfb2b97172cee605b6f9dbef9fc57b3f88
ENSG00000151445,VIPAS39,ENST00000557658,14,77457600,-,GRCh38,77416641,77498561,76659dbfc1be46563cd5b6252043be2065cf06acba4faf3dcba6e7abd3c952b8
ENSG00000151465,CDC123,ENST00000281141,10,12196187,+,GRCh38,12155227,12237147,d4ec51eff5b9ac112c2688bb10ed37590302f41e7b2b0851cd4801399031efb8
ENSG00000151474,FRMD4A,ENST00000357447,10,14330923,-,GRCh38,14289964,14371884,79194004ee4ad4a186d2c0beefd930c91addf972c609e17025ea2767e9bb256e
ENSG00000151475,SLC25A31,ENST00000281154,4,127730399,+,GRCh38,127689439,127771359,808a2dcf5b571353af476b34b204b08ae122a7797a3c0440c8b8b9c11bb04c5d
ENSG00000151490,PTPRO,ENST00000281171,12,15322507,+,GRCh38,15281547,15363467,1c61f297c7bd1e45ecba38374e4eeacc7897c50dd2acab22f70bbada16b05cea
ENSG00000151491,EPS8,ENST00000281172,12,15789387,-,GRCh38,15748428,15830348,2466ec24329b50a8c21296ec39a3b5fba4e18a092443e95337476cb510b6cbda
ENSG00000151498,ACAD8,ENST00000281182,11,134253567,+,GRCh38,134212607,134294527,d0c7120d4e4b01687f7aea12a7220d4782683bae2988a256a10feb75b56a68da
ENSG00000151500,THYN1,ENST00000341541,11,134253351,-,GRCh38,134212392,134294312,7737d805e6bbaadc3433d59a6efa175cedb0751c6bd04edf5a4c8e12b3fbff01
ENSG00000151532,VTI1A,ENST00000393077,10,112447214,+,GRCh38,112406254,112488174,0210568f0bd231515c76d9c368323ab9f8e4bed562a825fd3997a7bd28044fa2
ENSG00000151552,QDPR,ENST00000281243,4,17512089,-,GRCh38,17471130,17553050,2f76cd8732b797f1619aa37fb2c3310bf2cc1c8a6d779b6c7932d870d4f2c669
ENSG00000151576,QTRT2,ENST00000281273,3,114056736,+,GRCh38,114015776,114097696,36bca871f7a633b489a8c0289274ea088ae0001d17db8621fdbb9f23abd599a7
ENSG00000151577,DRD3,ENST00000383673,3,114179051,-,GRCh38,114138092,114220012,5fc0af06c3ce6b828a7043eade322fbc66c1a87e87c94542b088f3e32fec47b5
ENSG00000151611,MMAA,ENST00000649156,4,145619384,+,GRCh38,145578424,145660344,7d71f6d59775ef2557a8da7655c19d4fc5f1ba8d33404f5d7265c21c897a5268
ENSG00000151617,EDNRA,ENST00000651419,4,147481096,+,GRCh38,147440136,147522056,672e2f90fa577d427254a4625acfd58bbc7d448ad2f627e235b7269ceca25c9e
ENSG00000151665,PIGF,ENST00000281382,2,46617040,-,GRCh38,46576081,46658001,25839929a9fa26ed34c6854b8cc4bc5f95e8908ea99ceb795826df4dc8516b8a
ENSG00000151687,ANKAR,ENST00000684021,2,189674669,+,GRCh38,189633709,189715629,78da5b9751653cd9ce5601692bcc01e3148888bce24af75441f6b82b490f6672
ENSG00000151689,INPP1,ENST00000392329,2,190343588,+,GRCh38,190302628,190384548,2409a99799fc5bd8a281ef22555236ddc2c3e455414b6631b5b7cacaf50a9c06
ENSG00000151690,MFSD6,ENST00000392328,2,190408354,+,GRCh38,190367394,190449314,1e3989c118c7b379a664712d878a76060ca4505c6eea2e60c324dec40fa68f6e
ENSG00000151692,RNF144A,ENST00000320892,2,6917411,+,GRCh38,6876451,6958371,af96a48c31ceb000ec94415b01688b15dc5255a01dac2be1cfeef81233f0fbce
ENSG00000151694,ADAM17,ENST00000310823,2,9555829,-,GRCh38,9514870,9596790,8867db2ffe20b20858c85d8c1a8082daf9bf21ff6657b88eb89432e95ee17295
ENSG00000151702,FLI1,ENST00000527786,11,128694071,+,GRCh38,128653111,128735031,91c36364177f2a37802978495831f1b253efb3ec0c1b279f4b3c7d57cce7d5a6
ENSG00000151704,KCNJ1,ENST00000392666,11,128867295,-,GRCh38,128826336,128908256,91e8ca07925b87e0a8b95e4bf9d5d58b91c77d322098dc273a449e0ef668ab06
ENSG00000151779,NBAS,ENST00000281513,2,15561333,-,GRCh38,15520374,15602294,16e345b21a67b5980880839f25f1be93aa65275ebafea53e0a03532541ffa1d7
ENSG00000151790,TDO2,ENST00000536354,4,155903695,+,GRCh38,155862735,155944655,ae96353e4185c4df29f561058813a56539a1d1915ad5e51fb755665b54c4943e
ENSG00000151806,GUF1,ENST00000281543,4,44678419,+,GRCh38,44637459,44719379,dfa0de18aa9d24359537c511faf4413b69defd45475833d0c09ec1166b5b1004
ENSG00000151812,SLC35F4,ENST00000556826,14,57866091,-,GRCh38,57825132,57907052,5e02ca973c34725972e608ac360e5bccfcddfdaade97b515ca766bbf61e4ca57
ENSG00000151834,GABRA2,ENST00000381620,4,46390127,-,GRCh38,46349168,46431088,34c8aad076d9e0b1f8323b18069114b71753e6b78446b42232a0b16db6944ed8
ENSG00000151876,FBXO4,ENST00000281623,5,41925280,+,GRCh38,41884320,41966240,54cec3c1919fc2ac3680582ab3f9917bf9d895c6c85b9445e3dbc6f96a9a86cb
ENSG00000151892,GFRA1,ENST00000355422,10,116273205,-,GRCh38,116232246,116314166,6960bcbd8473f50402679d0c12e12ec8fff085d5d9f06447fefa5f99b7d7dc2e
ENSG00000151893,CACUL1,ENST00000369151,10,118754969,-,GRCh38,118714010,118795930,da87fb4bbbcdb0cd2dcfd198daeaf52231cf354b7131b2aeaba5bec4e8c1415c
ENSG00000151962,RBM46,ENST00000281722,4,154781271,+,GRCh38,154740311,154822231,8b65778ad275b884a99dcbb785d9621d7b4d92c2d418750bb40cb121e7bac7e8
ENSG00000152092,ASTN1,ENST00000361833,1,177164711,-,GRCh38,177123752,177205672,a56cdc711380bf8fae0481ce147667b8f6c72affe4b67f1d9f97d464720df843
ENSG00000152104,PTPN14,ENST00000366956,1,214551601,-,GRCh38,214510642,214592562,1c5404969d668107400196b9da7fbcf5c204d721bfe2e241dce1c16ad3130410
ENSG00000152127,MGAT5,ENST00000281923,2,134254071,+,GRCh38,134213111,134295031,47dccd8e737fbfd044d11d78bc8d909822f61c1b6845ec87d9665b289e5a70c6
ENSG00000152133,GPATCH11,ENST00000674370,2,37084517,+,GRCh38,37043557,37125477,1b61cb0412db7fefb57d4e0fe0c456b9fec2ecadc9fe0619dadf2c103a337246
ENSG00000152137,HSPB8,ENST00000281938,12,119178930,+,GRCh38,119137970,119219890,1a5da6409380ce13bff84950c2842c4efc540652a3299df5d59019787b8e0e93
ENSG00000152193,OBI1,ENST00000282003,13,78659154,-,GRCh38,78618195,78700115,a94514a6145868a860672d8889d0fec8a34757687e0b8d60f9ecb67fc7e0ae1c
ENSG00000152208,GRID2,ENST00000282020,4,92303965,+,GRCh38,92263005,92344925,7f4ef3e16144ecf875e68805986ad40819535c2a964b9816625660098ae8c09a
ENSG00000152242,ARK2N,ENST00000615052,18,46174033,+,GRCh38,46133073,46214993,7c5dd0710c351100f90b0e9b1d4d7969ebeab49f730d2b45bd3abf177491fbef
ENSG00000152253,SPC25,ENST00000282074,2,168890429,-,GRCh38,168849470,168931390,9dc749d28bf337e67a744227a07d035bf9478ee01b216fc1ab07a85cd072b013
ENSG00000152254,G6PC2,ENST00000375363,2,168901290,+,GRCh38,168860330,168942250,1814c5deafdc61d28538e0001f1ec350935bd110296eb40ced1c7cb732cbe300
ENSG00000152377,SPOCK1,ENST00000394945,5,137499325,-,GRCh38,137458366,137540286,3ac425c2a2b9aba6f33e2b01128e7671adb3ffc6e1319f8a1662532a80f10bac
ENSG00000152380,FAM151B,ENST00000282226,5,80488099,+,GRCh38,80447139,80529059,dd5434af0a8147eece6ba2e14b5812f43d7bf08a02e98150789d15473d6e9a21
ENSG00000152413,HOMER1,ENST00000334082,5,79514133,-,GRCh38,79473174,79555094,64aae50b25bd6d7ba4234a6bc6cc4915b26a8df795705441f5fd49ced6877818
ENSG00000152422,XRCC4,ENST00000396027,5,83077546,+,GRCh38,83036586,83118506,606dafdb3094479a58d4b2840f8973300f656fc5c8f62d532ff7fecae7089671
ENSG00000152495,CAMK4,ENST00000282356,5,111224383,+,GRCh38,111183423,111265343,83a288e780a241e4dfa5b311e572242be568ee110e9f2ddcf9d33f323c878135
ENSG00000152527,PLEKHH2,ENST00000282406,2,43637259,+,GRCh38,43596299,43678219,4c067d790fd73f5f9e421ddd5449d20a40aa165f07193926fa7d01306ec4a79c
ENSG00000152601,MBNL1,ENST00000324210,3,152268928,+,GRCh38,152227968,152309888,160a3226b7ae1c5c3a8b7652c9e650a96e0e8979728cfeaa47017dd7bf6177ee
ENSG00000152611,CAPSL,ENST00000651391,5,35938621,-,GRCh38,35897662,35979582,07ae3652da2968a193d059501decc6c65e0a59e88cae28aaa997d2d10c2b5b3b
ENSG00000152620,NADK2,ENST00000381937,5,36241924,-,GRCh38,36200965,36282885,fb25abb5eb7ffdca1dc545464b3087d4214f1215125f918ad2d71aba3df53fd7
ENSG00000152661,GJA1,ENST00000282561,6,121435645,+,GRCh38,121394685,121476605,1a590411919c6e5ee4eba5e5c2270c468b70af8af97b9721aaf612d9353740ec
ENSG00000152689,RASGRP3,ENST00000403687,2,33476648,+,GRCh38,33435688,33517608,03589ab6c14d37b9846f14c9729daf861758ca89fb039db98584470f11a1e16f
ENSG00000152760,DYNLT5,ENST00000282670,1,66752458,+,GRCh38,66711498,66793418,cd01bfd1d7914bbc52a2202afcd11b11342676972f467ed63784897d704c6413
ENSG00000152763,DNAI4,ENST00000371026,1,66924855,-,GRCh38,66883896,66965816,00ce283a9e607ed30f58a495504cad235cde6914ba62ba29a1654f3204f161fc
ENSG00000152766,ANKRD22,ENST00000371930,10,88851843,-,GRCh38,88810884,88892804,6161bbac83563eea8c0b7b62fc72c00b3f4f11f8f9c6ecb77cc66a13100fe520
ENSG00000152779,SLC16A12,ENST00000371790,10,89535593,-,GRCh38,89494634,89576554,748cced6d1c4ac2934d617a4be5b31d3a175fddba3319a5474567b94643a9af6
ENSG00000152785,BMP3,ENST00000282701,4,81030707,+,GRCh38,80989747,81071667,a12f6dd1dbf7d61600e0bf1d01c56d030ed67c63ae6212b1eeaeb778dbd4461e
ENSG00000152818,UTRN,ENST00000367545,6,144285334,+,GRCh38,144244374,144326294,f2abb08fb669d11ca00bffbf07d6f17f886b4529f2973e3c8986b312f614b0a1
ENSG00000152910,CNTNAP4,ENST00000611870,16,76277400,+,GRCh38,76236440,76318360,b185267d23ff6dbdab181ead0c74e10908ff5967cb09ec187b16c52989657435
ENSG00000152932,RAB3C,ENST00000282878,5,58583074,+,GRCh38,58542114,58624034,35fa20f4e80bf70871d2f568036ce0cb6b1e784bbad607fd40fa3d940bbd01e6
ENSG00000152952,PLOD2,ENST00000282903,3,146161183,-,GRCh38,146120224,146202144,0376860988bed781e3fddc1ed586ae616375e285d72e0fe949fdf6fa64ce779c
ENSG00000153002,CPB1,ENST00000282957,3,148827810,+,GRCh38,148786850,148868770,cd285d48837fc7fb06b82d89ad2962aade7b6ba8d5f5dc1813134e72b17e5ad5
ENSG00000153006,SREK1IP1,ENST00000513458,5,64768690,-,GRCh38,64727731,64809651,b3a4eab637886a2ddb810ec604a0a08eabda7e9cbe75428d8be53754492cfc58
ENSG00000153015,CWC27,ENST00000381070,5,64768929,+,GRCh38,64727969,64809889,cc6ab4535ac0abcab2369675e478a446429ca8f005b8f881f20037458cb949b6
ENSG00000153060,TEKT5,ENST00000283025,16,10694929,-,GRCh38,10653970,10735890,ac283f6ed3a176b2f79e89b3b31bd977904d0df7118e7fa0ae7261a3ce03c20b
ENSG00000153071,DAB2,ENST00000320816,5,39424979,-,GRCh38,39384020,39465940,9c44b3d8480fbf8d2436f0fa141afd398b8f0299ce04df3d159a4050bb078ea6
ENSG00000153140,CETN3,ENST00000283122,5,90409755,-,GRCh38,90368796,90450716,27f57da7e339edf8e1e7ca04eb1720bbdddcc8962e49da2735ae747cd902d46f
ENSG00000153147,SMARCA5,ENST00000283131,4,143513701,+,GRCh38,143472741,143554661,bc59c3ef7b2fdc71269b12b1866d3ea3909d256e6900e27b41be1c1b9cfdb285
ENSG00000153162,BMP6,ENST00000283147,6,7726098,+,GRCh38,7685138,7767058,58ed33175742e2e27b53c07a9574b6cff73e817f4c9e6045484ceea42e7359ae
ENSG00000153233,PTPRR,ENST00000283228,12,70920737,-,GRCh38,70879778,70961698,4cdd7f7f53223097c068c54e2a6e52c2e91707a9a761d1bf5811da3d86d56d47
ENSG00000153234,NR4A2,ENST00000339562,2,156332720,-,GRCh38,156291761,156373681,64dc54163d337fd613ac69cbb4ce647d09feb026345c083060a8f0313778988f
ENSG00000153246,PLA2R1,ENST00000283243,2,160062614,-,GRCh38,160021655,160103575,916fc0e87f3e2f679086a427fc902239b073171814b6c809feddbc9a1acd37bb
ENSG00000153253,SCN3A,ENST00000283254,2,165204049,-,GRCh38,165163090,165245010,fad29020f6e925a2ca0fd31ea44f4ddb025908f656b4e3c47031450c570bf977
ENSG00000153266,FEZF2,ENST00000283268,3,62373549,-,GRCh38,62332590,62414510,ea90f4b9f777b718bb14825819d8c6089c086c1ba45f547f205aac667f6efda4
ENSG00000153292,ADGRF1,ENST00000371253,6,47042331,-,GRCh38,47001372,47083292,496ce1c96a2e27788aebbff7202d663c38d11cbe1b09efd5a9e1633ffcfd6384
ENSG00000153317,ASAP1,ENST00000518721,8,130443673,-,GRCh38,130402714,130484634,932d238d7c031d120668133db05d04188a92205573690235b712960a46c0b9f6
ENSG00000153391,INO80C,ENST00000334598,18,35497959,-,GRCh38,35457000,35538920,8007ac72196a5d00d086bf767da66bbb24b14ec6c45e2b2b43d610f59eb68b82
ENSG00000153707,PTPRD,ENST00000381196,9,10613001,-,GRCh38,10572042,10653962,fab96560930f3ab669aa7a07334124f9ce24fc6d025df1b5fd186b308dca2dd9
ENSG00000153714,LURAP1L,ENST00000319264,9,12775019,+,GRCh38,12734059,12815979,5063c73f058c8fae83f2275342213b522daacb273c0f2d237b65897b0f4317fe
ENSG00000153767,GTF2E1,ENST00000283875,3,120742743,+,GRCh38,120701783,120783703,56ddd978b3a80211112b573ebb7dcbe225e81d0d8c86720dadf742d34ef1291d
ENSG00000153814,JAZF1,ENST00000283928,7,28180794,-,GRCh38,28139835,28221755,ab8c8151fa2cc3d1c079ea5d1921607d1caee9aebe6f440358fddb8986fcd60b
ENSG00000153820,SPHKAP,ENST00000392056,2,228181686,-,GRCh38,228140727,228222647,cdb79fdcbcf58810028e7830c1ba0668e2e64896625247ac136d44be8faae15a
ENSG00000153822,KCNJ16,ENST00000392671,17,70075224,+,GRCh38,70034264,70116184,35ab826571ed3816951819786b905eaa42f7ae7cb7dd352335193357790213d0
ENSG00000153823,PID1,ENST00000392055,2,229271286,-,GRCh38,229230327,229312247,80dadcadecc11e0136fb02fff01d82727023130b3252d366ecfe872adf57b551
ENSG00000153898,MCOLN2,ENST00000370608,1,84997112,-,GRCh38,84956153,85038073,36f75d208189d1ccfe5659785534315772eddc2564f422021e0f316b1e954c05
ENSG00000153930,ANKFN1,ENST00000682825,17,56153474,+,GRCh38,56112514,56194434,e4580d759090ac8c134bc018341dcca668a6471f3c91da4656f117228cc9dcb8
ENSG00000153936,HS2ST1,ENST00000370550,1,86914634,+,GRCh38,86873674,86955594,aee722b1fac77cb3ac464d7b8bf3a68a01e4bf818f2a00f3580f3a4fbb70a45a
ENSG00000153956,CACNA2D1,ENST00000356860,7,82443776,-,GRCh38,82402817,82484737,9c7734362bceaa665289c6473aed34b7f6aa9f039e991f1b37c11f2ad7819cb7
ENSG00000153993,SEMA3D,ENST00000284136,7,85187055,-,GRCh38,85146096,85228016,d061eae608accfb80ea4585e691a8eeca2190e932470b82ef25832c25c52504d
ENSG00000154001,PPP2R5E,ENST00000337537,14,63543376,-,GRCh38,63502417,63584337,884dbb89a6a2c19775bb069fd7b31fd24d8a850dfc342f8675809555f9f03e5c
ENSG00000154007,ASB17,ENST00000284142,1,75932403,-,GRCh38,75891444,75973364,485a52f65b3dfd5bbc621e9db72aa197724f23b19682faf325e40b860a742484
ENSG00000154080,CHST9,ENST00000618847,18,27185307,-,GRCh38,27144348,27226268,ab8a7365c6a398af2bc8d74cb17394647fd1e4fa6c395f36a53de28707590001
ENSG00000154133,ROBO4,ENST00000306534,11,124897864,-,GRCh38,124856905,124938825,8485b4181cce8acb150a423313b2750cf3907b4db2a5d4384763af0bfae21f52
ENSG00000154143,PANX3,ENST00000284288,11,124611427,+,GRCh38,124570467,124652387,f0ba659c8fafff2eac659bd60cf310b7c831275b6306c0255a48fceb20ba8d4c
ENSG00000154153,RETREG1,ENST00000306320,5,16616996,-,GRCh38,16576037,16657957,17f9e975a783a4af02e1423c0a9d322d0d6ee6fd9926cd5fb7a47c34f359c6eb
ENSG00000154165,GPR15,ENST00000284311,3,98531977,+,GRCh38,98491017,98572937,b5301f5e2e08962e18271ac459c52407ea8dddd2b7d7cb36bf3f6795269fcebb
ENSG00000154174,TOMM70,ENST00000284320,3,100401088,-,GRCh38,100360129,100442049,ef339c4d1db86154ad342d87dbca448d1f55eeacdb83338f6fe065c7b0dbcee2
ENSG00000154188,ANGPT1,ENST00000517746,8,107497917,-,GRCh38,107456958,107538878,070fbbfc245f48d9352f630f12ed85663238c173dce2ddc982babdd634d4b8ed
ENSG00000154227,CERS3,ENST00000679737,15,100528949,-,GRCh38,100487990,100569910,fba51eac7b01ff67c9abbbf5fc018f74e33de2e1184614ab6b4936722ca8085c
ENSG00000154240,CEP112,ENST00000535342,17,66192132,-,GRCh38,66151173,66233093,9c99439cdd50bff7ba85d2b20031846aff6be0fe924fd304ca111fe8974bd4a4
ENSG00000154265,ABCA5,ENST00000392676,17,69327132,-,GRCh38,69286173,69368093,683b1d89565171fd32ad252ed9c8c721fabad63ce8735226573015aff6095034
ENSG00000154310,TNIK,ENST00000436636,3,171460404,-,GRCh38,171419445,171501365,1f371ad50f0e6710ccd34ec7512fb28fcd88b2bfa9605b7f957f4abe54bb3989
ENSG00000154319,FAM167A,ENST00000284486,8,11466752,-,GRCh38,11425793,11507713,b0add7c19a0150d4067f16d800daf43ad84903c5ad65ab0eba41e205256fa04d
ENSG00000154415,PPP1R3A,ENST00000284601,7,113919008,-,GRCh38,113878049,113959969,844f4002e29f73b90a2e83d44b3f6881175c713a73e09792908d355b1cf8670c
ENSG00000154479,CFAP210,ENST00000447353,2,169694404,-,GRCh38,169653445,169735365,f5de5b993ba1c83ef67d822677e902ca8763e6445262a9547d142366759ced78
ENSG00000154553,PDLIM3,ENST00000284767,4,185535506,-,GRCh38,185494547,185576467,91a97081e06b5e314ccdb5a7874e88246e498ad97b4e8ec3208f64f489024fe8
ENSG00000154556,SORBS2,ENST00000695409,4,185812193,-,GRCh38,185771234,185853154,8133728e9ebaf554ef45cce93bfdb82344f1efcfbaed565f5170e77fe1bb5d4f
ENSG00000154611,PSMA8,ENST00000415576,18,26133868,+,GRCh38,26092908,26174828,c23cabc3043ba0a9dc27effe0f02efe3c61f0f7e89256d13b1519819d8074bce
ENSG00000154646,TMPRSS15,ENST00000284885,21,18403784,-,GRCh38,18362825,18444745,fe55362cf0c936082a3f0c52e271e47cec7418159ffd93bc3bb396858e5e2bfb
ENSG00000154654,NCAM2,ENST00000400546,21,20998408,+,GRCh38,20957448,21039368,820b31d0cddbe604b1aec406c785d8241afa9bb6e96de90974f099cad0da6406
ENSG00000154678,PDE1C,ENST00000396191,7,32070406,-,GRCh38,32029447,32111367,57b76d70d2fe15ab58c88e9282f740b66563613b5171651b528c3956c27102ae
ENSG00000154734,ADAMTS1,ENST00000284984,21,26845408,-,GRCh38,26804449,26886369,88db294113a51d563b7c1c9854e7359633ed5376b9d828765fd5d2efde44238a
ENSG00000154736,ADAMTS5,ENST00000284987,21,26967087,-,GRCh38,26926128,27008048,b1516267ef2404e210d5036bd14594623f0859626ef4a1d9af9dd5e578513fa3
ENSG00000154767,XPC,ENST00000285021,3,14178600,-,GRCh38,14137641,14219561,982defb6448bc35f0bd6c27eae00922ee5eb5683d4cc74860c5da22b2b1e42d8
ENSG00000154928,EPHB1,ENST00000398015,3,134795259,+,GRCh38,134754299,134836219,e7013dc570e7d889efb10e9a741a5d0d67c8ca835e99d41248e1027f602ab489
ENSG00000154930,ACSS1,ENST00000323482,20,25058138,-,GRCh38,25017179,25099099,883dc4df4fa20e8bbcef17b899dbecd2c3668bd1f7223847bc35fe67a143e3f3
ENSG00000155011,DKK2,ENST00000285311,4,107036312,-,GRCh38,106995353,107077273,f7c21605c9e8f6a2439c521abc0dd3c256bf9bf2c3732418110f9a5292cc74cd
ENSG00000155016,CYP2U1,ENST00000332884,4,107931548,+,GRCh38,107890588,107972508,1cf27c8f4a39364965948db3f375715461403478572c2677e0fe6c5f2bfa8d6c
ENSG00000155066,PROM2,ENST00000317620,2,95274448,+,GRCh38,95233488,95315408,78b555de8f812967f60c328ffce32d1baa5ccd9ce8fbade0afb15030822ba9d9
ENSG00000155087,ODF1,ENST00000285402,8,102551588,+,GRCh38,102510628,102592548,7b7af8b3295bd9aa71821fb3ae9a6377dde5afd9730f1b98cd075813ca9b5167
ENSG00000155097,ATP6V1C1,ENST00000518738,8,103021082,+,GRCh38,102980122,103062042,d380515383fdbce4edb6eafae1673f1301a4a768046cf73393abea1b8911458c
ENSG00000155099,PIP4P2,ENST00000285419,8,91040858,-,GRCh38,90999899,91081819,71e799c41d45b33b0be31d92029470ecd0d4256f9564b56831aa53bf9630fad5
ENSG00000155229,MMS19,ENST00000438925,10,97498421,-,GRCh38,97457462,97539382,8810988d3aa544a6432624b36fa140a8d75951d1f9d2b1f872307983c41eb7cf
ENSG00000155252,PI4K2A,ENST00000370631,10,97640670,+,GRCh38,97599710,97681630,d1cae7bbc5e386b206e5da17cb9bb5e7323b786b5872485e830b4847a27d57af
ENSG00000155287,SLC25A28,ENST00000370495,10,99620438,-,GRCh38,99579479,99661399,f68a096f292792cea5e5838670bbf66101ec2410f69c0d4a20f1b157968e4822
ENSG00000155304,HSPA13,ENST00000285667,21,14383145,-,GRCh38,14342186,14424106,3eea717824e1072aee00f8ee1cabc81a2ad47e370c8598c6fcf7e0df83c02333
ENSG00000155511,GRIA1,ENST00000285900,5,153490669,+,GRCh38,153449709,153531629,001594baad6769893be09aae3caf6cc1e7f5ab5416fd93887498f1736ce6ac73
ENSG00000155561,NUP205,ENST00000285968,7,135557916,+,GRCh38,135516956,135598876,454a312c8f2e5b2acdd3352ef9b9e28bb7816cb3803b513d7e0b4f3749085295
ENSG00000155666,KDM8,ENST00000286096,16,27203525,+,GRCh38,27162565,27244485,9cbb2308d45ce2ce791af43a2a87c7979f9ce8d283d9ae8c953adc2a1915fd9c
ENSG00000155755,TMEM237,ENST00000409883,2,201643502,-,GRCh38,201602543,201684463,8c2f08d0fb2ac1c06181df48b0bbca95226a8ccfd0f238ddb79fbc7a6fa2179e
ENSG00000155827,RNF20,ENST00000389120,9,101533852,+,GRCh38,101492892,101574812,8a12d2198f41f4551199f9a9a1ca57baaaeccb3fcfe5b0a069c50e89800eb6ee
ENSG00000155886,SLC24A2,ENST00000341998,9,19789036,-,GRCh38,19748077,19829997,f8e1d70d8260cdcb140d10e064460713d02213de4bc8d9e992ef8b1cd768620b
ENSG00000155890,TRIM42,ENST00000286349,3,140678063,+,GRCh38,140637103,140719023,8c18376ffe5d62651dff1b3e643da1e310a5d3834bf373a9428185479824e40d
ENSG00000155897,ADCY8,ENST00000286355,8,131040908,-,GRCh38,130999949,131081869,d2027a824912d157ab96be55e8c475d9219bd44f27a603ba683dc96fbd9db09f
ENSG00000155926,SLA,ENST00000338087,8,133102601,-,GRCh38,133061642,133143562,95ccdc9fb9ce80e69d0a2dd3a96673de703aecab91464fe1f94d406f2926f324
ENSG00000155957,TMBIM4,ENST00000358230,12,66169995,-,GRCh38,66129036,66210956,475a98c6476607890c55d502656a08de480da6a9f751bf8c7bbe01ec1a69e338
ENSG00000155974,GRIP1,ENST00000359742,12,66679075,-,GRCh38,66638116,66720036,6d538492168ae675b1671be86817312859093e5b95db92429d1d460d644f1a87
ENSG00000155975,VPS37A,ENST00000324849,8,17246957,+,GRCh38,17205997,17287917,f32b59fd10b063d59a5ac612095bf2b2c7e869270a7f7157927a0130098c30af
ENSG00000156011,PSD3,ENST00000327040,8,19013702,-,GRCh38,18972743,19054663,df55e8eac309637a09ae4aca6a56e3c7f0d84f57b457331b2327161bfb1e9103
ENSG00000156017,CARNMT1,ENST00000376834,9,75028292,-,GRCh38,74987333,75069253,5cd295afb4a1952c1bb4a9ca325c5cc5678ba082ed8c6f2fb9c1fa8d53f360e3
ENSG00000156030,MIDEAS,ENST00000423556,14,73760302,-,GRCh38,73719343,73801263,b62ba7b32dd1c3e6a36b212a1fbe9c1dbd3c7cfaa56d94906111606f456282c9
ENSG00000156049,GNA14,ENST00000341700,9,77648321,-,GRCh38,77607362,77689282,c9644f3180849f5f922c93761d7da8e8069bf114e9aff3942d5a88aedc25f007
ENSG00000156097,GPR61,ENST00000527748,1,109539871,+,GRCh38,109498911,109580831,0371a2badcbf47b33df3f25bcde492b75531e4f8a96edc38f4a2b5d9642520a1
ENSG00000156103,MMP16,ENST00000286614,8,88327482,-,GRCh38,88286523,88368443,f116d2f095a3af647b2f526a77ac89ae8b69cbba4999712ef1d9156dd933661e
ENSG00000156110,ADK,ENST00000539909,10,74151220,+,GRCh38,74110260,74192180,8e96a7a658ff9f5a7526d80055741ff550da69e5d8ab21b98a43fdd1ec06b817
ENSG00000156127,BATF,ENST00000286639,14,75522468,+,GRCh38,75481508,75563428,7c01f50c38498116afa71cbb18dee2510dffbd126c9ca469fd9f294dc5a1336b
ENSG00000156150,ALX3,ENST00000647563,1,110070671,-,GRCh38,110029712,110111632,f2dbf362d2ec349dc3c91f743d6f3f4ef493133228407cc6a7e66ff5d8cc6d29
ENSG00000156463,SH3RF2,ENST00000359120,5,145936577,+,GRCh38,145895617,145977537,6bddc3abb657a9bb38db25bac0b79454a6292ce958d4798354ae14895cdca1e1
ENSG00000156469,MTERF3,ENST00000287025,8,96261609,-,GRCh38,96220650,96302570,ac3ebd3f2fdbf01355e8136e21ebf9f09086d102bcefe5faa39f9da32ec5c575
ENSG00000156471,PTDSS1,ENST00000517309,8,96261901,+,GRCh38,96220941,96302861,3d0630108aee534648cc7645842961edbf6ee15389ba74e26b3b2841709e4f52
ENSG00000156475,PPP2R2B,ENST00000394411,5,146878756,-,GRCh38,146837797,146919717,8431cf513311cbe51569f38fb7d6fa23be14f56b9bba1acfddf939cf497517a0
ENSG00000156510,HKDC1,ENST00000354624,10,69220331,+,GRCh38,69179371,69261291,4ff8acc922b9fa9eb004f8bd661bd86bb67fb4a957b680742b43e234c0f2cfd8
ENSG00000156642,NPTN,ENST00000345330,15,73633388,-,GRCh38,73592429,73674349,76efc0729e75757f514439cb69769c000aec9aa662bead45dbcbe8274ba7b5f6
ENSG00000156671,SAMD8,ENST00000542569,10,75111655,+,GRCh38,75070695,75152615,20c34893b93e6bd81ae12cc34b34403e636f15eae286a052dd90122d11e4006f
ENSG00000156687,UNC5D,ENST00000404895,8,35235474,+,GRCh38,35194514,35276434,683d658247ab2b951c5ac6515f5a1e818a5d7637153060af87c27824d8e1877c
ENSG00000156711,MAPK13,ENST00000211287,6,36130512,+,GRCh38,36089552,36171472,69372791c34160d7bf74143357bc164536efb662e8ac6f879b9fd215e7bc65c0
ENSG00000156787,TBC1D31,ENST00000287380,8,123072706,+,GRCh38,123031746,123113666,1c51abb4a56abd00d2e1fc2a9363b4e76e3e017009a47f0e730eb8d06bc262b4
ENSG00000156804,FBXO32,ENST00000517956,8,123541205,-,GRCh38,123500246,123582166,bc2fd077418c4123ff598d95287e5e2262c4afdd7f7a57cd6eead84caa683367
ENSG00000156831,NSMCE2,ENST00000287437,8,125091859,+,GRCh38,125050899,125132819,479b7a58cd308d254d1027432eadce3aa7576fbd7669fdc10229c06d08894c2d
ENSG00000156869,FRRS1,ENST00000646001,1,99766634,-,GRCh38,99725675,99807595,79d825871234a0e509400a0e29e0ff58ea751a67f8c98a60c047dc4911d46ce1
ENSG00000156876,SASS6,ENST00000287482,1,100132929,-,GRCh38,100091970,100173890,5d6251191884d9f1e0076504787460c3583b47c9aa162aff52605ad24669aaf2
ENSG00000156931,VPS8,ENST00000625842,3,184812165,+,GRCh38,184771205,184853125,b859b9949708d08fd02a077c801e14c45d0e5d8964b18f809003d6f6a877f0cc
ENSG00000156958,GALK2,ENST00000560031,15,49170246,+,GRCh38,49129286,49211206,1b97e7f45c5f6e901f0634d6bba7825127b533c35057551d8c7d2b0c05dcd6e1
ENSG00000157005,SST,ENST00000287641,3,187670393,-,GRCh38,187629434,187711354,d9ec150a6bc91ae59e4bd227ecf859e28d7ff42efb12fc169eb3ebca567b8906
ENSG00000157077,ZFYVE9,ENST00000287727,1,52142088,+,GRCh38,52101128,52183048,2115a828da33acbdf2b10a2a6daf209e2798b2ba4dcc86897a266e76e97cb4a1
ENSG00000157087,ATP2B2,ENST00000360273,3,10505585,-,GRCh38,10464626,10546546,036de0f38a4eac3cd79b282546d381b1d38fbf1f884996ed91568bcf279822b2
ENSG00000157103,SLC6A1,ENST00000287766,3,10992747,+,GRCh38,10951787,11033707,9edc75e579e5ed130e1c2a232fd6e05fe5b4bf278b674467b9b1937485c25613
ENSG00000157119,KLHL40,ENST00000287777,3,42685536,+,GRCh38,42644576,42726496,c289b9394c51c4e9a80605d7d2e707d3fc6639b1f1d5efe5d536cceb2db6a011
ENSG00000157150,TIMP4,ENST00000287814,3,12158911,-,GRCh38,12117952,12199872,0fed50cfe801a07c48d247ecb3460f4fd5e235b001f5e64c79c4e8d132e3f63a
ENSG00000157152,SYN2,ENST00000621198,3,12004387,+,GRCh38,11963427,12045347,711a9252d0ab7d8d9fa462fa92948e2f92dedff92c8c6aa11c64f2cf66e797ab
ENSG00000157168,NRG1,ENST00000405005,8,32548310,+,GRCh38,32507350,32589270,0f1b9cf8493fad7feaa3a298462fd4f03b6e91e950379383152a8d93fa0b125e
ENSG00000157181,ODR4,ENST00000287859,1,186375837,+,GRCh38,186334877,186416797,a5eff3382d1f44a49016cfe50c32d2c991dec5ff8d9adc9d253a77071a42aae2
ENSG00000157214,STEAP2,ENST00000394621,7,90211739,+,GRCh38,90170779,90252699,d112b5980f6dbe42a1ee0f68e709b4087ef99518ce5859c6f9da185df5b4143c
ENSG00000157379,DHRS1,ENST00000288111,14,24299779,-,GRCh38,24258820,24340740,4e4b50f3873f47f5efd04ada6542b98bb682ce93c916b33fe3002fc032583ccc
ENSG00000157423,HYDIN,ENST00000393567,16,71230721,-,GRCh38,71189762,71271682,8fe777886d09c11942a574fe97eac1545b84bf72033f46e45e3dbb53a293794f
ENSG00000157426,AASDH,ENST00000205214,4,56387490,-,GRCh38,56346531,56428451,70fd054e4ff2e744bdf22a69718b7b435b1e2f0a3bfc815d09d33bb692cd2bab
ENSG00000157450,RNF111,ENST00000348370,15,58987662,+,GRCh38,58946702,59028622,66a3b839c79e955233f105075b52ac42a90d00f01b2322715f26d833d089a311
ENSG00000157483,MYO1E,ENST00000288235,15,59372870,-,GRCh38,59331911,59413831,3369ac23916d136d88a9c1c1d872d344d3f7fdfad4da2792ee497f51fa480e0c
ENSG00000157510,AFAP1L1,ENST00000296721,5,149271858,+,GRCh38,149230898,149312818,733104236b8e788194c71de72b71f596b1e4e5c56c7a0eb66652cc183e90c8a1
ENSG00000157542,KCNJ6,ENST00000609713,21,37916456,-,GRCh38,37875497,37957417,01a2845b486806c289921983c364af1f47c2925fab255230ac325ee13187f064
ENSG00000157551,KCNJ15,ENST00000398938,21,38256990,+,GRCh38,38216030,38297950,68ada294c5848d1931eb18f61f39bb4f19daf08a60f70f33e2d0350deb4086fc
ENSG00000157554,ERG,ENST00000288319,21,38498476,-,GRCh38,38457517,38539437,176c3335df87cdc62d618b178e4e81433aa2e8acf3d19a5f995c43b7b85e85ef
ENSG00000157570,TSPAN18,ENST00000520358,11,44726961,+,GRCh38,44686001,44767921,a7529dcf09e325a52842fc4a9ea7b4765f0951c124b8d28ea22534e3074869da
ENSG00000157625,TAB3,ENST00000288422,X,30889253,-,GRCh38,30848294,30930214,b7c28cd5a7a9ad304b8f8ff3ef8aa21b2d72a34e27928893055b38985a7e3e1c
ENSG00000157657,ZNF618,ENST00000374126,9,113876308,+,GRCh38,113835348,113917268,4051797415c6c921205c9282ad5b6c1da105893baa0913eb6aa04f89b2b472ef
ENSG00000157796,WDR19,ENST00000399820,4,39182528,+,GRCh38,39141568,39223488,75426cae6d2330be0fcf109c937dc287ffc111143e5d70e897c50592d116d1cf
ENSG00000157827,FMNL2,ENST00000288670,2,152335173,+,GRCh38,152294213,152376133,4fc92b53be608c4cab1081c63390942e437825adbc2db5ebf60f9d27c8abe998
ENSG00000157890,MEGF11,ENST00000395614,15,66253749,-,GRCh38,66212790,66294710,d291622dbdad32f3a285d4f4187fa2c1c23235cb3e00d6bfe657ac33056bda5e
ENSG00000158055,GRHL3,ENST00000361548,1,24319356,+,GRCh38,24278396,24360316,2711e840caa20367430d643c5bce411478563fcd7d84972f10596f8fabe79538
ENSG00000158089,GALNT14,ENST00000349752,2,31138439,-,GRCh38,31097480,31179400,59fa4b921a377e1d122b93e25feee8f2630c476082f89d399291ed17810182c8
ENSG00000158125,XDH,ENST00000379416,2,31414741,-,GRCh38,31373782,31455702,7e3f6e6e2d436fbc108cb70df19329c16086ce44a26c35c092efa902ffbd539e
ENSG00000158296,SLC13A3,ENST00000279027,20,46651458,-,GRCh38,46610499,46692419,2dc75c8bb5325f0a8f7382ada068e655ff39046b541883d488e9477568c2f10e
ENSG00000158417,EIF5B,ENST00000289371,2,99337388,+,GRCh38,99296428,99378348,a251f02d381361a3f48dc4a1d8cb44032f8fcaa24c4dac725a10cdb85c6f4ea5
ENSG00000158435,CNOT11,ENST00000289382,2,101252885,+,GRCh38,101211925,101293845,215085f546303ccfe55cf4dfee414fb69c86913cef419c991df02e9514e29944
ENSG00000158467,AHCYL2,ENST00000325006,7,129225029,+,GRCh38,129184069,129265989,7f47068619eef1d0509d98f3d12e43d895a6c1ec8e3ca315b99c7745beee2708
ENSG00000158486,DNAH3,ENST00000698260,16,21150845,-,GRCh38,21109886,21191806,86ee92ec264d10f9aec3bdb3ccf0b67fc5489a2a0309a73f8bef7caeb5d3d276
ENSG00000158555,GDPD5,ENST00000336898,11,75525940,-,GRCh38,75484981,75566901,85d99570a584ba993125db94f4104e231b997121a028f4d90d9686a65c9be7a7
ENSG00000158560,DYNC1I1,ENST00000447467,7,95772553,+,GRCh38,95731593,95813513,5726437c002b1b0efa69469589c04bfe716822b14297390ae44692aa9d87c953
ENSG00000158636,EMSY,ENST00000695367,11,76445017,+,GRCh38,76404057,76485977,c3d6ce34450e0a6e40f8299ce1dc11816ffcb07ac5f5f0c1553c57daafe7cb60
ENSG00000158716,DUSP23,ENST00000368107,1,159780961,+,GRCh38,159740001,159821921,19825064c8f688adb1f6c7a221a658b92653874ceaa3cf7de10659dca670e4e0
ENSG00000158816,VWA5B1,ENST00000289815,1,20290874,+,GRCh38,20249914,20331834,ec94b6f42f329dd9b647cf0a49c62946919db7302bf63a44a862624a78ebd56f
ENSG00000158850,B4GALT3,ENST00000319769,1,161177506,-,GRCh38,161136547,161218467,5dc1823e18bd7954826b16b55183121f6e2ea119110486cb6b4a28d0b90280bc
ENSG00000158966,CACHD1,ENST00000651257,1,64470128,+,GRCh38,64429168,64511088,b40498684e700da1fdee882184ac6b045a5e46ff2ac6c2c5774ee073d7fbc926
ENSG00000158987,RAPGEF6,ENST00000509018,5,131635228,-,GRCh38,131594269,131676189,258465bee2ea5a7de4cd6aeee00aba8cfd57393f29108e75020b5ad2766bbae3
ENSG00000159082,SYNJ1,ENST00000674351,21,32728012,-,GRCh38,32687053,32768973,5d5feb4ae072a274750c62263fe2c67ca42599b946943764c56f4b98906b0a68
ENSG00000159167,STC1,ENST00000290271,8,23854805,-,GRCh38,23813846,23895766,1d59af16ba5391586ede5913fb876586461719162fe708c81b4c6c7e57ed2a19
ENSG00000159200,RCAN1,ENST00000313806,21,34615112,-,GRCh38,34574153,34656073,4925a25d03d2c35fcb7be17ed9c06b90752207ff7918dd4a17328dfc46bf96dd
ENSG00000159216,RUNX1,ENST00000675419,21,35049301,-,GRCh38,35008342,35090262,63d5171ac8199553c3c0c230ac0471b76b44b667b0876f75876eb7a2f6bbd65e
ENSG00000159248,GJD2,ENST00000290374,15,34754997,-,GRCh38,34714038,34795958,10bf7876f48f7c82d47eb117676808e357aafcb72be8a11a8f01954a46422078
ENSG00000159377,PSMB4,ENST00000290541,1,151399572,+,GRCh38,151358612,151440532,ccd9cd1efeb11f8f8bf55dee05eebf34ffbdc01cc5ffb86ecd4c33637121995e
ENSG00000159387,IRX6,ENST00000290552,16,55324202,+,GRCh38,55283242,55365162,f3aa8bb07e283990a32909caf11d51ad5ed9b0021114757394ed1ebe9d1bd9ff
ENSG00000159388,BTG2,ENST00000290551,1,203305518,+,GRCh38,203264558,203346478,f2ef515b7725fe161ced468bb83d21c186737c57e4ec8e0fca622e6d0c9b1450
ENSG00000159479,MED8,ENST00000372457,1,43389799,-,GRCh38,43348840,43430760,b4bfa136b75467831a93f42f09965f7223b85c52fb39ae90a514ecac5a4b3720
ENSG00000159556,ISL2,ENST00000290759,15,76336772,+,GRCh38,76295812,76377732,bce587163d2e87af7bcee5ed08f7024f86b665d20449f7c32d043f5dd1365e74
ENSG00000159579,RSPRY1,ENST00000394420,16,57186328,+,GRCh38,57145368,57227288,0c289fbb31ff69635e652448ef6dd048dd66fd6ddcbb700cc13424fa34441cc3
ENSG00000160124,MIX23,ENST00000291458,3,122383230,-,GRCh38,122342271,122424191,9005d42133346298a4b4cc455ea9e4cacda2a96475ba6cbd6843574afebcf8f0
ENSG00000160183,TMPRSS3,ENST00000644384,21,42396051,-,GRCh38,42355092,42437012,a51b542abe77596af8a9e2dfc0c09742bef6ef35f37cb0cdae866fa008581a38
ENSG00000160185,UBASH3A,ENST00000319294,21,42403901,+,GRCh38,42362941,42444861,1cfc6c3e3cdd862d33591e8896783ed7842a6adc13c8835cae6c550c226ee7c7
ENSG00000160207,HSF2BP,ENST00000291560,21,43659487,-,GRCh38,43618528,43700448,52158e3de61d34ddb4ab747a0c3fb31b2ae55cc46bf6d61d9f3c689c23fa769f
ENSG00000160563,MED27,ENST00000292035,9,132079866,-,GRCh38,132038907,132120827,8fd2498800f9822db4f7f4e5eaf72751fad929a9bca15542b6017b3cf09db12a
ENSG00000160584,SIK3,ENST00000445177,11,117098427,-,GRCh38,117057468,117139388,b718518d3b1d36913f8b5f7bed5e32c96f354ad8ddfa5ff2efce81493449af67
ENSG00000160588,MPZL3,ENST00000278949,11,118252364,-,GRCh38,118211405,118293325,b9d5b4756e110c643b2e5868431b44ee11559464a15e453aa84525efac2efeb5
ENSG00000160703,NLRX1,ENST00000409109,11,119168724,+,GRCh38,119127764,119209684,602090347716a126edd8628fc6ad292e888ca89f7fdba4033f946fbb9771d8be
ENSG00000160838,LRRC71,ENST00000337428,1,156920631,+,GRCh38,156879671,156961591,35e39fe3722f9a8bc5643d0ad38de97ee8bd9254e07b901834e68cc1228c1f82
ENSG00000160883,HK3,ENST00000292432,5,176899345,-,GRCh38,176858386,176940306,df55c7a73e1d43880d7a2a1f1a5b528cb9d3b3bb68d1106cc438e7273755c7ad
ENSG00000161405,IKZF3,ENST00000346872,17,39864311,-,GRCh38,39823352,39905272,ee561ee09242bf977ff7ddf2e8c9ec1737ec3a2ed989ee8d625dc4de7b317dbb
ENSG00000161850,KRT82,ENST00000257974,12,52406334,-,GRCh38,52365375,52447295,d77d45800ca4e14d7cf6262f5b29d980c5591428ffafa9f72d1e1308921ec180
ENSG00000161940,BCL6B,ENST00000293805,17,7023049,+,GRCh38,6982089,7064009,a0d09aabae9d04e7307ccf9748473d3a8c1aa2696ef1b23c542872810d48dcf8
ENSG00000161999,JMJD8,ENST00000609261,16,684333,-,GRCh38,643374,725294,e167dadfc2015648c4b669433d71c6313e0327f9f1029e9e27cb0cf43e09db88
ENSG00000162009,SSTR5,ENST00000689027,16,1072746,+,GRCh38,1031786,1113706,bf7aa20cbe027e764d0bd3a1acb67edf1a3ffeaa77416194197222b2d78071d8
ENSG00000162032,SPSB3,ENST00000566339,16,1782570,-,GRCh38,1741611,1823531,1460faebaf03789bb9b7987819d7d80e9e05aa5aa7870a79e598f3a6a47fc33f
ENSG00000162139,NEU3,ENST00000294064,11,74988932,+,GRCh38,74947972,75029892,2f92a9315e91940cdcabab3c5674c5d919532a8b797ed4cff4a4773e5e86ea4c
ENSG00000162144,CYB561A3,ENST00000294072,11,61361881,-,GRCh38,61320922,61402842,77c610801ede467bd1a3cbc4d570283acf3833bf8f06481048f1c0b28930f47e
ENSG00000162267,ITIH3,ENST00000449956,3,52794795,+,GRCh38,52753835,52835755,a378f8f19332b28dda008d70e6d876fbbfe887dcacfb1c4a71f13d680ff3b8c6
ENSG00000162374,ELAVL4,ENST00000371824,1,50108919,+,GRCh38,50067959,50149879,96bb65fb11dbb69bb70acb4e426bb81593f8ceea920c678d4216d85c32af8362
ENSG00000162398,CIMAP2,ENST00000371273,1,54806062,+,GRCh38,54765102,54847022,76a74d0506dda237dafb26bd367f021b2113e7d1dc3e913ffa04a018e9400906
ENSG00000162407,PLPP3,ENST00000371250,1,56579562,-,GRCh38,56538603,56620523,2e5e059c5d4a280014f3f78461ed429ae024740276802bea2c0f8f78877e3fdc
ENSG00000162434,JAK1,ENST00000342505,1,64966548,-,GRCh38,64925589,65007509,8a0d134e017dfd07631333446a0147872ecadafe4558464d84ae0aec4feaeb1c
ENSG00000162456,KNCN,ENST00000481882,1,46551646,-,GRCh38,46510687,46592607,351aa686220e165f69d5575910cfe408d989573b730cac8f76970dbfdfce3ad0
ENSG00000162600,OMA1,ENST00000371226,1,58546725,-,GRCh38,58505766,58587686,62e0e196f11c95839f1c790e86d9a3fc769663b64e94f099c6e5fd4eca8397a0
ENSG00000162601,MYSM1,ENST00000472487,1,58700061,-,GRCh38,58659102,58741022,4110adb75f847ecafa1e5ec47b6d7c223b8c979926401dbd155268998e5eab91
ENSG00000162616,DNAJB4,ENST00000370763,1,78004938,+,GRCh38,77963978,78045898,1abb34ed69527fd1aa61cf773861ffe6a9cc5f584fcbddec2f1f60c1adc83078
ENSG00000162618,ADGRL4,ENST00000370742,1,79006729,-,GRCh38,78965770,79047690,8641c04fff6fb306392b7ce54e2331817da6455c0f3b1ffc7f8c6808b51de3ef
ENSG00000162624,LHX8,ENST00000356261,1,75134387,+,GRCh38,75093427,75175347,51feaf668f26a7d4de39b876c8580c1721a7d72a3351e89f256a6dfadd6b5d65
ENSG00000162630,B3GALT2,ENST00000367434,1,193186612,-,GRCh38,193145653,193227573,c8c7eb3eb9f587e9b0a3bd57a4e13c7b0cae75fa25d4a75bc5bbbbb0dfa2ecc4
ENSG00000162631,NTNG1,ENST00000370068,1,107141038,+,GRCh38,107100078,107181998,04ceba8c76fa6631af1403c83783423331f47a142f67f0b7d29b0833b7606214
ENSG00000162643,DNAI3,ENST00000294664,1,85062326,+,GRCh38,85021366,85103286,42f9fd32f63f56a7350f3897bfdc8bd6d1b50388abb9f33b99a6c35624914784
ENSG00000162670,BRINP3,ENST00000367462,1,190477863,-,GRCh38,190436904,190518824,e801b0899f783450aa4c90b0a2beeab0aec3a4eb00bec949419f674ee151030d
ENSG00000162687,KCNT2,ENST00000294725,1,196608439,-,GRCh38,196567480,196649400,2e26baf533529292a5d1d75f4eb28fa54a4a174a8bdc0682e6c39991cf2cbc86
ENSG00000162694,EXTL2,ENST00000370114,1,100894841,-,GRCh38,100853882,100935802,fb152100a982fdf1fd423029bcf71d9a00bccfe1b40b969a3579b6b5c8009b30
ENSG00000162695,SLC30A7,ENST00000357650,1,100896089,+,GRCh38,100855129,100937049,6915911e92ab24bd71eb394cbd44040dd8b77b4c364cd483a31dee23edd0e66d
ENSG00000162706,CADM3,ENST00000368125,1,159171614,+,GRCh38,159130654,159212574,bc54b64a58dc10bc6542286dccffc4f792694fdab053add81a26e8f364b691e7
ENSG00000162728,KCNJ9,ENST00000368088,1,160081537,+,GRCh38,160040577,160122497,11aa525295ada4a3bd2a21555656321e9adb340a883c308491261dc21add8682
ENSG00000162729,IGSF8,ENST00000314485,1,160098618,-,GRCh38,160057659,160139579,e33e113fe036ec3ed1c7e6f1187604eafbbd27f3fe19026f7e5dd2622cfc203a
ENSG00000162733,DDR2,ENST00000367921,1,162632463,+,GRCh38,162591503,162673423,b6b18da43fc045970552460a66c19e067dee5d4330f48a5e8f8f17d05b1bf54d
ENSG00000162736,NCSTN,ENST00000294785,1,160343382,+,GRCh38,160302422,160384342,96f30212bf2cb0bdebf1f9425d9454d3287168a20712418ef7ea3d40979c7808
ENSG00000162763,LRRC52,ENST00000294818,1,165543999,+,GRCh38,165503039,165584959,c193484463d6afd72cca17c5879c3cc80a026ed0762b0c973ac97abb7f63f008
ENSG00000162775,RBM15,ENST00000369784,1,110339376,+,GRCh38,110298416,110380336,35da90e7fa487cb3367ca41c1528f6d4dd41d0c36295da33cbf3e1a33a0d0cc1
ENSG00000162777,DENND2D,ENST00000357640,1,111200645,-,GRCh38,111159686,111241606,23bea7356e4716a18295381e7cc857b781e5fd2d7ad484b83e413d1bfb890286
ENSG00000162782,TDRD5,ENST00000444136,1,179591831,+,GRCh38,179550871,179632791,d7797ca6f0bfa5bba7cc2506998a6f7722580e0989eafbccf0f5c8ee86bb7097
ENSG00000162813,BPNT1,ENST00000322067,1,220089787,-,GRCh38,220048828,220130748,896c042acb82f1be846f1e76653a7197edf04157edc987b0a6d68e6825d2bdb2
ENSG00000162814,SPATA17,ENST00000366933,1,217631343,+,GRCh38,217590383,217672303,c750379a0193e697e606f7e14a45d0d76deb1f14375e553044fba9f5b49d05de
ENSG00000162873,KLHDC8A,ENST00000367155,1,205356921,-,GRCh38,205315962,205397882,5fad26f0ddeaa25433016f560ddb0d2e23bfeeb388634c498256931bdb108924
ENSG00000162891,IL20,ENST00000367098,1,206865622,+,GRCh38,206824662,206906582,b7752898e0a0fee3eab03d1275bce641ae8826e1772c74faacd4b0210f48f9dc
ENSG00000162924,REL,ENST00000394479,2,60881573,+,GRCh38,60840613,60922533,8b06d5ac43ddc79a728870268eaefbd6229b35a04441e0c5b2dc0744b8b70c58
ENSG00000162944,RFTN2,ENST00000295049,2,197675586,-,GRCh38,197634627,197716547,840c599683c127851a2b7edd0b4bad04ab15acb60d7b66c073f6075b58179bed
ENSG00000162971,TYW5,ENST00000354611,2,199955490,-,GRCh38,199914531,199996451,9a2eaa901d8993da42e55b90ab036f5269512b9e68964e36c23cbcd01341505b
ENSG00000162972,MAIP1,ENST00000392290,2,199955581,+,GRCh38,199914621,199996541,445e67d51ec84f4541e8d2c7bfe53f047c9c51db01bb98c1b9139ce2832dd833
ENSG00000162981,LRATD1,ENST00000295092,2,14632716,+,GRCh38,14591756,14673676,b8f954e0052108904b1d05a059024e5c0eff780e9f94d54dfd1e572ffde9251f
ENSG00000162992,NEUROD1,ENST00000295108,2,181680516,-,GRCh38,181639557,181721477,c0f1a7e2ec74548159cdc99c1995f32d5e46af936466ddc25bd1162f558214b1
ENSG00000162998,FRZB,ENST00000295113,2,182866636,-,GRCh38,182825677,182907597,47c599ec1e5bd0694805fed61c21bd3a1148f9cab954606ddb630668037a607d
ENSG00000162999,DUSP19,ENST00000354221,2,183078746,+,GRCh38,183037786,183119706,9fd58244dc670470caee6a0073d97e3f0176cb663a5f6230aee42ce1e7ef03e6
ENSG00000163001,CFAP36,ENST00000349456,2,55519717,+,GRCh38,55478757,55560677,85369e5987d74336ef426f3e1974ea577cdbea01f095c83f62fa244a3b092d76
ENSG00000163002,NUP35,ENST00000295119,2,183124442,+,GRCh38,183083482,183165402,7d2decc4ba4801ef186d4fa35a1aa8552e38069a2d6b495ff03dab1266c3be53
ENSG00000163017,ACTG2,ENST00000345517,2,73893007,+,GRCh38,73852047,73933967,efdf5ab60013c1b18e8499ed104ca64dcde99e18b4eb4340c83e5a877ddc6f19
ENSG00000163072,NOSTRIN,ENST00000317647,2,168802636,+,GRCh38,168761676,168843596,a3377c158b3107b758688164209222e1ae8a1b1ad427ed1035c0ea2e53a42770
ENSG00000163082,SGPP2,ENST00000321276,2,222424542,+,GRCh38,222383582,222465502,203ccbc19ff57c74fb4f6792df5226d3ab192aac286dbd0703139f61da23aed6
ENSG00000163092,XIRP2,ENST00000409195,2,166888479,+,GRCh38,166847519,166929439,b9e7627c7d9186554b5030722b54cb82fb4bdca0e9cbb45e2698894d0ce72a3f
ENSG00000163106,HPGDS,ENST00000295256,4,94342835,-,GRCh38,94301876,94383796,8bf5d56db8264b270590ffc5552f243e0df350dfdad326709869fb7f8793edec
ENSG00000163138,PACRGL,ENST00000503585,4,20700457,+,GRCh38,20659497,20741417,5783fa4eca8a01db43d768fd31f6b7f2038023f0bcef363ed0a983bd2f672c32
ENSG00000163145,C1QTNF7,ENST00000444304,4,15428032,+,GRCh38,15387072,15468992,ada885e6011d7537be338b7203b68371ff436421b160f294db360616bfeed9cd
ENSG00000163161,ERCC3,ENST00000285398,2,127294143,-,GRCh38,127253184,127335104,7231772108adeaa6c610dd8075c251f3f70800928675aad459adc9d506b215e1
ENSG00000163166,IWS1,ENST00000295321,2,127526488,-,GRCh38,127485529,127567449,33c029f6e489a5470c3a330284b5a9b1fc8d04643bbf311e4313c25a7b3c2df5
ENSG00000163171,CDC42EP3,ENST00000295324,2,37671641,-,GRCh38,37630682,37712602,d0825c5eb85c491ab3459eac88d47902d0349961ce5017add710a1ba4dc1433d
ENSG00000163214,DHX57,ENST00000457308,2,38875933,-,GRCh38,38834974,38916894,4ad22f29fa1d9317d38883538a79521611303a4dc434e9a60cbfae1264f0c740
ENSG00000163217,BMP10,ENST00000295379,2,68871396,-,GRCh38,68830437,68912357,3d4bb3f5b90e94301217ec0919157f148f77bf6e28a9aad32c962f2e12043bd5
ENSG00000163219,ARHGAP25,ENST00000409202,2,68734810,+,GRCh38,68693850,68775770,121dc553bcf2c7c650ef15c9fc695b3739b15ebdfa827e50153785fb3b9bf866
ENSG00000163235,TGFA,ENST00000295400,2,70553825,-,GRCh38,70512866,70594786,73d7b3c807c3759d10763cfbfa5e70ecaae6a2075dd2cd448ec986314ca58970
ENSG00000163251,FZD5,ENST00000295417,2,207769905,-,GRCh38,207728946,207810866,74541953a2ddbb31489d8a27bfd1d62bd0ab0f456a458ec6b0133de831f96a1e
ENSG00000163281,GNPDA2,ENST00000295448,4,44726555,-,GRCh38,44685596,44767516,9bcdd2b371d68500c3348ba0b6c6babd089e37cb986fb795a3ca132c4273f9b3
ENSG00000163285,GABRG1,ENST00000295452,4,46124053,-,GRCh38,46083094,46165014,a6379ca32a6e6666dd200755e2b49adb26a06aa169760d86d03cc4c0b020db84
ENSG00000163297,ANTXR2,ENST00000403729,4,80073228,-,GRCh38,80032269,80114189,ae67d9ad9deef90b002cc7e97363684abf99279c5b2d95b648ddb8e877ed3b47
ENSG00000163312,HELQ,ENST00000295488,4,83455822,-,GRCh38,83414863,83496783,cd089529bff93f15db4a65082ad8a682239d90c2dd02db60a1a23ef76c58369e
ENSG00000163328,GPR155,ENST00000392552,2,174487028,-,GRCh38,174446069,174527989,d2682f00b2c6e612515a7a101daebf0256925e101c2350ba6916c795e63e5d3d
ENSG00000163347,CLDN1,ENST00000295522,3,190322445,-,GRCh38,190281486,190363406,3729c410b675e70b95937be19bd68e1ae9f65e6222793ffd0638b1a101f830bf
ENSG00000163349,HIPK1,ENST00000426820,1,113929323,+,GRCh38,113888363,113970283,1b4a3e32dc2ed73eea0c828b7dc9ec6ea2419fdaf061bb63b03050008177d23a
ENSG00000163376,KBTBD8,ENST00000417314,3,66998306,+,GRCh38,66957346,67039266,f31b8fe957b7ecc7eff2031f4f2e150d5b4bb3892b8c9218cfd5d225e24c3d6e
ENSG00000163378,EOGT,ENST00000383701,3,69013683,-,GRCh38,68972724,69054644,ed621720c68efce3a71f36ab26845b89dc942ef75ad7a77975558818ed12be0a
ENSG00000163380,LMOD3,ENST00000420581,3,69122594,-,GRCh38,69081635,69163555,175efa3c5b58e1f7e8a7f7fa08c50b3d4007b58f0fc70f61da711f15ec5610ee
ENSG00000163393,SLC22A15,ENST00000369503,1,115976512,+,GRCh38,115935552,116017472,c4902f789bfabf8a7277036dba5c9bc308808577e6bab30385f35056c87f79bd
ENSG00000163394,CCKAR,ENST00000295589,4,26490483,-,GRCh38,26449524,26531444,1aab4a90014c07cb3de6b4ffb2600e66d6841e3e286b1dced28044b52aeaf2e4
ENSG00000163399,ATP1A1,ENST00000295598,1,116373243,+,GRCh38,116332283,116414203,3efb2bca81064502112c96bf909a98bdbb5ae3cb2f5c80e876b881e5f77ffe83
ENSG00000163449,TMEM169,ENST00000437356,2,216081918,+,GRCh38,216040958,216122878,b30bdbaa0f951fa03f529e58dc6ce25e70ec5a7245b42711f5ae437dde094bf0
ENSG00000163482,STK36,ENST00000295709,2,218672085,+,GRCh38,218631125,218713045,405d451c4c6c0a4dd1679a95b321dad27afc85e9a30ca1a58d8614248b1c96df
ENSG00000163491,NEK10,ENST00000691995,3,27369382,-,GRCh38,27328423,27410343,6405f41c0c94136306ad98c702809b180b02ba0ce5170096ec91003cd1fe93b3
ENSG00000163507,CIP2A,ENST00000295746,3,108589437,-,GRCh38,108548478,108630398,89d0b9d888da46aebed010f70d987923bb8abc2430f1d6222fd3e7beb07a0a6b
ENSG00000163512,AZI2,ENST00000479665,3,28348823,-,GRCh38,28307864,28389784,21bed42d9554e975f35e94fc88a8ac57006ca00da661822a8dfd5bc416787d0b
ENSG00000163521,GLB1L,ENST00000295759,2,219245443,-,GRCh38,219204484,219286404,1cd3d464a2859fc9b14486aebb9024a394527ef2453f9d4ce883aa72a97af3d8
ENSG00000163527,STT3B,ENST00000295770,3,31532924,+,GRCh38,31491964,31573884,704fcec52ac4cd26851007335c3bf5bbee1840e1f013ad63e4da1e4d24d5e69a
ENSG00000163536,SERPINI1,ENST00000446050,3,167735720,+,GRCh38,167694760,167776680,3f60b722dc18f4d6ceae34e56045f8c081d6b9c5166f58e9fd6e5a4fb80a1e9a
ENSG00000163545,NUAK2,ENST00000367157,1,205321744,-,GRCh38,205280785,205362705,f0e027b889a1793244014e654c40a265c0aae58566d24ef4cbb2cec843e64f10
ENSG00000163554,SPTA1,ENST00000643759,1,158686714,-,GRCh38,158645755,158727675,a74e4d6d0c17ed29866d50cb5a9d885e3c89223421218f9221139721faafa073
ENSG00000163581,SLC2A2,ENST00000314251,3,171026719,-,GRCh38,170985760,171067680,756c4ead7f4825110d45e1f0299a990f3792a4d8f7eedb9abd9e63d668f54972
ENSG00000163599,CTLA4,ENST00000648405,2,203867770,+,GRCh38,203826810,203908730,fe460182914cf15d1159fe36f722eb0ac5d0a94545ccb0a3f622f107c5587e95
ENSG00000163600,ICOS,ENST00000316386,2,203936762,+,GRCh38,203895802,203977722,788a36b4bb22206c2236331c9d27d418c250535ccee4cd2cd0a796a5e268d565
ENSG00000163607,GTPBP8,ENST00000383678,3,112990983,+,GRCh38,112950023,113031943,579c3c78d532e743ddd638ff4dddd79c629fd7780e68c8a0afad05f9aa396f3a
ENSG00000163617,CCDC191,ENST00000295878,3,114056525,-,GRCh38,114015566,114097486,b921610deb90b158d6545f8ac260b907caa382c5b725e62dc57def6fe4c17a5b
ENSG00000163625,WDFY3,ENST00000295888,4,84966689,-,GRCh38,84925730,85007650,45e023b28dd031e3f042b5f2497327390ed205f21e2fe7f02d47482930453d33
ENSG00000163630,SYNPR,ENST00000478300,3,63278307,+,GRCh38,63237347,63319267,80e1c5e53458ed6d2c3aab03b93fda48bdb718089612e36033128f0bbaa38739
ENSG00000163638,ADAMTS9,ENST00000498707,3,64687999,-,GRCh38,64647040,64728960,beb21b2344e6e5782076cd9e2b8e5bda93945df7136b3bf7fede9a32d5748ce9
ENSG00000163646,CLRN1,ENST00000327047,3,150972726,-,GRCh38,150931767,151013687,caf8c23341496bb156fd5e88ee4705a6f14cf6a6af25d27506a7229036ac1c10
ENSG00000163681,SLMAP,ENST00000671191,3,57756308,+,GRCh38,57715348,57797268,27fbbd1132fb882ab2c6cede4b876c3be54ce89977bcc000f97afa39f4c03bd4
ENSG00000163689,CFAP20DC,ENST00000482387,3,59050024,-,GRCh38,59009065,59090985,7d5adf3799ce2253a799f9b00d1928c228356bdbbe01e5d5ca00201bbef842b3
ENSG00000163697,APBB2,ENST00000508593,4,41214541,-,GRCh38,41173582,41255502,3ef807a2841e6d4ec1db53a529933c5955a80009f897784ce99dd398159ec68b
ENSG00000163751,CPA3,ENST00000296046,3,148865295,+,GRCh38,148824335,148906255,f9ccfd3e4773e12ba75a61c8929a64364322989433f48ebe9c48ee2f1b39345e
ENSG00000163811,WDR43,ENST00000407426,2,28894666,+,GRCh38,28853706,28935626,01a874241c09ffee5f0054f3c2bdfcb16fc1f52d580446505f72863254a5f62f
ENSG00000163833,FBXO40,ENST00000338040,3,121593378,+,GRCh38,121552418,121634338,51666af458c4dc5f57502b91af7bcd886d04ed963b9cba950f0a3205f9393c1d
ENSG00000163848,ZNF148,ENST00000360647,3,125375324,-,GRCh38,125334365,125416285,cf14e8d4c2ecbb15945c80ff549fad95567d092f06aa54d3541093710ebfe3ea
ENSG00000163864,NMNAT3,ENST00000704800,3,139677971,-,GRCh38,139637012,139718932,ed88363a83e25d891a32aa13e31dfb214711d72584e6c476a3e28eb27b57c5f7
ENSG00000163873,GRIK3,ENST00000373091,1,37034514,-,GRCh38,36993555,37075475,3eabe3c10c6be81fcd11ed89c66d1ddcf9f1f4eb48e8dbb4a116f9c0a20f5e9d
ENSG00000163914,RHO,ENST00000296271,3,129528638,+,GRCh38,129487678,129569598,1b7249eb1ac6ccfb6eb18d9a1a475345bd25ef3ceb8726dbd2668010e2c0e277
ENSG00000163918,RFC4,ENST00000296273,3,186806481,-,GRCh38,186765522,186847442,828b58676ed93872b9f6d0c242d3c2aaf2daeeba3ffb205b81058c36fbc7cd3b
ENSG00000163946,TASOR,ENST00000683822,3,56683264,-,GRCh38,56642305,56724225,41bb8cc31145a22b7b3f5f1cc122bd7711118862f17d37742059ca1ec2d51fe4
ENSG00000163947,ARHGEF3,ENST00000296315,3,56801948,-,GRCh38,56760989,56842909,5e3c782e9146fec77228cc913e271f95de336877de963eec8ee7fce0ebcc83bb
ENSG00000164023,SGMS2,ENST00000690982,4,107824931,+,GRCh38,107783971,107865891,67aff0000134c8e7456bd417cd9b804f3dc77c94c0f23c8dff87d00c96ecf635
ENSG00000164039,BDH2,ENST00000296424,4,103099833,-,GRCh38,103058874,103140794,05a0840d721b8fe599a223b97523d20408a29f2aab832418d4f42d0ebd198393
ENSG00000164062,APEH,ENST00000296456,3,49674350,+,GRCh38,49633390,49715310,4bdab9ed9765434c4084e3a598fb109da58af0046402a92f9fee845cdd6b14af
ENSG00000164066,INTU,ENST00000335251,4,127632956,+,GRCh38,127591996,127673916,3d165e370e1b68cd7a6b5cf3de259990e11b8923c92b1958bbe4d3674e075ab3
ENSG00000164070,HSPA4L,ENST00000296464,4,127782321,+,GRCh38,127741361,127823281,f1876fd1a6eb3e7d830210c29fc7c43149a749d11637acb79169053754582d4f
ENSG00000164081,TEX264,ENST00000341333,3,51671251,+,GRCh38,51630291,51712211,17ab350b9dd969eb7b410042db372d5a9f254dde079304e8d38313491e5c7107
ENSG00000164087,POC1A,ENST00000296484,3,52154422,-,GRCh38,52113463,52195383,70c38b0a359f7db4a40cd821d4c0d95b17654569adc7309fdbe4cff2f7abe379
ENSG00000164106,SCRG1,ENST00000296506,4,173399115,-,GRCh38,173358156,173440076,9801841e60b6ef02bf83fa6b804c394eba245de9274bf37d11623341f549ec5a
ENSG00000164113,ADAD1,ENST00000296513,4,122379010,+,GRCh38,122338050,122419970,ef75d345e7249d04c16b4a23b549e39e205518cadc63514cc77e44da7c31aae8
ENSG00000164116,GUCY1A1,ENST00000506455,4,155666847,+,GRCh38,155625887,155707807,cde127f4df7b3d2ccaa7658ea69c25de478e042f5eba4ca79064441ec5e7aa6d
ENSG00000164117,FBXO8,ENST00000393674,4,174283666,-,GRCh38,174242707,174324627,bac604afc54fb2814bddb86c22605d1a6c2fa81c60cebd0ba4b06528782d23e5
ENSG00000164118,CEP44,ENST00000503780,4,174283910,+,GRCh38,174242950,174324870,a7f01ea176000589af1541cb6ed3b07d9603b356c012bc94063ea670e27823be
ENSG00000164120,HPGD,ENST00000296522,4,174522487,-,GRCh38,174481528,174563448,bbf0fda2e5558e00103b82c7a8b6a53e794748d80e8ef5a3beffec63f7cabff0
ENSG00000164122,ASB5,ENST00000296525,4,176269221,-,GRCh38,176228262,176310182,e8897e6e0d7e5ae962cd666bf3f28d521e9b6bb3431d5c23d1b47adbc928b85f
ENSG00000164124,TMEM144,ENST00000296529,4,158210485,+,GRCh38,158169525,158251445,426c39d2da34eb2db578b46ab49eabb6dc4ace185d8f126f24f4126a5bee0131
ENSG00000164136,IL15,ENST00000320650,4,141636582,+,GRCh38,141595622,141677542,606a7c53da08178f9e457ce729631c9ff0edbc92646b977a3ef9ef37d7d18938
ENSG00000164142,FHIP1A,ENST00000435205,4,151409175,+,GRCh38,151368215,151450135,f4d2d5b7dc0c50411de09f788160227ceac01be7e68e3ca50f34a522e7828e87
ENSG00000164151,ICE1,ENST00000296564,5,5422676,+,GRCh38,5381716,5463636,3fd0af9e396b2b1c34d23118ce9eb3dec8ac9220932666e31edc1ccdbc949f01
ENSG00000164162,ANAPC10,ENST00000507656,4,145098195,-,GRCh38,145057236,145139156,2dc9e6178c86ff37c8f99f1213c16b5ae9248715bc744e9133ba49c91d5697e8
ENSG00000164168,TMEM184C,ENST00000296582,4,147617396,+,GRCh38,147576436,147658356,e6ee335851e474a626bea9985bf7ed12e998bec942213c6c3db5855847dd7b48
ENSG00000164171,ITGA2,ENST00000296585,5,52989351,+,GRCh38,52948391,53030311,d5261d7e18d88c26125ff22e6342b48e7164de1aba656802a6ae75e34eaac5f4
ENSG00000164180,TMEM161B,ENST00000296595,5,88268844,-,GRCh38,88227885,88309805,35f0929287fffde35304530ba8591ac770b4a7fe186f12f7abbad0b190fcd9dc
ENSG00000164181,ELOVL7,ENST00000508821,5,60844268,-,GRCh38,60803309,60885229,7b4e6fe753b991e0aee2e8b55295a42d4f341d3845639a3408eebeafb5651af6
ENSG00000164187,LMBRD2,ENST00000296603,5,36151886,-,GRCh38,36110927,36192847,a13846df3b0223689c53cd7839a461cbaa04c74cdce59dcc007ad50af3d9c17a
ENSG00000164188,RANBP3L,ENST00000296604,5,36301901,-,GRCh38,36260942,36342862,478b7ed608e804a607c05aefb28f132db98b9d08c042054a22fdaa5d870886cb
ENSG00000164190,NIPBL,ENST00000282516,5,36876768,+,GRCh38,36835808,36917728,0c883d707ebcade48049aec90d05043b72242af6e50bc4e2d6ecadea0853deb9
ENSG00000164197,RNF180,ENST00000389100,5,64165842,+,GRCh38,64124882,64206802,55f84c651a5252bb5bb062d7a08d6fc0f18698ed152f00dfc56bf2147f1d06d0
ENSG00000164211,STARD4,ENST00000296632,5,111512534,-,GRCh38,111471575,111553495,8c60f2e7983f380bfce450aedc504f39840ac8bf58f1e8f2305d03ac60130aee
ENSG00000164219,PGGT1B,ENST00000419445,5,115262876,-,GRCh38,115221917,115303837,39f46978a420f6240550686e29b472ad897fed0deb30be256c90895a27132b54
ENSG00000164220,F2RL2,ENST00000296641,5,76623402,-,GRCh38,76582443,76664363,f8f979644d7092a36f50a858512058aca1e848309f42cced6b687014e075b1e2
ENSG00000164252,AGGF1,ENST00000312916,5,77030403,+,GRCh38,76989443,77071363,7c85173c799954b426722619753115d964fd791817b368e194e9de757c114d8f
ENSG00000164253,WDR41,ENST00000296679,5,77492315,-,GRCh38,77451356,77533276,7e8138d6c795677fa78617868cf44467b447335631b4a0d1f0b9ab15f83bcd27
ENSG00000164258,NDUFS4,ENST00000296684,5,53560638,+,GRCh38,53519678,53601598,31f4332b0b236f68b4f80e3d5f94a0cfe90915365e76620c28aef6fcb70503e1
ENSG00000164265,SCGB3A2,ENST00000296694,5,147878710,+,GRCh38,147837750,147919670,0151f1b3e4758e0cf0f92c24ff85ff38b871f8cffbd70c376bbf792a5bf1205f
ENSG00000164283,ESM1,ENST00000381405,5,54985592,-,GRCh38,54944633,55026553,29fdfed0b41abc7fbfb837bbb762b0ac09a0d98f83906981f3d8350914d6a496
ENSG00000164291,ARSK,ENST00000380009,5,95555100,+,GRCh38,95514140,95596060,6d66e6de67a3ba9e5254a479c7f543ab587da58637beeead39520fdc31dac14e
ENSG00000164294,GPX8,ENST00000503787,5,55160170,+,GRCh38,55119210,55201130,ee5e99bf44f96c0629e3784cf2038325a6c5ebdba6e8e6a496b747f3e6631f61
ENSG00000164303,ENPP6,ENST00000296741,4,184217872,-,GRCh38,184176913,184258833,fa6ef9cc045cf6925d97fb5099e753b7f71bd0e50e821add319d2e91a9ced59b
ENSG00000164307,ERAP1,ENST00000443439,5,96807944,-,GRCh38,96766985,96848905,6f5751f58014d6f2fa34d93f6fb107818d5c70b4711a9ae9016eb3def169a39c
ENSG00000164325,TMEM174,ENST00000296776,5,73173192,+,GRCh38,73132232,73214152,6a45a1ad5007a42bb819fff24fe2cef4d1dd6069542e10351b2440da5c39c156
ENSG00000164326,CARTPT,ENST00000296777,5,71719274,+,GRCh38,71678314,71760234,58ac28455ace41eae5c509b12e1b0334f05d89d7567f2d8ea45aff152f4196fa
ENSG00000164327,RICTOR,ENST00000357387,5,39074398,-,GRCh38,39033439,39115359,df849ef39c8b8fa704846cdb1102fe5c5b13ac66b61ae53f84448544ff1488e4
ENSG00000164331,ANKRA2,ENST00000296785,5,73565638,-,GRCh38,73524679,73606599,3424735caf66e63b66434b13e48f58aed07700165e7011e670ffbb04819e2357
ENSG00000164332,UBLCP1,ENST00000296786,5,159263289,+,GRCh38,159222329,159304249,4f7e992f005e72f90851146b268f8fcaa44ac62b846baced49fc6b99af275da6
ENSG00000164338,UTP15,ENST00000296792,5,73565742,+,GRCh38,73524782,73606702,cfdac1c067db910c48179a458982b579ccefa7fe5e1305281b89c94f6c4bbe1e
ENSG00000164342,TLR3,ENST00000296795,4,186069155,+,GRCh38,186028195,186110115,af06736aad22c296aa81a6fa080d23359e2d9381563e7ca230695dfe2d008e21
ENSG00000164418,GRIK2,ENST00000369134,6,101393707,+,GRCh38,101352747,101434667,9616e9bb7e7ff536e7d3fb89dd24b62f48c353b74a69dda92e4aefd78ebe4973
ENSG00000164438,TLX3,ENST00000296921,5,171309247,+,GRCh38,171268287,171350207,5c5b6cb225aef210ecd3fa26b6e4122bdea18cad9b318f3815d8efc3a72ada1c
ENSG00000164440,TXLNB,ENST00000358430,6,139291997,-,GRCh38,139251038,139332958,19b24bb1ee05f07508fd9e0e2c70d32389e142e939c6f1ccb1535189a3d63315
ENSG00000164484,TMEM200A,ENST00000296978,6,130366016,+,GRCh38,130325056,130406976,765a37c811ba4ec50e81fcf3fd83e2dd2e335cd8bf775b71fcf66116bd32c728
ENSG00000164485,IL22RA2,ENST00000296980,6,137173643,-,GRCh38,137132684,137214604,52b0c09bcc6809bc5844f884864598d158401a04ff6e2854a086d2e0ff58ce82
ENSG00000164494,PDSS2,ENST00000369037,6,107459563,-,GRCh38,107418604,107500524,93dea8701bbb9b695e4a9c4f1c660f3a34e1c5433c8852b16e7acf0094edeabe
ENSG00000164532,TBX20,ENST00000408931,7,35254099,-,GRCh38,35213140,35295060,c2424ff24b96339d776695222256007d26a4ea5901f53d4fe42230ea1950d132
ENSG00000164574,GALNT10,ENST00000297107,5,154190732,+,GRCh38,154149772,154231692,f97f9e5dde50268ec4187d1ed7e67e072d3ed5225c7db245f55c6ecfc1e4133a
ENSG00000164597,COG5,ENST00000297135,7,107563919,-,GRCh38,107522960,107604880,a3f0e34b4de7e8088b3fe775421a501b799df5e394f9c60045fe3cf84f31b25e
ENSG00000164600,NEUROD6,ENST00000297142,7,31340725,-,GRCh38,31299766,31381686,3c0fe0cd9cc5978a40c359fafe169850ae345691a7739ddbd8908a5d61df494d
ENSG00000164609,SLU7,ENST00000297151,5,160419080,-,GRCh38,160378121,160460041,fe5ce1f1b58b0e2c732ee2c1043a831516c5628fdb5ee2fd582158dc32d95085
ENSG00000164619,BMPER,ENST00000649409,7,33905538,+,GRCh38,33864578,33946498,a59a27d38afb25066404e7aa2ec32e05c8191cd142d13714efc63f3c9c377811
ENSG00000164620,RELL2,ENST00000297164,5,141636996,+,GRCh38,141596036,141677956,59e5e1cedb76002b477127ec1635b499fc842275b66a0da919c99b31bdb664b5
ENSG00000164654,MIOS,ENST00000340080,7,7566883,+,GRCh38,7525923,7607843,f77b7c1002ff4181534258cce80ecaab1e5076b16a3e7528126e66f4073b1672
ENSG00000164684,ZNF704,ENST00000327835,8,80874780,-,GRCh38,80833821,80915741,f3704f60281b25efa31f4e94101023b7eec79516a340ec8daf89fd79dd39e80b
ENSG00000164692,COL1A2,ENST00000297268,7,94394894,+,GRCh38,94353934,94435854,13d87a696b25339359264d63b6b0bcad24698583fd93aaa32c529861f2598ba5
ENSG00000164694,FNDC1,ENST00000297267,6,159169399,+,GRCh38,159128439,159210359,55724b1d56ac0a985a199e91105f7f11ac3b7abd7b2f7c50466e1d1ffaffce01
ENSG00000164695,CHMP4C,ENST00000297265,8,81732447,+,GRCh38,81691487,81773407,56fb681631477314632c5883a29ead3bd040892f9dbf14efa6ccc432a17cbd09
ENSG00000164715,LMTK2,ENST00000297293,7,98106861,+,GRCh38,98065901,98147821,29489c97b371a502b1cd2433e1aa1905cc3ce7a8ab73205c85f959e6b3560966
ENSG00000164741,DLC1,ENST00000276297,8,13514850,-,GRCh38,13473891,13555811,ff0a1a943ba5dfe030cc2a7837c9394edcd35225283b7f3c663d8cce2cf430a9
ENSG00000164751,PEX2,ENST00000357039,8,77000077,-,GRCh38,76959118,77041038,137bbe03f563eabd8f2d073d2b76c3eea7ba79607d6ba750a559476ec6ee8709
ENSG00000164754,RAD21,ENST00000297338,8,116874775,-,GRCh38,116833816,116915736,12d8db8c381a6a46f8beac9b08557dd7d2130c2928a5fffb3704c0af7eb672b5
ENSG00000164758,MED30,ENST00000297347,8,117520712,+,GRCh38,117479752,117561672,2992f6f74f25e0a2a24b43970f3d7f2ba5c460f269a3301d61ab72fd320fea62
ENSG00000164761,TNFRSF11B,ENST00000297350,8,118951884,-,GRCh38,118910925,118992845,ac1c554081a443db39ac08b3e311665e3938a2ba9f1d4b8b4b09482341bf155e
ENSG00000164794,KCNV1,ENST00000524391,8,109975770,-,GRCh38,109934811,110016731,37e1b97b5e1856b67ba64491955abf8faf989044e1cecc35c1e5ce353f5de4f3
ENSG00000164796,CSMD3,ENST00000297405,8,113436938,-,GRCh38,113395979,113477899,2676fa097f3cadd1b73b0c3d0823508b7414a800d951cd64e82916c254da077d
ENSG00000164815,ORC5,ENST00000297431,7,104208012,-,GRCh38,104167053,104248973,a4851bb4bf2e9d2875c901d1b1cab0ded3b650ab05c3fd86ac79d7d653250a43
ENSG00000164830,OXR1,ENST00000517566,8,106270189,+,GRCh38,106229229,106311149,57f297bde0e13767af80d3ff184931da8b0ec6e44bd11a39cc3dcc4c7c5c6e86
ENSG00000164841,TMEM74,ENST00000297459,8,108787593,-,GRCh38,108746634,108828554,927707486315040d32f39f612042926b31a526aae14805a02450991778919f75
ENSG00000164850,GPER1,ENST00000397088,7,1088112,+,GRCh38,1047152,1129072,4d8eeee1fbe54a14369a2c225b122024fda0dd20038a19992a0f7631cbd77194
ENSG00000164920,OSR2,ENST00000297565,8,98944441,+,GRCh38,98903481,98985401,debeca4bb7abd384a235b4ec14660bd7a13d8503b24b6940056da39d61e9a758
ENSG00000164930,FZD6,ENST00000358755,8,103298897,+,GRCh38,103257937,103339857,a9058a66ba0d9c5fed0bb8d568e986ede4feaa9b1a577866cdd1533150a1d79c
ENSG00000164938,TP53INP1,ENST00000342697,8,94949377,-,GRCh38,94908418,94990338,ca3ab03eb9a19d31eb25856af99ed81d605ee84193093b01ea1f55c89865835a
ENSG00000164953,TMEM67,ENST00000453321,8,93754893,+,GRCh38,93713933,93795853,f9c12a11458caa43696ec4405e049fc1bc7b4a68eb0b31b132a8f01d7178ed1b
ENSG00000164961,WASHC5,ENST00000318410,8,125091791,-,GRCh38,125050832,125132752,d83ceba235824b5910b349770ea08efc45d85a878040299396f17e512af18d7f
ENSG00000164970,FAM219A,ENST00000651358,9,34458569,-,GRCh38,34417610,34499530,4d710b333123127cf238deef8857de280465f56403d8e82a923cd0b3f6520dd9
ENSG00000164978,NUDT2,ENST00000379158,9,34329568,+,GRCh38,34288608,34370528,12c2cf090e1c724e54c8639e3880ad219254d67ec898ad1622d8dbc9a8ad476d
ENSG00000165023,DIRAS2,ENST00000375765,9,90642823,-,GRCh38,90601864,90683784,f36b4db5e883889003d93ac3e2bc0231305be07cf9c1a5cb201ef06dd00430d1
ENSG00000165029,ABCA1,ENST00000374736,9,104928154,-,GRCh38,104887195,104969115,d3a53692a64cd41c1a72f41026904c15843b1f49dad6e406fba04e4941ebd6bd
ENSG00000165066,NKX6-3,ENST00000518699,8,41650816,-,GRCh38,41609857,41691777,05cde04474a7f2fc4a6fdc7d4d581b42f284d3127a415e8ea1a813707e278bee
ENSG00000165072,MAMDC2,ENST00000377182,9,70043847,+,GRCh38,70002887,70084807,b6e6676bafa279d73e13db8233ccb67d0ef4d85f118109c9590a3324cb69076f
ENSG00000165091,TMC1,ENST00000297784,9,72521607,+,GRCh38,72480647,72562567,f63246728147299ae09f8a18c400cc816a4aa580225154d8bfd674034a0cba73
ENSG00000165124,SVEP1,ENST00000374469,9,110579740,-,GRCh38,110538781,110620701,1ef25e21e569ed37a046168800732ec280bdb074430347f8c7cf12c4cd112f1e
ENSG00000165152,PGAP4,ENST00000374848,9,101487172,-,GRCh38,101446213,101528133,8a58cbf12e3951c1cb62ab2bc18926ec07558a11603b690783d0cad9c7636a69
ENSG00000165185,KIAA1958,ENST00000337530,9,112486826,+,GRCh38,112445866,112527786,32dc37f3e57ed7eec9af644d11cc8a6a40f89b861ee72bd1fb46430e0f919fe8
ENSG00000165195,PIGA,ENST00000333590,X,15335522,-,GRCh38,15294563,15376483,42c0f576f2de0cbb89ac03d4974bfa10ca648cf2e21026a5dedf27875f995ce2
ENSG00000165259,HDX,ENST00000373177,X,84502452,-,GRCh38,84461493,84543413,ffd45f1832b0b3b39d0610030b813339394a476883fcaace55fa650f90785e6d
ENSG00000165282,PIGO,ENST00000378617,9,35096590,-,GRCh38,35055631,35137551,0be5fd10b2fc7f56a23606aeeb5cf186eedaf478bb85b6e5b4d9ff974777ff6d
ENSG00000165376,CLDN2,ENST00000336803,X,106920401,+,GRCh38,106879441,106961361,992f120194247b4cda9d802f17e67b59dcbbfacfa573b396a57fc2a09864287b
ENSG00000165379,LRFN5,ENST00000298119,14,41606875,+,GRCh38,41565915,41647835,da8ad061a6c915ccff2804f9deb9f1842224f661184c252e206145e9132bccb5
ENSG00000165383,LRRC18,ENST00000374160,10,48939839,-,GRCh38,48898880,48980800,77eb8ebdd44305bde531f0a3d5b751e5bdea1b321fbc6efe18d0e96bf087e9c3
ENSG00000165409,TSHR,ENST00000298171,14,80955620,+,GRCh38,80914660,80996580,22b60515a3b0e0df04b913efcc78318fae25eb6ac8f7fd093c059ba36d210d6a
ENSG00000165474,GJB2,ENST00000382848,13,20192937,-,GRCh38,20151978,20233898,a91b3f89ad823e086fa050ba3cf69cf3b4588e7b7199c7e5642f467913ce5306
ENSG00000165475,CRYL1,ENST00000298248,13,20525856,-,GRCh38,20484897,20566817,25291d2b39eb31a6a98e838c90a0dbf043ad5854ca37d1b6d611f5cc45aba766
ENSG00000165478,HEPACAM,ENST00000298251,11,124936046,-,GRCh38,124895087,124977007,df8f12ffb5a7de6b7998eb3203afe33e95f9904bce313d89a0674756eabea892
ENSG00000165494,PCF11,ENST00000690938,11,83157130,+,GRCh38,83116170,83198090,452c961c11c47d4fc7406236e373f2c4210a4118b2b50825deebc27601a652f8
ENSG00000165495,PKNOX2,ENST00000298282,11,125164750,+,GRCh38,125123790,125205710,94b475eccfb6d3fb68c0203307c04af834e003277473a9010eb111c0c2ca76cd
ENSG00000165606,DRGX,ENST00000374139,10,49396088,-,GRCh38,49355129,49437049,27033cdfac1613045cc67a3350e081eda9d4ccf5d116635709a55ddc6e7b0a0a
ENSG00000165633,VSTM4,ENST00000332853,10,49115521,-,GRCh38,49074562,49156482,1cca75dc42e4d015b4c802a7486f2ccda62e23846b35c7e77b4aa3428c492700
ENSG00000165646,SLC18A2,ENST00000644641,10,117241113,+,GRCh38,117200153,117282073,2e79c1f6f60cc1b525d7b6a51698c5f1cf32842252f6ec2cf8b3f21ef518dbe3
ENSG00000165675,ENOX2,ENST00000394363,X,130903208,-,GRCh38,130862249,130944169,7f2ae54fc40077e20ad71b34eb978f731dd8569fb11ee75bbaf0219612709925
ENSG00000165694,FRMD7,ENST00000298542,X,132128019,-,GRCh38,132087060,132168980,0437ce57a230079be5c486503759d5f38c2a8c6b5d96a3220e63567fc294d3dc
ENSG00000165695,AK8,ENST00000298545,9,132878283,-,GRCh38,132837324,132919244,1e88511d1065a03d1dcf09a2088f660ed772ff912a9b6deea8d74543559eedc0
ENSG00000165698,SPACA9,ENST00000356311,9,132878897,+,GRCh38,132837937,132919857,6efd5a3bd53cb3f04869a8d7764bbcdb8dffc1221f4ac7e884a854c7f2ab5954
ENSG00000165806,CASP7,ENST00000369318,10,113679911,+,GRCh38,113638951,113720871,90db08f1931e5ac74dba2217d33c3afae6702f640b031b59e5ccab575dd934bb
ENSG00000165813,CCDC186,ENST00000369287,10,114174202,-,GRCh38,114133243,114215163,1877d3cb76b5ba82e6e2de97a98eb0808b6d551b679ca3898b21064cda556b0e
ENSG00000165832,TRUB1,ENST00000298746,10,114938194,+,GRCh38,114897234,114979154,5b9cef317ab93a048b43143b32b07add987044250d5731df363a4966b1ddcda7
ENSG00000165868,HSPA12A,ENST00000369209,10,116742565,-,GRCh38,116701606,116783526,ea5d604c985cd1bc150a31e35de91700e23012105a3f7e50966ec367258b99b3
ENSG00000165887,ANKRD2,ENST00000370655,10,97572778,+,GRCh38,97531818,97613738,30f4e6dc4ca1a0291a4d4e64919b492eeb4a2df59e33a71acf00b7aeabc2faf6
ENSG00000165899,OTOGL,ENST00000547103,12,80099536,+,GRCh38,80058576,80140496,0698569fa8ccc67ed84ba560d061bc78bf2d912b6167044f1db49e809d0a8801
ENSG00000165929,TC2N,ENST00000435962,14,91867535,-,GRCh38,91826576,91908496,0c48dbbacc4872ab8738fd5b390b0b722532cdff800b1742c2363880918f4b3e
ENSG00000165934,CPSF2,ENST00000298875,14,92121968,+,GRCh38,92081008,92162928,b9a81db251748985a7473956945874a8dc3ba6304e99c745f83c4dddbc82a0a0
ENSG00000165970,SLC6A5,ENST00000525748,11,20599607,+,GRCh38,20558647,20640567,a75d21d548ffe974cdec301bc3eb857262fec7fe6485b8212ea4dccc967419a7
ENSG00000166025,AMOTL1,ENST00000433060,11,94768355,+,GRCh38,94727395,94809315,b7b1db3515f09ba324a1e971c9621b4760f0661912bd05097d41c479148beb55
ENSG00000166035,LIPC,ENST00000299022,15,58431990,+,GRCh38,58391030,58472950,5c2bfcaf4932d79901d9c77082ca8825d614ed27fd59905319942ddbc5329b66
ENSG00000166068,SPRED1,ENST00000299084,15,38252835,+,GRCh38,38211875,38293795,62cc24b91bf50bc9c060d209cccb3f17bdb672346e3e397d383ce3c496ba8713
ENSG00000166073,GPR176,ENST00000561100,15,39920265,-,GRCh38,39879306,39961226,3302f0352963bbba80bf207b1f97ad1b4375ccdcb279c61c7323fb5e787627e6
ENSG00000166086,JAM3,ENST00000299106,11,134069071,+,GRCh38,134028111,134110031,e29cddb67167a06e0293c901b1c8badd9b5e5d27bb4c8935580f94496c5901ca
ENSG00000166106,ADAMTS15,ENST00000299164,11,130448644,+,GRCh38,130407684,130489604,36c63d67258777ddc38442da8ce9825568b2499e6f27922fbafea650f12ce586
ENSG00000166128,RAB8B,ENST00000321437,15,63189605,+,GRCh38,63148645,63230565,3400d786a16197db5ac37a83c76ca70fe388810cd0c6cd9e9a80eda520339d02
ENSG00000166147,FBN1,ENST00000316623,15,48645708,-,GRCh38,48604749,48686669,ddd978d0857411d25ac00744e642dc9d9489eb472808a8b5db5e241661eafeaa
ENSG00000166159,LRTM2,ENST00000299194,12,1820564,+,GRCh38,1779604,1861524,4734f92a977c1d2e5783f68684defffe0cc6349fe730c53761bbd43dcfc85744
ENSG00000166171,DPCD,ENST00000370151,10,101588320,+,GRCh38,101547360,101629280,acfb323626173880bb3006b7f00fc0f8312f13b24dcdc7b2089c7a97aa09809c
ENSG00000166199,ALKBH3,ENST00000302708,11,43880830,+,GRCh38,43839870,43921790,532d5924f1d5fe7061c79d344d4edd20307d08374b5dd28eb02e3c1f6693be1b
ENSG00000166200,COPS2,ENST00000388901,15,49155598,-,GRCh38,49114639,49196559,5de1bad2a96a45806a2e9ce2d55df011abe1c7420cd9f33c546b07ea3bc66db9
ENSG00000166206,GABRB3,ENST00000311550,15,26773065,-,GRCh38,26732106,26814026,2995d7286d8144fbd0c37a1d1446c343f147ef4d9628450df4cd1cc303f37fe8
ENSG00000166225,FRS2,ENST00000549921,12,69470387,+,GRCh38,69429427,69511347,39edc2cd873e0d08540411c5fe8ac7379dbd63797bdb27c940b29971e274fd70
ENSG00000166257,SCN3B,ENST00000299333,11,123654623,-,GRCh38,123613664,123695584,a967ad48faa514e99f3e1a546d4cfb79ca0cf9f218e69dc5df3566f847ea5e98
ENSG00000166263,STXBP4,ENST00000376352,17,54968764,+,GRCh38,54927804,55009724,5ce842d60190525f94995b3dba0fd2c99ce9600c5e5e20d3532c22a192677a17
ENSG00000166292,TMEM100,ENST00000424486,17,55722863,-,GRCh38,55681904,55763824,716ef84458c02e814abaf3f25a52d1771b8704a1a25f3e6b965b10c930ef8106
ENSG00000166333,ILK,ENST00000299421,11,6603773,+,GRCh38,6562813,6644733,65d54cf5872836448146ac5794b6880ac760e3eba9b19463ff966b26a6ba51fd
ENSG00000166340,TPP1,ENST00000299427,11,6619421,-,GRCh38,6578462,6660382,9c8e87323f73429a08ac0e67fe6d6e4ff42ca4e177c05f355ad6907e9f69253f
ENSG00000166348,USP54,ENST00000687698,10,73591341,-,GRCh38,73550382,73632302,f0c21f8dcf30a5a009c5bd0d2e56ce0641049e3527e66b8c65af8238f6b13c82
ENSG00000166349,RAG1,ENST00000299440,11,36568006,+,GRCh38,36527046,36608966,6f328137352c1cd48e12d6aab1a11e3eb01df9fc74767982ab73800c1d95a10d
ENSG00000166387,PPFIBP2,ENST00000299492,11,7513998,+,GRCh38,7473038,7554958,a271a6a5b975038f2c67b79691180a0abd8ac3bffb3de8a2ef9b407313a7ab90
ENSG00000166405,RIC3,ENST00000309737,11,8169024,-,GRCh38,8128065,8209985,a46fcd96316c492a96722f8547305be0468385c3f3ee663a2c30a533da21ffae
ENSG00000166407,LMO1,ENST00000335790,11,8263877,-,GRCh38,8222918,8304838,1461b32de9d445f33bd0fd7839aac16f35acd8049f9bfb3dc6b3018edf529158
ENSG00000166436,TRIM66,ENST00000646038,11,8682664,-,GRCh38,8641705,8723625,5089f5627fe2592eb2193510a4dfa0afb3d8ca397212a5affe4908f9ca4e6add
ENSG00000166444,DENND2B,ENST00000313726,11,8810673,-,GRCh38,8769714,8851634,14384726543040f975fd3c11a33544545d48415252a0a34f59ee18333fc59354
ENSG00000166446,CDYL2,ENST00000570137,16,80804597,-,GRCh38,80763638,80845558,ca6ca440d711ba325e46ab024c7b25bd549d78ec09d6f1dacf08be055e77bed7
ENSG00000166478,ZNF143,ENST00000396602,11,9461011,+,GRCh38,9420051,9501971,08a0b381d6902a2313b2c0cb6d51ccecd766c429322af88b96fb4b142df0786a
ENSG00000166509,CLEC3A,ENST00000299642,16,78022547,+,GRCh38,77981587,78063507,5cb9647107a95321c2b53f41eb51fd41593f12bbe6d18bc18caabb65e39a24ac
ENSG00000166510,CCDC68,ENST00000591504,18,54959460,-,GRCh38,54918501,55000421,84f658b748e9cb8dcb2ab8bd724f63cef473452395c9e0805bfe0d61231f5fba
ENSG00000166569,CPLX4,ENST00000299721,18,59318648,-,GRCh38,59277689,59359609,78ccd229287838cd7c04719c57e7a640f6fe3944b3dffcac019f82e24aa4b071
ENSG00000166676,TVP23A,ENST00000299866,16,10818793,-,GRCh38,10777834,10859754,6952e20c8efd17f4469e7627b669ccfb2b104f866a3adb1eb9cbf3e80e337aca
ENSG00000166689,PLEKHA7,ENST00000531066,11,17014413,-,GRCh38,16973454,17055374,9f642c6e349189265859fc4843cbe84ef4e35989d65d97ab4a96900a8eb0c48a
ENSG00000166747,AP1G1,ENST00000299980,16,71808833,-,GRCh38,71767874,71849794,e9e7e58a2047b8144da68d11a8612c948509238e62d1f11b4e3bab4cb99d0c20
ENSG00000166793,YPEL4,ENST00000300022,11,57649911,-,GRCh38,57608952,57690872,c90310fc48f1a00031ec79147391ba6cea0163961a79a1cec1547b688bb2f207
ENSG00000166828,SCNN1G,ENST00000300061,16,23182744,+,GRCh38,23141784,23223704,9fcf6c6bc4a57934d4a4436db7f2c6c2708ca3595d57fcc5fcc87274e157b9ba
ENSG00000166833,NAV2,ENST00000349880,11,19712836,+,GRCh38,19671876,19753796,8ce0ed27f46c3c13ebd08eeb7d646a556bbf916a4f615bdd27139c890bd325b5
ENSG00000166887,VPS39,ENST00000318006,15,42208303,-,GRCh38,42167344,42249264,e885792f07698ad61091f2fb6446c8b55335ada2d2689053f8f19d20d5f9ab6b
ENSG00000166889,PATL1,ENST00000300146,11,59669036,-,GRCh38,59628077,59709997,e72c1be29e3c4ce82a20c0c965e2998335b9aa7a3d6698a2650d86cc94f16b53
ENSG00000166912,MTMR10,ENST00000435680,15,30991627,-,GRCh38,30950668,31032588,f50db5b8727c4495a325e1d334e75ba520196e682e156afbf657f6ce25de2fc6
ENSG00000166974,MAPRE2,ENST00000300249,18,35041412,+,GRCh38,35000452,35082372,5f7625ac173d0add5cf280fd782aefb70e81b3c972adda557d7f98a759dc6dcf
ENSG00000167131,DNAAF19,ENST00000417826,17,44899728,+,GRCh38,44858768,44940688,e6b7271dcaaeedb78a848ff6423e725ede120f0c2ff35c9ce2cd563c598f7e0f
ENSG00000167139,TBC1D21,ENST00000300504,15,73873563,+,GRCh38,73832603,73914523,8ba6ed231f13949f9a328ce419f550160c97387fdd252b67d1a8f1602bc4d871
ENSG00000167258,CDK12,ENST00000447079,17,39461485,+,GRCh38,39420525,39502445,781c4fb25638f88255e8160f1640ce8dc3f1ab1659ae8e1cbb6d12389ae8fddf
ENSG00000167419,LPO,ENST00000262290,17,58238583,+,GRCh38,58197623,58279543,4df889ded8bb7835fdbab2c7119e6ba729da08afdad681cbecb0c63830aee3fb
ENSG00000167549,CORO6,ENST00000388767,17,29622911,-,GRCh38,29581952,29663872,70e97bec5b38541a354d77254ab91a1c60066f3fb66bd1b1b1271d88147e0776
ENSG00000167566,NCKAP5L,ENST00000335999,12,49828412,-,GRCh38,49787453,49869373,d7197b0d68a0cd02d0a40e1cda043f5a14c14c1e837b9ee9c1ad70e3f9525000
ENSG00000167780,SOAT2,ENST00000301466,12,53103485,+,GRCh38,53062525,53144445,f986d0cc0ce2fa9a30e9b937a1546bd8697b78d4b4159069e3dbf07d6dc96ae6
ENSG00000167910,CYP7A1,ENST00000301645,8,58500162,-,GRCh38,58459203,58541123,a4b1b2015df2deafdd2b88783c233477aa78e4c604644b6358043b794a567bf5
ENSG00000168026,TTC21A,ENST00000683103,3,39107679,+,GRCh38,39066719,39148639,3690d7312b45ed759d9c487ad05b958b9654f2127240367ab094599c18d15b8b
ENSG00000168077,SCARA3,ENST00000301904,8,27633901,+,GRCh38,27592941,27674861,4bb1e71b5132951afeefbb5a675b7f02dea022f6d69022f4d2fc5cc6a301ca33
ENSG00000168137,SETD5,ENST00000402198,3,9397614,+,GRCh38,9356654,9438574,3f706d0debe7cd5fcfad961db54f004de70a7a8e7883d19246c44cc9a3e5ba6d
ENSG00000168143,FAM83B,ENST00000306858,6,54846770,+,GRCh38,54805810,54887730,f004f0483d2ca4947043e4f0e38b2c1e756a7541cd36122f94188327ec3457d8
ENSG00000168216,LMBRD1,ENST00000649934,6,69797009,-,GRCh38,69756050,69837970,de4410d6b1f737ff1e62654ad6ed1cf077b2522fad04ecd0fa1db69b2224febe
ENSG00000168237,GLYCTK,ENST00000436784,3,52287827,+,GRCh38,52246867,52328787,7ba9dc53b3bcf66ee7a4f93eec67d6e18af2ca3e5f91a96af3b0a098e4f027ad
ENSG00000168246,UBTD2,ENST00000393792,5,172283763,-,GRCh38,172242804,172324724,8d2dd7bc093463e3c7b413ca2008d15116835d043b1f67391b6186f6333fe578
ENSG00000168263,KCNV2,ENST00000382082,9,2717509,+,GRCh38,2676549,2758469,2d0b6ccd82467fe32c2f2f5d1014fed64f862c4426feb25d12499d9b09313279
ENSG00000168269,FOXI1,ENST00000306268,5,170105896,+,GRCh38,170064936,170146856,8cfb887c61ca80587817cd7d828868cd72779656f0e7f75e8790e15100cacb15
ENSG00000168280,KIF5C,ENST00000435030,2,148875226,+,GRCh38,148834266,148916186,178b979c8fb123bb0b77df6ffaba2d9b72fdc0f78d465f3175f133cf573d35db
ENSG00000168356,SCN11A,ENST00000302328,3,39051943,-,GRCh38,39010984,39092904,ad067fc2d095898e4235ff2d277a19edc412d41587446d7382953e03e06e5637
ENSG00000168386,FILIP1L,ENST00000477258,3,100114500,-,GRCh38,100073541,100155461,1728577f04e9464366e2b72309789d380092d0317ba138630ca77b0a2708dc75
ENSG00000168418,KCNG4,ENST00000308251,16,84240011,-,GRCh38,84199052,84280972,e4f1dcc96cd9e8a98f8e04f69bcf9dc8fe692b1a73310cf8f9b785e2eb306b0c
ENSG00000168434,COG7,ENST00000307149,16,23453188,-,GRCh38,23412229,23494149,a5216e294effcee84589df75b6dc785831b5b1ace363db2415acfbd7d2c92d94
ENSG00000168497,CAVIN2,ENST00000304141,2,191847087,-,GRCh38,191806128,191888048,8f7b19a1c46e67bb26aae2cd86849297b3b0dce6a1fa10ba919d4a0a22381209
ENSG00000168530,MYL1,ENST00000352451,2,210315173,-,GRCh38,210274214,210356134,b6d8cf97c84c3e6489a033b2537e932e38fd694e74fe83d5a84a085c0f201505
ENSG00000168538,TRAPPC11,ENST00000334690,4,183659292,+,GRCh38,183618332,183700252,e4c4e91ab3a6a5742c39b0b70581f77774ec3f600e5a808011be337de265f6c6
ENSG00000168542,COL3A1,ENST00000304636,2,188974372,+,GRCh38,188933412,189015332,0a239b0ed7173308416effd4ace495f9d9469fd17f53e23612a734991d6a309f
ENSG00000168566,SNRNP48,ENST00000342415,6,7590197,+,GRCh38,7549237,7631157,64c8bd68ff1061d20853bdffb7bd85b4eae527c03b98ad397f15563506d52d99
ENSG00000168615,ADAM9,ENST00000487273,8,38996972,+,GRCh38,38956012,39037932,d6f7962588fe10bddf08fbd3641df1a61a086b6a96618a4c76adb7763b22e553
ENSG00000168675,LDLRAD4,ENST00000359446,18,13218759,+,GRCh38,13177799,13259719,5e19cd0f008a9c7a76323d0b80ae6b44960cba42cf5b96ca42bedbe438089457
ENSG00000168679,SLC16A4,ENST00000369779,1,110391025,-,GRCh38,110350066,110431986,79e42073b028a33d8b6a81a4567507fb033dcf062abaa3fc17330d0541736330
ENSG00000168685,IL7R,ENST00000303115,5,35856890,+,GRCh38,35815930,35897850,97eface63239f07c6bb6ab483fc0a346c22668c5935730378a393d3e27bc2331
ENSG00000168702,LRP1B,ENST00000389484,2,142131015,-,GRCh38,142090056,142171976,202b49595cdc02b74102b406abcb97ef1bd2a90404a922dec742213793457bff
ENSG00000168710,AHCYL1,ENST00000369799,1,109984764,+,GRCh38,109943804,110025724,9f0210dca44c30cfb6697866232c2370e4cd52728157e6ef8da796df6e316de8
ENSG00000168769,TET2,ENST00000380013,4,105146875,+,GRCh38,105105915,105187835,dd5f4ec3d5c38faa82c8da53795145a316e7dbf32bbbfa25ece56233c481d286
ENSG00000168813,ZNF507,ENST00000355898,19,32345609,+,GRCh38,32304649,32386569,1b7e74ff4b9cfd9bc92885f5df261a55bdd5d0ce58a0c89dad513826f5f784bc
ENSG00000168818,STX18,ENST00000306200,4,4542047,-,GRCh38,4501088,4583008,9759b0d4ca0d2a0fb06ee99ad99477ed2b9e8f5a2d398c8488b475411499c285
ENSG00000168827,GFM1,ENST00000486715,3,158644526,+,GRCh38,158603566,158685486,83fc1b3962fd72a5f249907be57654d2052dff17e55ff425ffb27abece03d5d3
ENSG00000168874,ATOH8,ENST00000306279,2,85753990,+,GRCh38,85713030,85794950,28581dd78c16ad939841477e0b9264c99bb561359f6427fd1ad0a83cf7f9d524
ENSG00000168907,PLA2G4F,ENST00000397272,15,42156635,-,GRCh38,42115676,42197596,2d29cfba6ad27b6bb32034213da954072b699906be6d64c55ab9827ff5ab1881
ENSG00000168917,SLC35G2,ENST00000446465,3,136819125,+,GRCh38,136778165,136860085,aec348da38a1d922b8e6c6fbb36d9b02cedec90741fcbd747a4df2c329b25730
ENSG00000168918,INPP5D,ENST00000445964,2,233060341,+,GRCh38,233019381,233101301,61fa65fde1f1ed6366ec3999480fd200572ba6233850226973e68e6d5095bcfc
ENSG00000168944,CEP120,ENST00000306467,5,123423402,-,GRCh38,123382443,123464363,146aa15e2636e7969ed208efcf134bb7531533f1391d147a02b9865b245c38f4
ENSG00000168955,TM4SF20,ENST00000304568,2,227379305,-,GRCh38,227338346,227420266,34515ca5781ddb0e9d2bed1ab4f5078441eb3b4dbb60ed410cbbcae3455403b4
ENSG00000169218,RSPO1,ENST00000356545,1,37634891,-,GRCh38,37593932,37675852,3c7b98fa725777ba15b79261095852b0dd30fb41c3feb64c178690c9048d8770
ENSG00000169247,SH3TC2,ENST00000515425,5,149063061,-,GRCh38,149022102,149104022,5c01a883a248fc871f675b30a443c5f05f2b287617b637d66844f0c79cdbc609
ENSG00000169252,ADRB2,ENST00000305988,5,148826610,+,GRCh38,148785650,148867570,62d98ccdc748fd313670160176d6935b2cb35b1fd862b0c5732e2d64dd75ba54
ENSG00000169271,HSPB3,ENST00000302005,5,54455698,+,GRCh38,54414738,54496658,40e6ca5ba467df4f02087beb929c2c6bfff074aa6183701ee1511bd1e43a3acd
ENSG00000169282,KCNAB1,ENST00000490337,3,156120577,+,GRCh38,156079617,156161537,0239a1fe8dc62fbeca9b549e21cd5be27f2e0ed577ecfdc8815bc5540d65841c
ENSG00000169302,STK32A,ENST00000397936,5,147235025,+,GRCh38,147194065,147275985,6a695483322dd23e5c897736c6fd1f65027697b73d327558301b768524576e6e
ENSG00000169306,IL1RAPL1,ENST00000378993,X,28587445,+,GRCh38,28546485,28628405,ea63cb1e0e53a886e3e11d28f1e675b7b830d6458b6dd7d4427ced8c4c472aa4
ENSG00000169313,P2RY12,ENST00000302632,3,151384752,-,GRCh38,151343793,151425713,0417072070d7acb024e4021de4955903b1bcc3434fc2fa9a3cd07070fc7c469b
ENSG00000169344,UMOD,ENST00000396138,16,20352714,-,GRCh38,20311755,20393675,9b3210943003834af0375e35d147e21c941071b4ffff8003d3c8162ae38fa47e
ENSG00000169375,SIN3A,ENST00000394947,15,75451689,-,GRCh38,75410730,75492650,979374d7e9ae89f79216697c1906bea0aea572fbc2666380f9d377f9d5122d17
ENSG00000169435,RASSF6,ENST00000307439,4,73620435,-,GRCh38,73579476,73661396,1799375e82d9c1d5a37f8838d652183b8bf2e6a5de9cc857bd832dba4337aefb
ENSG00000169439,SDC2,ENST00000302190,8,96493812,+,GRCh38,96452852,96534772,f2982d10bb7a0e53c1efc71488411b2e68b9e0f33ebb5494e633f74568be311d
ENSG00000169490,TM2D2,ENST00000456397,8,38996508,-,GRCh38,38955549,39037469,32a531650819990df87bbe182730586c49fbf1d394f5878903697b1ca8bbfca4
ENSG00000169507,SLC38A11,ENST00000685975,2,164955524,-,GRCh38,164914565,164996485,3cc378e1f3df981667dfe82e155f8ad37a24c3107df75b89146cd0e53df76423
ENSG00000169508,GPR183,ENST00000376414,13,99307398,-,GRCh38,99266439,99348359,f082779340255f41fd9caeb54be221a6b8bfbec0f8d206524a914970ac624dea
ENSG00000169519,METTL15,ENST00000407364,11,28108387,+,GRCh38,28067427,28149347,bc5170f89cef3d8085fcc26f2af52780ccf4a13aa1c38e4753ece2167dc399f4
ENSG00000169604,ANTXR1,ENST00000303714,2,69013178,+,GRCh38,68972218,69054138,d5c2c82e067719867492c05629544f8348a3cde020c856d9dbd8d47d136bd8d3
ENSG00000169621,APLF,ENST00000303795,2,68467584,+,GRCh38,68426624,68508544,2f06188bc828167a97953380f1e04230d65e07d87e357da93601055687659372
ENSG00000169641,LUZP1,ENST00000302291,1,23168855,-,GRCh38,23127896,23209816,47c00a46f81ac4d2879e65a7347713315443746b6404228b726a820e3fd09750
ENSG00000169744,LDB2,ENST00000304523,4,16898644,-,GRCh38,16857685,16939605,93c00260b841ceb3277c7b1afcf1c0b5c48552b699e695a7b09b6923c204f655
ENSG00000169760,NLGN1,ENST00000695368,3,173397743,+,GRCh38,173356783,173438703,44c558790db299e2e2aae408df4757041fac60596ad4e0315a3cc1f550811ed7
ENSG00000169764,UGP2,ENST00000337130,2,63841895,+,GRCh38,63800935,63882855,fe6043a73b3c3aad58b792b6768a3bc508d059c765cb933fe3aef6e449c10045
ENSG00000169860,P2RY1,ENST00000305097,3,152835130,+,GRCh38,152794170,152876090,d94f07bb78dd011f368c4567e65a461e0c0650e40499a9c414fd6271020e53d2
ENSG00000169918,OTUD7A,ENST00000307050,15,31870672,-,GRCh38,31829713,31911633,25156f83ae1ccf8bd1634dde854d2a1479470154fbbd7b81cd1619c2f75787d4
ENSG00000169933,FRMPD4,ENST00000675598,X,12138472,+,GRCh38,12097512,12179432,6f1eb41925ace96772757353b8e353dd8fe9ad9ce4e5011d4b4d76e3614c70a0
ENSG00000169946,ZFPM2,ENST00000407775,8,105318437,+,GRCh38,105277477,105359397,3b8a40a70304be19ca850cd97ec7b32dc45239776454afd5e61e3570aed80fab
ENSG00000169967,MAP3K2,ENST00000682094,2,127387974,-,GRCh38,127347015,127428935,015bb3da306f02afe9080e1f431af22ac70edbc3a300ac6b9e85ad4b5c5a59db
ENSG00000170017,ALCAM,ENST00000306107,3,105366908,+,GRCh38,105325948,105407868,7d1031c17bf148bb760d5eeecc4fd5124f3c6c850192ff096aade16e86da3045
ENSG00000170044,ZPLD1,ENST00000466937,3,102435014,+,GRCh38,102394054,102475974,65ac92d28cc2970b37f5e7d7532555a317e5d4f246e4bd9bfa466e8f32a48b48
ENSG00000170091,NSG2,ENST00000303177,5,174045705,+,GRCh38,174004745,174086665,a41c7e5eafbf93c2dc34b8147fe2010c571adf09d3c2d996a7a060f9c623a3d3
ENSG00000170145,SIK2,ENST00000304987,11,111602448,+,GRCh38,111561488,111643408,cb50a2015e85163473d4bf3bd1c3e8621bf89fc3fef015842205bef5c4159cd9
ENSG00000170153,RNF150,ENST00000515673,4,141133468,-,GRCh38,141092509,141174429,29ca3f7e30c40aa546eecbdd43faeff4e22b1e8d7c52a1701aac81ef82ce3cb9
ENSG00000170166,HOXD4,ENST00000306324,2,176151549,+,GRCh38,176110589,176192509,3ef579108ece066e7181d722545579a0c4b20982b34804cbf5da7d51499f6d9b
ENSG00000170214,ADRA1B,ENST00000306675,5,159916481,+,GRCh38,159875521,159957441,ee5a6dac7a93728a2cd6054622d7e30d4aa76f4ead5e7240f6ac26a5f8aba297
ENSG00000170222,ADPRM,ENST00000379774,17,10697593,+,GRCh38,10656633,10738553,8b6882c88f5f1e46daa283a6adeec9fbd0beb1d4afb82388866483422fcea031
ENSG00000170242,USP47,ENST00000527733,11,11841971,+,GRCh38,11801011,11882931,63a17e27f44236e71aac2caae5259c23cdde714155bc4bdde568756f0110a4f3
ENSG00000170381,SEMA3E,ENST00000643230,7,83649138,-,GRCh38,83608179,83690099,fc08687f1bbdab8f63e64fe0490aedd76677351fea75247b7c31aa9f3e81e2ea
ENSG00000170417,TMEM182,ENST00000412401,2,102762030,+,GRCh38,102721070,102802990,929b40b7c5d82c10b19550f31d4f4faad11de52db72bc6fc989e084d6c833d84
ENSG00000170471,RALGAPB,ENST00000262879,20,38472842,+,GRCh38,38431882,38513802,1fc58555784f07fc5586ae3bb27de81849e2a9396dde3f831bbe8cb803c92967
ENSG00000170477,KRT4,ENST00000551956,12,52814115,-,GRCh38,52773156,52855076,799ae4d5fc1a3ebba466b83864868fc90659da2de4e5b73a58b91bc1261d12d7
ENSG00000170485,NPAS2,ENST00000335681,2,100820138,+,GRCh38,100779178,100861098,4440301a4fe6312f35350ba3a80cbad7b571190f9e310cc73e3c86a72a15297d
ENSG00000170584,NUDCD2,ENST00000302764,5,163460101,-,GRCh38,163419142,163501062,ab228bae924d9e32f6405237053ffc45af6c11bd712af31b6bf45733ff454172
ENSG00000170624,SGCD,ENST00000337851,5,156327163,+,GRCh38,156286203,156368123,0e10bfd76a32acb432e6abccd0ccc881a2690b8c3454c7186f13ce782fe5e3b2
ENSG00000170633,RNF34,ENST00000361234,12,121400117,+,GRCh38,121359157,121441077,4c172c0c6e8d2112302f14bb928fb20b2fe21d07d25c0385bac136f78177af76
ENSG00000170759,KIF5B,ENST00000302418,10,32056424,-,GRCh38,32015465,32097385,45e753e8497055aa2ec810c7ac148c9c4797900fb912e82e7d1105c4ca83f1d5
ENSG00000170775,GPR37,ENST00000303921,7,124765791,-,GRCh38,124724832,124806752,b339617cd6b57e45adbdf7add51c898d3bdb570d98b93a030626ad170b35e70e
ENSG00000170802,FOXN2,ENST00000340553,2,48314681,+,GRCh38,48273721,48355641,e6576901913a553698c7673121c73d68fbbc55b35609118fb154b4afc88740b7
ENSG00000170807,LMOD2,ENST00000458573,7,123655865,+,GRCh38,123614905,123696825,d60f84be1b906688088e566cb25dba1ed42bc62d050d6f72d3e0140e7cc77d44
ENSG00000170820,FSHR,ENST00000406846,2,49154514,-,GRCh38,49113555,49195475,588af3e09152b605a19b941f5c022bb0706d6ada62fa72502d9d893af9d302ad
ENSG00000170873,MTSS1,ENST00000518547,8,124728472,-,GRCh38,124687513,124769433,2b295979817be28fbd3f1b6411170e2e5b14ff7ce3c7807c9e2e17f8330355d2
ENSG00000170876,TMEM43,ENST00000306077,3,14125051,+,GRCh38,14084091,14166011,1754f3e8b5caada72ae03dd0ad8dfd408665734ab885feaed77bc26ce0655e19
ENSG00000170881,RNF139,ENST00000303545,8,124474879,+,GRCh38,124433919,124515839,0d3952044730d91c3accb11782e2d7665808d29ae21903074e0ca813856f0ff7
ENSG00000170903,MSANTD4,ENST00000301919,11,106022239,-,GRCh38,105981280,106063200,995e5c0dc4a938c08221a29e7953d36e0d138f73ca03dc5d209b74a74b63af46
ENSG00000170921,TANC2,ENST00000689528,17,62966234,+,GRCh38,62925274,63007194,d1e1cbb228718e0de484a8bc0e8f07c37e96f1e270ab02a798a3ca844de996e4
ENSG00000170927,PKHD1,ENST00000371117,6,52087612,-,GRCh38,52046653,52128573,ad632912bd652fa1ebd83827a32a4d52821ed670ca157167806acf5347886ca0
ENSG00000170955,CAVIN3,ENST00000303927,11,6320500,-,GRCh38,6279541,6361461,e4d26e0b536445c5dcdca2869289e70cef9ea78521ee455b944cf3bc159d866c
ENSG00000170962,PDGFD,ENST00000393158,11,104164146,-,GRCh38,104123187,104205107,87beaddf4ad3f9270bbd4b030836449fb82c634636d29e077bb42d508a1413b6
ENSG00000170989,S1PR1,ENST00000305352,1,101237018,+,GRCh38,101196058,101277978,d2168f5dea771583e8a89e4938aa39c45de6825175baa0dd4355db88cd103314
ENSG00000171109,MFN1,ENST00000471841,3,179347708,+,GRCh38,179306748,179388668,fd5e1531eb857aa741f4345e78e5b5f66a35b32a2f1c461a20b081d4b82b4e20
ENSG00000171174,RBKS,ENST00000302188,2,27890386,-,GRCh38,27849427,27931347,fcb666b68f170b80d748d11a5d7f3017d7d9f89a5562d96e94ec5f058284dd4e
ENSG00000171189,GRIK1,ENST00000327783,21,29939995,-,GRCh38,29899036,29980956,f8979a281b282f5214ea72c7a452912c303ec8961166516163201bd25bc05a08
ENSG00000171208,NETO2,ENST00000562435,16,47143944,-,GRCh38,47102985,47184905,ab894dd77e232f4f694dfd2f97afd347f658237e17dfb3b79e2d1860e000309c
ENSG00000171217,CLDN20,ENST00000367165,6,155264012,+,GRCh38,155223052,155304972,ecace86683270e359515b993bce71d0ad8a4f2075ce2bff78ca60996f8aef5ca
ENSG00000171243,SOSTDC1,ENST00000307068,7,16465737,-,GRCh38,16424778,16506698,526388143c39b36b71d1c11551dd97b113d5554f0001146cc5aa4ade6d2bbe0b
ENSG00000171316,CHD7,ENST00000423902,8,60678739,+,GRCh38,60637779,60719699,1a6a326afc099f60f641760d35fc139014bfc3442a30fb1c3075bfa0f6b2c468
ENSG00000171320,ESCO2,ENST00000305188,8,27774553,+,GRCh38,27733593,27815513,c543de4d1aefedf962124468634ea0063517d41d08fe4ac5337ef60dcf29def3
ENSG00000171385,KCND3,ENST00000302127,1,111989667,-,GRCh38,111948708,112030628,743439640a91b627381ed4aa66e1720e36e00d2525f5eaea5e480e1a57ff539a
ENSG00000171408,PDE7B,ENST00000308191,6,135851700,+,GRCh38,135810740,135892660,d1fd75d9e02bb21a5bac6c70cbab4d1b77b38eb78cd7cfc452d03586d72fda61
ENSG00000171448,ZBTB26,ENST00000373656,9,122931511,-,GRCh38,122890552,122972472,0e08a28b5621a124d98d1a361a3df67d3bc66cfd2e9749b235cb2934946ff7a0
ENSG00000171453,POLR1C,ENST00000642195,6,43517088,+,GRCh38,43476128,43558048,d6cc295c480e3854809568e66d51a4da63ed761a073e926c079b43bf3d122ac3
ENSG00000171488,LRRC8C,ENST00000370454,1,89633119,+,GRCh38,89592159,89674079,3e4797ea399741010eed62d2e69bff104ffe2da2f563e89d810f575eb22d5345
ENSG00000171492,LRRC8D,ENST00000337338,1,89821031,+,GRCh38,89780071,89861991,ce25b2b2cde6db523f916fa13623e2e124eeacbf6d7fb24a5fa5a0840231e3dd
ENSG00000171503,ETFDH,ENST00000511912,4,158672295,+,GRCh38,158631335,158713255,6de284ae00940f94d0decc97b98f04505124bc33fed7a7eae08e1953833ac0ca
ENSG00000171509,RXFP1,ENST00000307765,4,158521881,+,GRCh38,158480921,158562841,c2d3b89c1d684ff7c00d4ef549e44216ca6a0bfc53272f58b619af100da54b2b
ENSG00000171517,LPAR3,ENST00000370611,1,84893205,-,GRCh38,84852246,84934166,7788555a1cd29d16111647d8aa2c842bc340d92d3e6862c62f645b4c66e7f6ac
ENSG00000171522,PTGER4,ENST00000302472,5,40679914,+,GRCh38,40638954,40720874,0f56d9c6587e65bf75170443b08e52a27510bd0d6fafb1f51206518c6b1b2db8
ENSG00000171540,OTP,ENST00000306422,5,77638712,-,GRCh38,77597753,77679673,f7e4e58f424155dc185ba4c3716f5b92bbfae520675bb42474db3db34bc468ce
ENSG00000171557,FGG,ENST00000336098,4,154612655,-,GRCh38,154571696,154653616,a4f02f96a575bd293fc22144417e57e55a63722a16edb09058ed48d0ebfef757
ENSG00000171564,FGB,ENST00000302068,4,154563010,+,GRCh38,154522050,154603970,2249462b23cc9777485b7c36a6c83e7c622689682937cca68f193c33107a3a3f
ENSG00000171566,PLRG1,ENST00000499023,4,154550399,-,GRCh38,154509440,154591360,6af3df882396d5b0cd3c46474d7547b106406539ae40edbd53150c20247f12eb
ENSG00000171617,ENC1,ENST00000302351,5,74640727,-,GRCh38,74599768,74681688,1794060047782e3d7f36ec16e653e76236a0938696e618b6cab16d3a2d20f790
ENSG00000171681,ATF7IP,ENST00000261168,12,14365681,+,GRCh38,14324721,14406641,3d93c00d7c0627e242a8951274a6b36e50b95a48e0ee43972936056a038b9d02
ENSG00000171722,SPATA46,ENST00000367935,1,162376853,-,GRCh38,162335894,162417814,4c1693fb47d65e1e7faab79a4fae07c40bfa4612d8a4cbb28ee6fbb4d7d17755
ENSG00000171723,GPHN,ENST00000478722,14,66508146,+,GRCh38,66467186,66549106,1739a48bce287feb35a98f06eb893330159479fc8feb76e344afeb74ac5f70df
ENSG00000171759,PAH,ENST00000553106,12,102917243,-,GRCh38,102876284,102958204,3658ac871e5007e43a91c654ac07169d35602fcbc4421ae9d37a2ae15405bb27
ENSG00000171763,AFG2B,ENST00000305560,15,45402335,+,GRCh38,45361375,45443295,bea24719ed34f5ee569b9b430720e85d26c936de21d7393c1816b5b4eaf0d0b3
ENSG00000171766,GATM,ENST00000396659,15,45378543,-,GRCh38,45337584,45419504,4bf7770e27a43757d8909bcf2ff6f20baf6c05053600b852111c172a278b33f7
ENSG00000171806,METTL18,ENST00000310392,1,169794906,-,GRCh38,169753947,169835867,e9956734db4c4ed0fa9d704337c92bc1ba8ef11c4d820c5055eba48d92535e60
ENSG00000171819,ANGPTL7,ENST00000376819,1,11189354,+,GRCh38,11148394,11230314,48166821a8573569e7ff257385915d29b634164cc7e857329326ebf7054a31c2
ENSG00000171860,C3AR1,ENST00000307637,12,8066358,-,GRCh38,8025399,8107319,591b0e656211c22295fbfc5154cc7363106735b3744f481252bc1fe64b28ea70
ENSG00000171914,TLN2,ENST00000636159,15,62390549,+,GRCh38,62349589,62431509,d07f461668fe9b86d2ae1a08acf46f81a4b6aadc9fea32bf9866161510ffad68
ENSG00000171956,FOXB1,ENST00000396057,15,60004310,+,GRCh38,59963350,60045270,26cb8433bd1d1fc995397d7b1b1e4e8d5619775345cdcf8400a41073a45437b2
ENSG00000171962,DRC3,ENST00000399187,17,17972861,+,GRCh38,17931901,18013821,ad12bc1390a1536b37eecf887da9463dec4b0a59eca588194535a1e4ff546ded
ENSG00000171988,JMJD1C,ENST00000399262,10,63465976,-,GRCh38,63425017,63506937,0687d34bcc32278dd67708b575308e2e40b45b05931a811130ae48bd2cf19c7e
ENSG00000172020,GAP43,ENST00000305124,3,115623509,+,GRCh38,115582549,115664469,0ac7fa24eb86f0692d6ba6204c83782b54b06c3c6a28273bd261d885a9ce5086
ENSG00000172046,USP19,ENST00000417901,3,49120822,-,GRCh38,49079863,49161783,50df7a7bab9eb58b4a55ad0322ec55ec27ed7086969343ab7d1fb87de9dad27f
ENSG00000172137,CALB2,ENST00000302628,16,71358722,+,GRCh38,71317762,71399682,d861be92535c2e109e8925de97b1a71e5d1dd8559a248423d129db06aefddb1c
ENSG00000172167,MTBP,ENST00000305949,8,120445418,+,GRCh38,120404458,120486378,03ff6f5a94250b6d303cf9d43ebc53cb7ad752526b7557f7b66ba5cb8b7fd6f3
ENSG00000172175,MALT1,ENST00000649217,18,58671464,+,GRCh38,58630504,58712424,f61cf4595b4aa1c84f744c36d70b457d59a54dbf24a25f4b5dcf2041cfa03abe
ENSG00000172197,MBOAT1,ENST00000324607,6,20212468,-,GRCh38,20171509,20253429,3563aa1682e8ca0520be771e1f6b313d801ab711c49aaa8e312bc3b8477767fa
ENSG00000172209,GPR22,ENST00000304402,7,107470056,+,GRCh38,107429096,107511016,2f5a091865674bc19a8a40135ed69fe71fcea2d6481472da30b23c46ae04c382
ENSG00000172215,CXCR6,ENST00000304552,3,45943463,+,GRCh38,45902503,45984423,ee5a14b2902f519d7da5a577e3525429f6b9d06f9abeaffa4b632d92f2da7bae
ENSG00000172269,DPAGT1,ENST00000354202,11,119101852,-,GRCh38,119060893,119142813,f37ed5fb4b14d8cb04fa4e498190c0a73f98bc910f5eb5818c8da502d2ad9cfe
ENSG00000172292,CERS6,ENST00000305747,2,168456271,+,GRCh38,168415311,168497231,891913518ea71af432784d464f85bb870ae9a438b387089e108fb024e85cf3ee
ENSG00000172296,SPTLC3,ENST00000399002,20,13008971,+,GRCh38,12968011,13049931,b1eb97721a1df86b1fcce9261bd80a03d46d41832f67289a75b427224e810c69
ENSG00000172318,B3GALT1,ENST00000392690,2,167293000,+,GRCh38,167252040,167333960,b150be53e60a83e5022b6791b997630c2dc6da97edb602d9eb10da1254a28b2e
ENSG00000172331,BPGM,ENST00000344924,7,134646852,+,GRCh38,134605892,134687812,d24b8cfa59fee093345ac8e4e4a8464b8f7067738019d3e071496142f7c563a2
ENSG00000172340,SUCLG2,ENST00000307227,3,67654611,-,GRCh38,67613652,67695572,85bd2574516f7915366b3cd6c5512f6b1b519c3124465e1ba35976d84347fea3
ENSG00000172345,STARD5,ENST00000302824,15,81324140,-,GRCh38,81283181,81365101,32633a14be75eba22ad9b0e4a1552aaf38d2f5719fcd2696b09a4aa52a25ea29
ENSG00000172348,RCAN2,ENST00000371374,6,46491448,-,GRCh38,46450489,46532409,84dc0dd560ccb6d0dc54ffd7b20be25152ba03442a497a15d9b449700d9d5324
ENSG00000172380,GNG12,ENST00000370982,1,67833466,-,GRCh38,67792507,67874427,fe5e4831f0bfdcb052a9dfd02381ec7e735e3fc8a58ebbcecae240443ce5f7fb
ENSG00000172399,MYOZ2,ENST00000307128,4,119135831,+,GRCh38,119094871,119176791,bdd8c6328d0c72e6c995e9b9c05dcd904db230002a3a63c1e9c6377e3964e063
ENSG00000172456,FGGY,ENST00000303721,1,59297093,+,GRCh38,59256133,59338053,04a8c1374586f613edb0a099689cf0b68bc5cf99c1b4e44f1926497a051a4745
ENSG00000172461,FUT9,ENST00000302103,6,96015973,+,GRCh38,95975013,96056933,16c9bf4062063ca952ea9cf24ac70d986814e013c54db01bbe69ebdbec23ea20
ENSG00000172469,MANEA,ENST00000358812,6,95577534,+,GRCh38,95536574,95618494,eaa82eafa9cbc2fe5ff88164bca3a5d4a63e260529527d4a5105086938427283
ENSG00000172497,ACOT12,ENST00000307624,5,81394133,-,GRCh38,81353174,81435094,3667dff0f84e7f53bb83d111afc9efdc499f774fc985e384879634c998d7f2cc
ENSG00000172568,FNDC9,ENST00000312349,5,157345676,-,GRCh38,157304717,157386637,f757abab9f728f4f64b26120c45e681af5999b904fc36738bcb75d42ea28164d
ENSG00000172572,PDE3A,ENST00000359062,12,20368536,+,GRCh38,20327576,20409496,119f21d5841fd13966fb1667f67323ad83465982050830d0684a86bcca86845e
ENSG00000172594,SMPDL3A,ENST00000368440,6,122789257,+,GRCh38,122748297,122830217,feeaa2042c20c0aaedf3d9f2dfb4095284e3cf8389a9163a516727e39bbe4c1a
ENSG00000172673,THEMIS,ENST00000368248,6,127901057,-,GRCh38,127860098,127942018,16a7f63d81a1a32fe7e75a8809e2485640191d0af4442dccc892d3a954da38f4
ENSG00000172789,HOXC5,ENST00000312492,12,54033049,+,GRCh38,53992089,54074009,2c5726840d5dffc7c62924c23c4462f69105909a413a0a8ad4bf023da627919b
ENSG00000172878,METAP1D,ENST00000315796,2,171999952,+,GRCh38,171958992,172040912,200f58594b65a2844a7a100845dc243b1c8ccca0a2b2f4f46fe9ec5d5628efe8
ENSG00000172954,LCLAT1,ENST00000379509,2,30447245,+,GRCh38,30406285,30488205,b27a1302f7b1ff1443018181083745cc343be8f1d0057c381249e6b93ac464a2
ENSG00000172985,SH3RF3,ENST00000309415,2,109129204,+,GRCh38,109088244,109170164,e17e6d993e6ffb8fc63a555d8889909983fbe87cdf19e7fe4243bb35cd173254
ENSG00000172995,ARPP21,ENST00000684406,3,35639524,+,GRCh38,35598564,35680484,fe37cce534bafc057dfcc6a868d0c8fdb0c974cd1ab610699b7f01fbe9aa669a
ENSG00000173064,HECTD4,ENST00000682272,12,112382430,-,GRCh38,112341471,112423391,d47a713c2d61332c2c2ed77e417f97a7a66d4605eedde32aaceb8ab79c28ceef
ENSG00000173068,BNC2,ENST00000380672,9,16870669,-,GRCh38,16829710,16911630,c471f976b1455aba56b5fb0edd27e39796472d9b1cec76ebe3b9b9b6a7312555
ENSG00000173114,LRRN3,ENST00000308478,7,111091126,+,GRCh38,111050166,111132086,d456e610da5e3f46c02bf1538db46a5f82016506bade8c18f6f4b6bdd9b23c3a
ENSG00000173212,MAB21L3,ENST00000369500,1,116111398,+,GRCh38,116070438,116152358,d57f9f98a0625d6132d0538eba177f90808f149bcb7ab398861ce49584ba5cf6
ENSG00000173226,IQCB1,ENST00000310864,3,121835059,-,GRCh38,121794100,121876020,e8c9ac08e7391ee74dfd14eb44d31393b7b3dc4a04cb92069e5498d6bf3b53c0
ENSG00000173230,GOLGB1,ENST00000614479,3,121749740,-,GRCh38,121708781,121790701,e9f0d5a978a5f0d3e1c07409370fc37c2069c9df3d5fade1af5d86ead14901bb
ENSG00000173239,LIPM,ENST00000404743,10,88802729,+,GRCh38,88761769,88843689,14e62248df18064ad8640828f37c20bdec5eda60a6a805c8f05d44e5c1c2d6a4
ENSG00000173250,GPR151,ENST00000311104,5,146516189,-,GRCh38,146475230,146557150,fa7011bbfd8b0ab87a6703bce09780d148e9af84fdd45e6198ff98c7719014be
ENSG00000173273,TNKS,ENST00000310430,8,9555911,+,GRCh38,9514951,9596871,8ea0b1cb44f762feba6967ba58716f0d180e3c24b57f0095c8d1acb975b1e389
ENSG00000173369,C1QB,ENST00000509305,1,22653235,+,GRCh38,22612275,22694195,b1e695d8ac8403242b15556748c7a244c4209fbbca22f339acec1259ced495f2
ENSG00000173372,C1QA,ENST00000374642,1,22636627,+,GRCh38,22595667,22677587,3e8825a59b9d20f3cc66f27c411258b6878dc05a3a4f9afe2965d1d1f2114db4
ENSG00000173376,NDNF,ENST00000379692,4,121072534,-,GRCh38,121031575,121113495,29e0633e3be1b09766d137bb5a88917cd3b7331e27f66b93ce80886904681d0a
ENSG00000173402,DAG1,ENST00000308775,3,49470266,+,GRCh38,49429306,49511226,0f1a2e46bf8e4cf487957fdde49ad6af6597ebf687360734cfc709fd4cb0e4a9
ENSG00000173406,DAB1,ENST00000371236,1,57424059,-,GRCh38,57383100,57465020,6c5549ad1961bcf0f70ee6f813041544883cbaf47ad8624f657a4a24f0e56b92
ENSG00000173482,PTPRM,ENST00000580170,18,7567315,+,GRCh38,7526355,7608275,abd2e0c2c655c1aa20c4cac741655595bafbb7f5c6781928e45d4c48410abc65
ENSG00000173517,PEAK1,ENST00000682557,15,77420103,-,GRCh38,77379144,77461064,7187ea22c88736a7fd4e5407dcfa2e75f335aab8b27d0fb8728e3d9bd7edecb4
ENSG00000173531,MST1,ENST00000449682,3,49689473,-,GRCh38,49648514,49730434,ac41d8722366f1a2c8e3429150e156b4f49a03cd33828a41b743a1437db1fb0b
ENSG00000173545,ZNF622,ENST00000308683,5,16465799,-,GRCh38,16424840,16506760,824571379e7631f09feb4a71ddc9346248cfd75ad1e3a4fda4ae7ab3b5a9d9c0
ENSG00000173714,WFIKKN2,ENST00000311378,17,50835585,+,GRCh38,50794625,50876545,52f2533a9b86da6792e48baecc2faa6b74205feb67e4c4fd5b520eb2a6f8e9dc
ENSG00000173769,TOPAZ1,ENST00000309765,3,44241885,+,GRCh38,44200925,44282845,bdc5f67c3f41891fea4e4a4cd9b72f66295e2be53a5f44374a2d42a2faf6fa6b
ENSG00000173905,GOLIM4,ENST00000470487,3,168095923,-,GRCh38,168054964,168136884,f715f512050b9c27e657ec2fe113b392f191cb79ce73e5ac77bb53556511442b
ENSG00000173926,MARCHF3,ENST00000308660,5,127030557,-,GRCh38,126989598,127071518,12a67db2485bee682db05ee274c4767ed33f4fc312998fed4a98503857d14623
ENSG00000173930,SLCO4C1,ENST00000310954,5,102296283,-,GRCh38,102255324,102337244,c59e7829e6e0e9f9d8411bb6260e7a43affa2ef8fedd89ebcc88a9c3bb0c23c6
ENSG00000174015,CBY2,ENST00000310521,13,45702319,+,GRCh38,45661359,45743279,f139d6e27dd0615cb9ac573f0a2c4734f77f36cf7bf3a1a81d4ead82d65b5063
ENSG00000174132,FAM174A,ENST00000312637,5,100535373,+,GRCh38,100494413,100576333,d55720b432a0dcf105525bb6282b7826fd2b35c23f6a73c7ed96fa670a8b240e
ENSG00000174145,NWD2,ENST00000309447,4,37244742,+,GRCh38,37203782,37285702,ff7cce4a86cf25c60ad829fb1685481969f6231a5559d2c0ea1d73e02edad784
ENSG00000174175,SELP,ENST00000263686,1,169630123,-,GRCh38,169589164,169671084,ff49ad11986b0d143d57230e1f5dadc044f8c634fc05cd8197f53708c2ec2a75
ENSG00000174307,PHLDA3,ENST00000367311,1,201469187,-,GRCh38,201428228,201510148,d39e4f9c5ff30cdaa97498bf0b682cc3de7d8bd35949f6bfb769bab06b2919ee
ENSG00000174343,CHRNA9,ENST00000310169,4,40335332,+,GRCh38,40294372,40376292,1a9e91cf98982daa8f41aa329adfa983c969f8dd694a13745f80c59a179fc97b
ENSG00000174348,PODN,ENST00000312553,1,53062212,+,GRCh38,53021252,53103172,359141fd964d5bae44d4f2a29edbb8e99e6bb47b752a118a269e4ddcc1f3556c
ENSG00000174417,TRHR,ENST00000518632,8,109086584,+,GRCh38,109045624,109127544,3c73851232eda3d36e5de7245fd42037bcd5ef00e5a9ec9dd47a058b1b6d3d1c
ENSG00000174429,ABRA,ENST00000311955,8,106770243,-,GRCh38,106729284,106811204,8b779967b5708366e1ebac7bcb205af62bdd58eace61ab6334069ec82bba5ae4
ENSG00000174442,ZWILCH,ENST00000307897,15,66505325,+,GRCh38,66464365,66546285,9e634f179a052d2d0c121f34bdee357611e89ca5e82d6f27e4050ed2a152ea64
ENSG00000174448,STARD6,ENST00000307844,18,54357857,-,GRCh38,54316898,54398818,25bc7bef83337e0b70eef30a618a924f491a4e33445c78084750b6dd28b92152
ENSG00000174453,VWC2L,ENST00000312504,2,214411053,+,GRCh38,214370093,214452013,5106701b1c405b8ed7e4f37d817f5ed866d15e7a5bb0813d63b0d1aaf10b680f
ENSG00000174482,LINGO2,ENST00000698399,9,29213600,-,GRCh38,29172641,29254561,648c85c1e51100f602650edd10b6e90198dda2559f5208b88fa858e06a51c70b
ENSG00000174485,DENND4A,ENST00000443035,15,65792292,-,GRCh38,65751333,65833253,efafdffb5761a54ecd8bffd1c573a9c4f869561f8ad9a1821d9447302f1731b0
ENSG00000174502,SLC26A9,ENST00000367135,1,205943455,-,GRCh38,205902496,205984416,7473accf6f76487aff4916e3e93487156c479de922770735e225db0fb79c3919
ENSG00000174611,KY,ENST00000423778,3,134651021,-,GRCh38,134610062,134691982,5b86bc1e7868da93ec49fdf75075d0a538ee4373b582b9c28217e45d281ee350
ENSG00000174640,SLCO2A1,ENST00000310926,3,134029924,-,GRCh38,133988965,134070885,b16ff6bac3876be69ad5f0cb9ca56f4c2215eafb642115832d9feb5a9da838f2
ENSG00000174697,LEP,ENST00000308868,7,128241277,+,GRCh38,128200317,128282237,30613dc7e50aa37ff1935ca91a798fa1433faa6e6d734476181bac130aa8de13
ENSG00000174705,SH3PXD2B,ENST00000311601,5,172454524,-,GRCh38,172413565,172495485,1542e1929f9bdb2bf7e743793826dc91446aaac648ee2ebeb4ef871a68cdae03
ENSG00000174720,LARP7,ENST00000344442,4,112637142,+,GRCh38,112596182,112678102,d3e7c44ec9e5141d6719d12fb0638bf828c2d218fb354590172d727bf7e9a98b
ENSG00000174804,FZD4,ENST00000531380,11,86955394,-,GRCh38,86914435,86996355,a20ed653c21b636249a78f9a1f00b9791fd1499460ca858b31031bb42fdd7574
ENSG00000174839,DENND6A,ENST00000311128,3,57693076,-,GRCh38,57652117,57734037,005a8022c312beb7cdaa80fc2c85fd14208d7170b07a103a0aa2a4c1be9b0168
ENSG00000174842,GLMN,ENST00000370360,1,92298986,-,GRCh38,92258027,92339947,b5cfa775a05c752f1f114846a2579baaf5dd52e0bc905f864062748b725840ce
ENSG00000174944,P2RY14,ENST00000309170,3,151278541,-,GRCh38,151237582,151319502,235781a950818be441320facafaeec7d73ef641936ae69108637003a71688119
ENSG00000174946,GPR171,ENST00000309180,3,151203215,-,GRCh38,151162256,151244176,eb80af0962f4029c2a2783072998e0de5d6831fec184e6834c35083d728a4df5
ENSG00000174948,GPR149,ENST00000389740,3,154430189,-,GRCh38,154389230,154471150,fa49a45d16af69672ce737712d5b9b3b3dd942fe923ca3bb38612348bf59069f
ENSG00000174953,DHX36,ENST00000496811,3,154324486,-,GRCh38,154283527,154365447,e57cb47285703816d4666d315fd54d0ac701fe339b1e53482d1c35a95555f3b2
ENSG00000175048,ZDHHC14,ENST00000359775,6,157381189,+,GRCh38,157340229,157422149,9cc1f576f00c9b6664993d2ec61447067ebb564c08d9ddc54aac55012294b849
ENSG00000175065,DSG4,ENST00000308128,18,31376776,+,GRCh38,31335816,31417736,2051d328e78f557aa718c10f5d60c2ca8ec2edd741714891327cf3bd8953e4d9
ENSG00000175077,RTP1,ENST00000312295,3,187197485,+,GRCh38,187156525,187238445,7f15fabff4b10db9260e814c293ae071ed009f903b84af23cdcf14b94a6902f7
ENSG00000175084,DES,ENST00000373960,2,219418376,+,GRCh38,219377416,219459336,fc56cf479947a64c3ebe0c2454f8aae25bf282bdeadb3a70ef89345b7c69d3e0
ENSG00000175097,RAG2,ENST00000311485,11,36598235,-,GRCh38,36557276,36639196,d7088a6e079ddc9e96a5abe30fc78b2cd26f74a4fae43d0fdff76a537f867960
ENSG00000175104,TRAF6,ENST00000526995,11,36510271,-,GRCh38,36469312,36551232,e03e9cc6b8922a1b7e8dff81104119e92efc4ab3370a2b0cbd04b03c7f25c270
ENSG00000175105,ZNF654,ENST00000636215,3,88059254,+,GRCh38,88018294,88100214,8609c93fcaeb8ba018c1ad6fe38628e8ff2b1050808a1c4feac2bd2b6f8e1db4
ENSG00000175110,MRPS22,ENST00000680020,3,139344019,+,GRCh38,139303059,139384979,65e5a0227a2a3f30f51d9b29963ef18b60bc199527310b46327177e4f4cb9341
ENSG00000175115,PACS1,ENST00000320580,11,66070271,+,GRCh38,66029311,66111231,a44893e1f60d0b31c106f1c3709ab5349b1be7a0436f985b962a7b316278fd95
ENSG00000175161,CADM2,ENST00000383699,3,84958988,+,GRCh38,84918028,84999948,9d88e70843d966f5b6a41f2a7724f998c1f6a76543d806bf3053459f81ee9e9e
ENSG00000175220,ARHGAP1,ENST00000311956,11,46700618,-,GRCh38,46659659,46741579,9931e0a7d534ccd3adc521e28006c0ec690dde78bcfa842ba6e7fdfb042542f2
ENSG00000175267,VWA3A,ENST00000389398,16,22092540,+,GRCh38,22051580,22133500,12f814c18a6b18e802dea646cee38f1c8ecb7be33640aebc96b8a5df2beb891e
ENSG00000175311,ANKS4B,ENST00000311620,16,21233698,+,GRCh38,21192738,21274658,9ea8f1ced36510b2568b6da80896f648fef0079300297f31edaeec8999a34b23
ENSG00000175426,PCSK1,ENST00000311106,5,96433247,-,GRCh38,96392288,96474208,5344490f2463ae882b174ba796039822c244e335a0cede6fa53bf2bf2e0c3d5e
ENSG00000175471,MCTP1,ENST00000515393,5,95285093,-,GRCh38,95244134,95326054,34ff182e1f7fb5027b9ccd6af44c81bfe5e43e29c504b68e3143c9eefed793bf
ENSG00000175497,DPP10,ENST00000410059,2,114442640,+,GRCh38,114401680,114483600,8e814b8144e8dc61fedc67febafffaf51faa4be632417440f9b95abdfe839118
ENSG00000175595,ERCC4,ENST00000311895,16,13920153,+,GRCh38,13879193,13961113,7a0cb1eeaf5b81b2b562fcb3ba0bd401b325dc2dd68c60f98e83d92725c7b90d
ENSG00000175662,TOM1L2,ENST00000379504,17,17972399,-,GRCh38,17931440,18013360,e0d1069324e029ccce1c2828beb2fbb7c84477b164fc846d94713ea40a0bb737
ENSG00000175893,ZDHHC21,ENST00000380916,9,14693431,-,GRCh38,14652472,14734392,3554de78837c33ebc993b21deb6b553848f0ee19f42948947a5e03c19f5f16b6
ENSG00000175928,LRRN1,ENST00000319331,3,3799430,+,GRCh38,3758470,3840390,a39ce1507024ff2c43bd2b364587cc1097787c2087aeb58d91c0a22878317f70
ENSG00000175946,KLHL38,ENST00000684634,8,123653800,-,GRCh38,123612841,123694761,5cf8c450409cc0b4d42cd4eb494911bf8897cdd45c2758defff807ef922f9c32
ENSG00000176040,TMPRSS7,ENST00000452346,3,112034735,+,GRCh38,111993775,112075695,457217858f21aff7f297d94d89e32d9e42d78b36b3a6574f7233875eddce3e49
ENSG00000176049,JAKMIP2,ENST00000616793,5,147782727,-,GRCh38,147741768,147823688,562e901e09dbbce92c78ff4e864a51b239ebd665c0b4d92010b9c2dc0518a963
ENSG00000176055,MBLAC2,ENST00000316610,5,90474770,-,GRCh38,90433811,90515731,7084f65f6d024b4fa16286a984249882e26cf9c29a947e542fdcae6e00ef871e
ENSG00000176105,YES1,ENST00000314574,18,812241,-,GRCh38,771282,853202,aa234222bce217128e8ced55fcbeea83492d085d02d637ffe028c4c3de047892
ENSG00000176142,TMEM39A,ENST00000319172,3,119463614,-,GRCh38,119422655,119504575,cca2512153ec253c697db42acadb8e69cc1b39c84e8048be795bc0d9df86e1be
ENSG00000176148,TCP11L1,ENST00000334274,11,33039571,+,GRCh38,32998611,33080531,e219ca4276de3c9bfa86765f14418eb467748db973d8724e5fd237cbe5f56bf1
ENSG00000176177,ENTHD1,ENST00000325157,22,39893759,-,GRCh38,39852800,39934720,693e863fded8d4c93ca00d0477f96b1b8cacc9aefe88d10b85ec53851347c987
ENSG00000176225,RTTN,ENST00000640769,18,70205686,-,GRCh38,70164727,70246647,7b1928bad263550a788fe9ed7d37a6f9e66d6489e26bd046dd44713818fac9ba
ENSG00000176386,CDC26,ENST00000374206,9,113275571,-,GRCh38,113234612,113316532,c2c27b2c844d14b43dea4eedfca6822a41b0d41c23a6378db9e8f2c09cf833e1
ENSG00000176399,DMRTA1,ENST00000325870,9,22446823,+,GRCh38,22405863,22487783,078d10ce582f8abd386bd8bea052ad375d2fdb8ee8276892b506004338716652
ENSG00000176641,RNF152,ENST00000312828,18,61893006,-,GRCh38,61852047,61933967,87ea8e81f08c2134be4a6abec4bdf34319d956177fba0a1fe606ebe8763c5f76
ENSG00000176658,MYO1D,ENST00000318217,17,32877123,-,GRCh38,32836164,32918084,513839830e89077ee54724ac53904aaecbd340ffcfd348b20f016516353ad351
ENSG00000176697,BDNF,ENST00000356660,11,27700454,-,GRCh38,27659495,27741415,5685ed9933f294aeed9271aab48a6784f90e5586bed081089fab8595aed205dc
ENSG00000176771,NCKAP5,ENST00000409261,2,133568462,-,GRCh38,133527503,133609423,29fa0bf997182c16aa46cbe7f3abf50103febe9ecbbb61610fcee1bfb3064bb0
ENSG00000176853,FAM91A1,ENST00000334705,8,123768438,+,GRCh38,123727478,123809398,69a6d5db68e10edf8de63e5e193f022c1f6d087969371ff8125a722a289cc379
ENSG00000176971,FIBIN,ENST00000318627,11,26994111,+,GRCh38,26953151,27035071,16b2f14e94967e863149185e0e68e2de1d40d4183a14a46bd846374cf2796593
ENSG00000177034,MTX3,ENST00000512528,5,79991261,-,GRCh38,79950302,80032222,0ffbc742635a2bd9e86cf98472d6314f6520f64bc6b54f94a6a01cc360091535
ENSG00000177054,ZDHHC13,ENST00000446113,11,19117167,+,GRCh38,19076207,19158127,673b7565656739f22389219cc90a410a69205e88ea305c12a6ae39e6e2a29be7
ENSG00000177103,DSCAML1,ENST00000651296,11,117797215,-,GRCh38,117756256,117838176,cc5ca52c8a9fec10f5e560b1768364f14996e48817bea586919280de8e50dfbe
ENSG00000177150,FAM210A,ENST00000651643,18,13726557,-,GRCh38,13685598,13767518,0f524abab40fbd73509d8a1e1d73317a5921dbde37dc734d81e64c111f90f851
ENSG00000177189,RPS6KA3,ENST00000379565,X,20266908,-,GRCh38,20225949,20307869,4f56a980e31968d1ab9bc631bf6c356206c25f81122aef02d202f95f801f64cc
ENSG00000177272,KCNA3,ENST00000369769,1,110674939,-,GRCh38,110633980,110715900,8019da05638c658d71ecce1f9905e875339eb9caa45ffdaea43bab41257a9dc7
ENSG00000177311,ZBTB38,ENST00000321464,3,141368503,+,GRCh38,141327543,141409463,112bd64291d142aff4c389a4defb737838dc62bcc9e9be701b58c0758c3efe21
ENSG00000177463,NR2C2,ENST00000425241,3,14947582,+,GRCh38,14906622,14988542,9cce7ce3a32c996c7a92c98e614b40ed4bcfb1259b4d257bf9e5fa1fc5cc4dee
ENSG00000177508,IRX3,ENST00000329734,16,54286786,-,GRCh38,54245827,54327747,4632df5701915e68bc353e06ad7c835935a4fa86e8749378c27561cf8f08b2fd
ENSG00000177511,ST8SIA3,ENST00000324000,18,57352556,+,GRCh38,57311596,57393516,a37d6661a31f613268dcc774a18c717410ece25d62869ee102d64cdb0936031b
ENSG00000177551,NHLH2,ENST00000320238,1,115841125,-,GRCh38,115800166,115882086,78ee42e1112b7da160b8b90930f21b623dc671d8cc1170474d17bb803fe4bfb0
ENSG00000177565,TBL1XR1,ENST00000457928,3,177197481,-,GRCh38,177156522,177238442,ca9318081b40f99b01591123bdfdf8c207078f97315b185ef5ac7fddc1f6f761
ENSG00000177669,MBOAT4,ENST00000320542,8,30144664,-,GRCh38,30103705,30185625,b77d481951ab6f9bcf4930afb7f1f07cef66bf62b882cd3b13435acd20299877
ENSG00000177694,NAALADL2,ENST00000454872,3,174859333,+,GRCh38,174818373,174900293,50af18cbbbfe8bbd1d266b557c5be072e2c850eaee2d9237d6823de0c9e7f191
ENSG00000177752,YIPF7,ENST00000415895,4,44651624,-,GRCh38,44610665,44692585,88adeba735578c5839d1f46f246dbcbb200f56f84704681779f0995ec20d8788
ENSG00000177791,MYOZ1,ENST00000359322,10,73641473,-,GRCh38,73600514,73682434,bc4865208a4bbbe8bec3b00288a5d551e3999e1dbc82fe347ca316772f20337a
ENSG00000177888,ZBTB41,ENST00000367405,1,197201292,-,GRCh38,197160333,197242253,1184728cb94ecc94f62710c8697738b518b9e53a36262f27b07771efccd3b7ed
ENSG00000177917,ARL6IP6,ENST00000326446,2,152718619,+,GRCh38,152677659,152759579,cd2514044e17689c7c799ec2a9defbdad05cd569473b445d43d5bc5a3d757e6c
ENSG00000178031,ADAMTSL1,ENST00000380548,9,18474152,+,GRCh38,18433192,18515112,b83541684950a35eacfd361823d48be198b20ccecac98b7d7547a8a8f32a0ecb
ENSG00000178033,CALHM5,ENST00000368599,6,116511638,+,GRCh38,116470678,116552598,bdbe436c9bc7fcc98b4402eba66f499b2c752bea5b0b1c2293fa0b01ec23e1bf
ENSG00000178053,MLF1,ENST00000466246,3,158571193,+,GRCh38,158530233,158612153,20fbb605a5c6fe66672ad83be39461fb25403493a43c1d612ea2053592666853
ENSG00000178074,C2orf69,ENST00000319974,2,199911292,+,GRCh38,199870332,199952252,7982348fb550b12ec86a3fcbc923b484490be166878a256cc658cdbaae308d53
ENSG00000178075,GRAMD1C,ENST00000358160,3,113838787,+,GRCh38,113797827,113879747,9f0d65ab75e523260610d58fbc38d0311e5fd8189a228ca1d4e8e9842502e0bd
ENSG00000178175,ZNF366,ENST00000318442,5,72507409,-,GRCh38,72466450,72548370,3803756827507120c67b02f3de33683284149fd4150dc53dfd65082d09a01df8
ENSG00000178562,CD28,ENST00000324106,2,203706638,+,GRCh38,203665678,203747598,2cf6ff49fedc53fcbb142fa00d82c3768e2ee66e035deaa756e9471479d0c86b
ENSG00000178568,ERBB4,ENST00000342788,2,212538801,-,GRCh38,212497842,212579762,6016557e6e3ef41ddd4b2d260f631433cada84bd43d6598cbfd1db51568deb85
ENSG00000178645,C10orf53,ENST00000374111,10,49679650,+,GRCh38,49638690,49720610,a5dba101961fe4be3302eb948bbd0ed29dbf881e7587eb12c36b9ed174a3b126
ENSG00000178662,CSRNP3,ENST00000651982,2,165469697,+,GRCh38,165428737,165510657,0ecc6432d35bee7863fc06a08b41e1c926ad3461a56f463a63c03687a8db9ba6
ENSG00000179044,EXOC3L1,ENST00000314586,16,67190135,-,GRCh38,67149176,67231096,ef883a25f1832a84bae974538f75172d62d11f2302a1edce42a3e20015f43b4d
ENSG00000179071,CCDC89,ENST00000316398,11,85686194,-,GRCh38,85645235,85727155,31e9002b53f97d1153f8e9dd0e604b567bd04d76e4e79552342ea5ca19e830e4
ENSG00000179104,TMTC2,ENST00000321196,12,82686905,+,GRCh38,82645945,82727865,af56e8601ce27a209f771d13616c75725bd5ac1447a5370833975489ab2a1190
ENSG00000179241,LDLRAD3,ENST00000315571,11,35944061,+,GRCh38,35903101,35985021,52368b9c6acf753d69913a8f8061523b72ec00c77ea66d788cf71d93ed344d5f
ENSG00000179387,ELMOD2,ENST00000323570,4,140524167,+,GRCh38,140483207,140565127,6150f20e4072c52c65da80f0637f4c1a3077a54084c6d4c55ea78afd4c232abb
ENSG00000179454,KLHL28,ENST00000396128,14,44961946,-,GRCh38,44920987,45002907,e46784ab28d28d513dd6e89c20c8b15e901ca1be80439fe6f4a192f80b3b7b1b
ENSG00000179520,SLC17A8,ENST00000323346,12,100357073,+,GRCh38,100316113,100398033,df6b9ade6c95264e04bd6b73078de6460058abc2ef648dba719b095704553629
ENSG00000179600,GPHB5,ENST00000621500,14,63318934,-,GRCh38,63277975,63359895,90f2c70a8c9cdab4fd4815effa82bd39e9027ba5ec3436f7a5ddb2e6da3cd675
ENSG00000179776,CDH5,ENST00000341529,16,66366690,+,GRCh38,66325730,66407650,cbc854a5f2c262ccc1c94e25c71bb0a2c7985e35055284d25abf1f201a5b5f43
ENSG00000179796,LRRC3B,ENST00000396641,3,26622771,+,GRCh38,26581811,26663731,bdf065407b0621d2f42cab6e6f5587d15b87b7bd05321fdaf5bf14b7f42c0e10
ENSG00000179902,CFAP276,ENST00000369948,1,109112746,-,GRCh38,109071787,109153707,c28f23bb8f9b036f7cd753751772898921c73c8c954c0e1f8211cffca092b609
ENSG00000179915,NRXN1,ENST00000401669,2,51032131,-,GRCh38,50991172,51073092,c25758f52aefa94d7d6509ef08b5546780dcf09a0018ca17965d303fe436b5f4
ENSG00000179941,BBS10,ENST00000650064,12,76348414,-,GRCh38,76307455,76389375,c9022c2d44ab6c1acafadbb16ca2d0270730a20cb0077ab08bfb17d61b0a2d2f
ENSG00000180245,RRH,ENST00000317735,4,109827971,+,GRCh38,109787011,109868931,a60a746bc4f94e8ea4a42aa7728c157fb48e10cb0a28e1d6bb06ad7b537dcee2
ENSG00000180251,SLC9A4,ENST00000295269,2,102473225,+,GRCh38,102432265,102514185,64652bc3d4b8a88641aa04e8b4cc54e92db192cccdcbf9ab702bb03edb2b1a0f
ENSG00000180269,GPR139,ENST00000570682,16,20073889,-,GRCh38,20032930,20114850,11979aafcc9607cecbc843018bcaabe1d18670cd0853d82a44e36bbc5419999a
ENSG00000180316,PNPLA1,ENST00000636260,6,36270059,+,GRCh38,36229099,36311019,200a83b370b6ebddd4404a3fa98c266cd6f794035864955536b24d0ecb4ddaa8
ENSG00000180318,ALX1,ENST00000316824,12,85280219,+,GRCh38,85239259,85321179,cc2768ca807731d43ed4f1259b92fa1f66eae9ae10cba0b499951418d5bceba9
ENSG00000180332,KCTD4,ENST00000379108,13,45201044,-,GRCh38,45160085,45242005,9cb8f64b1ca9b33a2a4d54667b18f056e89b0119d9413c0f1ab10c283e5e345d
ENSG00000180347,ITPRID1,ENST00000615280,7,31514089,+,GRCh38,31473129,31555049,baa3f172a7ed06daa24273d09a411ef4f73e8af3ce35c7d5fb0b743cb6c60c78
ENSG00000180353,HCLS1,ENST00000314583,3,121660902,-,GRCh38,121619943,121701863,09c95152978577fa06db60a663f8b3cbfa745d2542b1fb5e5e3939df3ab3d64b
ENSG00000180357,ZNF609,ENST00000326648,15,64460577,+,GRCh38,64419617,64501537,2e01e3dd622a3caeb908da101fe3d031c9de321f1d589f0e1b1f05faf8c8a08b
ENSG00000180537,RNF182,ENST00000488300,6,13924951,+,GRCh38,13883991,13965911,6669a20b0616b0606c5b328ceaed3196f6d1b723c231c50689947f9a3bcc33d6
ENSG00000180611,MB21D2,ENST00000392452,3,192917855,-,GRCh38,192876896,192958816,5f40ed675541745e452ab0f7843d9016eb535e3088c22d9cf0973227afae55b3
ENSG00000180660,MAB21L1,ENST00000379919,13,35476688,-,GRCh38,35435729,35517649,f6d76a2567cd44799c21fd0001fc385af359273dbee908d51847253480fd3c72
ENSG00000180667,YOD1,ENST00000315927,1,207051207,-,GRCh38,207010248,207092168,737e35d256959e958317ec1350c0d0eb11a527007d2aee8db4b0059f3340ffb2
ENSG00000180773,SLC36A4,ENST00000326402,11,93197990,-,GRCh38,93157031,93238951,cd6ddcfd531e97a92659a80e51d432135001d8d00526feb6614317b36e23b479
ENSG00000180801,ARSJ,ENST00000315366,4,113979646,-,GRCh38,113938687,114020607,b9e1634f502ba2f2cee6a467097b8db68e071e1eea6ef40a3951c7bb66c7a998
ENSG00000180806,HOXC9,ENST00000303450,12,54000160,+,GRCh38,53959200,54041120,636e802fd054e804326bdf7ab7c8a1edc1c3840e394e736207e8490afd0fae05
ENSG00000180818,HOXC10,ENST00000303460,12,53985145,+,GRCh38,53944185,54026105,a8c201cfa2111fabb9ddc51fc1a9c698ab04c4b2302890efba6eae718a00315c
ENSG00000180914,OXTR,ENST00000316793,3,8769612,-,GRCh38,8728653,8810573,87626e3b112182a9b9f2987ee6a4e4b83a16321db93dd5fc5622a4a93ce31558
ENSG00000181072,CHRM2,ENST00000680005,7,136868651,+,GRCh38,136827691,136909611,b5aa2e158883e73db2879b475e2cb285d4f2217ac749e0ab1cc17c1bdc42a5b1
ENSG00000181092,ADIPOQ,ENST00000320741,3,186842709,+,GRCh38,186801749,186883669,9717effa335237496ebb80497d6dab8954f25b1638195c74a24f595bdd896f94
ENSG00000181264,TLCD5,ENST00000375095,11,120325298,+,GRCh38,120284338,120366258,7e6e8963c0a4bd90be7d024666b42682f8e4f80d047f559ab4ac6447a4ec4868
ENSG00000181291,TMEM132E,ENST00000631683,17,34579581,+,GRCh38,34538621,34620541,34e334b4af344cabb42ddf621c82d9710f2d56da68b47a99b09912197392c2c1
ENSG00000181541,MAB21L2,ENST00000317605,4,150582150,+,GRCh38,150541190,150623110,92ad3a8aede60a52faaf4065aa9687fdf26ffe27b5696638afa871f624a75456
ENSG00000181631,P2RY13,ENST00000325602,3,151329548,-,GRCh38,151288589,151370509,119986b33a7f672dae3278f692dd839afff96d6c8415b53f510150463ce1622d
ENSG00000181634,TNFSF15,ENST00000374045,9,114806038,-,GRCh38,114765079,114846999,06004ea6c412610a038289eff02307387cb35319cdf20ac9c5086db048df234c
ENSG00000181722,ZBTB20,ENST00000675478,3,115147287,-,GRCh38,115106328,115188248,529e9a2bce1a4eb3e1e388b0bbcaad36c8dfad4aea4a0e77b1ab8167e5d14a8a
ENSG00000181751,MACIR,ENST00000319933,5,103258762,+,GRCh38,103217802,103299722,098672cd7a4f322e6563edc2e19bcd965c4ac02e258373a9e5443e120e55daec
ENSG00000181778,TMEM252,ENST00000377311,9,68540882,-,GRCh38,68499923,68581843,0571538ae49ec3486746dd78f5f74fa79aea6b6f7385ad7a86460f9851bd545f
ENSG00000181826,RELL1,ENST00000454158,4,37686375,-,GRCh38,37645416,37727336,c9b66e3952770bfd787f6ea47dbc456f8ed5f116d5376a4c9b9435019f34f9ce
ENSG00000181830,SLC35C1,ENST00000314134,11,45805148,+,GRCh38,45764188,45846108,3e547549fe5adf6e881fc36d7fc49412206bebd6da7eaa4489165646d276752c
ENSG00000181915,ADO,ENST00000373783,10,62804719,+,GRCh38,62763759,62845679,053ead9b4c7bf0db239ba96233f3a39046ea283651a5e8baf9e20dde89e34d07
ENSG00000181982,CCDC149,ENST00000635206,4,24913041,-,GRCh38,24872082,24954002,2c4353d520bcbd16f61de3da7273f1940a30abdae15f52f202973c17f4c85bb5
ENSG00000182022,CHST15,ENST00000435907,10,124093597,-,GRCh38,124052638,124134558,ba9d50e2f35c14a7be1b2637e44b9a6f77c1ddba2e55c717f1447e4b5fe1966b
ENSG00000182050,MGAT4C,ENST00000611864,12,86256390,-,GRCh38,86215431,86297351,0f08a88e61d6a7f4f2bd1c8e3f36ff7d249e9cbdeb1b5c7bee8bf31d3e6fdff2
ENSG00000182134,TDRKH,ENST00000368824,1,151790499,-,GRCh38,151749540,151831460,19d0a354bf86691a4bf29f95476cbe051efdb76fda517104750658a386ab0ec0
ENSG00000182158,CREB3L2,ENST00000330387,7,138002085,-,GRCh38,137961126,138043046,9c83deeb3dd2761a0a6284eb581bc99c006ea3a7713057af290e674b5605150a
ENSG00000182168,UNC5C,ENST00000453304,4,95548972,-,GRCh38,95508013,95589933,d6c6b331643d886c1298417b63dc0222014b9a4189776bc7aa6bbb99ca5a5916
ENSG00000182173,TSEN54,ENST00000333213,17,75516527,+,GRCh38,75475567,75557487,df5b797659742c0e5643022f29d0d772d37297f7f1445e9fdb2026b70c2952dd
ENSG00000182185,RAD51B,ENST00000471583,14,67819778,+,GRCh38,67778818,67860738,fd3006f44d1b4ba57ac3536235863860c2005f466be936ab9752ed0143419070
ENSG00000182263,FIGN,ENST00000333129,2,163736007,-,GRCh38,163695048,163776968,f71f86b1f97a65620701016c69637cc6c49acc5b82e8de0d72480bd38a887d5a
ENSG00000182359,KBTBD3,ENST00000531837,11,106077346,-,GRCh38,106036387,106118307,eb8a4c332d49d122ba313cf72bbc81556bc12d3028d225360d9f8c34716289c8
ENSG00000182389,CACNB4,ENST00000539935,2,152099043,-,GRCh38,152058084,152140004,10c986d6b8bfbde5aaf94998486eac1cbad561e1e4d66847d1fdb1dd9e6eeea6
ENSG00000182447,OTOL1,ENST00000327928,3,161496807,+,GRCh38,161455847,161537767,57b4f6d83e55782431a4056e78d9417573fd9274f990c105fe27c9488b6b993a
ENSG00000182463,TSHZ2,ENST00000371497,20,52972357,+,GRCh38,52931397,53013317,b938beb6cf546928d3f2e7eb71e85cb2e662d399bb84d979c77a15fa35a43086
ENSG00000182473,EXOC7,ENST00000589210,17,76103786,-,GRCh38,76062827,76144747,9a0198517bcb87a04b231906f7aa970f2c1ea9a8f3ff0cc3198322974c0e8137
ENSG00000182533,CAV3,ENST00000343849,3,8733801,+,GRCh38,8692841,8774761,6fa9671f939c900193ef20ff087c95609d298b0b42c8fd34c8aaf7b78909282b
ENSG00000182541,LIMK2,ENST00000331728,22,31212297,+,GRCh38,31171337,31253257,cba714ed4d993787588a273729426f774d0b54ca047e11ccd91f7560f8578eeb
ENSG00000182578,CSF1R,ENST00000675795,5,150086553,-,GRCh38,150045594,150127514,97fba7d037ab43aa46b7aae66d7eec7bfb762403844d3640a702fb46026c258c
ENSG00000182621,PLCB1,ENST00000338037,20,8132265,+,GRCh38,8091305,8173225,d150822daf98027aa51cff2a35b15ff93bf6f6853ce011f3e819e041c75ca30f
ENSG00000182645,CCDC172,ENST00000333254,10,116324447,+,GRCh38,116283487,116365407,32199f0c38c1bb48109dae53d79998a0c4c7b9f21ca5d0f59cddd22d10c75d19
ENSG00000182747,SLC35D3,ENST00000331858,6,136922300,+,GRCh38,136881340,136963260,39e0531816ee63c14ce5ea82520a4fcf24eced0c777de95db2ec8c1c6fb945ad
ENSG00000182836,PLCXD3,ENST00000377801,5,41510600,-,GRCh38,41469641,41551561,91c74695e357dc39f8cbf811cee3180724486152e30d59d78802ee16e2eafc4a
ENSG00000182885,ADGRG3,ENST00000333493,16,57668305,+,GRCh38,57627345,57709265,0d242fe52fcfb592c825c32715e5fde4cc5850c84e87a09274322d9d7d06b208
ENSG00000182919,C11orf54,ENST00000354421,11,93741671,+,GRCh38,93700711,93782631,ed165dc4ee6129b75a3bff74554db63181435faa87cb9abbdf05a1dca1ebd732
ENSG00000182923,CEP63,ENST00000675561,3,134486056,+,GRCh38,134445096,134527016,4680fa01c0796eee2a1d8c5693170251623e9c9f14f909d6584e65ae96d582d9
ENSG00000182985,CADM1,ENST00000331581,11,115504414,-,GRCh38,115463455,115545375,c0b5f5be61df7fe25db2c309ed8c183efa6dd836c3e0551c9c03cf22bc993bfb
ENSG00000183023,SLC8A1,ENST00000332839,2,40452089,-,GRCh38,40411130,40493050,84f96fc39a3b65c4f22670a9a80b7e180dc6878ba0089e171e933d7bba00f3a8
ENSG00000183032,SLC25A21,ENST00000331299,14,37172605,-,GRCh38,37131646,37213566,2e5fc5d2ca965bf746525334dfef96e495006cdac626444e5c1424252fe9df68
ENSG00000183036,PCP4,ENST00000328619,21,39867437,+,GRCh38,39826477,39908397,4f8b52b44392b4c0b9741fee094449a4aa8886a32afb4979853152c579f4b370
ENSG00000183091,NEB,ENST00000397345,2,151734475,-,GRCh38,151693516,151775436,672aad58228eb37d58df7797bc9d35286d20886d3d06bc7735a4086686dc1c3d
ENSG00000183111,ARHGEF37,ENST00000333677,5,149581497,+,GRCh38,149540537,149622457,7204c9f95c5c55fd46597eb69d9d7361422886c3740ec76b44a4a88ebeae40c6
ENSG00000183273,CCDC60,ENST00000327554,12,119334728,+,GRCh38,119293768,119375688,82da1ea3b295293481c3128ad682be2c9e2aff2e2526041ccbae3fbbb012cc63
ENSG00000183324,REC114,ENST00000331090,15,73443163,+,GRCh38,73402203,73484123,6942feebcc387eeebbfaa7f96b612d445dc8bce1e407c49f95c48467edd06d43
ENSG00000183395,PMCH,ENST00000329406,12,102197832,-,GRCh38,102156873,102238793,2624caef0878593258e6090c8f49f7cc611c92f6fa23a5482ac541ae1a76faf4
ENSG00000183423,LRIT3,ENST00000594814,4,109848106,+,GRCh38,109807146,109889066,d1f5e895185125bfbfafca92cdfbc071aceb481ca170597b394afedac45ef049
ENSG00000183454,GRIN2A,ENST00000330684,16,10182427,-,GRCh38,10141468,10223388,98c07169534332f7b0319c0a4875df462864a5013ab3875e87e63c38c5e35dc8
ENSG00000183475,ASB7,ENST00000332783,15,100602588,+,GRCh38,100561628,100643548,f6a992f429e74b5ae4af03d7420a85e7a606fb8f2910f5a6952a23a555521292
ENSG00000183508,TENT5C,ENST00000369448,1,117606047,+,GRCh38,117565087,117647007,a9db0900f3fbdd83ed111e700aa8a50c46271fa24413567bf1aadd5e4aa1018c
ENSG00000183513,COA5,ENST00000328709,2,98608511,-,GRCh38,98567552,98649472,56e278662230c1d45261584e9061ea53034c23d714b9d76b77993099a12fb436
ENSG00000183607,GKN2,ENST00000328895,2,68952892,-,GRCh38,68911933,68993853,f49c8c79df4edde3a8468ea63c6c64312b3966a9e72565d4a298dada561d2c2a
ENSG00000183671,CMKLR2,ENST00000621141,2,206213370,-,GRCh38,206172411,206254331,0bf33e70e987d780eaa7d5d942d1807a7030ab7b7e825fa4f998db63eb84fabb
ENSG00000183715,OPCML,ENST00000524381,11,133532500,-,GRCh38,133491541,133573461,9baf4d31c73f6fefe5dda53b31ab0772c72deaae497e110f774d42c8150ff765
ENSG00000183742,MACC1,ENST00000400331,7,20217383,-,GRCh38,20176424,20258344,1e0ca2897b36e556e42e3c6de7c3311a13f53ee6b3c76d0449a7565fcc9bc7b8
ENSG00000183775,KCTD16,ENST00000512467,5,144170872,+,GRCh38,144129912,144211832,a7a22006bc2dc521d86f068d273380a4ffbc830907823719a5ee9a02e297b22b
ENSG00000183780,SLC35F3,ENST00000366618,1,233904675,+,GRCh38,233863715,233945635,83d443024eba470884fc3d75cd2b696bc8426ea32fc65e1afc6c105c98aae83a
ENSG00000183826,BTBD9,ENST00000481247,6,38639928,-,GRCh38,38598969,38680889,4b622fa2ea9b9ca56c175737546a036409933b0611466e46b8368ce2dc1bb602
ENSG00000183833,CFAP91,ENST00000273390,3,119703021,+,GRCh38,119662061,119743981,b069951e24958f7f79003afdef7a147ba5c3e267322c608d0dad8da307d4e836
ENSG00000183853,KIRREL1,ENST00000359209,1,157993644,+,GRCh38,157952684,158034604,3ea13c7eb86d5cff3ada223f630a2524169b33b828e1f21e29323ffafff94f25
ENSG00000183862,CNGA2,ENST00000329903,X,151734745,+,GRCh38,151693785,151775705,8936508ddb73d3866e583e08dd8d9f899690ebdaba6a562263812fd66f42e94d
ENSG00000183876,ARSI,ENST00000328668,5,150302904,-,GRCh38,150261945,150343865,5a889e619d99b20a24cdfa6f3add508e37bfc3e860236b597f38505c7f4019e0
ENSG00000183891,TTC32,ENST00000333610,2,19901982,-,GRCh38,19861023,19942943,6e555ef8692b1991128d390aac7984867a3a0cee733e7d7f2ed52786f0ab4cac
ENSG00000184144,CNTN2,ENST00000331830,1,205043211,+,GRCh38,205002251,205084171,e4ae038058bb60b813652025c24d1833ff93ba8d2792bd9d07ed4756a1d643a3
ENSG00000184156,KCNQ3,ENST00000388996,8,132481094,-,GRCh38,132440135,132522055,27565c20bc170aa78b76ea661a088a38ba8934f7054f126d6dafbd620a3994f9
ENSG00000184220,CMSS1,ENST00000421999,3,99817861,+,GRCh38,99776901,99858821,ff710741f726d28bd08c25953c256a8c311bb2aa9f27d747772f10118f9b303b
ENSG00000184226,PCDH9,ENST00000377865,13,67230335,-,GRCh38,67189376,67271296,e690cb7d77b414f5e8456be7e5c8a8d27881f60f04f0821d54d45441cac226d9
ENSG00000184254,ALDH1A3,ENST00000329841,15,100879830,+,GRCh38,100838870,100920790,06b55001eaccf577f124c5cfd1b2999e78a0cbdd47ad0f00f85b86aa614db389
ENSG00000184304,PRKD1,ENST00000331968,14,29927846,-,GRCh38,29886887,29968807,111bcd78692459748b3f7d29957d54655e379d23e84076efecffabfbbf9ad2f2
ENSG00000184349,EFNA5,ENST00000333274,5,107670936,-,GRCh38,107629977,107711897,f2511e8ddeb85306beacc80bca529977af4000296b620dd15c55c78f7ee181de
ENSG00000184374,COLEC10,ENST00000332843,8,119067246,+,GRCh38,119026286,119108206,7aafc746eaeed4fb7af07691d04ebbbfb1f7123b40bf4d1919b810aeab9e15a6
ENSG00000184384,MAML2,ENST00000524717,11,96343194,-,GRCh38,96302235,96384155,6ab0c4d2f48a70304f2a853390aaae2339a9413fe80cc7e950ba09a74cc324c0
ENSG00000184432,COPB2,ENST00000333188,3,139389646,-,GRCh38,139348687,139430607,f53a4b1129b16340a73c968d70e38fd931588d8c7102e562ee83e61746da6783
ENSG00000184445,KNTC1,ENST00000333479,12,122527248,+,GRCh38,122486288,122568208,1a6a2ecb9273d457d47b38be5e647982c43bbdef2a7b458b8b48e66ddd5e33b6
ENSG00000184588,PDE4B,ENST00000341517,1,65792894,+,GRCh38,65751934,65833854,1a5d7a5332b4e11785a148d06a8682d692586ee322533a986abb274800f5284a
ENSG00000184611,KCNH7,ENST00000332142,2,162838766,-,GRCh38,162797807,162879727,d4826012f77c2a459e30cc1c5862159d5d8cd161b377573a83c2b7ee4b73b410
ENSG00000184677,ZBTB40,ENST00000375647,1,22451850,+,GRCh38,22410890,22492810,e19508d8fe371289322ec3f69aa5d3e5f181432c3981f01075a9940af184a604
ENSG00000184828,ZBTB7C,ENST00000590800,18,48409382,-,GRCh38,48368423,48450343,c26116d8d77d7368b501eaaecbb64e1257fed2836856e86e3d21cfb9fad4e959
ENSG00000185002,RFX6,ENST00000332958,6,116877241,+,GRCh38,116836281,116918201,08b23987e6789c1d7161141e8bf1ae67cd0e38c7f06018d4cb8d6e2bf118ca1b
ENSG00000185008,ROBO2,ENST00000696593,3,77040098,+,GRCh38,76999138,77081058,508b0a80f015334534ef64d2fdb530363fd87cee10c35f50da3bbaff4bd0273c
ENSG00000185009,AP3M1,ENST00000355264,10,74150827,-,GRCh38,74109868,74191788,98ee5c272906842b4ec34018570d05d8cd182d565f425f0d999bfb43e329d7f8
ENSG00000185013,NT5C1B,ENST00000304081,2,18589568,-,GRCh38,18548609,18630529,0278a836fef92c298b442abbd286af855bc443e198ee4908e4e87ba4e83f7e7b
ENSG00000185033,SEMA4B,ENST00000411539,15,90201329,+,GRCh38,90160369,90242289,602961e67f1da59ef48eccda3d92c6d26b4333f5e82943b459d7589bf882470e
ENSG00000185052,SLC24A3,ENST00000328041,20,19212641,+,GRCh38,19171681,19253601,3b66ddf7e2e3c1619a391c633568b1b30ae016bf2000f4147bfbd514a7040718
ENSG00000185053,SGCZ,ENST00000382080,8,15238430,-,GRCh38,15197471,15279391,ec2cb21ce04be0397c3de1e74d48046ed718a66539cb26e2aeb6e78d7eb37f4b
ENSG00000185070,FLRT2,ENST00000330753,14,85530143,+,GRCh38,85489183,85571103,2f22fea89b602686e444090972ca44fac1805afa9b406a48854f13365c8ab3c4
ENSG00000185133,INPP5J,ENST00000331075,22,31122965,+,GRCh38,31082005,31163925,c847c855d7c422f403481e08fb7c9cde3806939b02b3d800ab9fa19af2df0ac0
ENSG00000185238,PRMT3,ENST00000331079,11,20387715,+,GRCh38,20346755,20428675,4330d289f7061841fdf8c2cc44f4d590aca43da22f1f19f329db10e18373c287
ENSG00000185261,KIAA0825,ENST00000682413,5,94618603,-,GRCh38,94577644,94659564,41d4f4241683b5362d57dd7665fe4dd14cc66576b089a7c05847e058dd59547d
ENSG00000185278,ZBTB37,ENST00000367701,1,173868379,+,GRCh38,173827419,173909339,625fee2170b4410c33c87a749b6d8dd6de4c8756ba600cb95cd74d86d673f995
ENSG00000185305,ARL15,ENST00000504924,5,54310572,-,GRCh38,54269613,54351533,517597138f05df1a2aa731ad5754f6ebc665e5ce755709f5476d316a7a7e5941
ENSG00000185313,SCN10A,ENST00000449082,3,38816216,-,GRCh38,38775257,38857177,ef2161e697e0bf72165383e65808a59e204fccaabae132498b30a40f6637bf22
ENSG00000185480,PARPBP,ENST00000327680,12,102120182,+,GRCh38,102079222,102161142,db8f36e7345ed386ea808794d6c0b4d58021d37ab72e9008aef750d2596e24d8
ENSG00000185483,ROR1,ENST00000371079,1,63774016,+,GRCh38,63733056,63814976,292c2c527bef173a381da976c7b7fdd4717c6f0abf4d2603c0c57c7c9a3a8e08
ENSG00000185518,SV2B,ENST00000394232,15,91100256,+,GRCh38,91059296,91141216,de239de2907f5fecb111818ee902937ed9556c1abda512c803faaed641b147c2
ENSG00000185532,PRKG1,ENST00000373980,10,51074486,+,GRCh38,51033526,51115446,85092adbf54e0d0b404f4c2c264e6846edc258be30d3afecc0f02f0c081a0e5a
ENSG00000185565,LSAMP,ENST00000490035,3,116445486,-,GRCh38,116404527,116486447,d3cd04813bb4384042871c4f2083fbc51422fdb947378f326259d8cb41a49053
ENSG00000185630,PBX1,ENST00000420696,1,164559183,+,GRCh38,164518223,164600143,675c86d9a899602a8c41bc7d67cb7c1afcd4b5f49087fa85b4bc86da81e3a92c
ENSG00000185652,NTF3,ENST00000423158,12,5432107,+,GRCh38,5391147,5473067,2c3dcb4e786ca28b7e25bebff2902a244090ad25f380dea4b95a1adf10861b26
ENSG00000185753,CXorf38,ENST00000327877,X,40647560,-,GRCh38,40606601,40688521,ca0256595e63870ab737af7e364a73cc0587902ab4e167679ba94f081b3a76b9
ENSG00000185774,KCNIP4,ENST00000382152,4,21948771,-,GRCh38,21907812,21989732,1cdd8394e0ccbb07bb1b06290678bf2bbf17ec42d15684b044883e22125b926a
ENSG00000185909,KLHDC8B,ENST00000332780,3,49171597,+,GRCh38,49130637,49212557,a0321a1ca72452b3948ddbb4d4a866fa4ae0a64bb826cc5996635d9be9bb314f
ENSG00000185933,CALHM1,ENST00000329905,10,103458899,-,GRCh38,103417940,103499860,6cacf5adcb5839f89bef466bba0b594f5c4cb448bf73b708906058fba6844923
ENSG00000186073,CDIN1,ENST00000566621,15,36579625,+,GRCh38,36538665,36620585,1ceec814e0ff9b2e9c206d9b18e2f85adcc4f073a13c6ab70fe7f73e17080a2a
ENSG00000186106,ANKRD46,ENST00000335659,8,100559758,-,GRCh38,100518799,100600719,2d313f7128d60f1f7b3de80f9ab5da87b74e5118ee459304f6ef01df6b391601
ENSG00000186130,ZBTB6,ENST00000373659,9,122913322,-,GRCh38,122872363,122954283,9b15aef431c2b3e46cf5474c5562e69e2e611270a6c89e0d4992ca1486c0d9c9
ENSG00000186190,BPIFB3,ENST00000375494,20,33053902,+,GRCh38,33012942,33094862,3ac8ce4a3a6013b01ea777f0be7643ac2f0c7b6a86378973287cbf32f01439ef
ENSG00000186231,KLHL32,ENST00000369261,6,96924727,+,GRCh38,96883767,96965687,07a07126ab0221223ed321205d01d12830bbf020d521ecafaa948e1de86b5a96
ENSG00000186260,MRTFB,ENST00000571589,16,14071318,+,GRCh38,14030358,14112278,8de60b5d57cfc8b7e256d3e5cf8facbcce1a3d69478f6f19966e0a1e3d389fbb
ENSG00000186283,TOR3A,ENST00000367627,1,179082069,+,GRCh38,179041109,179123029,aaa25db4543880c139d7c4d484d2ec73d48383490e916953fb0ffea3331c7c0e
ENSG00000186329,TMEM212,ENST00000334567,3,171843348,+,GRCh38,171802388,171884308,898565f03405a195e5bb7d8e76df07404fe61b56f2c8344400b6feacc9af707d
ENSG00000186350,RXRA,ENST00000481739,9,134326454,+,GRCh38,134285494,134367414,79d8601b4ba5c12079174fca858549af7bb84bbed1d5a6eb90ba6778023d6c65
ENSG00000186417,GLDN,ENST00000335449,15,51341654,+,GRCh38,51300694,51382614,691011ea55c020bbe9d637fea7fc745c7f4826d09e890ec2a216f37e913af2ed
ENSG00000186635,ARAP1,ENST00000393609,11,72752407,-,GRCh38,72711448,72793368,fbc47e31c1cd9408c41c9657127884d1de75b8fdaffc4732606a64b4dee5cd81
ENSG00000186638,KIF24,ENST00000402558,9,34329267,-,GRCh38,34288308,34370228,de8f0d83715050f7c44b6a0b7778f100c03730d6fe552aa96dab1a6bff4d46f0
ENSG00000186889,TMEM17,ENST00000335390,2,62506194,-,GRCh38,62465235,62547155,cf281996add7b98b54bd9878ebe9cf88758a09670cd6c8a0b6b60d8c8497f666
ENSG00000187003,ACTL7A,ENST00000333999,9,108862265,+,GRCh38,108821305,108903225,39d69f44cdfabf53b08ffcf2e102b90dd2f50b682e87bcce059a7e1d4069bd03
ENSG00000187045,TMPRSS6,ENST00000676104,22,37109712,-,GRCh38,37068753,37150673,aa2a2a3fe03f9af0eff2c2b925cc246b799952ab2f43ef57738b9568f7450a17
ENSG00000187054,TMPRSS11A,ENST00000508048,4,67963492,-,GRCh38,67922533,68004453,d5e05b0800e631c488ec5f7e10556b5cd5a372bb94d709c3af1ee8beb4c49dec
ENSG00000187079,TEAD1,ENST00000527636,11,12674420,+,GRCh38,12633460,12715380,13911cc9fe08f8fd554a6e005b0ee15c4d555827700d834631c5b0b20e18ee8a
ENSG00000187098,MITF,ENST00000352241,3,69739463,+,GRCh38,69698503,69780423,2ce7ecc88eb8db5619ea6f563fb2be9775cdfeb3e6e661fbdbbbb05470d13848
ENSG00000187164,SHTN1,ENST00000355371,10,117005186,-,GRCh38,116964227,117046147,2bd29409cac85fa3abeadb452008923e4d5271b497848a447dd6f81f5aae228e
ENSG00000187231,SESTD1,ENST00000428443,2,179264831,-,GRCh38,179223872,179305792,742324c63fcc342522059e06a30312781af8062a283b4bbd5c48ee2f3103515f
ENSG00000187239,FNBP1,ENST00000446176,9,130043188,-,GRCh38,130002229,130084149,b5995f84edcc1dc8331a886511b5d1d219a1a8c4ea1e07b6606504be368327a0
ENSG00000187323,DCC,ENST00000442544,18,52340196,+,GRCh38,52299236,52381156,90aa945ab3e13edce064686657de1cc5026712f2724dc652899d9160238b6aa5
ENSG00000187522,HSPA14,ENST00000378372,10,14838305,+,GRCh38,14797345,14879265,5941619973ec3c625b27f768e20ec3dedd5298472dcf42da8aaa49d39c1d1f9c
ENSG00000187546,AGMO,ENST00000342526,7,15562014,-,GRCh38,15521055,15602975,3bf44deafb38978d030bd74e36751218d2b76b985299b5a4c0ee6ecf5d3324a6
ENSG00000187715,KBTBD12,ENST00000405109,3,127915231,+,GRCh38,127874271,127956191,b8c1168f5223335e9aa8d80b1d88fc668832fb2c5d89f26fcdc3b927c56519ba
ENSG00000187720,THSD4,ENST00000261862,15,71115470,+,GRCh38,71074510,71156430,b7f1c6a16be09e319ebeaee45e8cff82caf20c1ec4ae9b4ea597f60ffe611e7e
ENSG00000187783,TMEM72,ENST00000389583,10,44911336,+,GRCh38,44870376,44952296,7300eda6a36e8bdb010b19cd3fad92f5e7d30221d0facd0098849fe97986f3cd
ENSG00000187796,CARD9,ENST00000371732,9,136373668,-,GRCh38,136332709,136414629,675f017a513096918c57d4b045a7007c699872ced7c622bc2893f7be2651d3ee
ENSG00000187821,HELT,ENST00000515777,4,185018489,+,GRCh38,184977529,185059449,c2132ffd825c78ee065e4d6d51d67bbb0a7542c0b44d856972497d78b39729e5
ENSG00000187955,COL14A1,ENST00000297848,8,120125101,+,GRCh38,120084141,120166061,553019280c73c0e4be2d6ec14e220aae3ae92d01793d279ccd5abb27fb69138d
ENSG00000188001,TPRG1,ENST00000345063,3,189171970,+,GRCh38,189131010,189212930,fc43ce2f99142c1c48ff4d6ff9acd1744a5d8cf4ec8b9f5af4462cece3c042dc
ENSG00000188089,PLA2G4E,ENST00000696112,15,42021041,-,GRCh38,41980082,42062002,b871bb90cf3470db27e5ede8305d95d750649b83c89c5f14205ce1571313bea3
ENSG00000188158,NHS,ENST00000676302,X,17375199,+,GRCh38,17334239,17416159,664a2df96ead4b61bc427866ed7d8d33604265e3a17062e487adf96eb525aa78
ENSG00000188162,OTOG,ENST00000399397,11,17547258,+,GRCh38,17506298,17588218,9fa67c6b7d050a57035ef0b53b9b8913e5e798ebee52d734ad52a16e47ed4640
ENSG00000188175,HEPACAM2,ENST00000394468,7,93226468,-,GRCh38,93185509,93267429,c33ebc18e7a3805cb569106b0f02e6a915decaff53a2cbea5ce200848ef902be
ENSG00000188316,ENO4,ENST00000341276,10,116849498,+,GRCh38,116808538,116890458,0f98ea32bc2fd1a35070949a5657c6ebb4ec8cbbb8e5da252e3959692934a954
ENSG00000188467,SLC24A5,ENST00000341459,15,48120989,+,GRCh38,48080029,48161949,e011d02c79838d0cd3af504fb287b07aad80d7b08a509192d8e73526ad790dcd
ENSG00000188517,COL25A1,ENST00000399132,4,109302657,-,GRCh38,109261698,109343618,35c2eeb703d4666e4f6d4ab063db8ecc2cd687aedf61b57c275a645230ccff9f
ENSG00000188641,DPYD,ENST00000370192,1,97921033,-,GRCh38,97880074,97961994,dc565834362ace682b2a05d3c2684a93b42d495770d1726a78d27b8dba5c9a16
ENSG00000188647,PTAR1,ENST00000340434,9,69760010,-,GRCh38,69719051,69800971,0d05c2e52f96f6b8951d4a75b79c74f9413f3797a8db4219ad6e7eedb3c80133
ENSG00000188687,SLC4A5,ENST00000394019,2,74343415,-,GRCh38,74302456,74384376,226d2de36c065b00e6605397275c211b13323292242c78de3f80682b3127096d
ENSG00000188716,DUSP29,ENST00000338487,10,75073641,-,GRCh38,75032682,75114602,ac0f4a01e60de9ececa458ca294858dc71e730f32793cf53cacc33a71c4a2aa6
ENSG00000188729,OSTN,ENST00000682035,3,191199240,+,GRCh38,191158280,191240200,375ad8d8ccc4f41bc09981ed612fd61e344bc0c74c092b08cccb0a4c871d3ad8
ENSG00000188760,TMEM198,ENST00000373883,2,219544027,+,GRCh38,219503067,219584987,3d5df2cf5a82560913657557e60057ea322a6df7d4209ddb95623d280d36d267
ENSG00000188811,NHLRC3,ENST00000379600,13,39038455,+,GRCh38,38997495,39079415,bcb1e8732ee04d5530013a38adbc22abdcb98325249eaf787bc5b8f50a3ac5aa
ENSG00000188816,HMX2,ENST00000339992,10,123148135,+,GRCh38,123107175,123189095,eb5f6712e105adfbbcc2b0739446e67c86125c3369e7f6903432688d55e5c171
ENSG00000188869,TMC3,ENST00000359440,15,81374212,-,GRCh38,81333253,81415173,b855d0c8992c36509d79eedb9a762f10db5ea7ca1239c8ab5aa705deff47e490
ENSG00000188906,LRRK2,ENST00000298910,12,40224996,+,GRCh38,40184036,40265956,e49923dddbdb434f0f416756d14ac5e3230e162300b8f3a7eaba66987ca55b4b
ENSG00000188916,INSYN2A,ENST00000522781,10,127196590,-,GRCh38,127155631,127237551,ffca4355f085eae3afcde78a3600e2903501146b712ec7bf5dde78ecf5ac823a
ENSG00000188981,MSANTD1,ENST00000438480,4,3249158,+,GRCh38,3208198,3290118,ab5d0f9309e3481076ddcf41b6cd2f48c23b5efcd72b79bae636965c0dce8650
ENSG00000189007,ADAT2,ENST00000237283,6,143450694,-,GRCh38,143409735,143491655,237f40e55fcd538fb1efc474992ae0bebe5745c0ff5cd5261775105f9339c956
ENSG00000189046,ALKBH2,ENST00000429722,12,109093471,-,GRCh38,109052512,109134432,9b2444f6cf4c3e686b2198e038927bbdb0d24f4d915a97b2b26f44e31022a27d
ENSG00000189091,SF3B3,ENST00000302516,16,70523815,+,GRCh38,70482855,70564775,2e5559483a4eebfbeb08ba901296e1307dd41b23eb31f4104f781500c2688a5b
ENSG00000189184,PCDH18,ENST00000344876,4,137532493,-,GRCh38,137491534,137573454,489734c55c1469f037f3cd98412ab1904581980771f2d5344656be678ec8c40b
ENSG00000189195,BTBD8,ENST00000636805,1,92080344,+,GRCh38,92039384,92121304,912cf9bfe7b824b825d57ca7bdb56cf0cbd5b012c7483c2fca085fbdb3700cb0
ENSG00000189320,FAM180A,ENST00000338588,7,135748812,-,GRCh38,135707853,135789773,4515d91a384dfed7d35bbe2920f0e62a758c789efbe05a51fa9fc32f9403f9c4
ENSG00000189367,KIAA0408,ENST00000483725,6,127459388,-,GRCh38,127418429,127500349,57fd2501ba7b0e83dc32b4a8ec3db4eb776a06740632bbcbb3f61eea6339e146
ENSG00000196090,PTPRT,ENST00000373187,20,43189905,-,GRCh38,43148946,43230866,ac06d2731416ad5f2a49daabec9084a59d5fb752f68a76f68b618e9ba6fd10ec
ENSG00000196091,MYBPC1,ENST00000361466,12,101594970,+,GRCh38,101554010,101635930,e5afdacbc5d76cb8db37705f715a407a95fa1a6d2b312dfa9e0616e0bf8f4d93
ENSG00000196092,PAX5,ENST00000358127,9,37034267,-,GRCh38,36993308,37075228,2dff9aaa5353bbbb01359a4e53825adac5607e6f46013953d7bd22b00442b3ad
ENSG00000196123,MATCAP1,ENST00000563902,16,67183962,-,GRCh38,67143003,67224923,20b40b74959531365705f73e5aa76f5ed842c22b5c958cb455b1301663abb025
ENSG00000196141,SPATS2L,ENST00000409140,2,200306692,+,GRCh38,200265732,200347652,9ba89a879cff525a4b72acf61fd9d7573c1ff42cd675dbce7e6a4a28716ceb65
ENSG00000196151,WDSUB1,ENST00000359774,2,159286702,-,GRCh38,159245743,159327663,cf8d6931ea875d298e47b00905fbc0cad0aab43c5b4a05733c90f901b2e6653d
ENSG00000196159,FAT4,ENST00000394329,4,125314954,+,GRCh38,125273994,125355914,17525128e7982fe237cc66b62e792868fb15abd798e34b662d8056f3d9404953
ENSG00000196220,SRGAP3,ENST00000383836,3,9249645,-,GRCh38,9208686,9290606,fbb3ab0f9c489e3888817501d16551b51c550f2ee40331c4088fd4fa2da242da
ENSG00000196284,SUPT3H,ENST00000371459,6,45377933,-,GRCh38,45336974,45418894,72a4629dc0f9c69cf5eeb87182bd808b0349cfdb44cf6cbe64f76b476aa6d09c
ENSG00000196353,CPNE4,ENST00000429747,3,132035013,-,GRCh38,131994054,132075974,3754554faf6c654f5d24fe7ed45440a346e3d46ff0234d781109c3b5331526e5
ENSG00000196376,SLC35F1,ENST00000360388,6,117907263,+,GRCh38,117866303,117948223,8e3b226f4a3d552d3b197a4c84ca8b6671fa1a8d29ecab014cc48a37bc791404
ENSG00000196396,PTPN1,ENST00000371621,20,50510382,+,GRCh38,50469422,50551342,6e9eb8b1f824dbcdf654e739518642b9395533704deff55cc05af27914ce91c3
ENSG00000196482,ESRRG,ENST00000408911,1,216723428,-,GRCh38,216682469,216764389,590d49b6ab8b4df1acabc808fd04470c4bd01b8a37d2c1b06db904538961f79e
ENSG00000196497,IPO4,ENST00000354464,14,24188815,-,GRCh38,24147856,24229776,3bb1eeb699796863b72bd1fb1d6cfcd69caaff435401dbd10ad2b7ae24a63c3a
ENSG00000196504,PRPF40A,ENST00000545856,2,152717460,-,GRCh38,152676501,152758421,57b585ac8532eb72d9dc9c6da847c4eda8d053bff804cb7ce1730b5a01c29ab5
ENSG00000196505,GDAP2,ENST00000369443,1,117929620,-,GRCh38,117888661,117970581,6ab609d51fb5eb5c8db11fd308c3d7a26c3558c72d4764c378e75a70904caabf
ENSG00000196510,ANAPC7,ENST00000455511,12,110403707,-,GRCh38,110362748,110444668,a6e6d5d3a1c8bbaccbf064448f4c916a238758b83a2b45d892c7f65add264817
ENSG00000196586,MYO6,ENST00000369977,6,75749238,+,GRCh38,75708278,75790198,fc267f3e8ad2f4ec623343f0682dd8af5a612e43395028b81dbc5066cf2b358c
ENSG00000196611,MMP1,ENST00000315274,11,102798159,-,GRCh38,102757200,102839120,2c17479fb40e451c98be87c0118a85b64a4684865acbf8a2191a458fe56255c8
ENSG00000196639,HRH1,ENST00000431010,3,11154492,+,GRCh38,11113532,11195452,0d0c08f003f7174a0220ffeb424605ae4054b4e8946d6605e71c69e8752cfc22
ENSG00000196689,TRPV1,ENST00000572705,17,3609410,-,GRCh38,3568451,3650371,12a6d33af2d1f3b0c58e2ddbaf1b5e141a1891ec75b1b144cf24f882348a1f89
ENSG00000196776,CD47,ENST00000361309,3,108091030,-,GRCh38,108050071,108131991,30a0c02ee5c724b12ad9925c5611839fef22378591fe87f153e0f78bca243cb5
ENSG00000196811,CHRNG,ENST00000651502,2,232539691,+,GRCh38,232498731,232580651,5a70ab5a2f32a3194298b619d6009190354634fd8bce589d40dde77b1f1adaff
ENSG00000196865,NHLRC2,ENST00000369301,10,113854660,+,GRCh38,113813700,113895620,fff33e4b71e75ed3e0734f1e754bd3afdaf624c758623b579c424647f4481de5
ENSG00000196876,SCN8A,ENST00000627620,12,51591232,+,GRCh38,51550272,51632192,48d862f2dba9144065a740f667e0249d4a894822e156c7d3a4edc77b6c078023
ENSG00000196878,LAMB3,ENST00000356082,1,209652424,-,GRCh38,209611465,209693385,bef295ecef907655ffb3f19fdb90dfd6dbf8ad55c99dea7ef22c11dd91d3d385
ENSG00000196911,KPNA5,ENST00000368564,6,116681210,+,GRCh38,116640250,116722170,40533fdc24b1d62909cd0e3382440381579fa054496e34ed9ec1838aea32fbc6
ENSG00000196914,ARHGEF12,ENST00000397843,11,120336412,+,GRCh38,120295452,120377372,68dfae76967ebb915c76489e24c37717eb1370214c94f45309468d0beba3a36c
ENSG00000196932,TMEM26,ENST00000399298,10,61453380,-,GRCh38,61412421,61494341,e53f30ed0bc10e1a58a0c7e4fa235d5f8906286d3b4ff44370e609248ad1e688
ENSG00000196943,NOP9,ENST00000267425,14,24299849,+,GRCh38,24258889,24340809,3c77f32016c279693959b3ed329c15a6ed2735899c78740e941b4b7293b3d0a1
ENSG00000196968,POFUT4,ENST00000372841,10,73772275,+,GRCh38,73731315,73813235,2e53d6fdcd7595637954e527cb75e7a77163e810f1f40f14c1d5fd3bfa7080db
ENSG00000196990,FAM163B,ENST00000673969,9,133609388,-,GRCh38,133568429,133650349,3a45305a56bd32ca03f39f0d28b53842036d5e4b0232034f22c254816368c202
ENSG00000197057,DTHD1,ENST00000639862,4,36281615,+,GRCh38,36240655,36322575,b9f2198d5a47b040e090ef4cef671be9c96b64b3ef5f1178d028b14a54b2bb7b
ENSG00000197081,IGF2R,ENST00000356956,6,159969081,+,GRCh38,159928121,160010041,4447d6aa7d63a43ba92596a8c622bf14db3d745cc8dbf2d5e3d0b104f025a2e6
ENSG00000197106,SLC6A17,ENST00000331565,1,110150493,+,GRCh38,110109533,110191453,f9446b399f6f47e1a42ba9ab57ab1be953e79d6263a109292c6376b18aad42de
ENSG00000197121,PGAP1,ENST00000354764,2,196926706,-,GRCh38,196885747,196967667,3da513fb7deed02dd960d06bddfda68cc7171b62d87dc0ba6629fc3bef47f434
ENSG00000197136,PCNX3,ENST00000355703,11,65615775,+,GRCh38,65574815,65656735,659ea4012f413f3074ce5dd33a6590ebec3c26d4e75ea1bc3c315856549a654a
ENSG00000197142,ACSL5,ENST00000354655,10,112374115,+,GRCh38,112333155,112415075,67b2be751cc778b5ee5b83b6aa99e4d0c5d37f0a29b3b46742b6a481dc6f99ec
ENSG00000197147,LRRC8B,ENST00000330947,1,89524828,+,GRCh38,89483868,89565788,aafc4ee4750db8a93b1544c3cd23adbc21f23d4d706cce3f9fe7479067796c2f
ENSG00000197150,ABCB8,ENST00000358849,7,151028449,+,GRCh38,150987489,151069409,bb8507a3a3fd72cef57287c56d4294c4d6dd6780da82ec9543548e1fff851b12
ENSG00000197157,SND1,ENST00000354725,7,127652193,+,GRCh38,127611233,127693153,207329b97fe63222d665acea8efcddfd447c95eeba6cb26f2966e03fcbc0b928
ENSG00000197296,FITM2,ENST00000396825,20,44311201,-,GRCh38,44270242,44352162,6ac02359e4dc73eaaf9e69e4497e7d4affd5c53a5d8f34450b4b75e4384848aa
ENSG00000197299,BLM,ENST00000355112,15,90717345,+,GRCh38,90676385,90758305,d74e8b615cb39bd2f55db10666ebf6fd346ce6b2125ec52814024d326bab5fb7
ENSG00000197329,PELI1,ENST00000358912,2,64144419,-,GRCh38,64103460,64185380,ad62fc1db7761505274028f70e3e6ec5d0b456baed5e9c1f64694f382ad0b644
ENSG00000197415,VEPH1,ENST00000362010,3,157503415,-,GRCh38,157462456,157544376,c140c1013118c13d835854d0128bb1d78f395d62c676afe5e25bd5464cd4df8a
ENSG00000197442,MAP3K5,ENST00000359015,6,136792476,-,GRCh38,136751517,136833437,3b6c2da80843c1b5009e43928330e37c76af282bf084066d16b6359a67cb15ea
ENSG00000197506,SLC28A3,ENST00000376238,9,84340757,-,GRCh38,84299798,84381718,12860c86ca391de98b15e2657935c7d7546e550f83ccb3cd4418fef0f9c23eae
ENSG00000197535,MYO5A,ENST00000399233,15,52528879,-,GRCh38,52487920,52569840,5a4c5ac718eb532d096813b23dce4b26e851804d9c9fd0e9e0975e130f8750f9
ENSG00000197548,ATG7,ENST00000693202,3,11272396,+,GRCh38,11231436,11313356,1ad10311414f3a94f854c2af7d64e2d6e720bd16a1b163c18aa6ea4cb16761c3
ENSG00000197555,SIPA1L1,ENST00000381232,14,71320475,+,GRCh38,71279515,71361435,f72c3f03eda744dcdc27b69bf3fda2f43f2cb73b6a6f88ce389775c6b6713447
ENSG00000197563,PIGN,ENST00000640252,18,62187055,-,GRCh38,62146096,62228016,a7ef0172e8e33b24acc5e4976cc3b91e692f98e03280fbe0ce320d13a60d6305
ENSG00000197580,BCO2,ENST00000357685,11,112175511,+,GRCh38,112134551,112216471,178a3463792a734f8c5c6bdc88646b6adea3b0e201fde8cad55a178222ec779b
ENSG00000197584,KCNMB2,ENST00000452583,3,178536435,+,GRCh38,178495475,178577395,27645e38aa8732cd3e82af5d2c24ce04164aa5136013b90c4cf1144f278c2417
ENSG00000197632,SERPINB2,ENST00000299502,18,63887704,+,GRCh38,63846744,63928664,c8c0966ee5657598cd4efca24fbf4efeb2dd497133234db6b88621c969037aff
ENSG00000197635,DPP4,ENST00000360534,2,162074214,-,GRCh38,162033255,162115175,2bda465d45ff1d5350c375f6d99f705157a8041337b6be717b5942ce13f155f9
ENSG00000197702,PARVA,ENST00000334956,11,12377570,+,GRCh38,12336610,12418530,b2d444c4b075e08ff285eafdebd510ac2139072175f931adc2b7a4ae45306b20
ENSG00000197712,FAM114A1,ENST00000358869,4,38867805,+,GRCh38,38826845,38908765,0f900795777b30e10c10c0d88134d99fa5679b156e4330eb9835dd417950e78b
ENSG00000197757,HOXC6,ENST00000243108,12,54028439,+,GRCh38,53987479,54069399,ce64194cc5bc3fe464eaee0830a3076050b3d07ba00413a59d89557201824543
ENSG00000197852,INKA2,ENST00000357260,1,111739394,-,GRCh38,111698435,111780355,ecf1df9d160be1630d3b3e9c97429c1f35c486c1c66506f9051215a4bfb9bfc1
ENSG00000197872,CYRIA,ENST00000381323,2,16665833,-,GRCh38,16624874,16706794,254bd8753dd75b4409d3c57ac551a8a94d9f6b84700939b8adf91aca6a40fa08
ENSG00000197893,NRAP,ENST00000359988,10,113664040,-,GRCh38,113623081,113705001,81157cb64558ccf5e14a298f832b3b8a66c9fba0eb2211a3601990ef88662443
ENSG00000197959,DNM3,ENST00000627582,1,171841497,+,GRCh38,171800537,171882457,a9718be7a9aff386ae48b10f2837718cc0745605ce7c23e6d1d268c96803e258
ENSG00000197993,KEL,ENST00000355265,7,142962362,-,GRCh38,142921403,143003323,4bef4d89617ee0f7b6b736a5db6d8df80827018587e8f0753b9f05e60f68b9e4
ENSG00000198018,ENTPD7,ENST00000370489,10,99659508,+,GRCh38,99618548,99700468,cfec60d88d3a1fca5e6d710de8e33eb1a72c24357a4c47b94e015e9a20035e2c
ENSG00000198130,HIBCH,ENST00000359678,2,190319825,-,GRCh38,190278866,190360786,2e958b52ec06e9d9f5894e35b36d5a21aafed73486c4797ed294a0b386727287
ENSG00000198146,ZNF770,ENST00000356321,15,34988286,-,GRCh38,34947327,35029247,74ca32bda7825d0ba14d457df7cf5d70027cf25078bbf74193c54bc6c7c04c71
ENSG00000198160,MIER1,ENST00000401041,1,66924989,+,GRCh38,66884029,66965949,0cde0fcaa8493fd2f0e0246983be9b30623bee6d3aabe3a8a0c9a0396bafd4d0
ENSG00000198216,CACNA1E,ENST00000367573,1,181483516,+,GRCh38,181442556,181524476,fe56387b4192bb6e60e484409d11c302005b658a9c5f932035317e0e254ad41a
ENSG00000198231,DDX42,ENST00000389924,17,63774169,+,GRCh38,63733209,63815129,64c236b8f3dbbce2e483d67aec8fa9080edddee1de0bafafc1af0bef66ec518c
ENSG00000198246,SLC29A3,ENST00000373189,10,71319258,+,GRCh38,71278298,71360218,02664b829b4c18c7d3b432a77297cb4e1851866425821de12550b81e4c71cf78
ENSG00000198315,ZKSCAN8,ENST00000330236,6,28141882,+,GRCh38,28100922,28182842,08558bba2c7aa43264a6f1908a751b7312b384c3a3c5337a1e4319470b487de6
ENSG00000198353,HOXC4,ENST00000430889,12,54053834,+,GRCh38,54012874,54094794,902e59163bae5beceec87eb01d3488ad5b5dc3599c8c792e1e1681509d090c66
ENSG00000198369,SPRED2,ENST00000356388,2,65432598,-,GRCh38,65391639,65473559,073e51e5f232012b259de6e7761fe748db8361f1188732a1e00516701e0093e8
ENSG00000198382,UVRAG,ENST00000356136,11,75815209,+,GRCh38,75774249,75856169,d7c9351a73a19b12eca706d8b8ecf584e0f4ffbc7ee50dc3a1cbbb41045b4c7b
ENSG00000198471,RTP2,ENST00000358241,3,187702556,-,GRCh38,187661597,187743517,22272f5aabcbf3ccfb8ab21bc688833e7b85e52b41fd6532ccb7caa565b17404
ENSG00000198523,PLN,ENST00000357525,6,118548295,+,GRCh38,118507335,118589255,d9de7d3fe634a7dc7c02ab928a81811eeabcf4bc41676e91cd936a8528abf0af
ENSG00000198542,ITGBL1,ENST00000376180,13,101452674,+,GRCh38,101411714,101493634,c9c0f25049a2f2bb816b443eab3508617c991bfcaa9956b0a85bdff40acc2877
ENSG00000198554,WDHD1,ENST00000360586,14,55027098,-,GRCh38,54986139,55068059,001e25feb06422b918b0d4f3654d37e4a40e005e6d904909d1901efab452e18e
ENSG00000198561,CTNND1,ENST00000399050,11,57761801,+,GRCh38,57720841,57802761,516ff20cf262af571d00062bee90f6ab32180b07e0c5fef766816b3794820eb8
ENSG00000198570,RD3,ENST00000680073,1,211492161,-,GRCh38,211451202,211533122,64dc2ed0c7b4e8e2e24b317689dfabdc144b03eb72d694112e6d36b567841033
ENSG00000198597,ZNF536,ENST00000355537,19,30372383,+,GRCh38,30331423,30413343,c5ccb05247e3e9deb0932d5adc6b23c85aae085e59f104d482c93425ed414336
ENSG00000198624,CCDC69,ENST00000355417,5,151224091,-,GRCh38,151183132,151265052,820b1f2997f9a48d302003941b42aa59df8277ed11a2165a59a06b1a3b2435e7
ENSG00000198626,RYR2,ENST00000366574,1,237042183,+,GRCh38,237001223,237083143,330cd68919151d57cc1c685cb5412739d6dadbb70bbefc3dccc69b526eb2afda
ENSG00000198648,STK39,ENST00000355999,2,168247594,-,GRCh38,168206635,168288555,1c1b2162d2d85f8e5c243f12bd4d686dbdcf2569f7fea071475f7e684a2aed75
ENSG00000198677,SKIC3,ENST00000358746,5,95554976,-,GRCh38,95514017,95595937,79cf3aa7ffffc32866317ddcdb44fc646f98f5f04622730b31e459f9b5fd2d5d
ENSG00000198682,PAPSS2,ENST00000456849,10,87659877,+,GRCh38,87618917,87700837,275e17c304837318802c7149e450f7c1ed0776506f964e3405d8ff71a2ef1fac
ENSG00000198700,IPO9,ENST00000361565,1,201829156,+,GRCh38,201788196,201870116,0730fc6a42fabda09ab21d467908fb3b139566d1c4ca7940c10874684064edd1
ENSG00000198707,CEP290,ENST00000552810,12,88142087,-,GRCh38,88101128,88183048,3f48ee7d8d6422352403deeecccbe78da5920e209a3534e2f7b12578ced69ebb
ENSG00000198718,TOGARAM1,ENST00000361462,14,44962189,+,GRCh38,44921229,45003149,5cac8c4099cdd1c366f588cad15c2c2ce3e926ce1fde308db238b3b5a188b58b
ENSG00000198730,CTR9,ENST00000361367,11,10751245,+,GRCh38,10710285,10792205,4ad85c3b5ae06482ec20815e16f6af80476775dae90a4d1c48bbd43a8aa72a65
ENSG00000198734,F5,ENST00000367797,1,169586480,-,GRCh38,169545521,169627441,f143bdf81b5dd96574a2fa7b7039125420dfc31130f4e19f8a055f9cd3cb8a61
ENSG00000198739,LRRTM3,ENST00000361320,10,66926035,+,GRCh38,66885075,66966995,b0661004ba7d199634234b925ef39734a7761e3fbf4bfdad3cb6ac7ffbc58631
ENSG00000198742,SMURF1,ENST00000361368,7,99144107,-,GRCh38,99103148,99185068,ea3d7094557ed332ea797320e79fb77d7e3f18ead35398ec9e016e8942f75e17
ENSG00000198774,RASSF9,ENST00000361228,12,85836408,-,GRCh38,85795449,85877369,de0a65d8730f9963ad653279d9923c960f6617c09fcfde2665bef16711987131
ENSG00000198785,GRIN3A,ENST00000361820,9,101738646,-,GRCh38,101697687,101779607,d1abe5816f24b5a194a341bbdc3404f8cf62950491a9e1edbc6bab367eef36f8
ENSG00000198797,BRINP2,ENST00000361539,1,177170957,+,GRCh38,177129997,177211917,df90ae14ba3dfe534a09977c76a3425d306feb76a34d238f5f55d58560a41038
ENSG00000198799,LRIG2,ENST00000361127,1,113073197,+,GRCh38,113032237,113114157,46c254286a8aad5e0bfa9a00243cd2151fdcdd006a39a10dd9f48dc0422656e3
ENSG00000198807,PAX9,ENST00000361487,14,36661859,+,GRCh38,36620899,36702819,3cc89006a986dec4ee55da2d416d8cbd28bd4d077e370c4e4dde30c29ff29a7b
ENSG00000198815,FOXJ3,ENST00000361346,1,42335234,-,GRCh38,42294275,42376195,63674720245a9c3d096d38d928bbbd6c23122cb022cfaa7662291639fedabcf6
ENSG00000198821,CD247,ENST00000362089,1,167518528,-,GRCh38,167477569,167559489,9da57dcf57280991127fda0f23daeaca571937950151721efb30019ac3f2f542
ENSG00000198822,GRM3,ENST00000361669,7,86643908,+,GRCh38,86602948,86684868,6ee4d83c6e0eeb9e65b44d06f228eba24ba21eefea2904a6df97d173e53960bf
ENSG00000198836,OPA1,ENST00000361510,3,193593207,+,GRCh38,193552247,193634167,42495fcd9d749cee6cd612985bab341972c9ddaf925b717827432af184151dda
ENSG00000198838,RYR3,ENST00000634891,15,33310966,+,GRCh38,33270006,33351926,e152af4de560c3c636fa4a08d5fd2d55640a6ff3a452b367aab51a6d8b097374
ENSG00000198842,STYXL2,ENST00000361200,1,167094074,+,GRCh38,167053114,167135034,01bb8f4dd9b946bef9268d6d5f9df44b5cf44e5e9296a5c4726390a6b2a62b20
ENSG00000198855,FICD,ENST00000552695,12,108515276,+,GRCh38,108474316,108556236,06288669d421df5742d8c53747ccf57b95b1ee7573abd002d533bd300dce9c17
ENSG00000198865,CCDC152,ENST00000361970,5,42756817,+,GRCh38,42715857,42797777,ff80ebcf7cb4d5371072f72fbbc7181c3ed5377f9a46afe20cdc93213c305c90
ENSG00000198890,PRMT6,ENST00000370078,1,107056673,+,GRCh38,107015713,107097633,cbfe625e4b35c7882673a3620d9c837113b1026adf3d1760cdce36de0c867354
ENSG00000198894,CIPC,ENST00000361786,14,77098257,+,GRCh38,77057297,77139217,7935096590ed7d75fc01db0d7f986961527986e72e8b150b70c48b4684c5d944
ENSG00000198909,MAP3K3,ENST00000361733,17,63622416,+,GRCh38,63581456,63663376,5dc5d6cc98e0010cb7ac5e27e9812119ec26da8291a618e5a12dec14ad2b1e1c
ENSG00000198915,RASGEF1A,ENST00000395810,10,43267064,-,GRCh38,43226105,43308025,35c9e530726c064c84c08ba9cd7403cf2d3333e9f8e5115172f221786142f933
ENSG00000198919,DZIP3,ENST00000361582,3,108589721,+,GRCh38,108548761,108630681,5e705f8257c8ed5e06225aa6f8458e007892f3de6d4c321b64751c95e18e1038
ENSG00000198924,DCLRE1A,ENST00000361384,10,113854081,-,GRCh38,113813122,113895042,deb753ebf248028848b684a57b1fb80dc8f1542602786bea0d2fb62d5476c796
ENSG00000198948,MFAP3L,ENST00000361618,4,170026394,-,GRCh38,169985435,170067355,cb20fb6ce5de9fb107428a124ff82086d4e8b70eded9916dd4fc8e45d926b523
ENSG00000198961,PJA2,ENST00000361189,5,109409973,-,GRCh38,109369014,109450934,91e1e25046df657ac1125efbd028791b0dc9e61915c47ba30d6b0269466d4f51
ENSG00000198963,RORB,ENST00000376896,9,74497334,+,GRCh38,74456374,74538294,12ef4ae452e0079e6a6a0a746b0b81ab32b97b5cf7755add3bb2f7302807ed37
ENSG00000203740,NTMT2,ENST00000439373,1,170145958,+,GRCh38,170104998,170186918,23d9ac43df8d7390a97507696026771cb0908110d79cf95f201337b419190d6f
ENSG00000203965,EFCAB7,ENST00000371088,1,63523524,+,GRCh38,63482564,63564484,1de6dbca4bd977eff83c0778c76be7d650a9ef79f58d7b0e5f416b20fccc7309
ENSG00000204020,LIPN,ENST00000404459,10,88760019,+,GRCh38,88719059,88800979,3e20456ef24d2467c3939bf9e7d73089483ff8b1063bc462acbedb87244d0726
ENSG00000204120,GIGYF2,ENST00000373563,2,232697330,+,GRCh38,232656370,232738290,b16feef093bb3d75976e3a9ec47cd75a071f7e62bcd5cc14ddd84f2624a19c8b
ENSG00000204262,COL5A2,ENST00000374866,2,189179760,-,GRCh38,189138801,189220721,dd0c59c24f92859d39762de3e0c29fc5eacc0cbe81734a00560b306ef1692d2e
ENSG00000204311,PJVK,ENST00000644580,2,178451377,+,GRCh38,178410417,178492337,056e1b041debda20c53062363681dac451161dfe55af8f618674a25442975be9
ENSG00000204351,SKIC2,ENST00000375394,6,31959174,+,GRCh38,31918214,32000134,503ced3b749301e5eeed731109a2c512933dd46a5a8db240f17ee2ea3e2c267c
ENSG00000204356,NELFE,ENST00000375429,6,31958970,-,GRCh38,31918011,31999931,b3b78de44df4dbe6136f9292f88c268d1b3a22195f222254c5950f93df6b0562
ENSG00000204381,LAYN,ENST00000375614,11,111540719,+,GRCh38,111499759,111581679,42af0c2ce398aabd6dcd2c0e988939e1d59f860a184d9a7e6eb46373bd9c9c8f
ENSG00000204406,MBD5,ENST00000642680,2,148021090,+,GRCh38,147980130,148062050,b66520e24a2452eaa03a1025b73e77ef40f6ffd19885103463987263ba5653f9
ENSG00000204438,GPANK1,ENST00000375896,6,31664996,-,GRCh38,31624037,31705957,dcf1e9b318a66df9ac9be1de5e16facac70c5f0eb031251e4d9dab8da15a6753
ENSG00000204463,BAG6,ENST00000676615,6,31652660,-,GRCh38,31611701,31693621,3f16ac1cea8cda3e7418db91fcc4cc4a8e44f1495129f72781a56257d6fd6dcd
ENSG00000204568,MRPS18B,ENST00000259873,6,30617839,+,GRCh38,30576879,30658799,1e510ec523def90386caf282d78efdfd5c8ea9000b818c8f6abcbb0154277f0d
ENSG00000204569,PPP1R10,ENST00000376511,6,30617242,-,GRCh38,30576283,30658203,3bd3a7e96df695126dd60c1393f2fa55843abc6597292076fcd6ee54ef4144c3
ENSG00000204624,DISP3,ENST00000294484,1,11479154,+,GRCh38,11438194,11520114,93cb0f3c02b21be6ef5eba855cc63e337f170d35de4707b32134dce5175c4881
ENSG00000204673,AKT1S1,ENST00000344175,19,49877354,-,GRCh38,49836395,49918315,e2eb2eccf3633126e29b1c733117331b7fb38e176e50674a5f08ea658287b2db
ENSG00000204767,INSYN2B,ENST00000377365,5,169980494,-,GRCh38,169939535,170021455,988384594f1da9b1ba29d2cae69ee54758d9a9d90da17c4b8cd876362351308a
ENSG00000204843,DCTN1,ENST00000628224,2,74380310,-,GRCh38,74339351,74421271,436d7a9d9c7030faf4f0ead3d6191ab8653fee98b51e4ed2f6b01ec43867dc30
ENSG00000204856,FAM216A,ENST00000377673,12,110468844,+,GRCh38,110427884,110509804,3039cea6ff262f69337d394b75d9d4c4de3b4477908b08dfe1095b79d131c9ca
ENSG00000204889,KRT40,ENST00000377755,17,40984325,-,GRCh38,40943366,41025286,38bd06e3e74943eba1a7190dd46323ca95b8bc3506f41661c43a91388d54ab62
ENSG00000204923,FBXO48,ENST00000377957,2,68467293,-,GRCh38,68426334,68508254,0215abf9780a78da8f79a7f954764d2c3c3987e50bf73671a6a04b7f0dd1d5a3
ENSG00000205038,PKHD1L1,ENST00000378402,8,109362460,+,GRCh38,109321500,109403420,2a39a838f836c0e1a77730d03d972a3fb70414b90527b27de4ec83d0cddb3c28
ENSG00000205133,TRIQK,ENST00000521988,8,92966143,-,GRCh38,92925184,93007104,d24a87d5d93535094c0ef1bb549a6d845ce42332bb8ef2546641050d624493ab
ENSG00000205213,LGR4,ENST00000379214,11,27472789,-,GRCh38,27431830,27513750,c0c98829971ec4e0a74cb88f55ebdab56b7a0ea7aa1b7fa62623c06b3265edd0
ENSG00000205302,SNX2,ENST00000379516,5,122775079,+,GRCh38,122734119,122816039,d4e6091c3748c61523c41817aaa94884749b938ed9e8a22123861dc31ec41e02
ENSG00000205678,TECRL,ENST00000381210,4,64409449,-,GRCh38,64368490,64450410,9314c4b0bded5c9b36a6eb3b18e32f2f65aef80909876089a350276a7185baf0
ENSG00000205726,ITSN1,ENST00000381318,21,33642500,+,GRCh38,33601540,33683460,4b76613f40ec554bba6291ee3c53c2f172992adb6bfaf1e7806e250c671e29c7
ENSG00000205765,RIMOC1,ENST00000381647,5,41904343,+,GRCh38,41863383,41945303,44027cf9c19eb085ca544f089a3540d05c3501d5fcad3871061bfa69cadd6269
ENSG00000205835,GMNC,ENST00000442080,3,190862693,-,GRCh38,190821734,190903654,8392772c16899efbd798d253fdbc7479ae825def46cb9d7a1b5005ddf8c02571
ENSG00000206052,DOK6,ENST00000382713,18,69400887,+,GRCh38,69359927,69441847,8b1bfa10f04965f8e942e7b51eeb62500243cedef41f03710f8cbc31a419e84b
ENSG00000206075,SERPINB5,ENST00000382771,18,63476957,+,GRCh38,63435997,63517917,1bb36b5ee8ea4d6cbb136abeff3ec03fe2bc56e43e08f79f8be52bec58de39d2
ENSG00000206384,COL6A6,ENST00000358511,3,130517176,+,GRCh38,130476216,130558136,a716ae66586f3eff3a0770ef512460ff4747cf2dc30b615c14e69007750558d3
ENSG00000206538,VGLL3,ENST00000398399,3,86991148,-,GRCh38,86950189,87032109,d643ae1fc515d72b1d3c2a7662e6f1e5b758dbcba61cb30b941298d746efe0e8
ENSG00000206560,ANKRD28,ENST00000683139,3,15797978,-,GRCh38,15757019,15838939,59e0cdd9a789c7d9778051a8ee8c9136392decf23800eebba3ac18d89ea46dcc
ENSG00000213079,SCAF8,ENST00000367178,6,154733415,+,GRCh38,154692455,154774375,0299f897e18f6e090824990f0ca532c824604ac96a9c4d884ec196c0334a11e8
ENSG00000213139,CRYGS,ENST00000307944,3,186544379,-,GRCh38,186503420,186585340,99ee9bc78b4d5990d19e4db7c2090679e79de8041520befb6a4d18f1a028cf89
ENSG00000213380,COG8,ENST00000306875,16,69339563,-,GRCh38,69298604,69380524,a0714121e3e9987c3cd9dc76dfa0491049af1c1cc97513fa889bdd556156c0de
ENSG00000213533,STIMATE,ENST00000355083,3,52897547,-,GRCh38,52856588,52938508,8c3d547fbc1ee40b1ef74cc793da5c7edbf7abae7c280c8c1ae56177e7a1135e
ENSG00000213593,TMX2,ENST00000278422,11,57712592,+,GRCh38,57671632,57753552,8ef300e91ca1f4d7760e5e238fcc9df3abc58a66d4c9cea44fa3aab3040e27cc
ENSG00000213694,S1PR3,ENST00000358157,9,88991467,+,GRCh38,88950507,89032427,db892b40949b5473e81b39e87450f0b0986be90391198913309abb0f0c696d2d
ENSG00000213699,SLC35F6,ENST00000344420,2,26764283,+,GRCh38,26723323,26805243,8d265cab3411c33c0dbf67f0b80bbddb07bcf6069e167b9a50566ee298652ca3
ENSG00000213722,DDAH2,ENST00000375789,6,31729298,-,GRCh38,31688339,31770259,3d3d9d17ba20311eb0c5ddf229c9950bc5e14754bb35c0c45cbb6c78f55bf84b
ENSG00000213918,DNASE1,ENST00000246949,16,3654690,+,GRCh38,3613730,3695650,067e48ba624e58db075177cd8914718cb8e96f52e2bc390108feeaeb61fcb75b
ENSG00000213949,ITGA1,ENST00000282588,5,52787915,+,GRCh38,52746955,52828875,0c8caa87bf0069f91f43ed469beceb3ca4b5c77b3e65855b2c6ef82ef48a887d
ENSG00000213983,AP1G2,ENST00000397120,14,23567790,-,GRCh38,23526831,23608751,600f4604d241080a170836bf78911f7fe7e5716f6ce40c72c5f3d7f6c020a8cc
ENSG00000214013,GANC,ENST00000318010,15,42273200,+,GRCh38,42232240,42314160,e803f89749a512c7391e55742694dd30ace766636ba9bb16264fbe75442a59c2
ENSG00000214338,MTCL3,ENST00000525778,6,127519334,-,GRCh38,127478375,127560295,18486cdb443e62220dc6828cb840a6ab4795b75e3399598af796ad5043b512ba
ENSG00000214415,GNAT3,ENST00000398291,7,80512063,-,GRCh38,80471104,80553024,cb0615f86a6cb1a5c451020972638204af3b2cfd4176cd3627f66c2e527f15f4
ENSG00000214447,FAM187A,ENST00000331733,17,44903432,+,GRCh38,44862472,44944392,400f71b86800f83ba5cb68fe6708855351fb8ab7cd2bab1058518027e6f6d598
ENSG00000214517,PPME1,ENST00000328257,11,74171288,+,GRCh38,74130328,74212248,500f1818f42eddcaba0b87c89145c5568b4a15f0b64e598d84bdda828aca400c
ENSG00000214595,EML6,ENST00000356458,2,54723661,+,GRCh38,54682701,54764621,98b95ab231dee136112f680e9a683981838ae0791480c3b3e9852a3107f26139
ENSG00000214654,B3GALT9,ENST00000689072,9,120793466,+,GRCh38,120752506,120834426,ef250a3a9fd176f82a72d84f8db1c1f850fdd432e50a88e126ce1fe70185c9df
ENSG00000214814,FER1L6,ENST00000522917,8,123851986,+,GRCh38,123811026,123892946,f2bed9c3fe166bbd723dc7884ef14ca860273c40f8431e52f98cdebbea4247db
ENSG00000214944,ARHGEF28,ENST00000513042,5,73626195,+,GRCh38,73585235,73667155,c7beaf0a0e0db1271eb567f6c370f638045eb5407ccb1e939967dd2df2360c8c
ENSG00000214960,CRPPA,ENST00000407010,7,16421537,-,GRCh38,16380578,16462498,8661feb88794be93a0a8959b0e8f085c5e56f034f04a3d566638301db441ce5a
ENSG00000215114,UBXN2B,ENST00000399598,8,58411360,+,GRCh38,58370400,58452320,fb578bc1eff4931cdbbb7dd16f262fadfdf84feec6c6434cb04a4fda0b20ecfd
ENSG00000215203,GRXCR1,ENST00000399770,4,42892712,+,GRCh38,42851752,42933672,4e6cd369e21f74e5f946551ab57979cae9eaa78de708ae8792e2b33008e9fe6e
ENSG00000215475,SIAH3,ENST00000400405,13,45851752,-,GRCh38,45810793,45892713,45957352fb000a16b8cde9381e1c146257c2ea7d25a2d038f84c74d88ea060d4
ENSG00000215883,CYB5RL,ENST00000534324,1,54200029,-,GRCh38,54159070,54240990,8c0e3d06a9f3cf6b1585a461b372c71e3ae2a1e5f48b3e3d132c91d8da1df928
ENSG00000218336,TENM3,ENST00000511685,4,182243401,+,GRCh38,182202441,182284361,0a4bd422d07f216242b82c68f1b1f26d248db519e075b7f218bbb51b6f8b1feb
ENSG00000221818,EBF2,ENST00000520164,8,26045412,-,GRCh38,26004453,26086373,5c1e595e9cc219e303c0be6339f822dbd03b8fcbb15b7f66faed6b66402e5432
ENSG00000225526,MKRN2OS,ENST00000564146,3,12545498,-,GRCh38,12504539,12586459,08472fc899a35ed1beaeb8d6f5e06eec901f6e1b57040a451b1b9fbc147c3217
ENSG00000225830,ERCC6,ENST00000355832,10,49539120,-,GRCh38,49498161,49580081,3241b557632aef9787b5876dbf5505ffc816a6ff86d22244dc3d9451c76ccc11
ENSG00000227345,PARG,ENST00000616448,10,49942026,-,GRCh38,49901067,49982987,39693b5535a7e23bc9ceae86b9fccb1c35fd69e47d1762b3be3cf32e965565ba
ENSG00000230873,STMND1,ENST00000536551,6,17102049,+,GRCh38,17061089,17143009,d080bbbb6d6a31db1f61cb9f087c58bb7c14b619af924e6fd948552f897b5eb2
ENSG00000231213,PLSCR5,ENST00000443512,3,146605345,-,GRCh38,146564386,146646306,1ee16114f70231e6824c98099b4d7f8e71b49cd6f3a826f8139c0fe940457799
ENSG00000233670,PIRT,ENST00000580256,17,10838086,-,GRCh38,10797127,10879047,bc0057768e1b572b54931695ebc37821830ee0fa5bcc400ad6cef47241dd7e86
ENSG00000233932,CTXN2,ENST00000417307,15,48191664,+,GRCh38,48150704,48232624,19ae2066603fc2d9076f9fb7b83395ac0ee508b2b5555868b600e60314bf5e41
ENSG00000235750,KIAA0040,ENST00000423313,1,175192775,-,GRCh38,175151816,175233736,fae5fc1ae4efc86bad2a85ec9ca1393d3567c55efe037486de81e08b821c19ae
ENSG00000237172,B3GNT9,ENST00000449549,16,67150997,-,GRCh38,67110038,67191958,c26a6c815d5c7a7c67b13e860999e345b1be9810a5dee48dd1fd81ac745cfc1e
ENSG00000239388,ASB14,ENST00000487349,3,57292684,-,GRCh38,57251725,57333645,c5ee2fec588705d5823f3a767b583426431d1768e927e5da6f361aca4d2d2ad3
ENSG00000240303,ACAD11,ENST00000264990,3,132659808,-,GRCh38,132618849,132700769,c18a7a36d607307a341b5ad62357cd7ca3a245d99a1b5f1b140e97e52d4ca438
ENSG00000241399,CD302,ENST00000259053,2,159798207,-,GRCh38,159757248,159839168,f52935603914637c07ef29c9f73c3f68a319d43d24231309ef48bc00f9c5507a
ENSG00000241945,PWP2,ENST00000291576,21,44107398,+,GRCh38,44066438,44148358,df2d003a50c41a9d6df66cfcfef423c8db3939bcafc65a93a2b3dcd95127465d
ENSG00000242120,MDFIC2,ENST00000567252,3,70312637,-,GRCh38,70271678,70353598,8a7aa4e6e96b2683a44517f11a1dcdf65db16ee7a8f4c76e040d371678affe6b
ENSG00000242550,SERPINB10,ENST00000238508,18,63907957,+,GRCh38,63866997,63948917,b64c93cb31f026423f29b19fd38b4c7b954b13c90f15bcbbfbb37166727d1496
ENSG00000242802,AP5Z1,ENST00000649063,7,4775622,+,GRCh38,4734662,4816582,b8a8d31a7449ddf66e0a3a499e3dc99fd0e1a9df0db3a5d781156a251ac83b4e
ENSG00000243244,STON1,ENST00000404752,2,48530153,+,GRCh38,48489193,48571113,47c967fc183ca493e4e5bc933a8e3402a2b1bd5409d3ec00bbf35e2ed5b0a09a
ENSG00000243284,VSIG8,ENST00000368100,1,159862656,-,GRCh38,159821697,159903617,74da38585dcf03133b7c724246a7eb22242fb581fe7701219f0e42d2ee56f29f
ENSG00000243667,DNAAF10,ENST00000295121,2,68157526,-,GRCh38,68116567,68198487,1c946cb96964e20784b346f4518daa5eb37ec92253a572311a2d56b77bacf294
ENSG00000243708,PLA2G4B,ENST00000458483,15,41838846,+,GRCh38,41797886,41879806,97c3dec8ea4cb69a03d8fda14af6b2b55462f32fbc1386fb4a1d725170c060c9
ENSG00000244045,VMA12,ENST00000292114,17,28357646,+,GRCh38,28316686,28398606,3034089bbcf500d700598c868906711c69228182487e5582c918897b34eba7ce
ENSG00000247626,MARS2,ENST00000282276,2,197705368,+,GRCh38,197664408,197746328,bb26f6ba7ff4e4a0755a73157f6ebd684d670fae27909a7052b7b06f4cdeaa18
ENSG00000248905,FMN1,ENST00000616417,15,33194713,-,GRCh38,33153754,33235674,b1f2dde3477d80a2d7ce6718553c5207f8b81610668328e41d133d411a751676
ENSG00000249581,CLRN2,ENST00000511148,4,17515164,+,GRCh38,17474204,17556124,87eba3246478bf4906c18d8f3be37c9dfa950c4a4bef1403e4576daaf9279f50
ENSG00000250878,METTL21EP,ENST00000298105,13,102880039,+,GRCh38,102839079,102920999,3713ec2887a83efe4dda49888dc73ace659b8177344a7531d9060820413d05e4
ENSG00000253148,RGS21,ENST00000417209,1,192316991,+,GRCh38,192276031,192357951,2ffe4dd29cbde58c57c3c7ce3ca163a8149356dbd2a97bdf8f6e4ed46fd815a8
ENSG00000254093,PINX1,ENST00000314787,8,10839874,-,GRCh38,10798915,10880835,50c262e8524f2c622ea2048dcb1734cdbf900dbfd1d3ca121a082ebb87982a64
ENSG00000256043,CTSO,ENST00000433477,4,155953865,-,GRCh38,155912906,155994826,27f87fb89c989cd6c67550704d243ad0ee13e81cdb4ed1400d3839f349f8c448
ENSG00000256870,SLC5A8,ENST00000536262,12,101210237,-,GRCh38,101169278,101251198,f7188867660a55269e926dfe530cbf9d8eae2dd715103bd9f5287b0e608f2092
ENSG00000257365,FNTB,ENST00000246166,14,64986894,+,GRCh38,64945934,65027854,5e622169b3fa9f5a214adcbdbfd2af455df8e3da6fce28181a327da997f7f261
ENSG00000259494,MRPL46,ENST00000312475,15,88467387,-,GRCh38,88426428,88508348,686d324b45edd1930e57166bf7cc3573dd7c32c842ca657c5828385fd355d479
ENSG00000260916,CCPG1,ENST00000442196,15,55408358,-,GRCh38,55367399,55449319,69c533f838bbd695f17744357030b314622bcbacbd765ba3c26a0edf15a8a707
ENSG00000261609,GAN,ENST00000648994,16,81314961,+,GRCh38,81274001,81355921,d3cb78dffaea47b5403d2104567ce0e6a35eca708fd142864e2cdc163881612c
ENSG00000262246,CORO7,ENST00000251166,16,4416595,-,GRCh38,4375636,4457556,8f58289ec478493930f2fe480ef709d5ca24d5ab45283a5d67a5fce79d5801da
ENSG00000263155,MYZAP,ENST00000267853,15,57591903,+,GRCh38,57550943,57632863,c041225b61d45af1ca26262548b896112cbd8b93049b0a81b8e1011d9ad2b22d
ENSG00000263528,IKBKE,ENST00000581977,1,206470475,+,GRCh38,206429515,206511435,efc4486efb0defddf4be25cf38acca5ebc9d439a702d8207aca66653fb84e83d
ENSG00000263761,GDF2,ENST00000581492,10,47322453,+,GRCh38,47281493,47363413,5f4d383d7aa0dc3ccab13016cf66ac5e31ff5c0cac9a08bdcde4877d5e7ab8ed
ENSG00000265107,GJA5,ENST00000579774,1,147760601,-,GRCh38,147719642,147801562,f94a6fc66968ee5c3cb7414ae58c8820635eeea90ca0d9564f98c93b8fb6f92b
ENSG00000265203,RBP3,ENST00000584701,10,47348362,+,GRCh38,47307402,47389322,5d10cd05485846032be1963c21e46fd7c674038e9981bc9e27115131cbb03986
ENSG00000266094,RASSF5,ENST00000579436,1,206507530,+,GRCh38,206466570,206548490,6a530d9343a03cd5cc23a3ab19c66589a9c53c8efc23549a4bffca6c3fdad143
ENSG00000272573,MUSTN1,ENST00000446157,3,52835018,-,GRCh38,52794059,52875979,4696e2405ea881960b21755bfdb2cd086115bd761243d42c8d65ff90608199f8
ENSG00000273079,GRIN2B,ENST00000609686,12,13981601,-,GRCh38,13940642,14022562,d2cd5f2dcc124164ea34e4b3768dcda37f899b501566762192ca56df71a4156f
ENSG00000273274,ZBTB8B,ENST00000609129,1,32465071,+,GRCh38,32424111,32506031,809516b421a2cf2d8aa930b6eafb18e09ceab50223b4a92a17495cc95c4ab559
ENSG00000273540,AGBL1,ENST00000614907,15,86079870,+,GRCh38,86038910,86120830,a05d67721171d8267aaa39297b578f71b8216006d894476572f0021b66c74925
ENSG00000275700,AATF,ENST00000619387,17,36948953,+,GRCh38,36907993,36989913,fc4c106fddf7fbce7fd3acabd7a50a55d092a2a8642bd112d596a39ccc90d7fc
ENSG00000276600,RAB7B,ENST00000617070,1,206003394,-,GRCh38,205962435,206044355,2289362fcb0b7c6a04a40512a2952c0527993976a2f41b1b58990a3d7b77d1b7
ENSG00000280165,PCDH20,ENST00000409204,13,61415848,-,GRCh38,61374889,61456809,179beea2735c7daff87b2f0d66c2ebfef70b88b95a4a8339bbf16539c1bfdbef
ENSG00000284844,TOMT,ENST00000541899,11,72105923,+,GRCh38,72064963,72146883,1116925c20beba9b87ac6524050d451db1a596042e041d7fdfee4d87adba67e9
ENSG00000284862,CCDC39,ENST00000476379,3,180679488,-,GRCh38,180638529,180720449,57c279a34040ee51b5850fe35577bb7234ed602a057e4887c743cad479ad5862
