model,human_gene_id,gene_name,coefficient_standardized,coefficient_original_scale,training_median,training_mean,training_scale,training_spearman_rho,training_spearman_p,training_q_bh,training_n_observed
fdr_genes_ridge,ENSG00000005884,ITGA3,-0.004219598636389841,-0.007533936316085246,0.9028,1.0434191489361702,0.5600788829845607,-0.645232835546132,0.0001573228127078076,0.01705828783503228,29
fdr_genes_ridge,ENSG00000009790,TRAF3IP3,-0.011952842737467634,-0.0626599682627691,0.2948,0.3269425531914894,0.1907572421253475,-0.571548657291288,0.00033526631190234236,0.025332158136682124,35
fdr_genes_ridge,ENSG00000052850,ALX4,-0.0068296600101179035,-0.059058124885554855,0.1002,0.13169148936170214,0.11564302157159045,-0.6135148795702192,0.0002423605902800867,0.022020293701220797,31
fdr_genes_ridge,ENSG00000055813,CCDC85A,0.017979171822470108,0.03922241061828645,0.5832,0.622572340425532,0.4583902809402484,0.7326928037091244,6.202555701405232e-06,0.003570695921639684,29
fdr_genes_ridge,ENSG00000074803,SLC12A1,0.02246438987534908,0.04115476052433657,0.08965000000000001,0.25602446808510637,0.5458515512941674,-0.6249904489019444,7.76707775990705e-05,0.013100471155043224,34
fdr_genes_ridge,ENSG00000085449,WDFY1,0.05011889998063915,0.09532894712181061,3.29555,3.128186170212766,0.5257469162708531,0.644220226864422,6.924284774832595e-05,0.0123659579861128,32
fdr_genes_ridge,ENSG00000090104,RGS1,0.003558430784828603,0.027148218972562418,0.2207,0.23423191489361703,0.13107418900757217,0.6112735986059635,0.00025911298484706553,0.022476200628448312,31
fdr_genes_ridge,ENSG00000100439,ABHD4,-0.03770196395611654,-0.1465820116598306,3.0486,3.0808468085106377,0.2572073034692046,-0.7671064511887931,1.2081218205440415e-06,0.0020690970120254165,29
fdr_genes_ridge,ENSG00000101871,MID1,-0.029765944901642492,-0.05772232988578901,0.3648,0.5759553191489359,0.5156746957466584,-0.6233740074044132,0.00017952617759694044,0.01823961149318746,31
fdr_genes_ridge,ENSG00000104327,CALB1,-0.016098151533668274,-0.2495535892160105,0.0358,0.05160638297872339,0.06450779403430625,-0.565279170845871,0.0006084840270134316,0.036222696196328986,33
fdr_genes_ridge,ENSG00000104419,NDRG1,0.020460255173756155,0.03781752568243269,1.8244500000000001,1.805598936170213,0.5410257494254977,0.5764522590696639,0.0008557708308138142,0.04558105688334631,30
fdr_genes_ridge,ENSG00000106113,CRHR2,-0.0013407567071608878,-0.01754499186933225,0.09584999999999999,0.11263510638297874,0.07641820054100236,-0.64418478827269,0.00012228712733706643,0.01614190080849277,30
fdr_genes_ridge,ENSG00000106799,TGFBR1,-0.018400694913062846,-0.028542267366409663,1.8309,1.9782574468085103,0.6446823119146429,-0.6760908951513811,4.118422626892343e-05,0.009854145987788368,30
fdr_genes_ridge,ENSG00000108231,LGI1,0.0015906596186520778,0.02612802324118516,0.0443,0.06264255319148937,0.06087944747939247,-0.7473281055355288,1.3630415098981662e-06,0.0020690970120254165,31
fdr_genes_ridge,ENSG00000114302,PRKAR2A,-0.0102768109456885,-0.026605673092294498,2.2798,2.2706489361702125,0.3862638960509839,-0.6105704124196866,0.00043557430869650004,0.028747904373969003,29
fdr_genes_ridge,ENSG00000115827,DCAF17,-0.020469091631205225,-0.05951278555326552,1.3477,1.3868851063829788,0.3439444388447394,-0.6174695131249938,0.00035905654105776425,0.025351061829101684,29
fdr_genes_ridge,ENSG00000116745,RPE65,0.009990941133176522,0.04518764792154249,0.0383,0.11115744680851065,0.22109894169582345,-0.5775756716820027,0.0003479356662324267,0.025332158136682124,34
fdr_genes_ridge,ENSG00000119969,HELLS,-0.00809040998048609,-0.026457101538096977,0.6365,0.7214659574468084,0.30579351138809674,-0.6785362453437069,5.2163454785575805e-05,0.010557883248600543,29
fdr_genes_ridge,ENSG00000126775,ATG14,-0.014001929689362046,-0.033404513858894966,1.6823,1.767746808510638,0.41916280382070603,-0.6959842536914177,2.7616170460271608e-05,0.007622063047034964,29
fdr_genes_ridge,ENSG00000133059,DSTYK,-0.02325149171250794,-0.07843597038190127,1.4358,1.4200595744680848,0.2964391413696733,-0.6279886306637686,9.13382907353484e-05,0.013269905185751978,33
fdr_genes_ridge,ENSG00000135272,MDFIC,-0.04566997759756717,-0.08007831408967626,2.1407,2.0817276595744674,0.5703164223265655,-0.5797617758287812,0.0007858033657079648,0.04414920313278736,30
fdr_genes_ridge,ENSG00000135966,TGFBRAP1,0.0045599724479167165,0.006976304573354452,1.4417,1.4648659574468081,0.6536372373037208,-0.5929029798458352,0.0007003968691857273,0.04089240182399746,29
fdr_genes_ridge,ENSG00000138303,ASCC1,-0.020310434901036397,-0.045146533966676256,2.4354,2.4364425531914895,0.4498780552240847,-0.6334846224857055,0.00013056224912302088,0.01651612451406214,31
fdr_genes_ridge,ENSG00000139746,RBM26,-0.02450483115801738,-0.08089205855599298,2.3502,2.3727106382978724,0.3029324706955664,-0.6232469766980785,0.0001802333151500737,0.01823961149318746,31
fdr_genes_ridge,ENSG00000140285,FGF7,0.019261702762056694,0.08038869331864122,0.2948,0.3554425531914894,0.23960711347437866,0.5711783718670729,0.00033894858027937045,0.025332158136682124,35
fdr_genes_ridge,ENSG00000146197,SCUBE3,0.00486904706274948,0.02712646887174683,0.1958,0.2303851063829788,0.17949431921162298,-0.6258009061377678,0.0002826188604857428,0.02383419056763098,29
fdr_genes_ridge,ENSG00000148484,RSU1,-0.005638011316401483,-0.019242623702188325,3.8191,3.865748936170213,0.2929959762067328,-0.577318824364936,0.00043546685798672097,0.028747904373969003,33
fdr_genes_ridge,ENSG00000151790,TDO2,0.07143269400734646,0.08246554076832559,4.712149999999999,4.682409574468085,0.8662126427816167,0.7054642741273965,3.1702196945201293e-06,0.003208262330854371,34
fdr_genes_ridge,ENSG00000151962,RBM46,0.013396952444373875,0.055622539811124604,0.0423,0.11547659574468085,0.24085474143872987,-0.6371027539985863,0.00020199276520474103,0.019782259198761087,29
fdr_genes_ridge,ENSG00000152137,HSPB8,-0.021018070402411923,-0.02318614873909909,2.5431,2.702510638297872,0.9064925201212433,-0.5927556191818577,0.000350444875408646,0.025332158136682124,32
fdr_genes_ridge,ENSG00000152253,SPC25,-0.03819161371513904,-0.10755100816465538,0.2502,0.374531914893617,0.3551023311345397,-0.6318443366652866,0.00013758986533096514,0.016650139510699716,31
fdr_genes_ridge,ENSG00000153162,BMP6,-0.024282170169154876,-0.03743179467788573,1.5324,1.5757851063829786,0.6487044069917519,-0.6605888925331637,9.615873323008679e-05,0.013269905185751978,29
fdr_genes_ridge,ENSG00000154930,ACSS1,0.015664988547963308,0.020952663480200303,2.1822,2.2323957446808507,0.7476370993485528,0.7297364104191078,7.056711307588309e-06,0.003570695921639684,29
fdr_genes_ridge,ENSG00000156469,MTERF3,-0.03670141708505696,-0.042342259135074875,1.7819500000000001,1.7929499999999998,0.8667798514948573,-0.6381747396230764,0.00014807436323744806,0.016650139510699716,30
fdr_genes_ridge,ENSG00000156471,PTDSS1,-0.046519748245143586,-0.06534396514322487,1.8672,1.9157872340425532,0.7119211107434142,-0.6527917878358265,5.1328235714968005e-05,0.010557883248600543,32
fdr_genes_ridge,ENSG00000159387,IRX6,0.014068742410870914,0.26040288595748246,0.0545,0.062231914893617034,0.05402682984538045,0.5680220182533604,0.00045804140616164367,0.02897111893972396,34
fdr_genes_ridge,ENSG00000164291,ARSK,-0.03610859379047048,-0.07542370201347391,1.8506,1.9142382978723402,0.4787433237368796,-0.6893968371188041,6.506428953599553e-06,0.003570695921639684,34
fdr_genes_ridge,ENSG00000164325,TMEM174,0.0024743504430258054,0.013011763547498287,0.0732,0.13288297872340424,0.19016257358146796,-0.6566822056307102,2.466338201551316e-05,0.007622063047034964,34
fdr_genes_ridge,ENSG00000164600,NEUROD6,-0.030227748283655622,-3.975254933732232,0.0181,0.01903191489361702,0.007603977301469774,-0.623103356518983,0.0003056225625826816,0.025077570270297875,29
fdr_genes_ridge,ENSG00000164953,TMEM67,0.051164884213381674,0.1083792481461904,1.4062,1.4326893617021277,0.4720911529517761,0.5695895698241495,0.0005405939162967293,0.033494757752589185,33
fdr_genes_ridge,ENSG00000165695,AK8,0.03328008057159218,0.04722787774593372,0.7555,0.9962595744680851,0.704670253247989,0.6651065631252686,2.4152146777412393e-05,0.007622063047034964,33
fdr_genes_ridge,ENSG00000166569,CPLX4,-0.01979722263624449,-0.43138563254004814,0.034199999999999994,0.04700638297872339,0.04589216965728824,-0.6582615074271043,4.219495976325718e-05,0.009854145987788368,32
fdr_genes_ridge,ENSG00000170464,ENSG00000170464,0.03147683316992724,0.05641959329779305,1.3317,1.4349638297872338,0.557906062948499,-0.5779806336603364,0.000822808936748438,0.044607998785147464,30
fdr_genes_ridge,ENSG00000170477,KRT4,-0.01389785671953321,-0.0744838565210219,0.05655,0.10472021276595743,0.18658884446471644,-0.651907891451933,9.505135586839668e-05,0.013269905185751978,30
fdr_genes_ridge,ENSG00000170903,MSANTD4,-0.01637836202151122,-0.03855507895265289,1.8572,1.873227659574468,0.4248042661674867,-0.6091189202132388,0.0004533859725740688,0.02897111893972396,29
fdr_genes_ridge,ENSG00000171722,SPATA46,-0.040530411865298065,-1.2886536288760564,0.06684999999999999,0.06933297872340426,0.0314517500723977,-0.6383476583731293,0.0001472697228100341,0.016650139510699716,30
fdr_genes_ridge,ENSG00000174307,PHLDA3,-0.02151643876027475,-0.031604313550610386,2.61505,2.49190744680851,0.6808070273641238,-0.6019806424270331,0.0004326027857324765,0.028747904373969003,30
fdr_genes_ridge,ENSG00000177189,RPS6KA3,0.03513883167137025,0.08966293583293145,2.4997499999999997,2.426394680851064,0.39189918716072697,0.6907207041995232,1.2104909461063895e-05,0.005250072160541427,32
fdr_genes_ridge,ENSG00000188760,TMEM198,-0.03810836482871461,-0.12690068418440786,0.6496999999999999,0.7111255319148936,0.30030070423684085,-0.5907877315822704,0.0005875120370920905,0.035673730892231734,30
fdr_genes_ridge,ENSG00000196504,PRPF40A,0.02869855470845429,0.2206152358423724,3.4843,3.4732999999999996,0.13008419204990515,0.6967569497023156,2.6821973770156943e-05,0.007622063047034964,29
fdr_genes_ridge,ENSG00000196968,POFUT4,0.0026619932998910656,0.009134627723300677,2.3361,2.3718000000000004,0.2914178202468868,-0.6328240512567768,0.00022973688648300064,0.021796287105074686,29
fdr_genes_ridge,ENSG00000197136,PCNX3,-0.0007220068850707155,-0.002245078183198852,2.2938,2.341517021276596,0.3215954306063316,-0.6649809856895103,8.310225510346929e-05,0.013269905185751978,29
fdr_genes_ridge,ENSG00000197150,ABCB8,-0.022446924073839428,-0.04946761999587039,2.1407,2.157378723404255,0.4537700434286776,-0.5906122996650479,0.0007434044793487364,0.04258445281703328,29
fdr_genes_ridge,ENSG00000227345,PARG,-0.00807809436209508,-0.026337713826856585,2.0789,2.141240425531915,0.3067120561488462,-0.5711583056618577,0.00033914915254441933,0.025332158136682124,35
fdr_genes_ridge,ENSG00000243708,PLA2G4B,0.013714698625535506,0.023213011692011124,0.9878,1.0711702127659577,0.590819442453281,0.6046938433706011,0.0002466040796579404,0.022020293701220797,32
fdr_genes_ridge,ENSG00000247626,MARS2,-0.002246592576880282,-0.00392019148358321,0.938,1.091140425531915,0.5730823574022991,-0.674963117954174,5.9112681031161416e-05,0.011216631225662878,29
fdr_genes_ridge,ENSG00000284862,CCDC39,-0.010790539773350377,-0.05551461280660026,0.2028,0.24676382978723407,0.19437296286190553,-0.5406276320915783,0.0007998044045794812,0.04414920313278736,35
all_genes_ridge,ENSG00000000457,SCYL3,-0.0004258029235540237,-0.0016050149941576031,2.31495,2.3007797872340428,0.2652952932551933,0.08064158628630035,0.6718465652747195,0.8754529706250678,30
all_genes_ridge,ENSG00000001460,STPG1,0.0006037401233041596,0.004139960020185268,0.19305,0.23032234042553185,0.14583235595524943,0.27603593692702605,0.12620091715870352,0.4390102412755059,32
all_genes_ridge,ENSG00000001561,ENPP4,0.0023599104979170364,0.0037569211148507802,1.98395,1.9285074468085106,0.6281501329874926,0.14975523290202183,0.4296100049732811,0.7419621962500219,30
all_genes_ridge,ENSG00000002587,HS3ST1,-0.00018920175053905913,-0.0010365413435136518,0.2626,0.29005531914893623,0.18253179356812338,-0.15310136235206193,0.41092525529323143,0.7282948482605083,31
all_genes_ridge,ENSG00000002745,WNT16,-0.0014599240221428516,-0.008664000531940582,0.1697,0.21855957446808513,0.168504609015283,-0.49194339841169943,0.002685869584178376,0.07784893743033673,35
all_genes_ridge,ENSG00000003393,ALS2,-0.0005664654389821713,-0.0019106831424265756,2.0858,2.1071999999999997,0.29647272559423843,-0.003574510289986081,0.9853176677619587,0.9943548239615633,29
all_genes_ridge,ENSG00000003436,TFPI,-0.0011739380382794257,-0.0010518209190281086,2.35025,2.186371276595745,1.1161006755448013,0.14846967259455596,0.433625928642951,0.7437787115028244,30
all_genes_ridge,ENSG00000003756,RBM5,0.0006588794779491809,0.002410911757630231,3.243,3.2584978723404254,0.2732905822305236,0.15792130448884042,0.3961715278867341,0.7167918704792162,31
all_genes_ridge,ENSG00000004142,POLDIP2,8.104895589698589e-05,0.00025642683525168967,4.4184,4.3584297872340425,0.31607049167624834,-0.268127847871901,0.14473510741853632,0.4630303331113554,31
all_genes_ridge,ENSG00000004700,RECQL,-0.00392766958418574,-0.009097737178584689,2.0995,2.0451234042553197,0.4317193942941268,0.07967950342022512,0.6755487565233693,0.8757327176793124,30
all_genes_ridge,ENSG00000004766,VPS50,0.0001526975998783564,0.0005877507230692195,2.0653,2.0920319148936164,0.25979993538922996,-0.216303474943984,0.2425101699927572,0.5918495788569219,31
all_genes_ridge,ENSG00000004799,PDK4,-0.0012561753155304384,-0.0015816204923947263,3.49965,3.4408542553191492,0.7942330802937863,0.03939023057655632,0.8362741389262524,0.9379121853639092,30
all_genes_ridge,ENSG00000004864,SLC25A13,-0.0003217996993386769,-0.0004063489735461638,3.4086,3.230331914893618,0.7919294012985084,-0.0786004687497498,0.6852674966741571,0.8797621381486848,29
all_genes_ridge,ENSG00000004948,CALCR,-0.0006119828945577169,-0.006020978231230814,0.05165,0.08475638297872339,0.10164177166151535,0.18277216590163878,0.28599415707975784,0.6305333296075357,36
all_genes_ridge,ENSG00000005020,SKAP2,-0.00031391147370070876,-0.0005167074191334248,2.5213,2.461555319148936,0.6075226754575593,-0.05091973315342856,0.7783918454634181,0.9191869572703028,33
all_genes_ridge,ENSG00000005108,THSD7A,0.0014690158322656817,0.013031236790748626,0.17870000000000003,0.19281914893617014,0.1127303460028132,0.0625114584289165,0.7339455068622237,0.8988253373110847,32
all_genes_ridge,ENSG00000005156,LIG3,-7.527010695109435e-05,-0.00030276690104170126,1.9772,1.9790531914893614,0.24860744913700822,-0.38501356851134505,0.039166672745818816,0.26191634021212756,29
all_genes_ridge,ENSG00000005175,RPAP3,-0.002454538058796528,-0.006470103627891782,2.4211,2.4316808510638293,0.37936611219259786,-0.4996920082272495,0.005780507998227474,0.10898626689531772,29
all_genes_ridge,ENSG00000005381,MPO,0.0005452527411245072,0.0015706537030083694,0.0926,0.183395744680851,0.34715019617637627,-0.13975742826032414,0.4613759327009198,0.7655012758867693,30
all_genes_ridge,ENSG00000005421,PON1,-0.0004365993902717153,-0.00032147678072027723,4.7896,4.427387234042553,1.3581055194515226,-0.1695735465821066,0.3617814719952976,0.6957726649671303,31
all_genes_ridge,ENSG00000005469,CROT,-0.001200825502037245,-0.0015985477187944854,2.9595,2.887891489361701,0.7511977827867566,-0.04296953890139767,0.8184659322272422,0.9326418068732042,31
all_genes_ridge,ENSG00000005700,IBTK,-0.0024983835273570433,-0.004368824702354897,2.7386999999999997,2.7773893617021272,0.5718662792788086,-0.2866681575565641,0.12457085609147758,0.4377281470992198,30
all_genes_ridge,ENSG00000005812,FBXL3,-0.0021029633665927325,-0.004230462020089693,1.9203999999999999,1.8972680851063832,0.4971001646170425,-0.3215398388460944,0.08315568198134625,0.3684325177980318,30
all_genes_ridge,ENSG00000005884,ITGA3,-0.004331050571721194,-0.007732929598491193,0.9028,1.0434191489361702,0.5600788829845607,-0.645232835546132,0.0001573228127078076,0.01705828783503228,29
all_genes_ridge,ENSG00000005981,ASB4,0.0006153064570966958,0.0018778661231117516,0.11545,0.18065212765957445,0.32766257909647534,-0.1367235300678789,0.42653534703919854,0.7399778934920038,36
all_genes_ridge,ENSG00000006042,TMEM98,2.803704829503536e-05,2.9294012545180136e-05,3.88795,3.684641489361702,0.9570914278743425,0.3445435067507579,0.062250757553242844,0.31870708251542207,30
all_genes_ridge,ENSG00000006062,MAP3K14,-0.00046093272340760037,-0.0011531288751656982,1.0188000000000001,1.0407127659574469,0.39972351168586157,-0.015353805453550529,0.9358177694413256,0.9729940917889947,30
all_genes_ridge,ENSG00000006116,CACNG3,9.67578555441195e-05,0.0012442531849059006,0.0222,0.035968085106382976,0.07776379977796644,-0.12078710589216271,0.5174675011698524,0.7977622290882296,31
all_genes_ridge,ENSG00000006283,CACNA1G,2.6400981998889734e-05,0.00030506592469962685,0.1233,0.1429063829787234,0.08654189098597162,-0.33723509117792017,0.07361384736118634,0.3470367089884499,29
all_genes_ridge,ENSG00000006468,ETV1,-0.0005129426359717353,-0.0018810044720788432,0.6047,0.694887234042553,0.2726961278326164,-0.2748101451520565,0.1047876858467016,0.407702743674865,36
all_genes_ridge,ENSG00000006555,TTC22,0.0011032526162076009,0.0017750985280858753,0.8447,0.9211531914893618,0.621516270084039,0.41284173708367417,0.016951568664986386,0.1744574998877921,33
all_genes_ridge,ENSG00000006576,PHTF2,0.002634010197390884,0.008272304667622863,1.5263,1.5286808510638303,0.3184131029047067,0.4822572842337514,0.00806494202510113,0.1271470536167581,29
all_genes_ridge,ENSG00000006611,USH1C,0.0013368076126959417,0.0032219990277565047,0.4425,0.5351340425531914,0.41490006706388366,-0.16456331022790321,0.3601107140660501,0.6957726649671303,33
all_genes_ridge,ENSG00000006695,COX10,-0.0011209815589780054,-0.004294212742839084,2.1683,2.173638297872341,0.26104471904595894,-0.06506607518227135,0.7280248700409994,0.8981466811003024,31
all_genes_ridge,ENSG00000006715,VPS41,0.0014686646574787563,0.002278411857698129,3.153,3.0138829787234047,0.6446001641522981,0.02934291965440749,0.8712291166396378,0.9517732970792776,33
all_genes_ridge,ENSG00000006740,ARHGAP44,-0.004751841412022293,-0.023665120248887145,0.5976,0.5951978723404255,0.2007951517696492,-0.23035231051379665,0.2292981220086748,0.5796412143366667,29
all_genes_ridge,ENSG00000006747,SCIN,0.0031820819185724766,0.005521344049662708,0.6163,0.7885425531914894,0.576323788184666,0.11111111448312545,0.5660941048549398,0.8273303505889018,29
all_genes_ridge,ENSG00000007341,ST7L,-0.0014049358206050212,-0.005043645572830522,2.3079,2.2311914893617026,0.2785556201992527,0.02763489676183463,0.8826824605645645,0.9560492808957085,31
all_genes_ridge,ENSG00000007402,CACNA2D2,0.0012275985319141344,0.004690597756845359,0.54575,0.560677659574468,0.2617147313735447,0.3277703685953613,0.07702689869014989,0.35702849530274056,30
all_genes_ridge,ENSG00000008086,CDKL5,-0.0011202061386268683,-0.002615257653871614,0.7391,0.7930936170212767,0.4283349049637694,0.16254916544916087,0.3822952670214023,0.7111816364442263,31
all_genes_ridge,ENSG00000008118,CAMK1G,0.0007293673815459097,0.00529079146427776,0.0549,0.09926382978723403,0.13785600632163167,-0.15153349475383374,0.4157901949861901,0.7308300383045555,31
all_genes_ridge,ENSG00000008196,TFAP2B,-0.001150151225911019,-0.016644879454974747,0.1017,0.11407446808510638,0.06909940255333402,-0.36159725032403534,0.053930290330237274,0.3001247277323786,29
all_genes_ridge,ENSG00000008197,TFAP2D,0.0031055146267289207,0.20478147786662199,0.0326,0.035627659574468076,0.015165017164060123,0.33326327589242244,0.050424973729713114,0.29104604609013124,35
all_genes_ridge,ENSG00000008311,AASS,0.000699962028605356,0.0009652405015677595,2.6658,2.6875042553191495,0.7251685227344544,-0.3693027951445788,0.048654902609953345,0.28682773655110355,29
all_genes_ridge,ENSG00000008513,ST3GAL1,0.0006408891451596081,0.0008829525478169375,0.5569500000000001,0.7490500000000001,0.725847778280021,-0.028414299285871143,0.8773168411256428,0.9543690427730088,32
all_genes_ridge,ENSG00000008869,HEATR5B,-0.0020093348627858937,-0.010923761636734494,1.72705,1.7308202127659578,0.18394166127068262,-0.12444345503116652,0.5123410794766954,0.7959688980220405,30
all_genes_ridge,ENSG00000009413,REV3L,-0.001574922436910804,-0.004304458809515605,1.3019,1.2254063829787234,0.36588163729879786,-0.21158348897554746,0.2705376645177913,0.6241279251337496,29
all_genes_ridge,ENSG00000009694,TENM1,0.0009009029495783413,0.011096092754310819,0.1197,0.1377340425531915,0.08119100745875989,-0.087535298271013,0.6396071320688455,0.8618940314962339,31
all_genes_ridge,ENSG00000009765,IYD,-6.55472931480663e-05,-5.515179398904981e-05,2.2658,2.237531914893617,1.1884888669456606,-0.43279537103114585,0.019026544794596194,0.18108021942443273,29
all_genes_ridge,ENSG00000009790,TRAF3IP3,-0.003263250050326805,-0.017106821287458683,0.2948,0.3269425531914894,0.1907572421253475,-0.571548657291288,0.00033526631190234236,0.025332158136682124,35
all_genes_ridge,ENSG00000009830,POMT2,-0.002291270307071405,-0.006192791517872935,2.14085,2.199215957446809,0.3699898988135802,-0.24085449812425788,0.18420498530386753,0.5187813871823208,32
all_genes_ridge,ENSG00000009844,VTA1,0.0020391596259032004,0.006400755793917949,2.5213,2.5384553191489365,0.31858106941696274,0.05704727033960121,0.7525092108434129,0.9052914211946613,33
all_genes_ridge,ENSG00000010319,SEMA3G,-0.003131337574848381,-0.009012223804814748,0.36095,0.4467202127659574,0.34745448433886816,-0.17286893049404184,0.3440785911156492,0.6800928402520254,32
all_genes_ridge,ENSG00000010671,BTK,0.0006858668292396363,0.002889846272895259,0.1685,0.24423829787234047,0.23733678696773194,0.2784280096536,0.14359665676738978,0.46194966938393384,29
all_genes_ridge,ENSG00000010810,FYN,-0.0005687355984634755,-0.0012605782353076254,1.0347,1.0811148936170212,0.4511704093674789,-0.017801513569333946,0.9256119635317993,0.9708120479029481,30
all_genes_ridge,ENSG00000010818,HIVEP2,-0.00392785721197603,-0.009159120138503002,0.3519,0.4657446808510639,0.4288465652354695,-0.4361955498739579,0.008805801796411305,0.13023842080176054,35
all_genes_ridge,ENSG00000011083,SLC6A7,-0.00576226999476835,-0.04189151523503528,0.0634,0.09785531914893618,0.13755219791976322,-0.01623406463361394,0.9297290863219478,0.9713205457926475,32
all_genes_ridge,ENSG00000011114,BTBD7,0.0010286593949514267,0.0038704467009784797,1.5359,1.5063531914893618,0.2657727839764267,0.20801335688097833,0.270008019515189,0.6241279251337496,30
all_genes_ridge,ENSG00000011143,MKS1,-0.00043348745837234456,-0.001182761370849298,1.45675,1.5050478723404253,0.36650457907758094,-0.1415377846746705,0.45563021032699497,0.7621451168078974,30
all_genes_ridge,ENSG00000011376,LARS2,-0.002190656211037249,-0.002416175136011717,2.322,2.2365659574468086,0.9066628401173257,-0.27528652668474674,0.14092429209901225,0.46076199493413217,30
all_genes_ridge,ENSG00000011454,RABGAP1,-0.0010795114233020943,-0.0020852411757867582,1.98055,1.9438180851063829,0.517691399842417,0.05185267640868714,0.7855268325808825,0.9197298356018354,30
all_genes_ridge,ENSG00000011465,DCN,-0.0010723028855899514,-0.0008684158306773078,3.9415,3.6475617021276587,1.2347804447019637,-0.279648977157219,0.1149911106328114,0.42174600098691983,33
all_genes_ridge,ENSG00000012174,MBTPS2,-0.00017347331389873263,-0.00044589876446486404,1.87045,1.8954925531914892,0.38904192548486416,0.09637213443133763,0.6124323315038254,0.8490157801121524,30
all_genes_ridge,ENSG00000012232,EXTL3,-7.784430927429143e-05,-0.00013350282755789054,1.9637,1.875421276595745,0.5830910902657547,0.21863654699475596,0.2373427382315627,0.5890540710335835,31
all_genes_ridge,ENSG00000012504,NR1H4,0.0007315664023293932,0.0010253595015642806,3.2205,3.1784361702127657,0.7134730806252062,-0.05823461996371749,0.743562050145803,0.9028578394321931,34
all_genes_ridge,ENSG00000012822,CALCOCO1,0.0014118623714880311,0.0025760572787540937,2.9299,2.803031914893617,0.5480710320893472,0.14813902347971727,0.44313613475560193,0.7515984944793338,29
all_genes_ridge,ENSG00000013016,EHD3,-0.0030786805536255363,-0.005324525716246064,2.6078,2.583406382978723,0.5782074719316203,-0.5164811843277359,0.0034782601563863617,0.08799998195657495,30
all_genes_ridge,ENSG00000013293,SLC7A14,-0.00012423836698141733,-0.0008574092691211219,0.0679,0.11180425531914892,0.1448997246189868,0.252092378177979,0.1712724636359352,0.5014302792658625,31
all_genes_ridge,ENSG00000013297,CLDN11,0.00013875046433964617,0.00026216318055775033,0.2519,0.3685127659574468,0.5292522925776821,-0.10174920239807275,0.599443885790357,0.8417722651524162,29
all_genes_ridge,ENSG00000013375,PGM3,0.00023688544199896477,0.000684869096213889,3.0784,3.0454617021276595,0.34588426212910023,0.10925603569411667,0.5516814897084664,0.819024451224892,32
all_genes_ridge,ENSG00000013392,RWDD2A,0.0015185466714930467,0.0038656921570565314,1.153,1.1268723404255316,0.39282659089163463,0.1446909982151294,0.42946805910325336,0.7419621962500219,32
all_genes_ridge,ENSG00000013503,POLR3B,-0.00015632333841044565,-0.0005812086775097218,1.9302,1.9248212765957449,0.2689624991151837,0.00605727127348148,0.9737526837130149,0.9900579865213373,32
all_genes_ridge,ENSG00000013523,ANGEL1,0.0024207267052666222,0.004802601198245503,2.1063,1.9801723404255323,0.5040449134421088,0.41415994130594275,0.01844516386575942,0.17914113804179396,32
all_genes_ridge,ENSG00000014123,UFL1,0.0003168240622211018,0.0008250949915083711,2.73875,2.7916542553191492,0.3839849538316915,0.025395421086668528,0.8940294728564484,0.9621671320780494,30
all_genes_ridge,ENSG00000014257,ACP3,-0.0006874714241085719,-0.0006815255308445936,1.8903,1.901036170212766,1.0087243881481736,-0.43699963381108003,0.01776997724344203,0.17593554866542713,29
all_genes_ridge,ENSG00000014641,MDH1,0.0013319154249870698,0.0019143265681842497,3.7276,3.6150787234042543,0.6957618658818487,0.2539240803889113,0.17573082413513288,0.5081131257850128,30
all_genes_ridge,ENSG00000014824,SLC30A9,-0.002617677725270725,-0.006007698657952273,3.3483,3.2639617021276606,0.43572054364040985,-0.1816530658140707,0.3280706544752188,0.6644579766422711,31
all_genes_ridge,ENSG00000014919,COX15,-0.00277964030582746,-0.009378436359922833,2.5645,2.5588489361702127,0.2963863270113752,-0.4355896319954228,0.014313112804047736,0.16058990750202842,31
all_genes_ridge,ENSG00000016082,ISL1,0.0036050625678768163,0.050293078637253616,0.0838,0.09559999999999998,0.07168108744900807,0.011213801687114047,0.9539608840409681,0.9829430237610502,29
all_genes_ridge,ENSG00000016402,IL20RA,0.0017461547848759268,0.0018742055709979279,0.8877,1.2275212765957446,0.9316772993830021,0.513210982605052,0.003151857970353781,0.08393895436836911,31
all_genes_ridge,ENSG00000017260,ATP2C1,-0.0010097663356979966,-0.0015916145425758543,0.798,0.870708510638298,0.6344289453800793,-0.28469294703843795,0.11427347241084762,0.42174600098691983,32
all_genes_ridge,ENSG00000017427,IGF1,-0.0020254261603178027,-0.005840874463819033,4.48015,4.384507446808511,0.3467676240713939,-0.3441708473411224,0.046246134273010386,0.27913173688441256,34
all_genes_ridge,ENSG00000018236,CNTN1,0.00038237631187274147,0.002776121854927812,0.09875,0.1427670212765957,0.13773758208559778,-0.21655078126855407,0.21864948690358502,0.5635142973168795,34
all_genes_ridge,ENSG00000018510,AGPS,-0.00035781405941163265,-0.0008288030815984385,2.6223,2.623425531914893,0.43172385257249357,-0.19817601619320885,0.30275990077970777,0.6422341133989153,29
all_genes_ridge,ENSG00000018625,ATP1A2,-0.002496465776919778,-0.02445325307378446,0.1162,0.13257021276595746,0.10209135649097575,-0.5449168579386346,0.002238505909452841,0.07329162012141763,29
all_genes_ridge,ENSG00000019505,SYT13,0.0013105527151007507,0.002699061445208102,0.39895,0.5643712765957447,0.4855586809361077,0.23055525931282808,0.2202963129313646,0.5663163472139059,30
all_genes_ridge,ENSG00000019991,HGF,-0.005026257032069631,-0.007882220548089293,3.168,3.006376595744681,0.6376701846141607,-0.10560617093234631,0.5459921303940973,0.8165675408258519,35
all_genes_ridge,ENSG00000021776,AQR,-0.002110412518735014,-0.00733482095373128,2.12,2.1367617021276595,0.28772515812556143,-0.25423558403366797,0.1675390240856674,0.4947942384475547,31
all_genes_ridge,ENSG00000021826,CPS1,-0.0015791409007574894,-0.0015053865819158994,0.3684,0.7683382978723405,1.048993607175456,-0.15112002885844694,0.4011988712118859,0.7218863389017895,33
all_genes_ridge,ENSG00000022277,RTF2,0.0005410659976675235,0.003521925736927196,3.6513,3.665859574468084,0.1536278837439633,-0.03998387426034686,0.8308921188042845,0.9378413100260756,31
all_genes_ridge,ENSG00000022355,GABRA1,-0.0015213607472801282,-0.08005710398614144,0.0146,0.01891914893617021,0.019003444685477114,-0.3751891093212585,0.03754537421445529,0.25847563744917523,31
all_genes_ridge,ENSG00000023041,ZDHHC6,0.00025906059231740056,0.0008022270887950218,3.198,3.157727659574469,0.3229267571935526,-0.02148476901351624,0.9086675538389308,0.967023415014658,31
all_genes_ridge,ENSG00000023228,NDUFS1,-3.8391421467180525e-05,-0.00010627344240743496,2.4139999999999997,2.4430787234042555,0.3612513210967055,-0.07190560997328584,0.7057295173790369,0.8850040540118778,30
all_genes_ridge,ENSG00000023318,ERP44,-3.8088418380823454e-05,-6.0473548838073135e-05,2.812,2.7432404255319147,0.6298360045449097,-0.2935646625553226,0.09197080923491596,0.3827964839240717,34
all_genes_ridge,ENSG00000023516,AKAP11,0.0027195886099433686,0.004700677745513077,2.25235,2.2446202127659576,0.5785524465146092,0.06693563176233266,0.7158662101034895,0.8929210410329476,32
all_genes_ridge,ENSG00000023697,DERA,-0.0020856419161106666,-0.0025831272906370033,3.258,3.1704319148936184,0.8074096556025095,-0.09192852811634153,0.6352996812543064,0.861632063349693,29
all_genes_ridge,ENSG00000024526,DEPDC1,0.00024616678177557855,0.0019942691957401722,0.12240000000000001,0.1523936170212766,0.12343708778203027,-0.24883102699247656,0.16965558242953985,0.49910305063573934,32
all_genes_ridge,ENSG00000025156,HSF2,0.0011539866053313236,0.0034863163684358918,1.61295,1.6569648936170214,0.3310045570675075,-0.10028416945608179,0.5849954724393346,0.8331650394196428,32
all_genes_ridge,ENSG00000025434,NR1H3,0.0008430966686824787,0.0024544484678620305,2.5789,2.596604255319149,0.3434974006265716,-0.16653679274958846,0.3790946367816757,0.7092656377576894,30
all_genes_ridge,ENSG00000027075,PRKCH,0.005481154811318395,0.0171212921826697,1.1027,1.1071531914893618,0.32013674860747143,0.5233965415052506,0.00251546040235818,0.07414502700543141,31
all_genes_ridge,ENSG00000028528,SNX1,0.0007642757219625089,0.0021776545774274568,3.545,3.563742553191489,0.3509627880769667,0.14797908985205843,0.4351638356718877,0.7444786105386137,30
all_genes_ridge,ENSG00000028839,TBPL1,0.0015818243325035539,0.004084644477981429,1.6192,1.6777191489361702,0.38726120254296115,-0.08222357408826221,0.66012948833502,0.8709922323273015,31
all_genes_ridge,ENSG00000029363,BCLAF1,0.0004496400406022742,0.0019346791277124198,2.99655,2.97669255319149,0.23241065361258756,-0.1463251815541777,0.44037046518027595,0.7494196929861646,30
all_genes_ridge,ENSG00000029364,SLC39A9,0.0016988329249856236,0.0032895854972124143,3.55255,3.5300478723404263,0.5164276552244075,0.4531997802136671,0.011900717743803356,0.14576412046054452,30
all_genes_ridge,ENSG00000029559,IBSP,0.0012273401037281365,0.015555309400825168,0.055349999999999996,0.07319042553191489,0.07890168379826822,-0.10094602677320834,0.5955785600659633,0.8391315036390457,30
all_genes_ridge,ENSG00000029639,TFB1M,-0.0018335058236332732,-0.004176612331889827,2.4425,2.4332404255319147,0.4389935378090625,-0.08536449691156253,0.6537826611468218,0.8675193003678983,30
all_genes_ridge,ENSG00000030304,MUSK,-0.0011127219701073093,-0.0051863701525841095,0.1432,0.18991063829787228,0.21454734956641985,-0.28323141352532427,0.09415267435153941,0.38523924438177043,36
all_genes_ridge,ENSG00000031081,ARHGAP31,-0.005265148906855696,-0.022690258798607952,0.7491,0.7616382978723404,0.23204446249765617,-0.458002521709432,0.00735655237983767,0.12138311426732154,33
all_genes_ridge,ENSG00000033800,PIAS1,1.0828708757428153e-05,2.2119824715765436e-05,2.21,2.0714042553191487,0.4895476748380479,0.19884213363122832,0.2921623466744753,0.6326711016431577,30
all_genes_ridge,ENSG00000034152,MAP2K3,0.0019656176895221826,0.003639402504141215,3.1381,3.0464872340425537,0.5400935146045373,0.2637999014292755,0.16674007115364267,0.49435825783443277,29
all_genes_ridge,ENSG00000034533,ASTE1,-0.0007009037005259349,-0.0017017124894972589,1.57575,1.5287287234042555,0.4118813870450023,0.3758253915016041,0.03402170060795186,0.25006235486326467,32
all_genes_ridge,ENSG00000034677,RNF19A,-0.0008609936763719136,-0.0018040511052986048,2.8561,2.771361702127659,0.4772557018163866,0.19001848573109736,0.32349405864975295,0.6587041999065392,29
all_genes_ridge,ENSG00000034693,PEX3,-0.001248001074814422,-0.002064961174201462,2.9595,2.9446276595744676,0.6043702372743326,-0.26004038445223115,0.15771868202778355,0.48189703154366315,31
all_genes_ridge,ENSG00000035664,DAPK2,-0.0015198738440326577,-0.002107884681882291,1.8047,1.8373595744680848,0.7210422169183593,-0.32150777028930977,0.08899847239268885,0.37790120585203263,29
all_genes_ridge,ENSG00000036054,TBC1D23,-0.00040711431378641523,-0.000831028234892781,2.6804,2.5849212765957454,0.4898922764506804,0.13088489031303918,0.4985625385084147,0.7885208244217192,29
all_genes_ridge,ENSG00000036257,CUL3,-0.0005080673213897942,-0.0011185746676147957,2.7826,2.7094191489361705,0.45420957232401554,-0.3091805510104103,0.10267515306241524,0.40588771444986027,29
all_genes_ridge,ENSG00000036473,OTC,-0.0008165747841390794,-0.0006828686840629094,3.6057,3.303957446808512,1.195800602951434,0.048059150087631626,0.8044709070979764,0.9258657481263485,29
all_genes_ridge,ENSG00000036565,SLC18A1,-0.00039193900000172296,-0.0013508934916683967,0.1396,0.23437659574468084,0.29013316180660975,-0.4680221846995511,0.010456043292537527,0.1439229722051695,29
all_genes_ridge,ENSG00000036828,CASR,0.0012293246648620798,0.004067636903147787,0.1958,0.2977,0.302220845698089,0.07278957044960722,0.6872748579679916,0.8797621381486848,33
all_genes_ridge,ENSG00000037749,MFAP3,0.00044686230279626714,0.0010429564159309985,1.6348500000000001,1.6098968085106382,0.4284573122812367,0.12210102212550117,0.5055868456748412,0.7911635533812299,32
all_genes_ridge,ENSG00000038002,AGA,-0.001267987061167514,-0.002792395925607883,3.8649,3.865270212765958,0.4540857009349356,-0.15130119023602986,0.41651374228268084,0.7308300383045555,31
all_genes_ridge,ENSG00000038210,PI4K2B,0.0014975443839882684,0.0020564482626227046,1.9236,1.9130617021276595,0.728218847615629,-0.03842837817053466,0.8431130520324608,0.9403715010913118,29
all_genes_ridge,ENSG00000038295,TLL1,-0.00030853913783659124,-0.0010092090202158117,0.1754,0.24262340425531914,0.3057237219011504,-0.26507901836169867,0.15687035009038944,0.48058363559477535,30
all_genes_ridge,ENSG00000038532,CLEC16A,-0.0005824564708267325,-0.0028018171993680844,1.9403,1.9511999999999998,0.207885250671635,0.15376857810339137,0.4007666644026683,0.7218863389017895,32
all_genes_ridge,ENSG00000038945,MSR1,0.0012383035867863617,0.007112563572496671,0.1162,0.1738723404255319,0.17410088137204363,-0.0402073060002078,0.8241915978631326,0.9354189499485871,33
all_genes_ridge,ENSG00000039123,MTREX,0.00043222397875133646,0.0018915953797731524,3.1082,3.0863723404255317,0.22849705776040247,-0.016849965457630386,0.9283130241269583,0.9711779259991197,31
all_genes_ridge,ENSG00000039139,DNAH5,0.0035895355839817753,0.0077204519835569725,0.2351,0.38325744680851065,0.4649385284212339,0.24513461857006286,0.1837985588541322,0.5185989076962317,31
all_genes_ridge,ENSG00000039537,C6,0.0021973944470647295,0.0021993605196381667,1.35535,1.5422776595744687,0.9991060708074542,0.08616738798646478,0.6391289218259251,0.861632063349693,32
all_genes_ridge,ENSG00000040731,CDH10,8.875228153470303e-05,0.0011695998976841134,0.0486,0.07402340425531916,0.07588260028958495,-0.21639608862663715,0.24230362672976608,0.5918495788569219,31
all_genes_ridge,ENSG00000040933,INPP4A,-5.687316572665368e-06,-1.0177775463074714e-05,0.9608,0.996195744680851,0.558797606932785,-0.12179095496722857,0.49261514422319036,0.7863194415676161,34
all_genes_ridge,ENSG00000041353,RAB27B,0.0015320100716047034,0.002561825248985032,0.6318,0.7637148936170212,0.5980150567302237,-0.28101012522313695,0.13251599102816358,0.4479043091537342,30
all_genes_ridge,ENSG00000041982,TNC,0.0016101863030549295,0.005865924771913183,0.3613,0.40215531914893615,0.2744982872546734,0.1965733450840482,0.2728917036390186,0.6245654860014576,33
all_genes_ridge,ENSG00000042088,TDP1,-0.001276183277479683,-0.003157851794449354,1.5263499999999999,1.4336648936170209,0.40413020006919476,-0.266414429033546,0.1547137827602588,0.4783270738288972,30
all_genes_ridge,ENSG00000042429,MED17,-0.0014208099291901466,-0.002905564275993172,2.12,2.1923191489361704,0.4889962135511489,-0.5151366553748108,0.0015421401417136606,0.05992276804873267,35
all_genes_ridge,ENSG00000042980,ADAM28,-0.0008571669874124393,-0.0058793381092276265,0.1944,0.2174808510638298,0.14579310995350223,0.010593742622559632,0.9565041339465219,0.9829430237610502,29
all_genes_ridge,ENSG00000043462,LCP2,0.004460333102927262,0.0320623181367547,0.3327,0.3314021276595745,0.13911449209326354,0.1554570091155457,0.42067524538942397,0.7361210634018969,29
all_genes_ridge,ENSG00000044446,PHKA2,0.00039000173544098807,0.0006683620396122006,2.0312,2.060912765957447,0.5835186804853194,0.03745687644533992,0.8470324899107892,0.9416768180009485,29
all_genes_ridge,ENSG00000044524,EPHA3,-0.0013404183334205927,-0.015902883114025324,0.1215,0.13992765957446807,0.08428775611375962,-0.48145289529227403,0.0029504423818372447,0.08158811563014691,36
all_genes_ridge,ENSG00000046653,GPM6B,0.0008927223827041199,0.004230081130916071,0.3239,0.3533212765957446,0.21104143279417223,0.3713855976996051,0.033340638525293204,0.2480935749087994,33
all_genes_ridge,ENSG00000047365,ARAP2,-0.0008415648640590322,-0.0021991378146833623,1.229,1.1994063829787234,0.3826794566670679,0.041887399682399996,0.829188283103296,0.9378413100260756,29
all_genes_ridge,ENSG00000047410,TPR,-0.0003007424666581568,-0.0009364548230079449,3.004,3.061565957446809,0.3211500002660623,-0.38775515086761997,0.025771168954673906,0.21554068580272723,33
all_genes_ridge,ENSG00000047578,KATNIP,-0.0001104887797639205,-0.0002477728614961485,1.4121,1.2885,0.44592768996873366,-0.06738943010362562,0.7283394504594315,0.8981466811003024,29
all_genes_ridge,ENSG00000047617,ANO2,0.0022835543420348975,0.00763598858730621,0.2699,0.3538063829787234,0.2990515656127348,0.3816210889381621,0.04107842433972335,0.26994393137532485,29
all_genes_ridge,ENSG00000047932,GOPC,-0.00027693489069876475,-0.0008875527684502522,2.3573,2.388427659574468,0.31202076151744557,-0.14032836475123842,0.4436545186995695,0.7520575760870425,32
all_genes_ridge,ENSG00000048052,HDAC9,-0.00021005114310068072,-0.0008673735371730305,0.2736,0.3198042553191489,0.24216918559134928,0.17116590592352496,0.3408871967727057,0.6768695417932862,33
all_genes_ridge,ENSG00000048342,CC2D2A,0.0013169318081191826,0.005570675005717152,0.1823,0.23593191489361695,0.23640435077753108,-0.45107223455554507,0.01405202824698959,0.16058990750202842,29
all_genes_ridge,ENSG00000048540,LMO3,0.001898879527839543,0.004282726572457409,0.15355,0.24521595744680846,0.44338098538706716,0.3641030357217156,0.040495975419915786,0.2672734377714442,32
all_genes_ridge,ENSG00000048649,RSF1,0.00024138554235609612,0.0009539248357161713,1.8244,1.8506914893617021,0.2530446145422693,-0.021232132482438215,0.9066386387466284,0.9668264514347608,33
all_genes_ridge,ENSG00000048740,CELF2,-0.0014295347663734479,-0.002696746487403108,0.7917000000000001,0.9112425531914894,0.5300960891396396,-0.26062764945554084,0.16421434475567612,0.4911869464810174,30
all_genes_ridge,ENSG00000048991,R3HDM1,-0.0015507587012706912,-0.002322868468429135,1.877,1.7498106382978718,0.6676050419330926,-0.022388061523010507,0.904844574786486,0.965809547221835,31
all_genes_ridge,ENSG00000049130,KITLG,-0.0007774543306276492,-0.0022758386837241486,1.0962,1.0692553191489365,0.34161223121290585,-0.13710933977482162,0.45428283055326746,0.761980749530821,32
all_genes_ridge,ENSG00000049759,NEDD4L,0.002242627813813755,0.002601639775779962,0.855,1.1503702127659572,0.8620055069466424,0.1276244661827437,0.486376161076009,0.7788175237482929,32
all_genes_ridge,ENSG00000049883,PTCD2,-0.0008121391973040863,-0.0017432745498100833,2.6586,2.5670978723404265,0.4658699327610575,-0.057780495261387954,0.7454955339017637,0.9028578394321931,34
all_genes_ridge,ENSG00000050628,PTGER3,0.0017920397294601236,0.005870920427843085,0.5495,0.6036999999999998,0.30523999626383974,-0.10001833684804998,0.5859959267470617,0.8331650394196428,32
all_genes_ridge,ENSG00000051009,FHIP1B,-0.0012059010164358263,-0.0031306369553490464,1.9135499999999999,1.8720521276595745,0.38519350331420843,0.07478299577119965,0.6945045811675101,0.879869016713684,30
all_genes_ridge,ENSG00000052795,FNIP2,0.0003862423140568135,0.0005117482459210294,1.4959,1.696355319148936,0.7547506359531647,0.10324012039368,0.5940769821061694,0.8385019607969922,29
all_genes_ridge,ENSG00000052841,TTC17,0.0003686246862131538,0.0011119461219469106,2.76795,2.776592553191489,0.3315130822775185,0.023198239891272333,0.8997123389715813,0.9648628262514026,32
all_genes_ridge,ENSG00000052850,ALX4,-0.0018947756421873255,-0.016384695042012006,0.1002,0.13169148936170214,0.11564302157159045,-0.6135148795702192,0.0002423605902800867,0.022020293701220797,31
all_genes_ridge,ENSG00000053108,FSTL4,0.00044184151282788595,0.0011867121618675453,0.05785,0.1359244680851064,0.372324079103187,-0.19340833639806282,0.30581731677542645,0.6423955480126771,30
all_genes_ridge,ENSG00000053770,AP5M1,0.0014252887668154389,0.003095264327265183,2.2239,2.186540425531915,0.4604740067788495,0.17297024798009633,0.3521010566289206,0.6884580970938526,31
all_genes_ridge,ENSG00000054219,LY75,-0.0026429507836196408,-0.0029433256437096642,2.1822,2.118765957446808,0.8979471195339971,-0.14176032134048802,0.4549147072865404,0.761980749530821,30
all_genes_ridge,ENSG00000054690,PLEKHH1,-0.002532608789041387,-0.008227504718261959,0.6891,0.7202425531914897,0.30782222262601083,-0.197640794119121,0.29514739379279753,0.6364335365809044,30
all_genes_ridge,ENSG00000054796,SPO11,0.0004854950224025334,0.0009211423200106859,0.5915,0.722421276595745,0.5270575587026566,-0.058076226226182484,0.7563109768178353,0.9069936229614014,31
all_genes_ridge,ENSG00000054965,FAM168A,-0.00017194167670421816,-0.00029918821405852946,1.80805,1.717762765957447,0.5746940174273765,-0.11229260291014642,0.5406103708679395,0.8121192904280378,32
all_genes_ridge,ENSG00000054967,RELT,-0.0006208809405861197,-0.00391983279292033,0.4448,0.4539382978723405,0.15839475135457368,-0.18315345406800917,0.33265780259817956,0.6675142687958183,30
all_genes_ridge,ENSG00000055813,CCDC85A,0.00245368358420988,0.00535282637139883,0.5832,0.622572340425532,0.4583902809402484,0.7326928037091244,6.202555701405232e-06,0.003570695921639684,29
all_genes_ridge,ENSG00000055917,PUM2,-0.00457896753863663,-0.012429014958163386,2.89295,2.8391627659574468,0.3684095283535853,-0.2064552043949785,0.27369292028675074,0.6245654860014576,30
all_genes_ridge,ENSG00000055955,ITIH4,-0.0025952876356293455,-0.006896569444100907,5.5975,5.579874468085108,0.37631574026261233,-0.35419923258347386,0.05481055911474581,0.30145807513110195,30
all_genes_ridge,ENSG00000056586,RC3H2,-0.0009842735946229261,-0.002437748909791099,1.85395,1.8251053191489361,0.4037633206068269,0.003926364605139916,0.9818681733921713,0.9940678510680262,36
all_genes_ridge,ENSG00000057252,SOAT1,-0.0015703160793248028,-0.0025915457690248193,2.315,2.299340425531915,0.605938007383023,-0.08840887685668503,0.642238727988752,0.8629443085929409,30
all_genes_ridge,ENSG00000057657,PRDM1,-0.0002456855906790269,-0.0004400803460249087,1.282,1.357672340425532,0.5582743989778653,-0.170414440717156,0.3593703853053181,0.6953782599024511,31
all_genes_ridge,ENSG00000057704,TMCC3,-0.0033123007293724372,-0.005228164581739254,0.9825999999999999,1.1084127659574468,0.6335494373955867,-0.2961726820097935,0.11202323708128165,0.41987968861576674,30
all_genes_ridge,ENSG00000058272,PPP1R12A,-0.0010293386084348505,-0.0031650309075944207,2.7533,2.7589170212765954,0.32522229276339,-0.3095407592873455,0.06619341336199135,0.32730163349675195,36
all_genes_ridge,ENSG00000058866,DGKG,0.0009941549611724597,0.008556675468721103,0.1396,0.16584042553191486,0.11618472206952217,-0.10427591982975512,0.5766732053327814,0.8301469186298361,31
all_genes_ridge,ENSG00000059377,TBXAS1,0.0004812624467787661,0.0006062501631621036,0.9464,1.0836808510638294,0.7938347501113704,-0.06217616667158105,0.7310450962077503,0.8982533542810274,33
all_genes_ridge,ENSG00000059691,GATB,0.0007429581718402033,0.00219427214987239,2.4497,2.4883659574468084,0.33858980158108953,0.11755853007179073,0.5146926704037075,0.7961584872375733,33
all_genes_ridge,ENSG00000059728,MXD1,-0.0017023866860219601,-0.005661358648971279,2.4782,2.4847425531914897,0.30070285095456717,0.297756972318633,0.11670347662597186,0.4253442437412372,29
all_genes_ridge,ENSG00000060140,STYK1,0.00017878258570934655,0.00031711276268589527,0.32330000000000003,0.535963829787234,0.5637823725386709,0.10183639966646706,0.5923211427124623,0.8371913357891226,30
all_genes_ridge,ENSG00000061676,NCKAP1,-0.0017137265741459413,-0.0072332346506726285,3.697,3.682831914893617,0.23692395683397047,-0.2754204681393375,0.1407231998162329,0.46076199493413217,30
all_genes_ridge,ENSG00000062598,ELMO2,-0.0011309162070479925,-0.002211260084920486,2.07555,1.9941074468085107,0.5114351833871494,-0.15456352420348213,0.3827700875872106,0.7113575127891449,34
all_genes_ridge,ENSG00000063015,SEZ6,-0.0007934746976208306,-0.024773960193557112,0.0601,0.06632127659574467,0.03202857724083964,-0.18003696994366616,0.3500206416199939,0.6869183374003242,29
all_genes_ridge,ENSG00000064102,INTS13,-0.001830680719906361,-0.006402164523132508,2.2239,2.263678723404255,0.2859471532310184,-0.5196856993831432,0.0019382138865146961,0.0708965946922725,33
all_genes_ridge,ENSG00000064199,SPA17,-0.0005334412107980649,-0.0009963876412090748,0.7345999999999999,0.8210787234042553,0.5353751780288606,-0.16680414330894072,0.36152622690587477,0.6957726649671303,32
all_genes_ridge,ENSG00000064309,CDON,-0.00016290189478761964,-0.00036024657357992254,1.0897,1.0760638297872338,0.4521955425385303,-0.11235678291500285,0.5617208708218356,0.8260643894593872,29
all_genes_ridge,ENSG00000064313,TAF2,0.0030434394552708343,0.010053182740391341,2.6368,2.6673702127659573,0.30273392356064566,0.2901675702316412,0.1267777037254115,0.44012793847106674,29
all_genes_ridge,ENSG00000064393,HIPK2,-0.0014016880513975745,-0.0022748488769146224,2.21,2.1529297872340423,0.616167546610254,0.01059504815496,0.9564987786944886,0.9829430237610502,29
all_genes_ridge,ENSG00000064419,TNPO3,0.00033200245418925464,0.0016409192923011397,2.8634500000000003,2.81613085106383,0.20232710758350078,-0.06601358489026578,0.7289023950504631,0.8981466811003024,30
all_genes_ridge,ENSG00000064655,EYA2,-0.00022419321705379814,-0.0007289141782695935,0.23185,0.2931882978723404,0.30757148610556845,-0.0362786565851863,0.849054128978176,0.9416768180009485,30
all_genes_ridge,ENSG00000064692,SNCAIP,-0.0009594808901449722,-0.002928421003787196,0.25734999999999997,0.34627553191489363,0.3276444503382944,-0.09390298407823656,0.6216125625467379,0.8547664308725309,30
all_genes_ridge,ENSG00000064703,DDX20,-0.0003101561160811174,-0.001064572155306098,2.12,2.1286787234042555,0.29134344209100393,0.003943314878985159,0.9838029868016841,0.9943091198022376,29
all_genes_ridge,ENSG00000064835,POU1F1,0.0016830895430751318,0.01956261275216576,0.044,0.06200212765957447,0.08603603027866502,0.02514743658527951,0.8950585784740756,0.9629333253888354,30
all_genes_ridge,ENSG00000064933,PMS1,0.0002871217597628976,0.000587840587506014,1.9369,1.8272106382978721,0.4884347319075857,0.12532086752638344,0.4943422963421991,0.7874675471453165,32
all_genes_ridge,ENSG00000064989,CALCRL,0.0005459301948212229,0.0020033758458849475,0.1579,0.26039787234042555,0.27250512975016433,-0.06669452593289323,0.7122998908803102,0.8903489255145637,33
all_genes_ridge,ENSG00000064999,ANKS1A,-4.4724927824350973e-05,-0.00012202458594680907,2.0653,2.0407021276595745,0.3665239056319906,-0.17140840782326075,0.3565327608096297,0.692535804106229,31
all_genes_ridge,ENSG00000065135,GNAI3,-0.0004470567241660004,-0.0009012022632001779,3.21295,3.1680223404255328,0.49606702337663655,-0.396415453864495,0.03010284925245874,0.23554703693418746,30
all_genes_ridge,ENSG00000065183,WDR3,-0.0034017120072250425,-0.009461616966083566,2.62955,2.616596808510638,0.35952755426677435,-0.17231165629045797,0.3149329444709635,0.6509070190598033,36
all_genes_ridge,ENSG00000065325,GLP2R,0.00043294256122488966,0.001080283391771896,0.1734,0.32539999999999997,0.40076758054640754,0.23798965984633966,0.2137959353314447,0.5576326973077887,29
all_genes_ridge,ENSG00000065413,ANKRD44,-0.0018264148566453817,-0.0022215999725605055,2.0789,1.8260191489361703,0.8221168883704778,-0.031419419386716045,0.8714666520687491,0.9517732970792776,29
all_genes_ridge,ENSG00000065485,PDIA5,-0.0006123170801926188,-0.0008141055327229207,3.9185499999999998,3.7368606382978724,0.7521347731719935,-0.08167353298050956,0.6678838800294056,0.8736300989958102,30
all_genes_ridge,ENSG00000065491,TBC1D22B,-0.00024136295267309654,-0.0009287346935008075,1.7917,1.799044680851064,0.2598836399265908,-0.10753645841985458,0.5716533223082598,0.8273303505889018,30
all_genes_ridge,ENSG00000065534,MYLK,0.000562443736352447,0.0004795682788311427,2.2892,2.429246808510638,1.1728126341535718,0.3400321018507641,0.04911152563337324,0.2874186707620262,34
all_genes_ridge,ENSG00000065548,ZC3H15,-0.0024341432972051487,-0.008708777412365112,3.4238,3.4232553191489363,0.2795045942670487,-0.16399508776458077,0.3952858587241602,0.7164703684098809,29
all_genes_ridge,ENSG00000065615,CYB5R4,-0.0007631718810621485,-0.0014305976019202836,2.1683,2.089887234042554,0.5334636938002321,-0.07482101784322417,0.6891358519393759,0.8797621381486848,31
all_genes_ridge,ENSG00000065675,PRKCQ,-0.0005003422124132012,-0.001004312072394531,0.35209999999999997,0.5068021276595744,0.49819396397402677,0.03171402436423037,0.8631961297644216,0.9488480206908709,32
all_genes_ridge,ENSG00000066084,DIP2B,-0.0014703135625421153,-0.0028903950782712446,1.8837,1.8493042553191483,0.5086894776410688,-0.15150840570333549,0.42416639361835967,0.7373131031145052,30
all_genes_ridge,ENSG00000066135,KDM4A,-0.0006527907332737064,-0.0017556889430010423,2.7533,2.7255468085106385,0.3718145722088305,0.00764205601762307,0.968616154199473,0.9861564869716969,29
all_genes_ridge,ENSG00000066136,NFYC,-0.0019646498238362897,-0.005193575971105115,2.6658,2.6896468085106386,0.3782846028953422,-0.25565201921888314,0.16510360868592636,0.49190829830272076,31
all_genes_ridge,ENSG00000066382,MPPED2,-0.0018331637505174059,-0.005905466453886127,0.39449999999999996,0.4696531914893617,0.3104181125795883,-0.24524314262812408,0.19147466103164468,0.5311889626951541,30
all_genes_ridge,ENSG00000066405,CLDN18,0.004766600767164239,0.003950882280513688,0.95845,1.2959734042553193,1.20646489283515,0.29736339406669915,0.08764862144931937,0.37499421318934817,34
all_genes_ridge,ENSG00000066557,LRRC40,-0.0005646437174667494,-0.0013335613536173186,2.0687499999999996,2.107564893617021,0.42341037848400387,-0.22791008799528079,0.22578341852681605,0.5731425239526868,30
all_genes_ridge,ENSG00000066629,EML1,-0.0002463381185643457,-0.0005299176455652746,0.9875,0.9797255319148934,0.4648611357366134,0.1871384113976231,0.3220619359236952,0.6583673224963261,30
all_genes_ridge,ENSG00000066651,TRMT11,-0.0017237253344712373,-0.004660668431888993,2.55725,2.5043734042553187,0.369845089746623,-0.0188059021840399,0.9159283939528724,0.9694664817536188,34
all_genes_ridge,ENSG00000066827,ZFAT,0.0005307148388386865,0.0012303009590509464,1.1342,1.0183765957446806,0.43136993020641035,-0.1466021405084537,0.43129995499409185,0.7423545437668178,31
all_genes_ridge,ENSG00000066926,FECH,-2.164028183640292e-05,-4.2466306845955284e-05,3.183,3.1223744680851055,0.5095870925367284,0.20517560229719656,0.2856496647194656,0.6305333296075357,29
all_genes_ridge,ENSG00000066933,MYO9A,0.0005144206993227094,0.0012758486435971467,1.5141,1.5344148936170212,0.40319884486638163,0.07923436456710438,0.6772642153646943,0.8758268963328424,30
all_genes_ridge,ENSG00000067141,NEO1,-0.0016522123773720508,-0.0027206004981198788,2.1132,2.048523404255319,0.6072969473150662,-0.17309350876708224,0.36921779785379116,0.7014676059349875,29
all_genes_ridge,ENSG00000067221,STOML1,-0.0017472688377840973,-0.004583593529294268,1.6317,1.6395382978723403,0.3812006511085905,-0.3970425168778182,0.0329545867281735,0.24697699908550388,29
all_genes_ridge,ENSG00000067248,DHX29,-0.001954493000797273,-0.008072556783212866,2.4069000000000003,2.402570212765958,0.24211573275789183,-0.18699560109120808,0.30545935454990886,0.6423955480126771,32
all_genes_ridge,ENSG00000067596,DHX8,-0.00042727233621220963,-0.002233582486503344,2.5213,2.533927659574468,0.19129463039491373,-0.2441430629878721,0.20183652699726523,0.5435274115086935,29
all_genes_ridge,ENSG00000067704,IARS2,-0.00024360565713387077,-0.0007373723620041096,3.5677,3.5683765957446805,0.33036993205410253,0.08938112199465717,0.6385690722333776,0.861632063349693,30
all_genes_ridge,ENSG00000067715,SYT1,-0.00021281096185561682,-0.0023762882890007854,0.0404,0.06650851063829788,0.08955603696767891,-0.18209179898101305,0.31047994684963115,0.644744951187059,33
all_genes_ridge,ENSG00000067798,NAV3,0.0009630669045049397,0.004125563843594887,0.2889,0.33637872340425534,0.2334388561214831,0.0518354175070593,0.7818312489153465,0.9191869572703028,31
all_genes_ridge,ENSG00000068024,HDAC4,0.0029107544539254742,0.0063375105839475546,1.1947,1.1517234042553188,0.45928987657996184,-0.200333891057122,0.28848245872849865,0.6322312153771505,30
all_genes_ridge,ENSG00000068305,MEF2A,5.985249732332222e-05,0.00011899856096479668,1.89695,1.8751840425531918,0.5029682446414488,-0.1270350840674897,0.47403004109268027,0.7727154249521978,34
all_genes_ridge,ENSG00000068654,POLR1A,-0.005398154544868358,-0.016734915920092464,2.6513,2.6197553191489367,0.3225683696675862,-0.05827759197324415,0.7473430961516706,0.9043179114852419,33
all_genes_ridge,ENSG00000068912,ERLEC1,0.00011095251677432558,0.00026534629143021955,2.4354,2.5312425531914893,0.418142330824713,-0.22203056366612672,0.24702865019684336,0.5985466735814975,29
all_genes_ridge,ENSG00000069018,TRPC7,-0.0008436541360703197,-0.04817027272991697,0.0243,0.027336170212765958,0.01751399957398111,-0.39486161810234865,0.02082701551071873,0.18874871370311064,34
all_genes_ridge,ENSG00000069122,ADGRF5,-0.00011000131859163163,-0.0003525463170416079,0.46825,0.5127202127659575,0.31201948020534603,-0.17514902239612332,0.3217973044610393,0.6583673224963261,34
all_genes_ridge,ENSG00000069424,KCNAB2,-0.001477842319257863,-0.008060229655604496,0.15339999999999998,0.21201276595744678,0.18334990222397438,-0.2115513020253728,0.2617610256782982,0.616837292517638,30
all_genes_ridge,ENSG00000069431,ABCC9,-0.0012022144510883447,-0.0016384090080291346,1.8572,1.8259127659574468,0.7337694343700573,0.01008526638510406,0.9563118653072438,0.9829430237610502,32
all_genes_ridge,ENSG00000069535,MAOB,0.0052674915839834085,0.004615880124469969,3.87255,3.585060638297871,1.14116732712773,-0.06410684513827904,0.7364530319858689,0.900109261316062,30
all_genes_ridge,ENSG00000069667,RORA,0.0022916216227595464,0.00258484119340035,1.6823,1.4606446808510636,0.8865618625277809,-0.04856235440639252,0.7884136503782962,0.9216635091460641,33
all_genes_ridge,ENSG00000069943,PIGB,-0.0018443507884190287,-0.005168962514832655,1.8309,1.7689340425531914,0.356812567923747,-0.013060621392125101,0.946388636381061,0.9806338212384516,29
all_genes_ridge,ENSG00000070061,ELP1,-0.0007315249573709842,-0.0019839995009441756,1.9303,1.886693617021277,0.3687122688402165,-0.11156949028236157,0.5432371987635765,0.8136497954840741,32
all_genes_ridge,ENSG00000070182,SPTB,-0.001039253855186828,-0.008960116048391262,0.15735,0.18838617021276596,0.1159866512413553,-0.18092800824147057,0.33866666735245166,0.6742242636603563,30
all_genes_ridge,ENSG00000070190,DAPP1,-0.0005720845790003448,-0.002040849236387444,0.23105,0.3322712765957447,0.28031692336715935,-0.3108665785963107,0.07353750124246591,0.3470367089884499,34
all_genes_ridge,ENSG00000070193,FGF10,0.0007570914644929128,0.0031555550103388153,0.2644,0.328604255319149,0.2399233928777629,0.30052442945302393,0.10044224886941283,0.40104736998838214,31
all_genes_ridge,ENSG00000070214,SLC44A1,0.0003286260647491305,0.0006720593417587754,1.6569,1.6304361702127657,0.4889837017801404,-0.08558295296176248,0.6358205551879557,0.861632063349693,33
all_genes_ridge,ENSG00000070269,TMEM260,0.0011233541805301677,0.0026460291619499893,2.322,2.3727000000000005,0.42454338624987514,0.1713236208197623,0.365347069550774,0.6976677210301527,30
all_genes_ridge,ENSG00000070367,EXOC5,0.0009445064169560714,0.002501801834372914,2.4354,2.388310638297872,0.37753046783292304,0.04024611660278394,0.8297990278721089,0.9378413100260756,31
all_genes_ridge,ENSG00000070501,POLB,0.0020134124862910786,0.004765082275475132,2.7533,2.7411936170212763,0.4225346740923417,0.0681370133070478,0.7254402662909898,0.8979348424989262,29
all_genes_ridge,ENSG00000070540,WIPI1,0.005066867878629009,0.011407211269461232,3.258,3.143225531914894,0.4441811200774157,0.464514539181863,0.01112880425182829,0.14576412046054452,29
all_genes_ridge,ENSG00000070718,AP3M2,0.0009920649640145567,0.002140453032643111,1.90695,1.8355563829787231,0.46348364055880176,0.10406161224630099,0.570861345702711,0.8273303505889018,32
all_genes_ridge,ENSG00000070761,CFAP20,0.0037618569318780427,0.007122992384095506,2.8634500000000003,2.8200308510638297,0.5281287314412497,0.10153641621414691,0.5934177649461463,0.8383510164618428,30
all_genes_ridge,ENSG00000070808,CAMK2A,0.0018029470297902504,0.052249127459886816,0.07325000000000001,0.07672021276595743,0.034506739489083824,-0.037593985594552,0.838138862681602,0.9386165942830481,32
all_genes_ridge,ENSG00000070882,OSBPL3,-3.0154437917740925e-06,-4.1773812895045235e-06,0.7114,0.9324276595744682,0.7218502652248323,-0.16112119706499933,0.38654647621936733,0.7127270704897838,31
all_genes_ridge,ENSG00000070915,SLC12A3,-0.004699501749000473,-0.037003350791786196,0.10325000000000001,0.13832021276595746,0.12700205923090735,-0.274062536469091,0.14277160308030515,0.46194966938393384,30
all_genes_ridge,ENSG00000070950,RAD18,0.0002537912284865672,0.000835134982197629,0.8889,0.9724063829787234,0.303892465166199,-0.1342695285882558,0.4874235986937232,0.7792617407236143,29
all_genes_ridge,ENSG00000070961,ATP2B1,-0.0014892538741524332,-0.0045230673694418334,2.8267,2.8216914893617018,0.32925750436837153,-0.11272774117225605,0.5127331884751091,0.7959688980220405,36
all_genes_ridge,ENSG00000071051,NCK2,0.001055128033870509,0.0016451587230022092,0.9264,1.0069106382978723,0.6413533351633283,-0.2002670276550069,0.28864676320139215,0.6322312153771505,30
all_genes_ridge,ENSG00000071189,SNX13,0.00020752560173785124,0.000502168684460675,2.47105,2.411447872340426,0.4132587478264042,-0.158351908805206,0.4032859501299388,0.7223458080203505,30
all_genes_ridge,ENSG00000071243,ING3,0.0005993013282418002,0.0020385915123774727,1.5725500000000001,1.5667053191489362,0.29397813372767123,-0.015037593984962405,0.9348967818840335,0.9729940917889947,32
all_genes_ridge,ENSG00000071282,LMCD1,0.0012757515637410177,0.003987154419948172,0.6013999999999999,0.6568148936170212,0.3199654263096238,0.3239875469618778,0.08070492629615593,0.36351916585557964,30
all_genes_ridge,ENSG00000071794,HLTF,-0.0008397136613822058,-0.0016369996807279316,1.8178,1.8351595744680858,0.5129589646644321,-0.027759197712542337,0.8781261351428951,0.9545259385226743,33
all_genes_ridge,ENSG00000071909,MYO3B,0.00020514273555659524,0.0029068070976008874,0.0903,0.10599361702127658,0.07057321957343105,-0.19637797364749401,0.307256724027256,0.6425406120273368,29
all_genes_ridge,ENSG00000071967,CYBRD1,0.003775611104332056,0.004187401439283867,2.6804,2.5807510638297875,0.901659694939056,0.5521744528783364,0.0018985514608730095,0.07029271018549338,29
all_genes_ridge,ENSG00000072134,EPN2,0.00038360584572331324,0.0007205537554934743,1.7803,1.7202361702127658,0.5323764435320987,0.07037078668965947,0.7117420245746628,0.8903373657225697,30
all_genes_ridge,ENSG00000072201,LNX1,-0.00029741465302196514,-0.0006252376339077736,1.177,1.1588595744680852,0.475682583537247,0.32010843751642465,0.09047733215909547,0.37992971014524735,29
all_genes_ridge,ENSG00000072310,SREBF1,0.00023449895017262968,0.0005723251449971392,2.4782,2.416782978723404,0.409730294435695,-0.1803622041530309,0.3491363556927719,0.6869183374003242,29
all_genes_ridge,ENSG00000072422,RHOBTB1,4.762885705532268e-05,5.821123597320943e-05,1.4121,1.531178723404255,0.8182072800729212,-0.19926447118377738,0.2662479087851199,0.620231093604285,33
all_genes_ridge,ENSG00000072571,HMMR,-0.0023242234977875966,-0.01700207544270899,0.4785,0.4687787234042553,0.13670233999486778,-0.48645484949832773,0.004098049714276798,0.09639567807729063,33
all_genes_ridge,ENSG00000072657,TRHDE,0.004134917881325678,0.0162407150164506,0.1336,0.2148531914893617,0.2546019603901259,0.03227793544268722,0.8679845588088048,0.9517046995416415,29
all_genes_ridge,ENSG00000072756,TRNT1,0.00011845806190365559,0.0004373378766128693,2.4069,2.392536170212766,0.27086165694382436,0.032186463585346776,0.8635267065773637,0.9488480206908709,31
all_genes_ridge,ENSG00000072840,EVC,0.00120510886922989,0.0023634722893783066,1.7528,1.8172489361702122,0.5098891468479559,0.5365853821380204,0.002692403962511646,0.07784893743033673,29
all_genes_ridge,ENSG00000072858,SIDT1,-0.0013052541627228212,-0.005532279350291313,0.2146,0.30047872340425535,0.2359342470032882,-0.26793100106063983,0.14504161002634183,0.4635224505683935,31
all_genes_ridge,ENSG00000072952,IRAG1,0.0001291686340875891,0.0006346891496963188,0.34555,0.37711170212765954,0.20351479799109962,-0.1230628157397978,0.502214682694598,0.7892992918535712,32
all_genes_ridge,ENSG00000073111,MCM2,0.00031986997837737306,0.0006887897841432728,1.7206,1.7829212765957452,0.46439419651850994,0.0014789253142716292,0.9939250333097333,0.9975393061581322,29
all_genes_ridge,ENSG00000073282,TP63,0.0009097156516353381,0.015782237144928386,0.0789,0.0930404255319149,0.05764174263011088,-0.14745465235835042,0.41284822881577676,0.7291490533360665,33
all_genes_ridge,ENSG00000073331,ALPK1,0.00289805737704441,0.004310738435103064,0.1147,0.446495744680851,0.6722879201960026,0.09130076122327006,0.6192124846122106,0.8540850592830622,32
all_genes_ridge,ENSG00000073734,ABCB11,0.000502479557662473,0.000638366529424281,4.295,4.083919148936169,0.7871333074364668,-0.09208270344363145,0.6222422861718467,0.8547664308725309,31
all_genes_ridge,ENSG00000073737,DHRS9,-0.001362153350957009,-0.0017031530181789648,0.4219,0.6674276595744681,0.7997833056793937,-0.29663239159275845,0.10514252470857223,0.407702743674865,31
all_genes_ridge,ENSG00000073803,MAP3K13,0.0017052910700555597,0.002485968077230429,0.7812,0.9994489361702129,0.6859666001646301,0.1576937399808,0.4139382368971589,0.7294078224190448,29
all_genes_ridge,ENSG00000073849,ST6GAL1,-0.0015031771876048096,-0.0013551072492459175,2.9447,2.6240468085106388,1.1092680586287833,0.10649900107982603,0.5753907991866217,0.8297585372120764,30
all_genes_ridge,ENSG00000073910,FRY,0.0006754435077769869,0.001909731780775022,0.53015,0.601081914893617,0.35368501198784746,0.09624198145214419,0.6002887232773312,0.842179558165424,32
all_genes_ridge,ENSG00000073921,PICALM,0.0010675448550440995,0.0054081108685697776,4.4801,4.493480851063828,0.19739699887595336,0.04803068293900703,0.8045845127658131,0.9258657481263485,29
all_genes_ridge,ENSG00000074054,CLASP1,5.620849753228287e-05,0.00013654124944055472,1.6129,1.5525893617021276,0.4116594638073389,-0.043987185805815676,0.8207596499836154,0.9332682761611447,29
all_genes_ridge,ENSG00000074410,CA12,-0.0001891590540796596,-0.000321161649526512,0.4411,0.5447468085106383,0.5889839411353642,-0.2930912773353702,0.10956090798747535,0.41423028225401637,31
all_genes_ridge,ENSG00000074582,BCS1L,0.0005732211463166435,0.0015231519936153475,2.4069,2.376782978723404,0.37633876902596447,-0.017952597166447315,0.923635132390239,0.9708120479029481,31
all_genes_ridge,ENSG00000074695,LMAN1,0.0046620372188741835,0.01668482827383383,4.51105,4.525318085106383,0.27941775260495044,0.42256535060537564,0.01598031057507849,0.16706682349740054,32
all_genes_ridge,ENSG00000074706,IPCEF1,0.0010305630194228526,0.0032459086688997807,0.2608,0.3489468085106383,0.3174960002100638,0.08809758501724987,0.6495143795543358,0.8670661246730623,29
all_genes_ridge,ENSG00000074771,NOX3,0.0020981544891731907,0.01692138463629325,0.03095,0.05574361702127658,0.12399425545076473,0.00794681747563345,0.9644222239671275,0.9846702172675765,34
all_genes_ridge,ENSG00000074803,SLC12A1,-0.0005553604736526368,-0.001017420345029568,0.08965000000000001,0.25602446808510637,0.5458515512941674,-0.6249904489019444,7.76707775990705e-05,0.013100471155043224,34
all_genes_ridge,ENSG00000074935,TUBE1,0.0003623908781137199,0.0008674663333865288,1.957,1.923093617021276,0.4177578589119083,0.07886630237013256,0.6842571866610971,0.8795965117704332,29
all_genes_ridge,ENSG00000075073,TACR2,0.0004377841184242225,0.0023841348644830828,0.1406,0.18888723404255317,0.1836238901355695,0.0393002343748749,0.8395987403078166,0.9398609876766676,29
all_genes_ridge,ENSG00000075089,ACTR6,-0.0001064542758528228,-0.0002302233756258572,2.4497,2.3969319148936163,0.46239559976665784,-0.06514723811414101,0.7276983962259503,0.8981466811003024,31
all_genes_ridge,ENSG00000075188,NUP37,-0.0019295679987628676,-0.0055444040755187815,2.2938,2.271634042553192,0.3480208102585526,-0.2449803361145304,0.18408340269453594,0.5187813871823208,31
all_genes_ridge,ENSG00000075213,SEMA3A,0.00044308158669608517,0.004647426977943611,0.1378,0.16572340425531915,0.09533911749424398,-0.08040707836123874,0.6617748890909484,0.8710427238303289,32
all_genes_ridge,ENSG00000075223,SEMA3C,0.0010095728972371808,0.003466019576123404,0.51755,0.5641308510638298,0.2912773211645692,-0.03160471923372058,0.8683208227043304,0.9517046995416415,30
all_genes_ridge,ENSG00000075336,TIMM21,0.0009670659567277771,0.0019059515865651525,3.0635,2.926523404255319,0.5073927184428613,0.11736186616276871,0.5154011968659026,0.7961584872375733,33
all_genes_ridge,ENSG00000075391,RASAL2,0.00034150188192201634,0.0007076643442659798,1.2181000000000002,1.1338851063829787,0.4825760753514252,0.23504240918315855,0.18086629282344507,0.517009578572291,34
all_genes_ridge,ENSG00000075420,FNDC3B,-0.0032558934278034478,-0.004351664010382335,2.24485,2.1038180851063824,0.7481950398825453,0.15539054166585217,0.39575623032081764,0.7167918704792162,32
all_genes_ridge,ENSG00000075539,FRYL,0.0020345419575712306,0.004129988640467323,1.207,1.2536531914893616,0.4926265262901583,0.27379858779563854,0.12311276387721651,0.4356297798732276,33
all_genes_ridge,ENSG00000075643,MOCOS,-0.00034199305657591644,-0.0005109169574161692,2.69495,2.5623500000000003,0.669371121102455,0.03638993990652126,0.8485963942078197,0.9416768180009485,30
all_genes_ridge,ENSG00000075651,PLD1,-0.001136968304878644,-0.0015965500136710504,1.6759,1.6745957446808508,0.7121407379304951,-0.15843292938696,0.41172512216703305,0.7288614990665379,29
all_genes_ridge,ENSG00000075856,SART3,-0.0002970997690750328,-0.001968373641397777,2.6949,2.6719936170212764,0.15093667321416526,0.03398710415474823,0.8584903175207239,0.9461736621618633,30
all_genes_ridge,ENSG00000075884,ARHGAP15,-0.0021191985079026462,-0.027619400025978413,0.10955000000000001,0.12187978723404257,0.07672862212464276,-0.3218443500551217,0.07244215339848839,0.3435689726762672,32
all_genes_ridge,ENSG00000075891,PAX2,0.0009631221800821177,0.031218476932586125,0.0347,0.04176595744680851,0.03085103037415647,0.21337932895700104,0.26639701780632,0.620231093604285,29
all_genes_ridge,ENSG00000076003,MCM6,-0.000577610367056751,-0.001100115390573938,1.9503,1.9798936170212766,0.525045256166635,-0.1961074215711039,0.3079369533925478,0.6425406120273368,29
all_genes_ridge,ENSG00000076043,REXO2,0.00016405913320664947,0.0005006925413519747,3.9262,3.8546553191489354,0.32766442408679675,0.11864407021181211,0.5249800752631505,0.7986190955289995,31
all_genes_ridge,ENSG00000076321,KLHL20,0.00047040670479066277,0.001575189284103145,1.8113,1.7476574468085109,0.29863503360391075,0.13468884883533686,0.4860524864581864,0.7787099466422448,29
all_genes_ridge,ENSG00000076641,PAG1,-0.0002659600917183676,-0.0005941939570270293,0.4411,0.5525978723404255,0.4475981092925678,-0.1082879634842361,0.5620126080287522,0.8260643894593872,31
all_genes_ridge,ENSG00000077063,CTTNBP2,0.0016355974758603257,0.0035650335000867043,1.31185,1.297362765957447,0.45878880964808516,0.20741070563474856,0.27142940620350997,0.6245654860014576,30
all_genes_ridge,ENSG00000077092,RARB,-0.0016777047147960588,-0.0020649108171269938,2.2378,2.166906382978723,0.8124828931499944,-0.35264126203196217,0.04413104521720252,0.2773053694751085,33
all_genes_ridge,ENSG00000077097,TOP2B,0.003990560725150907,0.014345912824084883,2.16145,2.1591138297872337,0.27816708313264565,0.3398752979969058,0.05701099350165438,0.3069057063523985,32
all_genes_ridge,ENSG00000077147,TM9SF3,-0.00396920301642943,-0.01293409370361543,4.0488,3.9843595744680846,0.30687909855793993,-0.12367330277060971,0.5227145352132985,0.7978689436438281,29
all_genes_ridge,ENSG00000077264,PAK3,0.0007953833505098554,0.0031693025499600165,0.1063,0.1772340425531915,0.25096479050884235,0.010227972967367757,0.9580045814457706,0.9829430237610502,29
all_genes_ridge,ENSG00000077380,DYNC1I2,0.0018549438727999397,0.005906950204402344,3.454,3.457065957446809,0.3140273421329137,0.21865547180011774,0.23730112607002476,0.5890540710335835,31
all_genes_ridge,ENSG00000077498,TYR,-0.0002887921636024729,-0.0016951434865462539,0.0229,0.05053404255319149,0.17036443575102211,-0.4640392009938184,0.009793032065351221,0.13828672256002933,30
all_genes_ridge,ENSG00000077522,ACTN2,0.00034083456873494915,0.0008814554130444363,0.1747,0.2496936170212766,0.3866725006064111,-0.14715306877002712,0.4462108696309544,0.7543901457236809,29
all_genes_ridge,ENSG00000077942,FBLN1,0.003082163267672115,0.0032433428387118107,3.4691,3.4120234042553195,0.9503044916757204,0.3264753012332868,0.08389659346305105,0.3684325177980318,29
all_genes_ridge,ENSG00000078018,MAP2,0.00019843416787014605,0.0005904258161863493,0.04435,0.11022234042553194,0.33608653691985,-0.16364136688704786,0.37083008659734296,0.7032105827042681,32
all_genes_ridge,ENSG00000078098,FAP,0.001278423901648331,0.006535883245751949,0.2254,0.27814468085106386,0.1956007862409802,0.032793690385599025,0.847208513176785,0.9416768180009485,37
all_genes_ridge,ENSG00000078114,NEBL,0.0020363962282752193,0.005227929017854135,0.17475000000000002,0.2995542553191489,0.38952254732622255,0.12497707893993751,0.4955368111367089,0.7874675471453165,32
all_genes_ridge,ENSG00000078246,TULP3,-0.00023888945870395543,-0.00044002395434076093,1.8309,1.8044382978723403,0.5429010315173796,0.25098570724494823,0.18908709619089134,0.5271519045321819,29
all_genes_ridge,ENSG00000078328,RBFOX1,8.871269717935688e-05,0.00030557761690397107,0.1145,0.18958297872340424,0.290311502780111,-0.09388861793206912,0.6280751050766918,0.8571762202337009,29
all_genes_ridge,ENSG00000078401,EDN1,-0.0022319274694804826,-0.008574082275019428,0.5768,0.581063829787234,0.26031094616192324,-0.37111741623729133,0.03983668886524503,0.26349496164462727,31
all_genes_ridge,ENSG00000078549,ADCYAP1R1,0.0006062599843678171,0.0014468448912585584,0.1974,0.31212340425531915,0.41902209976388927,0.08169065771934289,0.6567022650689848,0.8683571762845983,32
all_genes_ridge,ENSG00000078618,NRDC,3.495579227006323e-05,0.00014663723691422343,3.55255,3.4915797872340435,0.23838278056555912,-0.06346026013384182,0.7390190028029902,0.901297029395369,30
all_genes_ridge,ENSG00000078687,TNRC6C,-0.003206829971847953,-0.009317604582465278,1.3565,1.3286829787234042,0.3441689270526525,-0.3701725120311043,0.044058411745324884,0.2773053694751085,30
all_genes_ridge,ENSG00000078725,BRINP1,0.0018506479755396124,0.013666059670324648,0.0659,0.10599574468085106,0.13541928106447737,0.3451652408149088,0.061749087969774796,0.3166726876287775,30
all_genes_ridge,ENSG00000079101,CLUL1,-0.0007356730098058054,-0.010178879284557865,0.0549,0.07759787234042555,0.07227446060018389,-0.1215183633226522,0.5300398161267715,0.80288670668534,29
all_genes_ridge,ENSG00000079102,RUNX1T1,-0.0023101492059484875,-0.007884888642958537,0.2988,0.4036021276595745,0.29298437943210853,-0.2188231391324193,0.22115303237829104,0.5665266184629141,33
all_genes_ridge,ENSG00000079112,CDH17,0.0014830482408109149,0.0012999600066565206,0.76005,1.1920351063829786,1.1408414360571713,0.16510903835557236,0.38325255953214765,0.7113575127891449,30
all_genes_ridge,ENSG00000079134,THOC1,-0.0026288994650867877,-0.009751647110111854,2.6078,2.610651063829787,0.269585172166534,-0.5308338897961408,0.0030501276840770907,0.08342511395367609,29
all_genes_ridge,ENSG00000079156,OSBPL6,-0.002787042158871355,-0.005298819287148647,0.65985,0.7960117021276595,0.5259741855380565,-0.17352127216220187,0.3114958032176593,0.6459960481671058,36
all_genes_ridge,ENSG00000079215,SLC1A3,-0.0021556862068993063,-0.003071033898716358,1.9974,1.983897872340426,0.7019415213229485,-0.1956236775096347,0.2915809393145374,0.6326711016431577,31
all_genes_ridge,ENSG00000079246,XRCC5,0.0002499352204017591,0.0006120850709272326,2.2588,2.2322489361702127,0.4083341226132805,-0.17299344168545197,0.36062157041263126,0.6957726649671303,30
all_genes_ridge,ENSG00000079689,SCGN,0.0026374476804686305,0.006759545575980128,0.07830000000000001,0.18626382978723408,0.3901812112696944,-0.10430813823954839,0.5833190996255,0.8331650394196428,30
all_genes_ridge,ENSG00000079819,EPB41L2,0.005553767820350242,0.011652965655293458,1.1132,1.1983127659574466,0.4765969440429438,0.380419838430292,0.03172526722523618,0.2426143861355593,32
all_genes_ridge,ENSG00000079931,MOXD1,0.002757240869378756,0.003966564250802847,0.6721,0.8432106382978725,0.6951206875876725,0.1342860754524,0.4873694557147893,0.7792617407236143,29
all_genes_ridge,ENSG00000080166,DCT,-8.559277217831345e-05,-0.00011077420007877937,0.0958,0.3211255319148937,0.7726778628727843,0.02691632543049254,0.8818004172888563,0.9557822445158757,33
all_genes_ridge,ENSG00000080189,SLC35H1,0.0019774051507847725,0.0037795631670603197,2.4782,2.5366021276595743,0.5231835170842679,-0.03489662145837512,0.8521560061979784,0.9424938560353596,31
all_genes_ridge,ENSG00000080298,RFX3,0.000736066877156693,0.0015795712510159685,0.6518999999999999,0.7319510638297871,0.46599156364947786,0.10285086097958882,0.5753748008799088,0.8297585372120764,32
all_genes_ridge,ENSG00000080493,SLC4A4,-0.0011493191761354823,-0.0014879084904655877,0.97,1.1995489361702127,0.7724394231904974,-0.33525853148791823,0.06068935302582781,0.31229300980748004,32
all_genes_ridge,ENSG00000080608,PUM3,0.0011421803640859205,0.0029923095686509456,2.5286,2.5740893617021277,0.38170528078111304,-0.07262057582981844,0.6928561503008911,0.8797621381486848,32
all_genes_ridge,ENSG00000080802,CNOT4,-0.0028517242911611394,-0.009790104287026173,1.8737499999999998,1.8810372340425532,0.2912864059007256,-0.2672168831057604,0.13927291616350798,0.45810679682818006,32
all_genes_ridge,ENSG00000080854,IGSF9B,0.0027403327127817913,0.0563041978155035,0.0838,0.09520000000000002,0.04867013151952294,0.4752987593049134,0.009168654863540014,0.1320800574218339,29
all_genes_ridge,ENSG00000081019,RSBN1,-0.0006132251324631615,-0.0029192841292181517,1.32755,1.2917244680851065,0.21006010560109362,-0.12253478061458492,0.48995661603822593,0.7828990980484495,34
all_genes_ridge,ENSG00000081051,AFP,-0.0003954051210533287,-0.00024264266852739054,2.4211,2.7053042553191484,1.6295778621833517,-0.09781183875481735,0.600646046163632,0.84229163794586,31
all_genes_ridge,ENSG00000081138,CDH7,-1.7846555924686017e-05,-0.00013326228239325132,0.0876,0.13767234042553192,0.13392053328354073,-0.3308270676691729,0.06439311764037295,0.3232976837531768,32
all_genes_ridge,ENSG00000081181,ARG2,0.0014253589709606752,0.002600577140585985,2.165,2.1376063829787233,0.5480933246377382,0.21271148708815674,0.25909284605771377,0.6126214023607625,30
all_genes_ridge,ENSG00000081189,MEF2C,0.00037266966026392655,0.0006695966904091942,0.6552,0.7935340425531916,0.5565583964224585,-0.002345435792290213,0.9885400109465213,0.9953619428586008,40
all_genes_ridge,ENSG00000081237,PTPRC,-0.000765905630574948,-0.008062729007562833,0.14534999999999998,0.15837127659574468,0.09499334900832326,0.07553123050400119,0.6615167929909426,0.8710427238303289,36
all_genes_ridge,ENSG00000081277,PKP1,-0.003750894643872659,-0.03964568621119968,0.093,0.11192127659574468,0.0946104104212239,-0.5221505026981406,0.0030792919696920247,0.08347080732129453,30
all_genes_ridge,ENSG00000081320,STK17B,-0.0014419790186431397,-0.0020176158406772287,0.9912,1.2057680851063828,0.7146945367752109,-0.40452508102213847,0.0159383609808775,0.16706682349740054,35
all_genes_ridge,ENSG00000081791,DELE1,-4.826017153344239e-05,-0.00010181613534536937,2.9447,2.9355893617021285,0.47399335448884994,0.09532936596472313,0.6099645049599,0.8473951334254979,31
all_genes_ridge,ENSG00000081800,SLC13A1,0.0006498098905283926,0.0007797308490847029,0.25680000000000003,0.5196063829787233,0.8333771727656797,0.13987167971044956,0.44515410497820296,0.7539193758507242,32
all_genes_ridge,ENSG00000081923,ATP8B1,0.0014180248038428438,0.0018920567369194966,1.6443,1.679985106382979,0.7494620939071649,0.04497289441627983,0.8168096362727718,0.931918096852362,29
all_genes_ridge,ENSG00000082126,MPP4,-0.0031185889553069944,-0.011914620582090106,0.1346,0.2016914893617022,0.26174471388495696,-0.04689863866515731,0.802179272400866,0.9257677313789362,31
all_genes_ridge,ENSG00000082146,STRADB,-0.0003106595949518091,-0.0006353098575363187,2.3998,2.291085106382979,0.4889890992035326,-0.0330514133095927,0.8623488962507911,0.9488480206908709,30
all_genes_ridge,ENSG00000082196,C1QTNF3,0.0019237193852657897,0.0032412498378394648,0.98265,1.018558510638298,0.593511602471253,0.06325632988564504,0.7308914823931545,0.8982533542810274,32
all_genes_ridge,ENSG00000082213,C5orf22,-0.00012911571502338985,-0.00040662919543491455,2.2518,2.2796957446808515,0.31752691757730966,-0.11167263181818585,0.5641208489942755,0.8273303505889018,29
all_genes_ridge,ENSG00000082258,CCNT2,0.001172577775920894,0.008158361543593434,2.09945,2.1121031914893615,0.14372711599692356,-0.005341642555085689,0.9776507271045484,0.9920435104122236,30
all_genes_ridge,ENSG00000082269,FAM135A,-0.0012608115550782775,-0.0025375122733640103,1.3195000000000001,1.3671170212765955,0.49686914554576894,-0.3852231024181864,0.03553552796638739,0.25006235486326467,30
all_genes_ridge,ENSG00000082438,COBLL1,-0.002342373369270553,-0.0029665015206810467,3.4843,3.2413446808510633,0.7896080123137078,-0.01472664948263864,0.9373276284935016,0.9735636948704314,31
all_genes_ridge,ENSG00000082512,TRAF5,0.0013199887415401793,0.002735587370961217,0.7865,0.8919297872340424,0.4825247972527262,0.08130081547545764,0.675029706164124,0.8757215788020579,29
all_genes_ridge,ENSG00000082516,GEMIN5,0.0016169654318124208,0.005185277224662584,1.9036,1.9526085106382978,0.3118377980104313,0.22830040520352515,0.2167263862060938,0.5619759328569122,31
all_genes_ridge,ENSG00000082684,SEMA5B,0.0014127917459826381,0.009933073524279967,0.1602,0.1846170212765957,0.1422310770708857,0.3144018749989992,0.09670185665169093,0.39214730373408435,29
all_genes_ridge,ENSG00000082701,GSK3B,-0.0016331141401184888,-0.004676849121448258,2.4069000000000003,2.3527000000000005,0.34919111087611265,-0.43859174020292974,0.009467304712581873,0.13481148440589025,34
all_genes_ridge,ENSG00000082898,XPO1,-0.0013499923916765115,-0.004219204158163954,2.0892,2.028759574468085,0.3199637517099859,-0.45484915130895404,0.011557434398040222,0.14576412046054452,30
all_genes_ridge,ENSG00000083067,TRPM3,-0.0009300944668316081,-0.006369284465114702,0.2519,0.2625382978723404,0.14602809341078132,-0.24213807748236205,0.1818064318270747,0.5176727509075375,32
all_genes_ridge,ENSG00000083097,DOP1A,-0.0033861111807800457,-0.010247575731625633,1.3944,1.3959872340425532,0.33043046174618385,-0.38255257831130124,0.0369420285554631,0.25570134279586393,30
all_genes_ridge,ENSG00000083520,DIS3,-0.002712951805451885,-0.006789657318461393,2.2518,2.151806382978724,0.3995712416995249,-0.07282630623360904,0.6970287064899849,0.8814445665926435,31
all_genes_ridge,ENSG00000083535,PIBF1,-0.0003480897962039667,-0.0012389035268313073,1.6254,1.5731191489361704,0.28096602250722597,0.15938666478757943,0.3917469346964735,0.7127845613806901,31
all_genes_ridge,ENSG00000083782,EPYC,-0.0005764806005435786,-0.006986232927034305,0.0375,0.06292765957446808,0.08251665905853182,-0.5029621914196478,0.0011008238987810415,0.05478854683113511,39
all_genes_ridge,ENSG00000083937,CHMP2B,-0.00019894212905422886,-0.00036707638559322026,3.0188,2.8600553191489366,0.5419638442084062,0.24364663666217445,0.1865586544469786,0.522463635391466,31
all_genes_ridge,ENSG00000084110,HAL,-0.001500204090961527,-0.0025043136555777403,4.542,4.445561702127659,0.599048001683093,0.00024654835344481603,0.9989872468266227,0.999205366183396,29
all_genes_ridge,ENSG00000084652,TXLNA,-0.0015792008331888057,-0.004404446063323607,2.8414,2.8144319148936163,0.3585469796846908,-0.3119360418158722,0.0933250179497041,0.3844433575241542,30
all_genes_ridge,ENSG00000084676,NCOA1,0.0015273670574388384,0.0033013731972733793,1.3019,1.3222659574468085,0.46264598582804833,-0.08834984357837138,0.6424618112466927,0.8629443085929409,30
all_genes_ridge,ENSG00000084754,HADHA,-0.0019400664578359873,-0.005097021320299019,4.8206,4.76251914893617,0.3806274951430206,-0.4274831136257012,0.014670146519898406,0.16058990750202842,32
all_genes_ridge,ENSG00000084764,MAPRE3,0.00191552940919291,0.0034311517989553952,2.5356,2.5141297872340425,0.5582759147456221,-0.025874815965530863,0.8940091237498566,0.9621671320780494,29
all_genes_ridge,ENSG00000085274,MYNN,-0.0018592219729433265,-0.0069600335135143404,1.8572,1.7829914893617018,0.26712830754812655,0.07011706769195486,0.7177794727260877,0.8939578778179487,29
all_genes_ridge,ENSG00000085433,WDR47,-0.001266037402921942,-0.0033650458159197,1.28485,1.2759159574468084,0.3762318471066408,-0.20985869645945646,0.26568574080296276,0.620231093604285,30
all_genes_ridge,ENSG00000085449,WDFY1,0.004228049167347286,0.008041985671237088,3.29555,3.128186170212766,0.5257469162708531,0.644220226864422,6.924284774832595e-05,0.0123659579861128,32
all_genes_ridge,ENSG00000085511,MAP3K4,0.0002556868885739926,0.0009258294531073418,1.8047,1.8237957446808508,0.27617061405406373,0.37593985247984457,0.04444622131684324,0.2773053694751085,29
all_genes_ridge,ENSG00000085719,CPNE3,-0.004564431019840341,-0.006821615352991662,2.56445,2.5825478723404256,0.6691129276057145,-0.5509681727131093,0.0016031795066503475,0.060840662277380685,30
all_genes_ridge,ENSG00000085741,WNT11,0.0003418177589308728,0.0010692752059713268,0.21235,0.29049680851063836,0.3196723883823402,0.18040150410381073,0.32313271088719225,0.6587041999065392,32
all_genes_ridge,ENSG00000085840,ORC1,-0.00065865021402101,-0.0021921894917518478,0.2792,0.38069787234042546,0.30045313897324716,-0.48213847238021396,0.00808280018051196,0.1271470536167581,29
all_genes_ridge,ENSG00000085978,ATG16L1,0.00048230162016361727,0.0018310457526523477,3.243,3.23338085106383,0.26340227679454914,-0.03708241362249592,0.8457491750890233,0.9416768180009485,30
all_genes_ridge,ENSG00000086062,B4GALT1,0.000788213427983689,0.0015279838011492393,3.7732,3.681178723404255,0.5158519530055565,0.3989893037477567,0.032028522953077274,0.2443180796119161,29
all_genes_ridge,ENSG00000086189,DIMT1,0.0016270625514324566,0.004966308857587563,2.1961,2.1956531914893618,0.3276200893036724,0.3986888572975631,0.02630938841018633,0.21705245438403722,31
all_genes_ridge,ENSG00000086570,FAT2,0.0001565444065785486,0.002091605961498915,0.0401,0.06118936170212766,0.07484411952352804,-0.3501001644693132,0.05787846316454395,0.3069057063523985,30
all_genes_ridge,ENSG00000086589,RBM22,5.143518613651507e-05,0.00021254746631851638,2.7241,2.729012765957447,0.241993880366638,-0.2543146265783277,0.18309153677168677,0.5183422155778507,29
all_genes_ridge,ENSG00000087111,PIGS,0.000964225518029227,0.0025069929580432654,3.168,3.132812765957447,0.38461437034981355,0.3238499053046892,0.07552396259691814,0.3527550006834515,31
all_genes_ridge,ENSG00000087253,LPCAT2,0.0007662580400779275,0.002122291071049968,0.9203,0.9671212765957444,0.3610522847362469,0.19590472826403443,0.27455894018916693,0.6245654860014576,33
all_genes_ridge,ENSG00000087301,TXNDC16,0.0007325837916327641,0.001618359637939039,1.1448,1.173523404255319,0.4526705773295857,0.18970190277606783,0.32431589998308935,0.6595536966429942,29
all_genes_ridge,ENSG00000087502,ERGIC2,-0.0006164825085216178,-0.0014652530315055294,3.1904500000000002,3.134579787234043,0.4207345047347827,-0.20783703708284354,0.2704233793082204,0.6241279251337496,30
all_genes_ridge,ENSG00000088035,ALG6,-0.0011470460557306901,-0.0028802445819546417,1.9338,1.9110382978723406,0.3982460596982572,0.15503617235698386,0.41332905162154193,0.7294078224190448,30
all_genes_ridge,ENSG00000088179,PTPN4,0.00029587617920783074,0.0005675764548024629,1.7142,1.6029085106382976,0.5212974863638526,-0.040675461920531265,0.834061571129318,0.9378413100260756,29
all_genes_ridge,ENSG00000088325,TPX2,-0.001251162843291333,-0.004995892820482286,0.8571,0.8708361702127659,0.25043828765937176,-0.24861403693848,0.193440986612658,0.5345395677047934,29
all_genes_ridge,ENSG00000088356,PDRG1,-0.0025525054035496595,-0.005499115530258722,2.9447,2.876787234042554,0.46416653541911845,-0.5194725324184761,0.0038780589127562514,0.09494989402522563,29
all_genes_ridge,ENSG00000088387,DOCK9,-0.0009966882493838644,-0.0018798836894120252,0.6964,0.8861808510638298,0.5301861253424676,-0.22252341730356542,0.24595403764683846,0.5975840012450292,29
all_genes_ridge,ENSG00000088543,C3orf18,0.0012275811498437539,0.0021156126988126755,0.9474499999999999,1.0127351063829788,0.5802485258916706,0.22605406747957812,0.2296881100599895,0.5796617640416692,30
all_genes_ridge,ENSG00000088756,ARHGAP28,-0.003863039031969042,-0.008862054721847404,0.4711,0.5975127659574468,0.43590782873926376,-0.48074209487228836,0.006189992426128968,0.11222798287685633,31
all_genes_ridge,ENSG00000088930,XRN2,-0.0009230166603830146,-0.0020690286294250976,2.9743500000000003,2.941145744680851,0.4461111109127015,0.08711157258370217,0.6471481661248552,0.8659064928845572,30
all_genes_ridge,ENSG00000089048,ESF1,0.004001066759740928,0.00947243989890165,2.1614,2.0878680851063836,0.4223903030733254,0.17637592569531557,0.3034783253701183,0.6423955480126771,36
all_genes_ridge,ENSG00000089057,SLC23A2,0.0010796367189883013,0.0015342770795217671,2.2938,2.123812765957447,0.7036777994003686,0.1419243573663194,0.4627067481985958,0.7666927936910494,29
all_genes_ridge,ENSG00000089101,CFAP61,-0.002487669653025418,-0.009575359238344214,0.3133,0.3554978723404256,0.25979909380983074,-0.44613457315418764,0.009259335952673553,0.13260067902036277,33
all_genes_ridge,ENSG00000089123,TASP1,-0.0010773110076819732,-0.002972976959119815,1.9169,1.8632936170212766,0.3623677621776537,0.050814878321046475,0.7788368786425168,0.9191869572703028,33
all_genes_ridge,ENSG00000089169,RPH3A,0.0019371701811351975,0.02272199598444872,0.05375,0.08289042553191489,0.08525528225869886,0.18286032389269524,0.33344553095207796,0.6677708654159028,30
all_genes_ridge,ENSG00000089225,TBX5,0.001320901415694355,0.003621353958026949,0.2334,0.3271978723404255,0.3647534681790764,0.14520520983051594,0.43575049108271297,0.7444786105386137,31
all_genes_ridge,ENSG00000089723,OTUB2,0.0002622631190819555,0.0006948590386824077,0.97105,0.9672563829787234,0.37743355771734516,-0.2937249738940101,0.11516055165288423,0.42174600098691983,30
all_genes_ridge,ENSG00000089916,GPATCH2L,0.0012277182788101386,0.003955134729149481,1.7206,1.6665340425531916,0.3104112408009295,0.36229826701942264,0.038267348017072676,0.2598396485597838,33
all_genes_ridge,ENSG00000090104,RGS1,0.0005422551904439659,0.004137009693133709,0.2207,0.23423191489361703,0.13107418900757217,0.6112735986059635,0.00025911298484706553,0.022476200628448312,31
all_genes_ridge,ENSG00000090273,NUDC,-0.0031474148647129595,-0.010459923050228217,4.2026,4.2366851063829785,0.30090229627877507,-0.43839143971625927,0.015383169334487383,0.16561454645214077,30
all_genes_ridge,ENSG00000090376,IRAK3,7.5644024933722875e-06,1.5241083731723204e-05,1.8113,1.7617404255319142,0.4963165760731001,0.04619933508018209,0.8119010722287514,0.9287609854131459,29
all_genes_ridge,ENSG00000090402,SI,0.002035633574468584,0.0036720813996177033,0.0721,0.19611914893617025,0.5543541531188584,0.2885662490613442,0.11540743658454101,0.42214093671164643,31
all_genes_ridge,ENSG00000090861,AARS1,-0.002969285045151587,-0.0061773169026272425,3.8344,3.77575744680851,0.48067552498217075,-0.19908833463886472,0.3004941039782785,0.6415612515316832,29
all_genes_ridge,ENSG00000090905,TNRC6A,0.0024647634160711008,0.003618106667894467,2.038,1.8950425531914892,0.681230168790312,0.13928391397114462,0.4548912435494186,0.761980749530821,31
all_genes_ridge,ENSG00000090975,PITPNM2,-0.0024117421658029574,-0.004380262663507991,0.7325,0.8854382978723403,0.5505930468268956,-0.16436423057204233,0.37693101272981117,0.7068329553105045,31
all_genes_ridge,ENSG00000090989,EXOC1,0.003229359077765356,0.011645460490604501,2.6513,2.715036170212766,0.2773062585520587,0.26139599994312246,0.14842624279835936,0.4709112515787452,32
all_genes_ridge,ENSG00000091039,OSBPL8,-0.0022269895518150728,-0.0037399427468873922,2.1961,2.1038127659574464,0.5954608673270491,-0.3959657105363604,0.02744992266691,0.22240009146249543,31
all_genes_ridge,ENSG00000091129,NRCAM,-0.007952230083251082,-0.03700159330652583,0.268,0.32090000000000013,0.2149158826046709,-0.4641424337671216,0.006510552956140085,0.1135979239933408,33
all_genes_ridge,ENSG00000091136,LAMB1,0.0012964289924548295,0.0018391027717957291,2.7387,2.6770553191489355,0.7049247123851462,0.06111951619588243,0.7439551085163884,0.9028578394321931,31
all_genes_ridge,ENSG00000091137,SLC26A4,-0.00023082691978329345,-0.0004273620214664967,0.1336,0.28144042553191484,0.5401203387030246,-0.24326777733410632,0.18726601775967644,0.5230355381033833,31
all_genes_ridge,ENSG00000091138,SLC26A3,-0.001217784248647307,-0.010395304891667142,0.1759,0.18261276595744683,0.11714752586270756,-0.4077435049629895,0.022792459045903088,0.19999394700393577,31
all_genes_ridge,ENSG00000091157,WDR7,-0.004187054261892222,-0.010419077519140495,1.7983,1.7406127659574466,0.4018642009525644,-0.21748433694324,0.216621822415789,0.5619759328569122,34
all_genes_ridge,ENSG00000091164,TXNL1,-0.0015356821982967371,-0.0077612985881471966,3.9951499999999998,4.016047872340426,0.19786407916865628,-0.36530544591608344,0.03978942952725538,0.26349496164462727,32
all_genes_ridge,ENSG00000091181,IL5RA,0.0010235611359559495,0.00340482464779543,0.0996,0.2020404255319149,0.30062080777601546,-0.25097439889875095,0.15222580836749475,0.47611893287092805,34
all_genes_ridge,ENSG00000091262,ABCC6,-0.003091698047735653,-0.004400898223971809,3.5601,3.3901021276595746,0.7025152344798823,-0.06826022671266634,0.7249627902380473,0.8979348424989262,29
all_genes_ridge,ENSG00000091409,ITGA6,-0.0023654121472589376,-0.003497825694130756,1.8047,1.9091382978723404,0.6762521503653045,-0.3176636755798023,0.08160966857082017,0.36517971175916153,31
all_genes_ridge,ENSG00000091428,RAPGEF4,-0.0010217848374307046,-0.0013481863720915986,1.268,1.3056021276595744,0.7578958359039714,-0.13409748497663032,0.4798936204175324,0.7770437501800685,30
all_genes_ridge,ENSG00000091482,SMPX,0.00018413256052291852,0.006063783722703794,0.0754,0.08069148936170215,0.03036595118547784,-0.03912716341740776,0.8288440632284583,0.9378413100260756,33
all_genes_ridge,ENSG00000091664,SLC17A6,-0.0018784370050288122,-0.27279977853170345,0.0144,0.015461702127659575,0.006885771737569462,-0.40429447487039294,0.02173270659743722,0.1941910750648747,32
all_genes_ridge,ENSG00000091704,CPA1,0.0010675757821347024,0.003224083528273069,0.1883,0.27427234042553195,0.33112534857511366,0.12339567497477111,0.5010502745820054,0.788865450881409,32
all_genes_ridge,ENSG00000091732,ZC3HC1,-0.0008291063353904843,-0.0023606384968300736,2.4069,2.375763829787234,0.3512212210822749,-0.26497412685639943,0.16479035557828278,0.49145728834544844,29
all_genes_ridge,ENSG00000091844,RGS17,-9.272552066853502e-05,-0.0009107870537418881,0.1197,0.1507914893617021,0.10180812330124854,-0.038930912956453165,0.8352842234224336,0.9378413100260756,31
all_genes_ridge,ENSG00000091986,CCDC80,0.0009781779467882559,0.0016813248425264066,1.5141,1.5685063829787231,0.5817899801673172,0.12957359064108367,0.4796876619670854,0.7770437501800685,32
all_genes_ridge,ENSG00000092067,CEBPE,0.0010433214756681956,0.0016406317953193746,1.7658,1.6215106382978726,0.6359266464570112,0.14478077367278336,0.44526270658161854,0.7539193758507242,30
all_genes_ridge,ENSG00000092098,RNF31,-0.0013220083632528524,-0.006091840560217781,2.9003,2.87927659574468,0.2170129618765976,-0.2837756222089128,0.13574587076411831,0.4523868975190595,29
all_genes_ridge,ENSG00000092108,SCFD1,-0.0015757935884650387,-0.006670382850372096,3.3784,3.3689063829787225,0.2362373530594478,-0.31874230315718394,0.0919390174397938,0.3827964839240717,29
all_genes_ridge,ENSG00000092140,G2E3,0.001012671986251538,0.00250560194108115,1.1395,1.0935276595744678,0.4041631552275127,0.3527248609041697,0.04407735954349411,0.2773053694751085,33
all_genes_ridge,ENSG00000092208,GEMIN2,0.0027484848271803904,0.01006580726372309,2.4069000000000003,2.415006382978724,0.27305160482119095,-0.08586703636693459,0.6518715952598991,0.8673385846763304,30
all_genes_ridge,ENSG00000092421,SEMA6A,0.0011113088678002402,0.0018986204935317638,0.5279,0.6994723404255319,0.5853243824062031,-0.23068842412479104,0.182442591109442,0.5182675868744389,35
all_genes_ridge,ENSG00000092439,TRPM7,-0.003669991458509273,-0.008002851740594353,2.3361,2.318253191489361,0.4585854614666036,-0.22609923356192013,0.2213111230227326,0.5665266184629141,31
all_genes_ridge,ENSG00000092529,CAPN3,0.0015662047465167057,0.0027056960434529605,0.40245,0.5632159574468085,0.5788546537984154,0.0910102381232198,0.6324388647855431,0.8594827186611051,30
all_genes_ridge,ENSG00000092969,TGFB2,-0.0002698289974414618,-0.0011268919000357353,0.8071999999999999,0.8229446808510639,0.2394453251752942,-0.05181109643271845,0.7710487770931287,0.916851743329032,34
all_genes_ridge,ENSG00000092978,GPATCH2,-0.0016365064176904693,-0.0055107161395467575,1.3205,1.3452127659574469,0.2969680121874446,-0.40810341629334174,0.02041034201635877,0.18719651760580822,32
all_genes_ridge,ENSG00000093183,SEC22C,5.381642183888949e-05,0.00014169148011621664,1.6443,1.607455319148936,0.3798140988770022,0.32503700349819475,0.08535024485319369,0.37070578451258374,29
all_genes_ridge,ENSG00000094755,GABRP,0.002095617287138209,0.026320348728973188,0.1242,0.140231914893617,0.07961966266926296,0.006601870529983496,0.9713937510941356,0.9883215242365267,32
all_genes_ridge,ENSG00000094804,CDC6,0.0010816000398107752,0.004177011587962383,0.645,0.7081148936170214,0.2589411154443069,0.09525570004548525,0.6230560314627506,0.8547664308725309,29
all_genes_ridge,ENSG00000094880,CDC23,-0.0013708005580582786,-0.003363411632076496,2.2799,2.2226255319148933,0.4075625311469761,-0.286890726001872,0.12426566668085513,0.43766886779939235,30
all_genes_ridge,ENSG00000094975,SUCO,3.520676474970442e-05,0.00010491735531034197,2.4926,2.4617978723404255,0.33556664334098024,-0.1064661274443468,0.575509405795325,0.8297585372120764,30
all_genes_ridge,ENSG00000095261,PSMD5,0.0010332441182155073,0.003782387221917774,2.75335,2.737977659574468,0.2731724854156059,0.23886910062333036,0.20364169489381576,0.5461627082134494,30
all_genes_ridge,ENSG00000095383,TBC1D2,0.002628642963510821,0.008205843705288637,1.9302,1.907248936170213,0.3203379272038377,0.3711327527268236,0.04746421659781328,0.283512059316384,29
all_genes_ridge,ENSG00000095464,PDE6C,-0.0031949854130845666,-0.008178962859123074,0.7121,0.7640659574468085,0.3906345423149561,-0.16979230028626963,0.3611533197668365,0.6957726649671303,31
all_genes_ridge,ENSG00000095585,BLNK,0.0013970326234129336,0.0026540321128789915,1.2933,1.3117319148936173,0.5263812056507058,0.09539175590254727,0.6097295683112128,0.8473951334254979,31
all_genes_ridge,ENSG00000095587,TLL2,-3.472901310522132e-05,-6.245864285250116e-05,0.1512,0.24649787234042553,0.5560321441379285,-0.08511706161659624,0.6376671114640097,0.861632063349693,33
all_genes_ridge,ENSG00000095637,SORBS1,0.0013444490458802188,0.0014004314862400469,1.0562,1.4316914893617023,0.9600248631154868,-0.009979056377319332,0.9590257589465622,0.9829430237610502,29
all_genes_ridge,ENSG00000095906,NUBP2,-0.001031630547862657,-0.0036886244623427623,2.9595,3.009778723404255,0.2796789313725463,-0.24698059500848607,0.19647971958461216,0.5385174191622067,29
all_genes_ridge,ENSG00000096401,CDC5L,0.00023416625793918323,0.0006742991394108392,2.7533,2.7786744680851063,0.3472735530165191,-0.1833686781023147,0.3234448097334987,0.6587041999065392,31
all_genes_ridge,ENSG00000096872,IFT74,0.0022311461992796052,0.004816326694864517,1.5817,1.552387234042553,0.4632464408318895,0.13755701667670575,0.4767270337064835,0.7748090333687816,29
all_genes_ridge,ENSG00000097046,CDC7,0.0013018893245239438,0.0030114274380173742,1.0703,1.1101638297872343,0.43231635206892627,0.1989761901052549,0.2918304410336322,0.6326711016431577,30
all_genes_ridge,ENSG00000099204,ABLIM1,-0.00041334393654700563,-0.0007250228599367021,0.735,0.8387510638297873,0.5701115914925668,-0.026200355845059142,0.8776674464500134,0.9543690427730088,37
all_genes_ridge,ENSG00000099219,ERMP1,-0.0016407690443643963,-0.0030467479378362768,2.2938,2.2055659574468085,0.5385312726361042,-0.39231149540119176,0.035295339741697476,0.25006235486326467,29
all_genes_ridge,ENSG00000099250,NRP1,0.004139545310902032,0.005570210446653347,2.2378,2.165914893617022,0.7431577945837079,0.30419522403838045,0.08522452548953234,0.37070578451258374,33
all_genes_ridge,ENSG00000099954,CECR2,-0.0007551640663353677,-0.001227706998728054,2.2868500000000003,2.288977659574468,0.6151012147994132,0.022046543931254076,0.9079404796489388,0.967023415014658,30
all_genes_ridge,ENSG00000100109,TFIP11,-0.0014018905489240775,-0.004483307272698303,2.6513,2.657072340425532,0.3126911593726972,-0.31178131934637887,0.0877393470143612,0.37499421318934817,31
all_genes_ridge,ENSG00000100234,TIMP3,-0.0002779041012403611,-0.0005731648404092772,3.88025,3.819360638297872,0.48485894745727837,0.09546740072219893,0.5912168973009018,0.8367993007951224,34
all_genes_ridge,ENSG00000100280,AP1B1,-0.00037001635837241456,-0.0006764151878431284,3.153,3.07687659574468,0.5470255030084087,-0.12443020914929044,0.5201532788686539,0.7978689436438281,29
all_genes_ridge,ENSG00000100330,MTMR3,-0.004024207349376585,-0.006887789956464148,2.5789,2.4124978723404253,0.5842523327239227,0.03278688748745854,0.8659214134090456,0.9501038710191045,29
all_genes_ridge,ENSG00000100351,GRAP2,-0.0028292940163025023,-0.039185746014747946,0.0743,0.09273191489361701,0.07220212204809548,-0.3302295382727944,0.04591680991903733,0.2791000805716083,37
all_genes_ridge,ENSG00000100353,EIF3D,0.0012931710551312336,0.00420392600773031,3.8191,3.7824127659574462,0.30761032728770926,0.19041373902264655,0.30487393180927097,0.6423955480126771,31
all_genes_ridge,ENSG00000100359,SGSM3,-0.0005299368866958961,-0.0009388909704606073,2.2518,2.2416574468085106,0.5644285687782429,0.0038229142373047403,0.9842974666003543,0.9943091198022376,29
all_genes_ridge,ENSG00000100372,SLC25A17,-0.00236295628879746,-0.004580453107269307,3.168,3.2132319148936173,0.5158782839731254,-0.33374172260246326,0.07148537056364518,0.34070578497837795,30
all_genes_ridge,ENSG00000100439,ABHD4,-0.0033694908286231147,-0.013100292189123406,3.0486,3.0808468085106377,0.2572073034692046,-0.7671064511887931,1.2081218205440415e-06,0.0020690970120254165,29
all_genes_ridge,ENSG00000100473,COCH,0.0012260476562193858,0.00645187565412021,0.2052,0.26223404255319144,0.1900296474927293,0.1272949887325653,0.5026459177063349,0.7892992918535712,30
all_genes_ridge,ENSG00000100483,VCPKMT,-0.0010573183022507076,-0.0032356137366478205,1.3944,1.5113936170212763,0.3267751926860456,-0.26855587476464016,0.14407026572931278,0.46194966938393384,31
all_genes_ridge,ENSG00000100505,TRIM9,-0.0022995709683193764,-0.015188199095259853,0.1112,0.1378510638297872,0.1514051108954095,-0.16166513472848626,0.36874898181796123,0.7010155972444146,33
all_genes_ridge,ENSG00000100577,GSTZ1,-0.0008013767078994833,-0.0008916360668633906,3.46915,3.417232978723405,0.8987710767674272,0.0031164070184503834,0.9864943115191794,0.9943548239615633,32
all_genes_ridge,ENSG00000100578,KIAA0586,-4.42139372878415e-05,-0.0001532937721503473,1.05505,1.0871670212765958,0.2884261811006738,-0.0030050083658568296,0.9874260721948902,0.9949636757994312,30
all_genes_ridge,ENSG00000100592,DAAM1,-0.0013422838953583488,-0.0022589014448844823,2.2239,2.087882978723404,0.5942197692591195,0.30702341566402247,0.08221717164474882,0.36653646565852777,33
all_genes_ridge,ENSG00000100605,ITPK1,0.0018879958783300584,0.002661483829807675,2.9891,2.8117531914893616,0.7093771741857584,0.15956136512077365,0.408359416317218,0.7254413036507161,29
all_genes_ridge,ENSG00000100629,CEP128,-0.000478517414411327,-0.0024175906068867967,0.5963,0.6214063829787234,0.19793153276167302,-0.32992435179467916,0.05292199174391473,0.2980912188024585,35
all_genes_ridge,ENSG00000100644,HIF1A,-0.00039983429999709586,-0.0009877139582788938,3.5905,3.565223404255318,0.40480778533677203,0.07351342541328709,0.6843237683800274,0.8795965117704332,33
all_genes_ridge,ENSG00000100647,SUSD6,0.0009099951298228132,0.0013694312622159518,2.6658,2.5918638297872345,0.6645058827927589,0.10525018486566429,0.5868743110834933,0.8337624747072933,29
all_genes_ridge,ENSG00000100652,SLC10A1,-0.0023577643735653055,-0.002596506203559854,3.5753000000000004,3.4786595744680855,0.9080526633569258,-0.49716257123179,0.005189037060896011,0.10475696166612286,30
all_genes_ridge,ENSG00000100697,DICER1,0.0050635863859643465,0.014590296775130454,2.1063,2.1298276595744685,0.34705163740023187,0.11995561912999236,0.5203760700794647,0.7978689436438281,31
all_genes_ridge,ENSG00000100815,TRIP11,0.0013422839496920573,0.004387639664420019,2.322,2.328476595744681,0.30592392547109665,-0.07591273374888691,0.6901144744246773,0.8797621381486848,30
all_genes_ridge,ENSG00000100884,CPNE6,5.4596887475308646e-05,5.6013875999450665e-05,2.05505,1.9039351063829784,0.9747029017567733,0.3607433159711335,0.05017981512503352,0.29104604609013124,30
all_genes_ridge,ENSG00000100889,PCK2,0.0003443287833142458,0.0008087505990685767,4.6967,4.672706382978723,0.4257539762082439,0.13574890084855817,0.46652844618011147,0.7686252114724466,31
all_genes_ridge,ENSG00000100897,DCAF11,-0.0003718634124424006,-0.0015186812522328744,4.3567,4.332185106382978,0.24485942122197155,-0.1618589940365217,0.40155442759676385,0.7218863389017895,29
all_genes_ridge,ENSG00000100941,PNN,-0.0008010307220728764,-0.0025293200620156576,3.0188,2.9787638297872348,0.31669804628621084,0.08511166365045979,0.6606780265139499,0.8710427238303289,29
all_genes_ridge,ENSG00000100982,PCIF1,-0.0005778131163101212,-0.001640450261097616,2.2518,2.309687234042553,0.3522283668165042,-0.3556104549039648,0.05833158493358414,0.30692320945989854,29
all_genes_ridge,ENSG00000100983,GSS,-0.0007981024139616744,-0.001636927094011872,3.1306000000000003,3.1118574468085103,0.4875613684208993,-0.0051203668472035065,0.9770719656277376,0.9920435104122236,34
all_genes_ridge,ENSG00000101109,STK4,9.47889634987055e-05,0.0003144301418300231,1.9906,2.0541425531914896,0.3014627126617753,-0.0699715766594215,0.6988064104184487,0.8822849385888446,33
all_genes_ridge,ENSG00000101134,DOK5,-0.0018736160671604036,-0.008627445534353892,0.27554999999999996,0.3200925531914893,0.21716927214432058,-0.08513243033026846,0.6546658937841711,0.8678856053971673,30
all_genes_ridge,ENSG00000101138,CSTF1,-0.0013230473805223265,-0.0027243811734057473,2.224,2.126623404255319,0.48563225786367686,-0.1544453108481926,0.4151332962868058,0.7303036866733561,30
all_genes_ridge,ENSG00000101146,RAE1,-0.0022661138949385865,-0.004624543252782289,2.8561,2.76563829787234,0.49001896426749,-0.38074702164810964,0.041582865835812825,0.2712041174796473,29
all_genes_ridge,ENSG00000101194,SLC17A9,0.001319684708251847,0.0025266151493506662,2.1545,2.134282978723404,0.5223133046562325,0.15771315919172005,0.413880011486183,0.7294078224190448,29
all_genes_ridge,ENSG00000101247,NDUFAF5,-0.0009359292050113051,-0.002537021331549535,2.32905,2.367922340425532,0.36890868569862123,-0.2980682648773023,0.07745022860057475,0.3578978600172678,36
all_genes_ridge,ENSG00000101251,SEL1L2,0.0002039914682335622,0.00189661686950574,0.0271,0.05562553191489361,0.10755544333354082,0.06617572917762791,0.7235654145187334,0.8977297092271658,31
all_genes_ridge,ENSG00000101310,SEC23B,0.003514709761761523,0.007261362758405439,2.3785,2.460931914893617,0.48402894590179335,0.18942909017550938,0.30742834155075804,0.6425406120273368,31
all_genes_ridge,ENSG00000101323,HAO1,-0.0012349755700283625,-0.0018387731942611043,3.3784,3.281802127659575,0.6716301792318803,-0.2990757878530307,0.11501515734463741,0.42174600098691983,29
all_genes_ridge,ENSG00000101333,PLCB4,-0.0008965860439281398,-0.0017330102982251686,0.7701,0.8527680851063831,0.5173575972666534,-0.16045462366859628,0.37239298396868536,0.7038611257125721,33
all_genes_ridge,ENSG00000101343,CRNKL1,-0.0007267833464177932,-0.0026267474714991457,2.6368,2.5812829787234035,0.2766856556648748,-0.09966710836717653,0.5937219963897479,0.8383906888554765,31
all_genes_ridge,ENSG00000101349,PAK5,0.0008157634835783699,0.0012759317214314123,0.2502,0.5268829787234041,0.6393472862820593,0.102122682355742,0.5717257012268352,0.8273303505889018,33
all_genes_ridge,ENSG00000101384,JAG1,0.002738435383532179,0.00772857647840876,1.6192,1.6622234042553201,0.35432597337718225,0.25504236097625793,0.16614874095783028,0.4930865860683995,31
all_genes_ridge,ENSG00000101407,TTI1,-6.445796310708353e-05,-0.00012331711933451846,1.7023000000000001,1.6316702127659575,0.5227008500922767,-0.052571255297376565,0.7677809595861735,0.9148551972536868,34
all_genes_ridge,ENSG00000101413,RPRD1B,-0.0007985894905317675,-0.0037758478719826186,2.4354,2.428721276595745,0.21149938175672445,-0.09586545576340395,0.5838191046347008,0.8331650394196428,35
all_genes_ridge,ENSG00000101438,SLC32A1,-0.002894306362727339,-0.017529674688093327,0.3933,0.4023191489361702,0.16510896033303102,-0.4862038393624334,0.006446345293470714,0.11312777058368259,30
all_genes_ridge,ENSG00000101442,ACTR5,0.0006806798064317009,0.002218218813444788,1.5141,1.592463829787234,0.30685872931292907,-0.18851651632029628,0.3274045084952887,0.6635514907894459,29
all_genes_ridge,ENSG00000101445,PPP1R16B,-0.0008169919865143448,-0.00433856242119979,0.32499999999999996,0.38113617021276586,0.18830937697755035,-0.44414776355488195,0.013940395295218374,0.1603145458950113,30
all_genes_ridge,ENSG00000101447,FAM83D,-0.001182114308483285,-0.004590390624914985,0.4425,0.507395744680851,0.25751932789057097,-0.4019704433497537,0.030651287575741554,0.2369406273283999,29
all_genes_ridge,ENSG00000101452,DHX35,0.000688867663730617,0.002846221151017427,1.957,1.965087234042553,0.24202886113904756,0.017128774005591787,0.9297255924923798,0.9713205457926475,29
all_genes_ridge,ENSG00000101463,SYNDIG1,0.00189759838435149,0.04223779304477295,0.07139999999999999,0.08351702127659576,0.044926551497138964,0.3010238222789231,0.10599425412613049,0.4088927007966101,30
all_genes_ridge,ENSG00000101474,APMAP,0.0004755506877302984,0.0007584445988695448,3.4313000000000002,3.3465978723404253,0.6270078110373555,0.17614331921663465,0.35180688041940883,0.6884580970938526,30
all_genes_ridge,ENSG00000101542,CDH20,-0.0004317146310803177,-0.0014627638203874617,0.1458,0.24418723404255316,0.2951362517060093,0.11194030761505254,0.54881670231239,0.8187973152485528,31
all_genes_ridge,ENSG00000101577,LPIN2,0.0011725246924246368,0.0018156900496155686,2.6587,2.792693617021277,0.6457735959245315,-0.27140018343014366,0.12051074937785827,0.4289221982546046,34
all_genes_ridge,ENSG00000101605,MYOM1,0.0016835476317187043,0.005293096298971994,0.3484,0.4344744680851065,0.31806480302383255,0.20056827958574533,0.2630674828983074,0.6186466909986532,33
all_genes_ridge,ENSG00000101639,CEP192,0.00037309433864337314,0.000956722935936852,1.3076,1.3583021276595746,0.3899711448623607,0.061837892982848086,0.7499811036421353,0.9049851473201601,29
all_genes_ridge,ENSG00000101654,RNMT,0.0006497540676529109,0.0018122286867597564,2.4139999999999997,2.3947340425531913,0.35853867251967164,0.11019590382902938,0.562122776267202,0.8260643894593872,30
all_genes_ridge,ENSG00000101782,RIOK3,-0.003294579055162256,-0.009614825461775205,3.6361,3.5700914893617015,0.3426561478687488,-0.20289708832524206,0.28222881084800233,0.6293800079374976,30
all_genes_ridge,ENSG00000101844,ATG4A,0.0012423617656971142,0.002321563476223041,2.52845,2.4538840425531916,0.5351401236369882,-0.09165832805445806,0.6300067581020745,0.8573287842213797,30
all_genes_ridge,ENSG00000101868,POLA1,-0.0006240411620760175,-0.0019183881542387674,1.1635499999999999,1.1503606382978724,0.3252945243105102,0.12147048242315878,0.5078037151714463,0.7936146268602734,32
all_genes_ridge,ENSG00000101871,MID1,-0.0049285798237124236,-0.009557536688078535,0.3648,0.5759553191489359,0.5156746957466584,-0.6233740074044132,0.00017952617759694044,0.01823961149318746,31
all_genes_ridge,ENSG00000101958,GLRA2,0.0003493164246798948,0.05206589522432503,0.0112,0.012078723404255318,0.006709121646230625,0.060594997438239616,0.7418214109547486,0.9028578394321931,32
all_genes_ridge,ENSG00000101974,ATP11C,-0.0006144865194307682,-0.0008886339545777259,1.42095,1.4359329787234045,0.691495656074462,-0.12542994762620374,0.47967931937680064,0.7770437501800685,34
all_genes_ridge,ENSG00000101997,CCDC22,0.0010993235329423755,0.0025567343595083937,2.4354,2.3358191489361704,0.4299717445631514,0.04732561149435227,0.807399522963247,0.9258657481263485,29
all_genes_ridge,ENSG00000102081,FMR1,-0.0017893513936568114,-0.009178160180738157,2.8414,2.8413148936170214,0.19495752508351866,-0.07836372835275061,0.6861676840716985,0.8797621381486848,29
all_genes_ridge,ENSG00000102104,RS1,-0.0002476807820123285,-0.0072853994796859,0.017300000000000003,0.030229787234042554,0.03399687041224635,-0.1499312298826075,0.41276361809583756,0.7291490533360665,32
all_genes_ridge,ENSG00000102174,PHEX,0.0009776216505385528,0.009525377543562539,0.16855,0.1802755319148936,0.10263337553473156,-0.1000825650229062,0.5857541366241054,0.8331650394196428,32
all_genes_ridge,ENSG00000102239,BRS3,0.00011991809890492407,0.0002654337331925176,1.1797,1.122395744680851,0.45178168374683614,0.15125542690678742,0.41665636194996386,0.7308300383045555,31
all_genes_ridge,ENSG00000102245,CD40LG,0.0009092113117516918,0.013262846018467889,0.0417,0.06224255319148938,0.06855325851522802,0.09425441988247676,0.6018534938999284,0.8424080984067248,33
all_genes_ridge,ENSG00000102359,SRPX2,0.0017611282857096337,0.006049540291026511,0.5666,0.6074595744680851,0.2911177049803231,0.31457076233187664,0.09651312220236462,0.39214730373408435,29
all_genes_ridge,ENSG00000102385,DRP2,0.001841416558793726,0.011939864554390148,0.0903,0.13936382978723402,0.15422424185847725,-0.16498588475965123,0.3751039320919536,0.7056324283035037,31
all_genes_ridge,ENSG00000102452,NALCN,0.004293991134658283,0.018010649117807278,0.18164999999999998,0.252981914893617,0.23841401309699486,0.2550066818807088,0.17383343799520545,0.5055156300320343,30
all_genes_ridge,ENSG00000102468,HTR2A,5.383862487972428e-05,0.00016565077253944042,0.1823,0.2794361702127659,0.3250128209749558,-0.10199556850557413,0.5985556067427341,0.8416928309731082,29
all_genes_ridge,ENSG00000102524,TNFSF13B,0.0019389524319313345,0.003573502799532723,1.3827,1.3399106382978725,0.5425915525195265,0.17247135711143027,0.3620951286719585,0.6957726649671303,30
all_genes_ridge,ENSG00000102547,CAB39L,0.0015428015930272249,0.002431720354469912,0.8638,1.0164787234042554,0.6344486076251719,-0.14943585927307745,0.40652804400198367,0.7234586176548898,33
all_genes_ridge,ENSG00000102580,DNAJC3,-0.002840023342517336,-0.007933749079117727,4.0181,3.991304255319149,0.3579673763558402,-0.2799211163874515,0.1413723612559793,0.46076199493413217,29
all_genes_ridge,ENSG00000102755,FLT1,0.0013463538181343062,0.002992116320162637,0.647,0.7486425531914892,0.4499670714877572,-0.0867094423368842,0.6370138449970967,0.861632063349693,32
all_genes_ridge,ENSG00000102794,ACOD1,8.758681350403466e-05,0.0001064379630902094,0.2572,0.6146574468085105,0.8228907333542467,-0.35575264843557525,0.058223886437711474,0.30692320945989854,29
all_genes_ridge,ENSG00000102802,MEDAG,-0.0006193807786026881,-0.001800132208433933,0.5937,0.6161085106382976,0.3440751605358658,-0.20542557900697406,0.2675878186685804,0.6215735405339021,31
all_genes_ridge,ENSG00000102837,OLFM4,-0.0012736853020939274,-0.0044687583947195615,0.2554,0.3186170212765957,0.2850199517608644,-0.03079196968792841,0.8740130438079371,0.953126293462966,29
all_genes_ridge,ENSG00000102890,ELMO3,0.0010787375224762105,0.002062891017074528,2.22395,2.2236159574468086,0.5229251150678882,-0.38767110204917615,0.03428445287548929,0.25006235486326467,30
all_genes_ridge,ENSG00000102908,NFAT5,-0.0021652790519256005,-0.008055928676167334,1.6286,1.5940595744680854,0.26878081211559923,-0.37862120181709114,0.0326087749805433,0.24565816585838574,32
all_genes_ridge,ENSG00000103037,SETD6,0.0014842986080554825,0.005799691029507779,2.1407,2.1561170212765957,0.2559271865524628,0.2327788064500927,0.2242933246285669,0.5713925773625593,29
all_genes_ridge,ENSG00000103043,VAC14,-0.0029707037888913506,-0.013253279204617918,2.7826,2.803146808510639,0.22414858564635468,-0.10451979316040527,0.5757772025810151,0.8297585372120764,31
all_genes_ridge,ENSG00000103051,COG4,-0.001475004478007631,-0.00757358698080807,3.0784,3.091368085106383,0.19475639241291898,-0.3135879637383117,0.0976153216358025,0.39357253185431124,29
all_genes_ridge,ENSG00000103056,SMPD3,0.0015804218844203374,0.003920122363080343,0.4653,0.5533319148936171,0.4031562635148148,0.003319895683758146,0.9844414000750776,0.9943091198022376,37
all_genes_ridge,ENSG00000103089,FA2H,0.00015967709591602544,0.0007066747510410732,0.2792,0.36217234042553187,0.22595556963198296,0.07490452649088,0.6993683953114648,0.8822849385888446,29
all_genes_ridge,ENSG00000103174,NAGPA,0.0033846693273485275,0.013495775254240169,2.2798,2.285963829787234,0.25079473120931794,0.13836865450961064,0.47410499205480244,0.7727154249521978,29
all_genes_ridge,ENSG00000103266,STUB1,0.0005476762640301998,0.0011180336773553823,3.258,3.1743404255319154,0.4898566788486045,-0.18757703305834414,0.3298651451251401,0.6648932682349441,29
all_genes_ridge,ENSG00000103274,NUBP1,-0.0005232242476955386,-0.0010734355330285527,2.8708,2.815370212765957,0.48742959553363435,-0.027174526578474627,0.8866514421955415,0.9586445080148375,30
all_genes_ridge,ENSG00000103365,GGA2,-0.0004286387832828303,-0.0007167706512010263,3.0188,2.8768680851063833,0.598013859195546,0.02143649277864,0.9121130616817379,0.9686337264138741,29
all_genes_ridge,ENSG00000103375,AQP8,-0.0017349051191490005,-0.001355314250167837,0.6474,1.1386702127659574,1.2800759078082122,-0.31766841468334006,0.08160486655432377,0.36517971175916153,31
all_genes_ridge,ENSG00000103429,BFAR,0.0009064406193680975,0.00158516502901563,2.9595,2.833344680851064,0.5718272878698233,0.05336965403235426,0.7755355836138526,0.918660176297954,31
all_genes_ridge,ENSG00000103479,RBL2,0.0005868330578431398,0.001521252131114853,2.75335,2.768535106382978,0.38575660525982497,0.1160231172967324,0.5271552015350099,0.8013506967618692,32
all_genes_ridge,ENSG00000103494,RPGRIP1L,-0.0033330427937843204,-0.011580668616589254,0.6502,0.7051893617021275,0.2878109117991471,-0.2969944916252713,0.07425108083699261,0.3491986106226064,37
all_genes_ridge,ENSG00000103507,BCKDK,0.0013282561941005298,0.0029648152324473517,3.5298,3.340002127659574,0.4480063983630105,0.29935856946952344,0.11465551745310498,0.42174600098691983,29
all_genes_ridge,ENSG00000103540,CCP110,0.0017881960240278705,0.005041383091387423,1.282,1.3081680851063828,0.35470345966819733,-0.09884014170291218,0.5968040446213038,0.8400079181596097,31
all_genes_ridge,ENSG00000103544,VPS35L,-0.0034383527123797875,-0.006075169430699347,2.90775,2.7675776595744677,0.5659682008216813,-0.3034027446779374,0.09139678457196342,0.38167900682322,32
all_genes_ridge,ENSG00000103569,AQP9,-0.0020241097369825853,-0.002554965472537822,4.43385,4.344426595744681,0.7922258671355183,-0.13688457011782149,0.45503000622509165,0.761980749530821,32
all_genes_ridge,ENSG00000103591,AAGAB,-0.0017211490771370142,-0.00400578481402086,3.004,2.978451063829786,0.42966588497533087,-0.5385728898804483,0.0021378210339057686,0.07292611976334734,30
all_genes_ridge,ENSG00000103647,CORO2B,0.0006791406163171329,0.0028834701000144424,0.2755,0.32870638297872345,0.23552892617604437,-0.3616654458120358,0.05388170603212331,0.3001247277323786,29
all_genes_ridge,ENSG00000103657,HERC1,7.107417381899752e-06,2.9597298470442414e-05,1.9236,1.945302127659574,0.24013736892228973,0.08157732655900549,0.6739845301355719,0.8757215788020579,29
all_genes_ridge,ENSG00000103671,TRIP4,0.00047930065858090373,0.001647868612108385,2.55,2.5175255319148935,0.29086096734839606,0.0914468847104411,0.6370799980895704,0.861632063349693,29
all_genes_ridge,ENSG00000103978,TMEM87A,0.0018372426468361615,0.0063209728788043975,3.6285,3.539914893617022,0.2906582075358743,0.39423708041014716,0.025567690155404135,0.21442957820941144,32
all_genes_ridge,ENSG00000103995,CEP152,-0.0017655348114476055,-0.005544684812941729,0.60695,0.6199797872340426,0.3184193278807677,-0.11974182357564557,0.5285252475707758,0.80195986827427,30
all_genes_ridge,ENSG00000104043,ATP8B4,-0.002302447145084301,-0.005975428090186375,0.3542,0.4452510638297872,0.3853191956013459,-0.13477886020725124,0.4857584199639558,0.7787099466422448,29
all_genes_ridge,ENSG00000104047,DTWD1,-0.00022195508982022127,-0.00048060035025475253,1.8277,1.8087085106382983,0.4618288141125349,0.22301357667482752,0.23618229445623592,0.5887105467726866,30
all_genes_ridge,ENSG00000104112,SCG3,0.003220663336352295,0.014255530779690176,0.15735,0.23388829787234044,0.22592377555950194,-0.11754997249220613,0.521695345207738,0.7978689436438281,32
all_genes_ridge,ENSG00000104164,BLOC1S6,-0.00025507072312109304,-0.0004615185900276051,2.7095,2.685495744680851,0.5526770289054582,-0.3564917575545067,0.057666586122807686,0.3069057063523985,29
all_genes_ridge,ENSG00000104219,ZDHHC2,0.0022105076660246894,0.0035263343496637306,1.6887,1.6473978723404257,0.6268570835421441,0.434032681057091,0.014704872953084288,0.16058990750202842,31
all_genes_ridge,ENSG00000104221,BRF2,-0.0023290783098921302,-0.007707332113180267,2.1545,2.1507617021276597,0.302189950515975,-0.31065927531004955,0.10095608369230875,0.4015329997862831,29
all_genes_ridge,ENSG00000104228,TRIM35,-0.0016519350227270746,-0.0037560269832539336,2.4282500000000002,2.3205819148936166,0.4398091467638938,-0.04437517209445787,0.8094347568456352,0.926987522362636,32
all_genes_ridge,ENSG00000104299,INTS9,-0.000681390547930858,-0.000942293622130009,2.3644,2.2745170212765955,0.7231191339177354,-0.0994753853986792,0.5944359201944389,0.8386187052557232,31
all_genes_ridge,ENSG00000104313,EYA1,0.004119933095923636,0.008036583647016676,0.1753,0.35185744680851067,0.5126473234000407,0.0490536890894589,0.7763291416653392,0.9188831477956997,36
all_genes_ridge,ENSG00000104324,CPQ,-0.00033973547411723096,-0.0005857274612901053,0.33435,0.5103882978723404,0.5800231277682287,-0.06984418082527036,0.7040616362219828,0.8843736564211583,32
all_genes_ridge,ENSG00000104327,CALB1,-0.002490631370885664,-0.038609774340773576,0.0358,0.05160638297872339,0.06450779403430625,-0.565279170845871,0.0006084840270134316,0.036222696196328986,33
all_genes_ridge,ENSG00000104356,POP1,0.0008994304354516321,0.00208967407444231,2.1407,2.1909489361702126,0.43041661206983733,-0.3933456591787696,0.03477257635611114,0.25006235486326467,29
all_genes_ridge,ENSG00000104375,STK3,-0.002759739513325357,-0.004064361365037827,2.0109,1.7938744680851066,0.6790093855986823,0.010286406018022266,0.9562021500605206,0.9829430237610502,31
all_genes_ridge,ENSG00000104412,EMC2,-0.0015533452613033028,-0.002770947418463287,2.9595000000000002,2.9347021276595746,0.5605827273924806,-0.35986198576488776,0.05078475644577174,0.29146034134095083,30
all_genes_ridge,ENSG00000104419,NDRG1,0.0031212347881968733,0.005769105798589508,1.8244500000000001,1.805598936170213,0.5410257494254977,0.5764522590696639,0.0008557708308138142,0.04558105688334631,30
all_genes_ridge,ENSG00000104447,TRPS1,0.0004566665039963669,0.0019405579656772952,0.68675,0.7157138297872342,0.2353274223565802,0.09441745704899865,0.6072473469072837,0.8455460544098786,32
all_genes_ridge,ENSG00000104537,ANXA13,0.0021724692348863116,0.0021685979390474058,1.4239,1.5854170212765957,1.001785160711075,0.32544923714170226,0.06458035823459081,0.3232976837531768,33
all_genes_ridge,ENSG00000104611,SH2D4A,0.0012976918048628692,0.001649060415912059,1.9941499999999999,1.9691457446808516,0.7869279938692509,0.07534780235870643,0.6923085488242922,0.8797621381486848,30
all_genes_ridge,ENSG00000104635,SLC39A14,0.0005616456494101083,0.0007077723965995778,3.1082,3.09258085106383,0.7935399177878073,0.29940857565303103,0.1145920068221171,0.42174600098691983,29
all_genes_ridge,ENSG00000104756,KCTD9,0.0008639688555411817,0.0017590188078184814,2.46395,2.529996808510638,0.49116521762076426,0.03695213706001087,0.840866971675173,0.9398609876766676,32
all_genes_ridge,ENSG00000105223,PLD3,0.0018782331189821314,0.00222491939634808,3.4843,3.241106382978723,0.8441802979761921,0.3480349909373718,0.06429845782730341,0.3232976837531768,29
all_genes_ridge,ENSG00000105402,NAPA,-0.001153724198864892,-0.0012257349604750838,4.1718,3.8744702127659574,0.94125095234105,-0.37319696401679703,0.0461489593040011,0.2791000805716083,29
all_genes_ridge,ENSG00000105792,CFAP69,0.005997876581391312,0.019594171880486,0.4495,0.513359574468085,0.30610513258611594,0.3578033202932339,0.03482849740392163,0.25006235486326467,35
all_genes_ridge,ENSG00000105810,CDK6,0.0027946411079871835,0.00616120745162512,1.9236,1.8493595744680844,0.4535865948240471,0.15250062054335842,0.429672287882305,0.7419621962500219,29
all_genes_ridge,ENSG00000105821,DNAJC2,0.0017141857466086775,0.004697196623284991,3.0635,2.9800999999999997,0.36493804370698435,0.10711043927397218,0.5662977224407022,0.8273303505889018,31
all_genes_ridge,ENSG00000105851,PIK3CG,0.000652209161289475,0.005417657695537593,0.11035,0.13679255319148936,0.12038581947078081,-0.4552261666842834,0.006825987323401561,0.11486991984954285,34
all_genes_ridge,ENSG00000105852,PON3,-0.0017195859270203377,-0.0019566247009611803,4.7276,4.587691489361703,0.8788532242159681,-0.19729541314806012,0.28739501549047103,0.6319206107597429,31
all_genes_ridge,ENSG00000105855,ITGB8,-0.00018814868036721462,-0.0007604061476563587,0.3019,0.356431914893617,0.2474318243574254,-0.14940457063460857,0.38447150724800566,0.7117411561005763,36
all_genes_ridge,ENSG00000105856,HBP1,-0.0033916858434481926,-0.004933417713877233,3.243,3.0580702127659567,0.6874921282071259,-0.44135322704554864,0.014626051219898588,0.16058990750202842,30
all_genes_ridge,ENSG00000105865,DUS4L,0.0005250571773061139,0.0016121114008389962,2.7973,2.812889361702128,0.32569534402700506,0.02642727509898167,0.8877762449275394,0.9588295929929671,31
all_genes_ridge,ENSG00000105875,WDR91,0.0009854198349620704,0.0032200464395002073,2.2239,2.1798212765957454,0.30602659106836366,-0.13318535571300663,0.4750644402895709,0.7733488690183041,31
all_genes_ridge,ENSG00000105880,DLX5,-0.0005551782215864168,-0.041160801447214686,0.034699999999999995,0.036402127659574464,0.01348803235278076,0.2056335095915892,0.27564918041088676,0.6245654860014576,30
all_genes_ridge,ENSG00000105887,MTPN,0.0003105801898790755,0.0004824060828521348,3.52215,3.3944372340425546,0.6438148292882809,-0.3243514105397667,0.08034539321857838,0.36291130591621407,30
all_genes_ridge,ENSG00000105967,TFEC,-0.0066007287117157915,-0.01005428331874161,0.1602,0.4071936170212766,0.6565091217801425,-0.07605516327656626,0.673997831366809,0.8757215788020579,33
all_genes_ridge,ENSG00000105974,CAV1,-0.0033098266371613502,-0.008846233969393165,1.2221,1.1528638297872338,0.37415092666697786,-0.25850216395939435,0.15313563130648628,0.47684079656050493,32
all_genes_ridge,ENSG00000105976,MET,-0.003643376077272389,-0.008455214080867116,2.6949,2.6476680851063836,0.4309028774938773,0.203203944857704,0.2904056303651044,0.6324759639802418,29
all_genes_ridge,ENSG00000105989,WNT2,-0.00036993223641150995,-0.0007660385996844448,0.2653,0.432363829787234,0.48291592168318487,-0.12897841405592306,0.496965674472379,0.7874675471453165,30
all_genes_ridge,ENSG00000106004,HOXA5,-0.00618392073205781,-0.19723738733604737,0.1145,0.12174468085106378,0.03135268021737595,-0.18022684636816053,0.34950422004744724,0.6869183374003242,29
all_genes_ridge,ENSG00000106025,TSPAN12,-7.576805227658029e-05,-0.00012236806289540655,3.7122,3.656708510638297,0.6191815943130736,0.30707152380594416,0.09289575128253627,0.38334787242692275,31
all_genes_ridge,ENSG00000106034,CPED1,0.00241132455974556,0.0035646324785293454,3.0486,2.901612765957447,0.6764581129385873,0.07482101784322417,0.6891358519393759,0.8797621381486848,31
all_genes_ridge,ENSG00000106066,CPVL,0.00047198136517388414,0.0004962085761454575,0.6406,0.8523702127659571,0.9511753481574825,0.05734347591713628,0.7512644720220953,0.9052380402245361,33
all_genes_ridge,ENSG00000106070,GRB10,0.0037460018433316017,0.004093883027094889,1.62975,1.6387159574468084,0.9150241515302522,0.21186157914622383,0.2610457027279261,0.6162789684929889,30
all_genes_ridge,ENSG00000106100,NOD1,-0.003522813827825918,-0.00533721562396274,1.3535,1.3542446808510635,0.6600471249483308,-0.3178514253516528,0.0929017968112339,0.38334787242692275,29
all_genes_ridge,ENSG00000106105,GARS1,-0.0007907504748068111,-0.002251996230021915,3.8496,3.793557446808511,0.3511331254755768,-0.03193195616488027,0.8693875446052043,0.9517732970792776,29
all_genes_ridge,ENSG00000106113,CRHR2,-0.0013811212785525462,-0.018073198122631823,0.09584999999999999,0.11263510638297874,0.07641820054100236,-0.64418478827269,0.00012228712733706643,0.01614190080849277,30
all_genes_ridge,ENSG00000106123,EPHB6,0.0010453272638257034,0.002913410493806226,0.2909,0.3710553191489362,0.35879848241365925,0.34047796056691654,0.07071374267327006,0.33969449803172136,29
all_genes_ridge,ENSG00000106144,CASP2,0.00277122234620707,0.007514486078506632,1.60375,1.5686648936170215,0.36878401493529683,0.3415720414225132,0.06469254382379688,0.3232976837531768,30
all_genes_ridge,ENSG00000106278,PTPRZ1,0.0005033774769253117,0.001886857621245391,0.1356,0.21687446808510638,0.26678084835731547,-0.23840173952721963,0.1815276227855836,0.5176727509075375,33
all_genes_ridge,ENSG00000106299,WASL,-0.0014293410986078588,-0.0036642851502082254,2.7533,2.751729787234043,0.39007365420964457,-0.23235439851242662,0.1792161796557799,0.5152465165103672,35
all_genes_ridge,ENSG00000106302,HYAL4,-0.00029039088309519025,-0.0012629405375284937,0.1179,0.1873489361702128,0.2299323479341866,0.2811334087097224,0.1255105679645388,0.4385722676892458,31
all_genes_ridge,ENSG00000106341,PPP1R17,0.0011288524240115226,0.04513711078513961,0.0358,0.038559574468085105,0.025009408098472536,0.16687207802956502,0.386931866522123,0.7127270704897838,29
all_genes_ridge,ENSG00000106366,SERPINE1,0.0018183428340671475,0.002099512618455745,3.2279,2.999348936170213,0.8660785451266273,0.3256530310497782,0.08472530876169783,0.37010940633167566,29
all_genes_ridge,ENSG00000106477,CEP41,-0.001099729059193732,-0.0032696050178232764,1.0562,1.024182978723404,0.3363492082985214,0.040129059093785814,0.8302869140869981,0.9378413100260756,31
all_genes_ridge,ENSG00000106483,SFRP4,-0.0011519796479667432,-0.009164613825296831,0.2383,0.25540425531914895,0.12569865680395234,0.04685587118613797,0.8057828690726159,0.9258657481263485,30
all_genes_ridge,ENSG00000106511,MEOX2,0.0009770325725122122,0.026833764568058645,0.0583,0.0685,0.03641056662154721,0.06187373130897072,0.7240175301951413,0.8979237016635822,35
all_genes_ridge,ENSG00000106524,ANKMY2,-0.002462061058120206,-0.005691513672522287,2.4211,2.41518085106383,0.43258458114695236,-0.26602850169442677,0.15533482143879684,0.4783270738288972,30
all_genes_ridge,ENSG00000106541,AGR2,-0.004434530626189145,-0.008097602692916291,0.702,0.8340340425531912,0.5476349969687241,0.04981195309102582,0.783097037883964,0.9191869572703028,33
all_genes_ridge,ENSG00000106546,AHR,0.0021860085871953623,0.004535350501876698,3.153,3.099014893617021,0.4819933070863666,0.5185505099990153,0.003952969604060388,0.09524774379307412,29
all_genes_ridge,ENSG00000106692,FKTN,-0.0011489366227648984,-0.0019931556006506615,1.4597,1.4995468085106383,0.5764410076111621,-0.10346914288716515,0.5796417719390486,0.8327043840281938,31
all_genes_ridge,ENSG00000106771,TMEM245,-0.0015921194814630926,-0.004249219519170482,2.3926999999999996,2.452940425531915,0.37468515671647407,-0.3383057073887314,0.0674621233737815,0.33056924035009755,30
all_genes_ridge,ENSG00000106799,TGFBR1,-0.002715205801199478,-0.00421169582446831,1.8309,1.9782574468085103,0.6446823119146429,-0.6760908951513811,4.118422626892343e-05,0.009854145987788368,30
all_genes_ridge,ENSG00000106809,OGN,0.002909401897279361,0.004487261382531294,0.2699,0.5260404255319149,0.648369160888539,-0.05151589844712842,0.7907054396038703,0.9224844289063158,29
all_genes_ridge,ENSG00000106819,ASPN,-0.0006152855126144078,-0.001484930392764516,0.2043,0.3044936170212766,0.4143531007328377,-0.17703109575342402,0.32434574080632095,0.6595536966429942,33
all_genes_ridge,ENSG00000106927,AMBP,0.00019914756786239081,0.00032392161792286757,5.239699999999999,5.186776595744679,0.614801720056276,-0.31574847162725284,0.08918092047762066,0.378147031522425,30
all_genes_ridge,ENSG00000106952,TNFSF8,-0.00568952124702787,-0.05110396521790233,0.0801,0.11479148936170211,0.11133228552360479,-0.5715342002729115,0.0012009374236433773,0.05633920126897774,29
all_genes_ridge,ENSG00000106993,CDC37L1,0.0015145253131015534,0.004345603626553561,2.9669,2.876676595744681,0.3485189730253201,0.4722434843919646,0.0048030706713166295,0.10389046051165161,34
all_genes_ridge,ENSG00000107020,PLGRKT,0.0004540307062577451,0.0004814977373678263,2.7973,2.5999127659574466,0.942955015198548,-0.09276999516949629,0.6196347134474438,0.8540850592830622,31
all_genes_ridge,ENSG00000107099,DOCK8,-0.0007802191897272619,-0.0013584497361434484,1.0466,1.0980297872340428,0.574345276802257,-0.21411084438619152,0.2558983970267601,0.6098175301202854,30
all_genes_ridge,ENSG00000107105,ELAVL2,0.0019727294767465536,0.011975047185915818,0.11285,0.16866489361702122,0.1647366767010935,0.15352284884609507,0.3860208974129247,0.7126905634140545,34
all_genes_ridge,ENSG00000107242,PIP5K1B,0.001001513740186777,0.0018735824421761426,0.4595,0.6034702127659575,0.5345447937820826,-0.061094374142801645,0.7273606210188187,0.8981466811003024,35
all_genes_ridge,ENSG00000107371,EXOSC3,-0.0014053472170728906,-0.005347758661180887,2.7387499999999996,2.752724468085106,0.2627918173036184,-0.2814659798988771,0.13186246548441155,0.44772969011327385,30
all_genes_ridge,ENSG00000107443,CCNJ,-0.0004917530143586204,-0.002073554706681249,0.9716,0.9295702127659577,0.23715458906106093,0.05617839486816,0.7722362637262881,0.917257158322774,29
all_genes_ridge,ENSG00000107447,DNTT,0.0001281311068512048,0.0009321361687037061,0.0732,0.11357021276595743,0.1374596450102273,-0.07648523710836916,0.6527584854121201,0.8673683242927577,37
all_genes_ridge,ENSG00000107521,HPS1,-0.0002615360105477327,-0.0004145262610511366,2.6078,2.4717489361702123,0.6309274830611256,0.11705779363223101,0.5030613075548946,0.7892992918535712,35
all_genes_ridge,ENSG00000107566,ERLIN1,-0.0013357929796675913,-0.0029889488613366265,4.03345,3.9324712765957437,0.44691061695523243,-0.050477252959299015,0.7838104985655828,0.9191869572703028,32
all_genes_ridge,ENSG00000107593,PKD2L1,0.00044065041116438325,0.0011339077186245398,0.1145,0.2555787234042553,0.38861223354128316,-0.17104128287598128,0.37500769468925876,0.7056324283035037,29
all_genes_ridge,ENSG00000107611,CUBN,0.00195582072469653,0.008072636698335115,0.2988,0.36426595744680856,0.24227780807971883,-0.038930639694233445,0.8410881525918894,0.9398609876766676,29
all_genes_ridge,ENSG00000107643,MAPK8,0.00039051700376661495,0.0010608029406908085,2.0448,2.0555617021276595,0.368133409879412,0.16101593492102312,0.40404386149335275,0.7224247134828145,29
all_genes_ridge,ENSG00000107669,ATE1,-0.0005230103892454509,-0.002132532424910748,2.2658,2.3095212765957442,0.24525319434115533,-0.43795440874728925,0.01749438332623768,0.1750228599019233,29
all_genes_ridge,ENSG00000107679,PLEKHA1,-0.0014215830440089542,-0.00395947989992843,2.6151,2.5839404255319147,0.3590327719644821,0.0592427749164199,0.7558224025698791,0.9069868830838549,30
all_genes_ridge,ENSG00000107779,BMPR1A,-0.0012113319707837552,-0.0018792503295975915,1.6443,1.7096531914893611,0.6445825506616464,-0.22468589004126477,0.24127557386911086,0.5916903410877388,29
all_genes_ridge,ENSG00000107796,ACTA2,-0.0037166422289685026,-0.0037765297620293015,2.0564999999999998,1.8298914893617022,0.9841421789752774,-0.42642894277134336,0.009502522286844702,0.13481148440589025,36
all_genes_ridge,ENSG00000107807,TLX1,3.448374460208809e-05,0.0012085041241591504,0.0417,0.047174468085106384,0.028534238247702376,0.250061659885017,0.19077527717855164,0.5299119318518599,29
all_genes_ridge,ENSG00000107816,LZTS2,-0.0013842247915550588,-0.002297934502049914,2.4425499999999998,2.453024468085106,0.6023778268354629,-0.18513574112107303,0.32736066047979284,0.6635514907894459,30
all_genes_ridge,ENSG00000107854,TNKS2,-0.0013436222371443405,-0.0033728740770174,3.004,2.978697872340425,0.3983612214579006,-0.4463075141921297,0.015230565033940099,0.1650727455779021,29
all_genes_ridge,ENSG00000107938,EDRF1,0.0005818952458532257,0.0015910277107020867,1.7014,1.7525021276595747,0.3657354563588636,-0.060917801620978526,0.7447721854014686,0.9028578394321931,31
all_genes_ridge,ENSG00000107960,STN1,0.000898269238053531,0.0019171857978368008,2.2518,2.201912765957447,0.46853530788047054,0.4444855240156084,0.01570238507178823,0.16706682349740054,29
all_genes_ridge,ENSG00000108018,SORCS1,-0.0021667135454676175,-0.030090040115888502,0.10555,0.12122021276595747,0.07200766556384627,0.1280881371021589,0.4999656277408448,0.788865450881409,30
all_genes_ridge,ENSG00000108055,SMC3,0.0020449500713471077,0.003732920891167331,2.8708,2.7856808510638302,0.5478150035768977,0.0485341231777732,0.8025759779279843,0.9257677313789362,29
all_genes_ridge,ENSG00000108091,CCDC6,0.001129754586622402,0.0030744950739974375,2.5645,2.550682978723404,0.3674602038485308,0.06477651391496232,0.729189996253833,0.8981466811003024,31
all_genes_ridge,ENSG00000108175,ZMIZ1,0.0007690831868557791,0.0015013071838070738,1.006,1.0226255319148938,0.5122756989049421,-0.056665275496166956,0.7541153634844958,0.9058719569647686,33
all_genes_ridge,ENSG00000108231,LGI1,-0.004255548880035975,-0.06990124017594718,0.0443,0.06264255319148937,0.06087944747939247,-0.7473281055355288,1.3630415098981662e-06,0.0020690970120254165,31
all_genes_ridge,ENSG00000108244,KRT23,-0.006634748325954194,-0.008851257861483313,1.319,1.4088744680851062,0.7495825372827098,-0.07863695977053695,0.6741261448136493,0.8757215788020579,31
all_genes_ridge,ENSG00000108375,RNF43,-0.0047883359334968435,-0.00971943844620437,1.6887,1.6537765957446806,0.4926556158567763,-0.4122220364487544,0.01713418906622557,0.1750228599019233,33
all_genes_ridge,ENSG00000108384,RAD51C,0.0003612347994140078,0.0008586064735125539,1.319,1.3016468085106385,0.42072219411088113,0.3263948786920412,0.08397737230442623,0.3684325177980318,29
all_genes_ridge,ENSG00000108395,TRIM37,0.000578122232668529,0.001233424954977786,1.5787,1.508427659574468,0.468712936555545,0.3688118811881188,0.03778551788457607,0.2589544747123543,32
all_genes_ridge,ENSG00000108406,DHX40,0.0036923759630040614,0.00906723707561969,2.6513,2.5571425531914898,0.40722172942100004,0.4697561860373501,0.008814317075757963,0.13023842080176054,30
all_genes_ridge,ENSG00000108423,TUBD1,0.0016935418320560608,0.0035750365891497565,1.5263,1.5919978723404258,0.47371314665588704,-0.00907532524529233,0.9613546592946451,0.9831567110192665,31
all_genes_ridge,ENSG00000108443,RPS6KB1,0.0009255055016983182,0.00565080580951216,2.4354,2.4611,0.1637829245769495,-0.019985211358775585,0.9180426321255873,0.9700806470771354,29
all_genes_ridge,ENSG00000108469,RECQL5,0.0005917360619404131,0.0017397501444187393,2.2449,2.2055106382978718,0.34012703711435277,0.1641624940606972,0.3860235885414177,0.7126905634140545,30
all_genes_ridge,ENSG00000108588,CCDC47,0.0012529547526451685,0.003078829586047342,3.5905,3.5653978723404243,0.40695813705419626,0.050776437332482126,0.7936450993474642,0.9237220683171338,29
all_genes_ridge,ENSG00000108848,LUC7L3,0.002366350831077844,0.00783127578726274,3.5905,3.531429787234042,0.3021667088939225,0.43362504951609615,0.01877293735278054,0.1799288604845926,29
all_genes_ridge,ENSG00000108878,CACNG1,0.0038314041885819184,0.04230955931167861,0.0679,0.10260000000000001,0.09055646645613595,-0.00894349715814109,0.9606034095846627,0.9829430237610502,33
all_genes_ridge,ENSG00000108883,EFTUD2,-0.001060186997753322,-0.005914087832115852,3.198,3.208840425531916,0.1792646690155808,-0.10079798608826611,0.5895185024767344,0.8351741360333018,31
all_genes_ridge,ENSG00000108960,MMD,-0.004242918687474146,-0.007173167038105979,2.4000000000000004,2.246748936170213,0.591498659509044,-0.4459158691297574,0.013520587075695596,0.1578788552377378,30
all_genes_ridge,ENSG00000108984,MAP2K6,0.0004692485476262497,0.0011927606267863957,1.4898,1.432640425531915,0.3934138477479141,0.16748166454715496,0.34376124789499,0.6799082401362799,34
all_genes_ridge,ENSG00000109063,MYH3,0.0012517804400648338,0.015916611846906247,0.0583,0.07268297872340426,0.07864616239342079,-0.10607367334409809,0.5839345648361244,0.8331650394196428,29
all_genes_ridge,ENSG00000109072,VTN,-0.003330408294514846,-0.008415449576413044,5.4418,5.442834042553192,0.395749301837583,-0.3189665267897544,0.08579321589375816,0.3715666240420111,30
all_genes_ridge,ENSG00000109079,TNFAIP1,-0.001257168339110537,-0.003522501703829942,3.2279,3.2227787234042555,0.35689644599565257,-0.1074553304523456,0.579016817734463,0.8323366754932906,29
all_genes_ridge,ENSG00000109099,PMP22,-0.002124351721545493,-0.0031614797803316973,1.7142,1.7411510638297876,0.6719485396558853,-0.3494656251735217,0.05397500044198904,0.3001247277323786,31
all_genes_ridge,ENSG00000109101,FOXN1,-0.0018693039022101218,-0.04020604290407543,0.08130000000000001,0.08410638297872342,0.04649310817953294,-0.060329474621549424,0.7514819519613863,0.9052380402245361,30
all_genes_ridge,ENSG00000109107,ALDOC,-0.00010200761512693364,-0.00025925890923356626,2.6586,2.716519148936171,0.39345847526896377,-0.062430447362563986,0.743111479577399,0.9028578394321931,30
all_genes_ridge,ENSG00000109118,PHF12,-0.0015943042325256244,-0.004677155961990991,2.0858,2.0470680851063827,0.3408704446637598,-0.2979291991025571,0.10981142467458817,0.414510407337179,30
all_genes_ridge,ENSG00000109133,TMEM33,-0.00042329963969018496,-0.0011661920683588766,2.9299,2.9914127659574468,0.3629759206696314,-0.5040660576904131,0.005302774677836434,0.10522368576412688,29
all_genes_ridge,ENSG00000109158,GABRA4,0.0014241288178592144,0.0034762054648949936,0.0732,0.14786382978723406,0.4096791263465301,0.07467135519826872,0.6747003311133744,0.8757215788020579,34
all_genes_ridge,ENSG00000109220,CHIC2,-0.004154964748485101,-0.01257626683263822,1.9436,1.9507340425531914,0.3303814083923569,-0.12150884686327544,0.5224139898329324,0.7978689436438281,30
all_genes_ridge,ENSG00000109320,NFKB1,-0.0003571868892114139,-0.00048166730652060265,2.2938,2.1214744680851068,0.7415634907662884,-0.08796353399266671,0.6500139986020718,0.8670661246730623,29
all_genes_ridge,ENSG00000109321,AREG,0.0009504642871733187,0.0021333878297301588,0.3577,0.5112510638297874,0.4455187537530567,0.3925095508412271,0.03519473748736184,0.25006235486326467,29
all_genes_ridge,ENSG00000109323,MANBA,-0.0019132149052699038,-0.0033581945325793982,2.2518,2.2287595744680853,0.5697153296835312,-0.37335143684027033,0.04605170940428873,0.2791000805716083,29
all_genes_ridge,ENSG00000109339,MAPK10,0.0005560840623709685,0.003907905664759328,0.10475000000000001,0.13577340425531917,0.1422972072702823,-0.07645764576457646,0.6774746144488539,0.8758268963328424,32
all_genes_ridge,ENSG00000109452,INPP4B,-1.685756035025703e-05,-4.847513999703383e-05,0.2238,0.32313829787234044,0.3477568162008101,-0.30031272219786326,0.10069376799617631,0.4011893433548442,31
all_genes_ridge,ENSG00000109458,GAB1,-0.0012946842785536942,-0.0036629640792466742,1.6506,1.623151063829787,0.35345262758349494,-0.2684489363725781,0.15911563684528457,0.485259947006291,29
all_genes_ridge,ENSG00000109511,ANXA10,0.0011850785129880047,0.0016313416901301198,0.1317,0.3796404255319148,0.726444079838038,0.21258775872545776,0.2682170334725222,0.6222536449621996,29
all_genes_ridge,ENSG00000109572,CLCN3,0.000995423257259177,0.002181267330679934,2.7387,2.7009510638297876,0.4563508760518998,0.2616619294432369,0.1413067879209364,0.46076199493413217,33
all_genes_ridge,ENSG00000109618,SEPSECS,-0.001336223831884806,-0.002368005669702019,2.8856,2.847008510638298,0.5642823617280238,-0.35913237472537113,0.055709597861084606,0.30398922936988804,29
all_genes_ridge,ENSG00000109667,SLC2A9,-0.004258505695366427,-0.004717051824259649,0.9838,1.3127936170212766,0.902789677540761,-0.50585195028216,0.005117616369872065,0.10475696166612286,29
all_genes_ridge,ENSG00000109670,FBXW7,-0.002554306743902865,-0.005413111229805164,1.2345,1.3060957446808512,0.4718740545804014,-0.26974152430534937,0.10640912096031209,0.409972196999375,37
all_genes_ridge,ENSG00000109674,NEIL3,-0.001489956665751238,-0.006747380128887066,0.1785,0.249727659574468,0.22082002752036978,-0.3451589166094429,0.06668432139650915,0.3286584411685094,29
all_genes_ridge,ENSG00000109689,STIM2,0.0013028124358973878,0.002847520731128394,2.0414000000000003,1.9847297872340424,0.45752518029293476,0.20140202639425692,0.2858657946264848,0.6305333296075357,30
all_genes_ridge,ENSG00000109771,LRP2BP,0.0009029813085415223,0.0021569911633215165,0.31875,0.45482659574468093,0.4186300453595905,0.07565643266966927,0.6911095899522791,0.8797621381486848,30
all_genes_ridge,ENSG00000109805,NCAPG,0.00030039442043093036,0.0007521352708746307,1.0639,1.1654723404255318,0.3993888228132323,-0.11209657891313099,0.5626331085669046,0.8260643894593872,29
all_genes_ridge,ENSG00000109819,PPARGC1A,0.0021135333496574765,0.0045913875563505634,0.8638,0.8827297872340423,0.46032562568893787,0.07214906206974937,0.6804307110110288,0.8767008234572077,35
all_genes_ridge,ENSG00000109832,DDX25,-0.0025347696134380288,-0.02883972753926331,0.1557,0.16204255319148939,0.08789159363545006,-0.16982654641519113,0.36105504054200926,0.6957726649671303,31
all_genes_ridge,ENSG00000109851,DBX1,0.0027910933737296624,0.20484325744675647,0.0155,0.019114893617021272,0.013625507661413423,0.05819258903730697,0.7642944555945343,0.9118488272674994,29
all_genes_ridge,ENSG00000109861,CTSC,0.00246846397111055,0.006181779940539925,4.8516,4.820006382978722,0.3993128184525688,0.33249243865816447,0.06761643552615632,0.33056924035009755,31
all_genes_ridge,ENSG00000109906,ZBTB16,0.0006361253168066665,0.002786341155063419,1.6982,1.691791489361702,0.22830130318058192,0.2606856634016029,0.1641170849204539,0.4911869464810174,30
all_genes_ridge,ENSG00000109911,ELP4,0.0025107275688405644,0.007190317466402988,2.1407,2.1080914893617018,0.34918174066333335,0.07875676204367625,0.6683185183404485,0.8738221454270464,32
all_genes_ridge,ENSG00000109927,TECTA,-0.0014533181684968203,-0.011901125731451953,0.1145,0.15183617021276594,0.12211602509635142,0.16900273033051716,0.3634236248257972,0.6961224763224735,31
all_genes_ridge,ENSG00000109943,CRTAM,0.0005195633579609755,0.008274572110154076,0.0524,0.06854255319148936,0.06279035955507566,-0.21127471184075144,0.25390139940139744,0.6063209139313778,31
all_genes_ridge,ENSG00000110013,SIAE,-0.0006947697691975498,-0.0010065711508321965,2.7241,2.566857446808511,0.6902341365765742,-0.12405435696273466,0.47769698102937386,0.7755550986123952,35
all_genes_ridge,ENSG00000110060,PUS3,0.00033725221650147193,0.0005732154946102932,1.8506,1.8787659574468083,0.5883515356310396,0.11789028073596107,0.5276350517634941,0.8013506967618692,31
all_genes_ridge,ENSG00000110107,PRPF19,-0.0016979372721329382,-0.005790653280872705,3.7427,3.7049000000000007,0.2932203310706669,-0.4773120185990166,0.00883699429682565,0.13023842080176054,29
all_genes_ridge,ENSG00000110108,TMEM109,0.0006610831602017954,0.0008719999292877168,2.7826,2.4829957446808515,0.7581229516174315,0.07740663662452617,0.6898112245835287,0.8797621381486848,29
all_genes_ridge,ENSG00000110169,HPX,0.001125243337090146,0.0012860298836176484,5.3485499999999995,5.277820212765957,0.8749744865374326,-0.11047950903682176,0.5472080977947941,0.8179831535721294,32
all_genes_ridge,ENSG00000110171,TRIM3,0.0011541074619269166,0.0011660317750466218,1.8837,2.1635234042553195,0.9897735950469888,-0.0983121850506275,0.611894347654854,0.8486574871996969,29
all_genes_ridge,ENSG00000110243,APOA5,-0.00023079537109685263,-0.0005642556845863979,3.6361,3.6101553191489355,0.40902622233398805,0.011339825058408427,0.9534440366693301,0.9829430237610502,29
all_genes_ridge,ENSG00000110315,RNF141,-0.003236893529655782,-0.005281896104930085,2.6078,2.5423872340425535,0.6128279438579809,-0.3387266240710701,0.046543039579637596,0.2803664050868646,35
all_genes_ridge,ENSG00000110328,GALNT18,-0.00036079686933736515,-0.0006999422430015231,0.6916,0.8216319148936171,0.5154666302039153,-0.13068468884746434,0.48346862085394304,0.7786794339058732,31
all_genes_ridge,ENSG00000110344,UBE4A,0.002872208594855769,0.005456312174781437,2.893,2.778351063829787,0.5264010750944287,0.12293729579581579,0.5026541289614699,0.7892992918535712,32
all_genes_ridge,ENSG00000110435,PDHX,8.984055855625746e-05,0.00021364364731021778,3.183,3.146193617021276,0.42051593711001356,-0.08639502081379168,0.6498660924351499,0.8670661246730623,30
all_genes_ridge,ENSG00000110436,SLC1A2,0.0023931415132226862,0.004238138460810349,0.44205,0.5775265957446808,0.5646680813644555,0.13274965979140985,0.42689665507801927,0.7400323009588798,38
all_genes_ridge,ENSG00000110442,COMMD9,0.0012708668802844285,0.0037021757611296513,2.7095,2.6866702127659576,0.34327567416643845,0.26585800792027625,0.15560975081998787,0.47865370161041865,30
all_genes_ridge,ENSG00000110675,ELMOD1,0.0016769854571935803,0.0046712716803694425,0.2434,0.3193170212765958,0.3589997696432314,0.26118024098662945,0.17114863356308957,0.5014302792658625,29
all_genes_ridge,ENSG00000110693,SOX6,0.0007055584136347469,0.001522723574021024,0.3795,0.5512531914893618,0.4633529195135488,0.1966837371154757,0.26489778129866626,0.620231093604285,34
all_genes_ridge,ENSG00000110756,HPS5,-0.0005294378701828461,-0.0010312928771759177,2.0482,1.9940085106382979,0.5133729534064597,-0.22691849366484138,0.21168580069606194,0.5535556338615367,32
all_genes_ridge,ENSG00000110768,GTF2H1,-0.001664445473024972,-0.003201003758857325,2.7095,2.675646808510639,0.5199761070006165,-0.5174325528980395,0.004045457034975568,0.09595318404832676,29
all_genes_ridge,ENSG00000110777,POU2AF1,-0.0019348842029162604,-0.006065544461585286,0.3613,0.37857021276595754,0.31899596403429226,-0.03283918197978874,0.840572369899331,0.9398609876766676,40
all_genes_ridge,ENSG00000110844,PRPF40B,-0.0018893650837247629,-0.005208699327784779,1.6633,1.6497000000000002,0.36273260651585654,-0.3153794791898509,0.08957578005666496,0.37829975327317544,30
all_genes_ridge,ENSG00000110906,KCTD10,0.003358955553905905,0.010486987562769038,2.7973,2.7417255319148937,0.320297467103984,-0.08701010598964752,0.6535717740197328,0.8675193003678983,29
all_genes_ridge,ENSG00000110921,MVK,0.0009373308906518888,0.002640108549701917,3.23545,3.248581914893616,0.3550349817085054,0.08924001390507959,0.6391011564244824,0.861632063349693,30
all_genes_ridge,ENSG00000111011,RSRC2,-0.0009853989555655943,-0.0033803743119149928,3.25045,3.193562765957447,0.2915058702500205,0.04356199852901518,0.8128647991710898,0.9291632267633392,32
all_genes_ridge,ENSG00000111046,MYF6,-0.00023694359286988208,-0.010176502295461931,0.0229,0.029197872340425535,0.023283401898857112,-0.39800810701366596,0.01788943636715139,0.176338729904778,35
all_genes_ridge,ENSG00000111049,MYF5,-0.0014895020312703405,-0.1543345228057546,0.0151,0.017314893617021276,0.00965112668372343,-0.3333333464324665,0.05037359828390623,0.29104604609013124,35
all_genes_ridge,ENSG00000111052,LIN7A,-0.0013649456915706898,-0.0021462629845211134,2.1961,2.0254021276595746,0.6359638597015848,0.35601578991310373,0.05802499191247587,0.3069057063523985,29
all_genes_ridge,ENSG00000111058,ACSS3,-0.0012877491825455613,-0.002708768533411369,3.8038,3.7520489361702123,0.47540022953670225,0.028170456865244376,0.8804249098762085,0.9557822445158757,31
all_genes_ridge,ENSG00000111144,LTA4H,0.000325792257871118,0.0005185765613723505,3.8496,3.776795744680851,0.6282433147555839,0.10841495992876224,0.5684970498905357,0.8273303505889018,30
all_genes_ridge,ENSG00000111181,SLC6A12,0.0012120659552809262,0.0015666546565376073,1.06045,1.2339904255319145,0.7736650513391754,0.23161642150220552,0.2181206842888544,0.5631074808681649,30
all_genes_ridge,ENSG00000111218,PRMT8,0.0010722875058825343,0.011296457488725507,0.0601,0.0823936170212766,0.09492245750074631,-0.020983113191773952,0.9077289383168322,0.967023415014658,33
all_genes_ridge,ENSG00000111224,PARP11,0.0005571955472847254,0.0015651894488515716,1.84735,1.781786170212766,0.3559923993185343,0.1087367842015601,0.5673427769316698,0.8273303505889018,30
all_genes_ridge,ENSG00000111231,GPN3,-0.0014105129033567042,-0.005897790073391308,3.4238,3.4516893617021283,0.2391595641425807,-0.1424435013142793,0.4527218793947262,0.7608022866834001,30
all_genes_ridge,ENSG00000111241,FGF6,0.00043655774402320846,0.004604640140627389,0.0802,0.1046978723404255,0.09480822185677398,0.12252392610727798,0.5189189282273144,0.7978689436438281,30
all_genes_ridge,ENSG00000111249,CUX2,0.00016310688505540743,0.00019155042496937202,1.1029,1.099378723404255,0.8515088655192878,0.019251925516123276,0.9167075428035623,0.9697296515510854,32
all_genes_ridge,ENSG00000111262,KCNA1,0.0009749944243399794,0.027355136208139095,0.0493,0.058348936170212785,0.03564209722523279,-0.08785555779705467,0.6383778982981924,0.861632063349693,31
all_genes_ridge,ENSG00000111276,CDKN1B,0.0021090055742047035,0.006495602945694736,2.60785,2.523907446808511,0.3246820336520947,0.2243375695783455,0.23333945584556018,0.5853698988285156,30
all_genes_ridge,ENSG00000111348,ARHGDIB,-0.001363968046868202,-0.002813078952750717,1.52935,1.5478585106382983,0.4848666069377367,-0.15032080659945005,0.41153653303731913,0.7288614990665379,32
all_genes_ridge,ENSG00000111424,VDR,0.0022633151324923948,0.007665300752458324,0.6113,0.6454382978723403,0.29526762296528697,0.05641783861781758,0.7712909593090737,0.916851743329032,29
all_genes_ridge,ENSG00000111490,TBC1D30,-0.0019545838728648826,-0.004238725829744552,0.7066,0.7446808510638298,0.4611253360972101,-0.37353704657951997,0.045935072251891605,0.2791000805716083,29
all_genes_ridge,ENSG00000111530,CAND1,-0.00030070085441041014,-0.00112656799659588,2.6804,2.6819957446808513,0.2669176253178057,-0.26867833588947515,0.15110654404092322,0.4758584866827145,30
all_genes_ridge,ENSG00000111554,MDM1,0.001425621733317311,0.0031882196735301773,0.6353,0.7644936170212767,0.44715291896395015,0.0038503852973870894,0.9833138408454606,0.9943091198022376,32
all_genes_ridge,ENSG00000111596,CNOT2,-0.005172986557578344,-0.009653122758933439,3.04115,2.817554255319149,0.5358873689647246,-0.21026841579018796,0.2647322136840505,0.620231093604285,30
all_genes_ridge,ENSG00000111725,PRKAB1,-0.0017878355610354577,-0.0035858674663508915,2.8708,2.8376617021276593,0.49857825974110076,-0.3967217276049999,0.03310923538465088,0.24697699908550388,29
all_genes_ridge,ENSG00000111728,ST8SIA1,-7.880403042084537e-05,-0.0003888669927725466,0.20795,0.2595563829787234,0.20265034545356458,-0.07021081694508804,0.7025783394016938,0.883682207431822,32
all_genes_ridge,ENSG00000111731,C2CD5,-9.416740469126621e-05,-0.00021871434985178928,1.7302499999999998,1.714996808510638,0.43054973189952234,0.05932514312115889,0.7470542416909849,0.9043179114852419,32
all_genes_ridge,ENSG00000111785,RIC8B,0.0006499597821520804,0.0016489087701594435,1.5879500000000002,1.636356382978724,0.39417570814984,-0.12470200099656274,0.49649363864244594,0.7874675471453165,32
all_genes_ridge,ENSG00000111790,FGFR1OP2,-0.0023208601017247837,-0.008608967378478872,2.8046499999999996,2.7729946808510633,0.2695863510328296,-0.12911843276936777,0.4964946821084588,0.7874675471453165,30
all_genes_ridge,ENSG00000111799,COL12A1,-0.0008874626473239235,-0.002039441736061823,0.9115,0.9730382978723402,0.43514979203947274,-0.1936130073379927,0.30529585489742217,0.6423955480126771,30
all_genes_ridge,ENSG00000111816,FRK,0.00045198559466487297,0.0008438657759849988,1.7982,1.7986999999999997,0.5356131360313726,-0.12943795294412938,0.49542072917633856,0.7874675471453165,30
all_genes_ridge,ENSG00000111817,DSE,0.004816735324441137,0.009048766132838117,1.0742,1.12761914893617,0.5323085218172594,0.21751223854027593,0.24824194758354928,0.598988083201137,30
all_genes_ridge,ENSG00000111834,RSPH4A,-0.0007902130765651291,-0.01175935986776421,0.04045,0.05571595744680851,0.06719864732869776,-0.4333791856827753,0.013218917841326073,0.1549704391210002,32
all_genes_ridge,ENSG00000111845,PAK1IP1,0.0014818723822567375,0.003113760512203917,3.22795,3.19416914893617,0.4759108404287231,0.043391189325251496,0.8199015094020362,0.9326418068732042,30
all_genes_ridge,ENSG00000111859,NEDD9,0.0006784801023064861,0.0008412097865965347,1.5694,1.4860148936170214,0.806552792320166,0.06066549927319692,0.7292024187521164,0.8981466811003024,35
all_genes_ridge,ENSG00000111860,CEP85L,0.00031775109468060723,0.0006932276746395243,2.02785,2.002913829787234,0.4583646993692751,-0.27633629895185124,0.12577226969468264,0.4389018514862718,32
all_genes_ridge,ENSG00000111879,FAM184A,-7.809935823134767e-05,-0.00016023235916100737,1.64435,1.6026223404255322,0.487413145760842,0.01224262667571301,0.9488041369379143,0.9824588539370763,30
all_genes_ridge,ENSG00000111897,SERINC1,-0.003616916339878329,-0.007666459648742159,2.9299,2.9469382978723413,0.4717844357886575,-0.42476806027362535,0.017225538389476176,0.1750228599019233,31
all_genes_ridge,ENSG00000111912,NCOA7,-0.001057026998784848,-0.0017501880094334108,0.99505,1.058728723404255,0.6039505430773919,0.05171939499049624,0.7786206275207842,0.9191869572703028,32
all_genes_ridge,ENSG00000111913,RIPOR2,-0.0006365367696688668,-0.002859954426597218,0.24025000000000002,0.3165755319148936,0.22256885066040022,-0.1077405061600304,0.5441821926539265,0.814663282493748,34
all_genes_ridge,ENSG00000111961,SASH1,-0.00041012000290189594,-0.00058364937163307,1.84735,1.8247755319148942,0.7026821630157277,-0.16247496507476072,0.3909924514958502,0.7127270704897838,30
all_genes_ridge,ENSG00000111962,UST,-0.0002554685394129082,-0.0006265793793259247,0.4495,0.5431893617021277,0.407719353432508,-0.04713354570265015,0.7945042290266952,0.9237220683171338,33
all_genes_ridge,ENSG00000112038,OPRM1,-0.00016843678096466782,-0.03233607939614771,0.0171,0.017557446808510638,0.005208942583952654,-0.2839796771260828,0.12830109980014223,0.44141621474533843,30
all_genes_ridge,ENSG00000112077,RHAG,-0.00024383499257840983,-0.001224935176331655,0.0959,0.12836382978723407,0.19905950722113214,-0.12408190518584465,0.5135768900057918,0.7961584872375733,30
all_genes_ridge,ENSG00000112078,KCTD20,-0.0018452896188945625,-0.0025554357676712785,2.6223,2.4487744680851065,0.7221036984138877,-0.3891012944952136,0.03695847288881471,0.25570134279586393,29
all_genes_ridge,ENSG00000112079,STK38,-0.00015539876568432438,-0.00046053218730855174,2.4069,2.4260659574468084,0.3374330176409773,-0.1350585346052417,0.48484530541431725,0.7787099466422448,29
all_genes_ridge,ENSG00000112118,MCM3,0.0003736382222815257,0.0008347878162231533,1.4838,1.485185106382979,0.4475846616592757,-0.01084010873006102,0.9554935811289053,0.9829430237610502,29
all_genes_ridge,ENSG00000112146,FBXO9,-0.002161191385828088,-0.003516503460316766,3.153,3.101765957446809,0.6145853147072997,-0.206509692340281,0.2824599504350689,0.6293800079374976,29
all_genes_ridge,ENSG00000112159,MDN1,0.00037500360259881205,0.0012046055043385474,1.40915,1.3903755319148936,0.3113082260110771,0.13818424908195476,0.4664846971960576,0.7686252114724466,30
all_genes_ridge,ENSG00000112175,BMP5,-0.0008129627869955534,-0.001708136520611808,0.8967,0.9757617021276596,0.4759354871145617,-0.10651755834071498,0.5617555297974487,0.8260643894593872,32
all_genes_ridge,ENSG00000112182,BACH2,-0.0006720204836383437,-0.0017632031891003403,0.4566,0.5325851063829787,0.38113615480768076,-0.24949849897260182,0.16143722677438307,0.488953405431973,33
all_genes_ridge,ENSG00000112186,CAP2,0.0014772307544527296,0.003437787052084338,0.6957,0.7124340425531915,0.4297039729546603,0.32535886980246587,0.07935633824641466,0.3614700940097318,30
all_genes_ridge,ENSG00000112200,ZNF451,0.0005684601295388738,0.0016884442337073275,1.4506999999999999,1.4492297872340423,0.33667687578327793,0.2052309417274072,0.2766108813962904,0.6245654860014576,30
all_genes_ridge,ENSG00000112214,FHL5,0.0005059551130520379,0.0049455955737295,0.0911,0.11061276595744682,0.10230418268319794,0.04650645419988494,0.8072041168757831,0.9258657481263485,30
all_genes_ridge,ENSG00000112234,FBXL4,-0.00014699880756587012,-0.00030372428562062254,1.9704,1.8918787234042553,0.4839876642247967,0.17254941508672852,0.35329190083465334,0.6889008183898336,31
all_genes_ridge,ENSG00000112246,SIM1,-0.000787762111430097,-0.002504477171686266,0.2812,0.3688914893617021,0.31454154197768003,-0.09002758536844865,0.618313700154665,0.8540850592830622,33
all_genes_ridge,ENSG00000112249,ASCC3,0.0010550660295658857,0.0021350982552897062,1.9302,1.8905212765957446,0.4941533847222063,0.2282227052332386,0.2014520308506981,0.5435274115086935,33
all_genes_ridge,ENSG00000112280,COL9A1,-9.539075180987542e-05,-0.0012256676854848958,0.0529,0.0788340425531915,0.07782758160270592,-0.34835837722710655,0.059222218235322484,0.3073481274571608,30
all_genes_ridge,ENSG00000112282,MED23,0.00011514485869430027,0.00026608572423177074,2.0926,2.065285106382979,0.4327359501406574,0.13712374773665492,0.44668804429376396,0.7546716207433876,33
all_genes_ridge,ENSG00000112290,WASF1,-0.004670030400564909,-0.010139635773722712,1.1384,1.0460978723404253,0.46057180995272895,-0.3877823546872847,0.03422845224519248,0.25006235486326467,30
all_genes_ridge,ENSG00000112308,C6orf62,0.0022153828401967873,0.0067367643198050714,3.7656,3.732512765957446,0.32884968733192815,0.04852532027828066,0.7990008539740459,0.9248061733378585,30
all_genes_ridge,ENSG00000112319,EYA4,-0.0006906654131414773,-0.0015882886696276875,0.2072,0.37925106382978724,0.4348487943966615,0.015532022267600486,0.9339074375854651,0.9723398424243731,31
all_genes_ridge,ENSG00000112333,NR2E1,-0.0017558499243060224,-0.138941719729578,0.024,0.026870212765957444,0.012637312448150416,-0.37349888698770867,0.03848329052965952,0.2598396485597838,31
all_genes_ridge,ENSG00000112339,HBS1L,8.753931487005446e-05,0.00015634647111617165,2.6949,2.6627340425531916,0.5599059207739282,-0.21113127646702964,0.2542313977057457,0.6063209139313778,31
all_genes_ridge,ENSG00000112357,PEX7,-0.0003884277625529856,-0.0008164865268325088,2.2798499999999997,2.2598606382978725,0.4757307680995774,-0.23221489205876314,0.2009288409954974,0.5432056645256723,32
all_genes_ridge,ENSG00000112367,FIG4,-0.0031873060702166125,-0.005982540547292417,2.0926,2.0977425531914897,0.5327679846079983,-0.5097841436352633,0.003395107578454639,0.08735208989990072,31
all_genes_ridge,ENSG00000112414,ADGRG6,-0.00024110118011857334,-0.0005524943270742182,0.6724,0.7706425531914894,0.4363867071637561,-0.3710273578970885,0.047532160142305484,0.283512059316384,29
all_genes_ridge,ENSG00000112419,PHACTR2,0.0013382642216207634,0.0016000601032491952,1.9302,1.8667893617021276,0.8363837201510053,0.0764344059547954,0.6827751684025071,0.8786040008216794,31
all_genes_ridge,ENSG00000112499,SLC22A2,0.00033431281633260147,0.0004188513224176255,2.2938,2.0308468085106384,0.7981658369918361,0.06471095821374374,0.7387566420028833,0.901297029395369,29
all_genes_ridge,ENSG00000112562,SMOC2,0.00019945463787734193,0.00026476047836540827,0.7061,0.9233893617021277,0.7533399210816702,0.07982261883044932,0.6806270885667453,0.8767008234572077,29
all_genes_ridge,ENSG00000112761,CCN6,0.00046833117404099754,0.0005612357079750879,0.149,0.47633829787234055,0.8344643211151236,0.035230353372698316,0.856028529963827,0.9447119654562627,29
all_genes_ridge,ENSG00000112769,LAMA4,0.0032751398810879516,0.01953687869421526,0.30710000000000004,0.3467191489361703,0.16763885021498848,0.3611111111111111,0.042297907917906594,0.2712041174796473,32
all_genes_ridge,ENSG00000112796,ENPP5,-0.0016454068062113332,-0.001599561489000486,2.1083499999999997,2.0719202127659573,1.028661178408024,-0.19836832723692532,0.2764380267155416,0.6245654860014576,32
all_genes_ridge,ENSG00000112837,TBX18,-0.0014236836026884497,-0.01629962468523964,0.0996,0.115,0.08734456345965357,-0.37385405207187383,0.035047492709179826,0.25006235486326467,32
all_genes_ridge,ENSG00000112874,NUDT12,-0.0004621617911946078,-0.0008235798732123182,2.2798,2.1752531914893614,0.5611620757461893,-0.3664961825011415,0.030352801964140783,0.2362848891362344,35
all_genes_ridge,ENSG00000112893,MAN2A1,-0.002303886476173035,-0.005410201566715665,3.7732,3.6872957446808514,0.4258411535619809,-0.28833739232423733,0.11570918035074505,0.42273534481932845,31
all_genes_ridge,ENSG00000112902,SEMA5A,0.0004164280634145029,0.0008389264990648421,0.40535,0.46969255319148934,0.4963820595471695,0.03612027869453612,0.8444053929911253,0.9411214291927519,32
all_genes_ridge,ENSG00000112984,KIF20A,-0.0006327028160793191,-0.0034771627172966403,0.3566,0.4077276595744681,0.18195950765606422,-0.43476654266123366,0.018428578884117766,0.17914113804179396,29
all_genes_ridge,ENSG00000112992,NNT,-0.0024583890163857054,-0.004517958326440927,3.4843,3.3809042553191486,0.5441371608051837,-0.580549739403301,0.0009608885885403777,0.05029754749669977,29
all_genes_ridge,ENSG00000112996,MRPS30,0.00024484096991878756,0.0007059855728945749,2.7095,2.667395744680851,0.34680732768366324,-0.16125127448764665,0.38615809513047417,0.7126905634140545,31
all_genes_ridge,ENSG00000113048,MRPS27,-0.0025693305354523594,-0.0033360157568516806,3.0635,2.8406000000000002,0.770179376453884,-0.3964538753453989,0.01838309501468802,0.17914113804179396,35
all_genes_ridge,ENSG00000113119,TMCO6,0.0008960499186344087,0.0025095543453648914,3.28805,3.2077372340425536,0.35705539522959495,0.17168359818250686,0.364325277035998,0.6969700951993005,30
all_genes_ridge,ENSG00000113140,SPARC,-0.001246808128455287,-0.000977290318199403,3.5146,3.07406170212766,1.2757807022507437,-0.23004263225066915,0.19778291974189177,0.538578875779054,33
all_genes_ridge,ENSG00000113163,CERT1,0.0013600613354736804,0.006252132437931074,2.6658,2.724668085106383,0.21753559269191447,0.10059172820548494,0.6036247020324979,0.8437418663651689,29
all_genes_ridge,ENSG00000113196,HAND1,0.0024358031760479595,0.008187755079446562,0.2334,0.31744042553191487,0.29749340966029525,0.27300728734176,0.15188470835822698,0.47611893287092805,29
all_genes_ridge,ENSG00000113263,ITK,0.0020576689256589366,0.029321399464471105,0.0916,0.10755744680851062,0.07017635458199138,0.38742906048391745,0.021479475968012154,0.19346491004186223,35
all_genes_ridge,ENSG00000113272,THG1L,-0.0008507654237857292,-0.003272945775259328,1.4597,1.4665808510638298,0.2599387469895739,-0.254538120209762,0.16701671038377727,0.4945440833055139,31
all_genes_ridge,ENSG00000113282,CLINT1,4.385184349192997e-05,8.386848875423589e-05,3.9875,3.885661702127659,0.5228643575590264,-0.1615252957277849,0.40253875132988176,0.7222858445848233,29
all_genes_ridge,ENSG00000113302,IL12B,-0.000703280914309661,-0.005161466689325884,0.0574,0.09604255319148941,0.136256021135247,-0.3000585245834967,0.08977463439139155,0.3785444753162772,33
all_genes_ridge,ENSG00000113312,TTC1,-0.00013475438233559293,-0.0005261646060255326,3.4843,3.486389361702127,0.2561068927716013,0.035029802990016956,0.8490483843089183,0.9416768180009485,32
all_genes_ridge,ENSG00000113319,RASGRF2,0.0017214644858327827,0.011502485080076561,0.4495,0.4562574468085106,0.14966022332117856,-0.07370437588223432,0.6935503954752694,0.879869016713684,31
all_genes_ridge,ENSG00000113327,GABRG2,0.0011922286447056242,0.10957401933921171,0.03165,0.033169148936170206,0.010880577822146003,0.043855744630796716,0.8180051296385284,0.9326418068732042,30
all_genes_ridge,ENSG00000113360,DROSHA,-0.0013967059825594165,-0.003947906532979198,1.69195,1.706394680851064,0.35378395382259065,-0.380231532128938,0.03820053956250801,0.2598396485597838,30
all_genes_ridge,ENSG00000113361,CDH6,-0.00034928941878279406,-0.0013807618761644078,0.2161,0.2813914893617023,0.25296861451090935,-0.013550135912576275,0.944382289848608,0.979216062834827,29
all_genes_ridge,ENSG00000113391,ARB2A,-0.0009405997355740148,-0.0011584824414223236,2.1753,1.7973276595744678,0.8119240326328953,0.019102926624118867,0.9146053509479493,0.9693115163169992,34
all_genes_ridge,ENSG00000113407,TARS1,-0.002283227015651056,-0.005624707331690111,2.6949,2.6137765957446817,0.4059281454142775,-0.15914103618510433,0.38430899439578564,0.7117411561005763,32
all_genes_ridge,ENSG00000113441,LNPEP,0.0015253356091423525,0.00371471529288081,1.6444,1.6459446808510636,0.4106197888343241,0.15612394835218069,0.3935024969236732,0.7149452906404977,32
all_genes_ridge,ENSG00000113456,RAD1,-0.0011136450724387194,-0.0029889232399410745,1.8375,1.8045000000000004,0.37259072349434924,0.13472205205261314,0.48594400122000375,0.7787099466422448,29
all_genes_ridge,ENSG00000113460,BRIX1,-0.0022311742573390162,-0.008564401348173096,2.9077,2.9612851063829786,0.26051724652242697,-0.3122912801323269,0.09293281755804188,0.38334787242692275,30
all_genes_ridge,ENSG00000113492,AGXT2,-0.0019251106548659608,-0.0027280964397638258,3.1756,3.045763829787234,0.7056607775319774,-0.3252475818510569,0.07946513125453783,0.3614700940097318,30
all_genes_ridge,ENSG00000113494,PRLR,-0.0027343132737689,-0.0047419521394742046,0.3473,0.5023021276595744,0.5766218623353894,-0.24388753340990812,0.16452973772794674,0.49145728834544844,34
all_genes_ridge,ENSG00000113522,RAD50,-0.0001749370698764615,-0.00040941645340894034,2.3785,2.310014893617021,0.4272839267202773,0.05322819122720552,0.7839092109333158,0.9191869572703028,29
all_genes_ridge,ENSG00000113525,IL5,0.0012383415614910624,0.0076199532417734125,0.2161,0.2570723404255319,0.16251301316421987,0.27707199595407894,0.1312994769196958,0.44711033835544395,31
all_genes_ridge,ENSG00000113532,ST8SIA4,0.0001947415868376019,0.00033292834684397316,0.10955,0.33680531914893624,0.5849354333557771,0.1817015065378873,0.31959939661207076,0.6560539338162589,32
all_genes_ridge,ENSG00000113555,PCDH12,-0.00041782860176332816,-0.00800198385549458,0.08080000000000001,0.09133617021276595,0.05221562668817748,-0.2801023814823058,0.1338244120697791,0.44853442293624246,30
all_genes_ridge,ENSG00000113578,FGF1,-5.015371975588578e-05,-8.109791777139863e-05,0.26265,0.47287765957446815,0.6184341242553313,-0.14280476626947755,0.4355707864105147,0.7444786105386137,32
all_genes_ridge,ENSG00000113593,PPWD1,0.000481914432400519,0.0015409952426334711,2.23785,2.206201063829787,0.3127293446908735,0.1393123409091766,0.46281831066979207,0.7666927936910494,30
all_genes_ridge,ENSG00000113595,TRIM23,-0.0001005982102615535,-0.00027250853107679937,1.8113000000000001,1.8364744680851068,0.36915618701567376,-0.05364921681696808,0.7631536965298044,0.9112872465585536,34
all_genes_ridge,ENSG00000113597,TRAPPC13,-0.0005655451638444857,-0.0013336672670066383,2.464,2.422548936170213,0.42405266878434283,0.004492939666238768,0.9805297327234397,0.9936209174059956,32
all_genes_ridge,ENSG00000113600,C9,0.0006784145540304521,0.000635351321533479,3.9952499999999995,3.5990010638297862,1.06777861481902,0.0017811422567356704,0.9925469350187806,0.9968152480043062,30
all_genes_ridge,ENSG00000113643,RARS1,-0.0019088614171411627,-0.008848327708114726,3.5298,3.5424446808510637,0.21573132009911458,-0.26809722694181004,0.1596835844368807,0.4857709041586872,29
all_genes_ridge,ENSG00000113658,SMAD5,0.004036950626454024,0.014108749837074306,2.1683,2.1080617021276598,0.2861309948132978,0.1034204466710847,0.5798211685888016,0.8327043840281938,31
all_genes_ridge,ENSG00000113716,HMGXB3,-0.0001731078001492558,-0.00040273539423882115,2.2378,2.1878510638297874,0.42983011333392585,0.060874923444333394,0.7537545515185835,0.9058719569647686,29
all_genes_ridge,ENSG00000113721,PDGFRB,0.002249129558309558,0.0032913444190901756,2.0252499999999998,1.9710499999999995,0.683346764095653,0.23434492497348627,0.19671140245417898,0.5385174191622067,32
all_genes_ridge,ENSG00000113722,CDX1,0.0014915569650404492,0.02202230122553918,0.07605,0.0860244680851064,0.06772938712284511,0.21491374646183475,0.25407726305904593,0.6063209139313778,30
all_genes_ridge,ENSG00000113739,STC2,0.0028803262800973614,0.008137852785068067,0.628,0.7027170212765956,0.3539418021154667,0.26916095747158264,0.14313419518297124,0.46194966938393384,31
all_genes_ridge,ENSG00000113742,CPEB4,-0.004649726601670871,-0.014209425809614897,1.036,1.1028191489361703,0.32722832463255513,-0.33822636334482536,0.03520321693481502,0.25006235486326467,39
all_genes_ridge,ENSG00000113749,HRH2,0.00042498230242810493,0.0014490802670748659,0.15455,0.25323936170212763,0.29327726840555235,0.32279960141974545,0.08188733319443856,0.3656028582034051,30
all_genes_ridge,ENSG00000113805,CNTN3,0.0010228063614082495,0.0020299848915281303,0.2383,0.42229787234042543,0.5038492481775577,-0.12967631406051042,0.4868790292493848,0.7792117726943238,31
all_genes_ridge,ENSG00000113838,TBCCD1,-0.0008130190137406348,-0.001478189765416485,1.5487,1.5616702127659572,0.5500099058740026,-0.4390786936527122,0.015204646241698113,0.1650727455779021,30
all_genes_ridge,ENSG00000113845,TIMMDC1,-0.00025282955647023723,-0.0004962147544467972,2.7973,2.856885106382979,0.5095164023329035,0.18728438222669958,0.3306339389651405,0.6648932682349441,29
all_genes_ridge,ENSG00000113851,CRBN,0.0016843441299651328,0.005515161576226152,3.0858499999999998,3.012696808510638,0.3054024993983359,0.15738478068185363,0.4062009286741691,0.7234586176548898,30
all_genes_ridge,ENSG00000113924,HGD,-0.0038874996861718654,-0.004136894389882863,4.9757,4.683902127659574,0.9397145104015915,-0.0270554458863781,0.8773911698339496,0.9543690427730088,35
all_genes_ridge,ENSG00000113946,CLDN16,-0.0018243884838795373,-0.036555634321757575,0.0532,0.06705957446808512,0.04990717621862406,-0.2777731347997724,0.11755030112824509,0.4262273475561957,33
all_genes_ridge,ENSG00000113966,ARL6,-0.0007842702458320639,-0.001594960826083437,0.8633,0.9419936170212766,0.4917175600844735,-0.4200689757888223,0.020825717019049002,0.18874871370311064,30
all_genes_ridge,ENSG00000114019,AMOTL2,-0.003955563842352576,-0.009867006960930996,2.3502,2.2786510638297877,0.4008879144420256,-0.28899027990783205,0.12839590668657824,0.44141621474533843,29
all_genes_ridge,ENSG00000114023,FAM162A,0.00034973083227889893,0.0002828550241207447,4.6967,4.282242553191489,1.2364313957867206,0.1743341439847035,0.34825816721079883,0.6868593507717375,31
all_genes_ridge,ENSG00000114030,KPNA1,0.0003867071093607909,0.000935821628069058,2.8561,2.7781425531914894,0.4132273691501542,0.005548705976997094,0.9772103519655656,0.9920435104122236,29
all_genes_ridge,ENSG00000114062,UBE3A,-0.00281789560076661,-0.0050038021572824535,2.3502,2.229527659574468,0.5631508825075128,-0.1428571452592976,0.4354006810526235,0.7444786105386137,32
all_genes_ridge,ENSG00000114113,RBP2,-0.0003699411752722463,-0.0003626462770793255,0.3091,0.7519404255319149,1.020115739920653,0.036099628555086596,0.8471178608345775,0.9416768180009485,31
all_genes_ridge,ENSG00000114124,GRK7,0.0035241241077696096,0.017398316127825355,0.1759,0.23047234042553189,0.20255547041896957,0.29579894274004587,0.11924386066479341,0.4269155200215953,29
all_genes_ridge,ENSG00000114200,BCHE,0.000965038523905876,0.0013206111989241664,1.7982,1.8965851063829784,0.7307514313766558,-0.062345983242976834,0.7479923904976222,0.9043761544679905,29
all_genes_ridge,ENSG00000114251,WNT5A,-0.0011618711491118345,-0.0028098212138332355,0.7075,0.8408617021276599,0.4135035864174354,0.10909425009263421,0.5522743010011176,0.8191034576645789,32
all_genes_ridge,ENSG00000114279,FGF12,-0.0002639635902858414,-0.00097666810802533,0.3382,0.384704255319149,0.27026948880263374,0.03079576343767335,0.8739976438320782,0.953126293462966,29
all_genes_ridge,ENSG00000114302,PRKAR2A,-0.0022890423881293353,-0.005926110132299808,2.2798,2.2706489361702125,0.3862638960509839,-0.6105704124196866,0.00043557430869650004,0.028747904373969003,29
all_genes_ridge,ENSG00000114331,ACAP2,-0.0015079431816807255,-0.005326935932284011,2.1683,2.1909297872340425,0.28307890330383045,-0.25606900995409876,0.17998584217032415,0.516440847326061,29
all_genes_ridge,ENSG00000114395,CYB561D2,0.0018899655056906428,0.0036767724501367057,2.1545,2.0731914893617023,0.5140284125062926,0.05204236032520682,0.7809812691131132,0.9191869572703028,31
all_genes_ridge,ENSG00000114423,CBLB,-0.00012568645926160557,-0.0004215156046606424,1.5817,1.5541744680851064,0.2981774764016017,0.23540090891285412,0.20237987708950947,0.5437392095962396,31
all_genes_ridge,ENSG00000114439,BBX,0.0017066980217423358,0.0025865150378862095,1.2962,1.3063170212765955,0.6598446159188424,0.14537702928494195,0.41953503245580964,0.7349730862872694,33
all_genes_ridge,ENSG00000114446,IFT57,4.9582703242360965e-05,0.00014168349875607036,2.4354,2.4405297872340426,0.34995397260569566,-0.010396690533749883,0.9557330307037569,0.9829430237610502,31
all_genes_ridge,ENSG00000114541,FRMD4B,-0.004122583948187633,-0.0074761308810500455,0.7282,0.8523957446808511,0.5514328218406743,-0.3535343511567978,0.05105300801336343,0.29244704212937994,31
all_genes_ridge,ENSG00000114648,KLHL18,0.00043722665455147734,0.0012709767248257804,2.2518,2.1992765957446805,0.3440083882034979,0.09499753573188763,0.6240025947411052,0.8552920440785532,29
all_genes_ridge,ENSG00000114686,MRPL3,-0.0018539482033784868,-0.004347586156955021,2.45685,2.502035106382979,0.4264316189370155,-0.23695047447811818,0.20740590092403804,0.5486074023396299,30
all_genes_ridge,ENSG00000114735,HEMK1,-0.0037131189606122664,-0.006829095450907328,1.5508,1.6114148936170212,0.5437204659540867,-0.04175070592981041,0.823533616238118,0.9353715147395909,31
all_genes_ridge,ENSG00000114737,CISH,0.0017237380287700957,0.0035130511967006277,1.0613,1.1628000000000003,0.49066692520421806,-0.16517092618221185,0.3745610865619498,0.7056324283035037,31
all_genes_ridge,ENSG00000114738,MAPKAPK3,-0.0013696584462323093,-0.003001994807517727,2.5645,2.521574468085106,0.4562494388072726,-0.2633163390820436,0.13871734240397404,0.4567742424495284,33
all_genes_ridge,ENSG00000114742,WDR48,-0.002668010130241301,-0.006163430680300362,2.90035,2.8576521276595748,0.43287744579797577,-0.4751781061646477,0.00796369430353901,0.1268247190017063,30
all_genes_ridge,ENSG00000114757,PEX5L,-0.0017425601155081922,-0.007311815666651921,0.1269,0.21292765957446808,0.23832112227004623,-0.04384674748337577,0.8025097957834921,0.9257677313789362,35
all_genes_ridge,ENSG00000114805,PLCH1,0.0003672685692657237,0.001063356173640914,0.32675,0.392686170212766,0.34538621994190544,0.04450873511475291,0.8153412346124673,0.9312926968711251,30
all_genes_ridge,ENSG00000114812,VIPR1,-0.00041200904025655744,-0.0011525632607851915,0.36555,0.45259468085106375,0.35747195340572757,-0.42385137652420896,0.019588540381429882,0.1837110718776264,30
all_genes_ridge,ENSG00000114861,FOXP1,-0.0015857118957542321,-0.0024887247762337395,0.98115,1.1252627659574468,0.6371583997142249,-0.1803108252016055,0.2786798236653267,0.626719958998468,38
all_genes_ridge,ENSG00000114904,NEK4,0.00018641681880573847,0.0005873571646912421,2.1544999999999996,2.1604191489361697,0.317382386752246,-0.10048592689158228,0.5842366666967733,0.8331650394196428,32
all_genes_ridge,ENSG00000114956,DGUOK,0.0023992869597850683,0.005626845815629341,2.4211,2.4479446808510636,0.4263999829390593,0.17865943814687038,0.3537808786162389,0.6893958584588583,29
all_genes_ridge,ENSG00000115020,PIKFYVE,-0.000391019453590832,-0.0012581751188197386,2.4069,2.395329787234042,0.3107830124296506,0.03179297621181785,0.8699512337622568,0.9517732970792776,29
all_genes_ridge,ENSG00000115042,FAHD2A,-0.00017195600533626677,-0.0002806858245201333,2.5933,2.5992297872340426,0.6126280357415504,-0.05334002341507643,0.7681389280390352,0.9148959535215813,33
all_genes_ridge,ENSG00000115137,DNAJC27,0.0008021673540172332,0.0018015618368289103,0.8259,0.849859574468085,0.44526218174625604,0.11234294502063238,0.5617693675011356,0.8260643894593872,29
all_genes_ridge,ENSG00000115155,OTOF,0.00015728940316182745,0.0022213675467472565,0.0293,0.045578723404255325,0.07080746425423652,-0.12430390321369332,0.5128179066308008,0.7959688980220405,30
all_genes_ridge,ENSG00000115165,CYTIP,0.0010978655214132819,0.0015269076452165986,0.619,0.8512361702127661,0.7190123940060205,-0.052021373386662906,0.7810674578519842,0.9191869572703028,31
all_genes_ridge,ENSG00000115170,ACVR1,-0.0008585379290676155,-0.0012268242873360105,2.0926,2.005857446808511,0.699805129332652,-0.12415919404421177,0.4773220661340499,0.7753610448277023,35
all_genes_ridge,ENSG00000115183,TANC1,-4.0661694332779676e-05,-5.904145645740823e-05,1.7014,1.5577148936170215,0.6886973454340937,-0.05473047304730473,0.7660790779081842,0.9135177064136871,32
all_genes_ridge,ENSG00000115207,GTF3C2,-0.0010345107347187101,-0.0026825383313057454,2.7387,2.7193829787234036,0.385646207789752,-0.15204534253326762,0.43106711632202255,0.7423545437668178,29
all_genes_ridge,ENSG00000115211,EIF2B4,-0.001168245212269168,-0.0039028140707763354,3.153,3.0696957446808506,0.2993340679528667,-0.05153496232541168,0.7906296898432413,0.9224844289063158,29
all_genes_ridge,ENSG00000115221,ITGB6,0.00010908900129574957,0.0003911403299394482,0.1497,0.21816382978723398,0.27889990610949644,0.0770147614862492,0.6752517180420348,0.8757215788020579,32
all_genes_ridge,ENSG00000115232,ITGA4,0.00014550913583103435,0.00031589445576828086,0.32995,0.41789255319148927,0.4606257981867531,-0.26766833777354354,0.1527082850023499,0.4764875162046601,30
all_genes_ridge,ENSG00000115252,PDE1A,-0.0017494929284785265,-0.002868796760466672,0.7737499999999999,0.8900053191489362,0.6098350892567006,-0.18342652932506368,0.31494809321437783,0.6509070190598033,32
all_genes_ridge,ENSG00000115263,GCG,0.00038295071547378185,0.003866330113509603,0.11729999999999999,0.13411063829787234,0.09904759920413626,-0.15048995659235667,0.36713968657335283,0.6992698170870132,38
all_genes_ridge,ENSG00000115267,IFIH1,0.0005506188860288195,0.001796302488127713,2.2239,2.244831914893617,0.30652904489528926,0.05539760281682876,0.763308125164164,0.9112872465585536,32
all_genes_ridge,ENSG00000115271,GCA,-0.0006830176278282655,-0.001096051916216767,1.5694,1.5561829787234045,0.6231617478356605,-0.19949565900451088,0.25057063454879486,0.6013695229171077,35
all_genes_ridge,ENSG00000115306,SPTBN1,-0.0030230384282172195,-0.004345264025023354,1.7787,1.644912765957447,0.6957088017686042,-0.08391842662269819,0.6424277047693912,0.8629443085929409,33
all_genes_ridge,ENSG00000115310,RTN4,0.0006356486412338713,0.0021941136037104897,1.6317,1.6053765957446806,0.2897063489141669,0.12667899048739825,0.5125799261171583,0.7959688980220405,29
all_genes_ridge,ENSG00000115317,HTRA2,-0.0006142543632673384,-0.0025252790906952903,3.01885,3.0055925531914895,0.24324216896684256,-0.31959918047016,0.08513892846376454,0.37070578451258374,30
all_genes_ridge,ENSG00000115318,LOXL3,-0.0005769821844105526,-0.0014322957901412234,2.1683,2.11978085106383,0.40283731082785806,0.08575653031049778,0.658260884275541,0.8696605938470594,29
all_genes_ridge,ENSG00000115325,DOK1,0.003014156752027739,0.008017075318091172,2.1545,2.1357255319148942,0.3759671242237245,0.19454646753769403,0.3029246542777493,0.6422341133989153,30
all_genes_ridge,ENSG00000115339,GALNT3,-0.0014247382953241784,-0.005435390908290225,0.4219,0.45376595744680864,0.2621225077208566,0.01749630412907325,0.9282215256193129,0.9711779259991197,29
all_genes_ridge,ENSG00000115392,FANCL,0.0009732071965940267,0.0014277327785283663,1.877,1.7817595744680852,0.6816452008597567,0.4076550282580274,0.018531272447440583,0.17914113804179396,33
all_genes_ridge,ENSG00000115414,FN1,-0.004778775465716526,-0.008691027773957943,1.3916499999999998,1.4767393617021274,0.5498515929307914,-0.43279590559603703,0.010571417260129381,0.1439229722051695,34
all_genes_ridge,ENSG00000115415,STAT1,0.0004833733930571498,0.000604103470844587,3.7427,3.5959893617021286,0.80015000142501,0.11715441097811272,0.5302331511541853,0.80288670668534,31
all_genes_ridge,ENSG00000115446,UNC50,-0.000869303353736825,-0.002216898251469837,2.2309,2.337851063829788,0.39212595939415074,-0.2233432757640193,0.20419045717727716,0.5469487462267126,34
all_genes_ridge,ENSG00000115474,KCNJ13,0.0010761570394006083,0.00296562578172347,0.3932,0.4956744680851064,0.3628768828598465,0.20452476461894128,0.23857738833636333,0.589235504315093,35
all_genes_ridge,ENSG00000115504,EHBP1,-0.001409443815166569,-0.002878363209038977,2.1545,2.076646808510638,0.4896685069974722,-0.465812495835116,0.010875754444791006,0.14545722684751317,29
all_genes_ridge,ENSG00000115514,TXNDC9,0.0008437323925788917,0.0024581196382573176,2.0041,2.0328319148936163,0.34324301366269355,0.11135748059062683,0.5652279528645049,0.8273303505889018,29
all_genes_ridge,ENSG00000115524,SF3B1,-0.0006960575735982009,-0.0028100325775861877,3.4238,3.416685106382979,0.24770444981677506,-0.20601655991809312,0.2836363308441614,0.6294736114348495,29
all_genes_ridge,ENSG00000115556,PLCD4,-0.0016977646299746563,-0.003625142278561149,0.3752,0.5163255319148937,0.4683304818172582,-0.40722405573890724,0.020709563384298815,0.18874871370311064,32
all_genes_ridge,ENSG00000115590,IL1R2,0.0003984030277549673,0.0006160311698613334,0.6244,0.7516127659574469,0.6467254373583832,0.14855876282333624,0.4418306376975763,0.7506423145214558,29
all_genes_ridge,ENSG00000115657,ABCB6,0.002637720106204043,0.008232818990305719,2.7826,2.789908510638298,0.32039087818036593,-0.1443883219039291,0.454893622222455,0.761980749530821,29
all_genes_ridge,ENSG00000115661,STK16,-0.0028626711018445825,-0.00514015818586514,1.6317,1.5999595744680848,0.5569227635282914,-0.3491327432101909,0.05421979176625969,0.3007540224086164,31
all_genes_ridge,ENSG00000115806,GORASP2,-0.0004208575053988796,-0.0006316827810384823,3.93385,3.847390425531915,0.6662481834742949,-0.24557542514990946,0.17549174162849246,0.5079055553709277,32
all_genes_ridge,ENSG00000115816,CEBPZ,0.002426824202407361,0.015035290770990858,3.1306000000000003,3.110270212765957,0.16140853139266745,0.3778817826109067,0.039509468652034065,0.26304988339380575,30
all_genes_ridge,ENSG00000115825,PRKD3,-0.0002657278570002405,-0.0009295464872902118,1.9974,1.9946702127659575,0.28586828161212574,0.0645956686025418,0.7392060616582572,0.901297029395369,29
all_genes_ridge,ENSG00000115827,DCAF17,-0.0025496041077140226,-0.007412837132293173,1.3477,1.3868851063829788,0.3439444388447394,-0.6174695131249938,0.00035905654105776425,0.025351061829101684,29
all_genes_ridge,ENSG00000115828,QPCT,-0.0004096398759778162,-0.0005071335753106634,1.0819,1.244442553191489,0.8077553842237248,0.016537260008475423,0.9296401043673638,0.9713205457926475,31
all_genes_ridge,ENSG00000115840,SLC25A12,-0.0035545397415570534,-0.007401703491094265,1.5632,1.6442425531914893,0.48023265804066295,-0.4077077468790465,0.018514621094094068,0.17914113804179396,33
all_genes_ridge,ENSG00000115866,DARS1,0.0013483762314060303,0.008167864908248727,4.0028,4.006012765957446,0.16508307208219192,0.13072531899624246,0.48333146417447187,0.7786794339058732,31
all_genes_ridge,ENSG00000115896,PLCL1,-0.002016944051482389,-0.005140873344984295,1.0664500000000001,1.0158308510638299,0.3923349042337768,-0.3111192606343159,0.08305214334030829,0.3684325177980318,32
all_genes_ridge,ENSG00000115919,KYNU,-0.0017593059170217566,-0.001783704843301688,3.1082,3.0592468085106383,0.9863212087069472,0.08045835631186501,0.6782177316464139,0.8758268963328424,29
all_genes_ridge,ENSG00000115942,ORC2,-0.00047963976688291223,-0.0011157698121061338,1.8837,1.9574382978723408,0.42987340370639826,-0.12470733304790566,0.5192170624570062,0.7978689436438281,29
all_genes_ridge,ENSG00000115956,PLEK,0.001926775409849298,0.004986157563556739,0.1917,0.29861914893617025,0.38642489437796373,0.20651488667134474,0.233939953573322,0.5855293840334025,35
all_genes_ridge,ENSG00000115963,RND3,-0.0006090448547432911,-0.0009660801365167016,3.7885,3.7091893617021268,0.6304289175629499,0.05931814776553024,0.7389550515845881,0.901297029395369,34
all_genes_ridge,ENSG00000115966,ATF2,0.0017858021416007803,0.0032144797988826737,2.4069,2.2043936170212763,0.5555493433872287,0.08770903132667744,0.6274212914910033,0.8568830593642314,33
all_genes_ridge,ENSG00000116106,EPHA4,-0.0022380861685392123,-0.003608021792567844,1.3944,1.4464106382978728,0.6203083842645964,-0.14922363683116333,0.4230158011451375,0.7373131031145052,31
all_genes_ridge,ENSG00000116117,PARD3B,-0.0006880072972801142,-0.0011342253290826806,1.5725500000000001,1.432018085106383,0.6065878442659617,-0.20148501322163415,0.2688074263920952,0.6225014084869573,32
all_genes_ridge,ENSG00000116132,PRRX1,-0.0011757323546872415,-0.01260938276721468,0.1344,0.16429148936170215,0.09324265718574519,-0.14634146341463414,0.4241670457285792,0.7373131031145052,32
all_genes_ridge,ENSG00000116147,TNR,-0.0042408277729691106,-0.020535667500890368,0.059649999999999995,0.12814787234042552,0.20651034463745777,-0.28429499509846334,0.10320111929058991,0.4063795047551634,34
all_genes_ridge,ENSG00000116194,ANGPTL1,0.0010954393699477375,0.008110923325928691,0.2626,0.2832085106382979,0.13505729568986044,-0.03083824062873954,0.860406015874181,0.9478202700268554,35
all_genes_ridge,ENSG00000116205,TCEANC2,-0.0019027371956815656,-0.003931986664404319,2.038,2.0371468085106383,0.4839124234338732,-0.43327172232849437,0.01888059583114493,0.18025625453885538,29
all_genes_ridge,ENSG00000116218,NPHS2,-0.0011320153358919157,-0.008212125577239937,0.08510000000000001,0.12980851063829785,0.13784681264852036,-0.34070068323219244,0.056372325585721215,0.30616526024731594,32
all_genes_ridge,ENSG00000116221,MRPL37,0.00012143899167769859,0.00036248848852430174,3.8191,3.7734319148936164,0.3350147536328099,0.22305520469842258,0.20478986858327247,0.5472686164755913,34
all_genes_ridge,ENSG00000116455,WDR77,0.00034956866122178053,0.0010351336130754374,2.8267,2.820665957446808,0.3377039029610809,-0.01723663767410619,0.925401012663017,0.9708120479029481,32
all_genes_ridge,ENSG00000116668,SWT1,-0.002109384877448682,-0.0036866032814105356,1.7078,1.6994829787234045,0.5721757174375454,-0.41700283220119677,0.01960552666896281,0.1837110718776264,31
all_genes_ridge,ENSG00000116675,DNAJC6,0.0009301301477199268,0.0023172405220442567,0.1128,0.2208021276595745,0.4013955991497038,-0.3794675984143506,0.0423301494956661,0.2712041174796473,29
all_genes_ridge,ENSG00000116678,LEPR,-0.0009600759927549435,-0.0010580559981287635,0.6612,0.9496617021276595,0.9073962006291694,-0.17404457081527291,0.3490719443763085,0.6869183374003242,31
all_genes_ridge,ENSG00000116679,IVNS1ABP,0.0015579601815207992,0.002670509150433281,3.198,3.215412765957447,0.5833944367005915,-0.19382815651472368,0.2961198165790287,0.6372390171045502,31
all_genes_ridge,ENSG00000116698,SMG7,0.0016062829854854995,0.0033959147949578633,2.1407,2.098391489361702,0.4730045017237926,0.15995070977883552,0.40720174215210214,0.7238082489307858,29
all_genes_ridge,ENSG00000116701,NCF2,-0.0012846481279634551,-0.001600748837281865,0.26354999999999995,0.49193936170212765,0.8025294774818257,-0.19376850939536916,0.2574860012419505,0.612159357690338,36
all_genes_ridge,ENSG00000116703,PDC,-0.0018571021982101922,-0.0038857675219004886,0.04825,0.15579468085106382,0.4779241649798706,-0.33066311455037806,0.07430247116673377,0.3491986106226064,30
all_genes_ridge,ENSG00000116717,GADD45A,-0.0010714601507426798,-0.0033390873985299874,4.1103,4.083187234042552,0.3208841287635608,0.1987903150166525,0.3012330780359966,0.6422341133989153,29
all_genes_ridge,ENSG00000116729,WLS,-0.0001035017945845544,-0.00015449807715254844,2.5069,2.462078723404255,0.6699228656571481,0.05027107101874567,0.7956557312022803,0.9240182501553971,29
all_genes_ridge,ENSG00000116745,RPE65,0.0011246690032189212,0.005086722688913559,0.0383,0.11115744680851065,0.22109894169582345,-0.5775756716820027,0.0003479356662324267,0.025332158136682124,34
all_genes_ridge,ENSG00000116747,RO60,0.002455383167974606,0.00559246827130105,1.9839,2.0226787234042556,0.4390517833735295,0.23647896728243936,0.20833821890966422,0.5490580144181776,30
all_genes_ridge,ENSG00000116748,AMPD1,0.0009149863049682555,0.002876357477116919,0.2717,0.3372936170212765,0.3181059072968151,0.33040847369259213,0.06946137647725549,0.33662996712351245,31
all_genes_ridge,ENSG00000116754,SRSF11,-0.0015364260629545936,-0.0033299740809824086,3.6285,3.5662297872340423,0.46139279934014304,-0.12368140006379401,0.48587289702335074,0.7787099466422448,34
all_genes_ridge,ENSG00000116774,OLFML3,0.0006624450142646109,0.0007633641854716653,2.8414,2.9206021276595746,0.8677968221096216,0.21413449045207755,0.24738089725906673,0.5989221723114247,31
all_genes_ridge,ENSG00000116783,TNNI3K,-0.000699888027373944,-0.0012128507444991766,0.0658,0.2402957446808511,0.5770603106344707,0.08885731034973159,0.6229038415327568,0.8547664308725309,33
all_genes_ridge,ENSG00000116857,TMEM9,-0.002678961540678104,-0.003142393416274731,3.5753,3.3958404255319143,0.8525226430285677,-0.26856336301347267,0.144058654220301,0.46194966938393384,31
all_genes_ridge,ENSG00000116874,WARS2,1.7522509290891516e-05,4.7626016817187136e-05,1.8342,1.78655744680851,0.36791884902220173,0.12699625619714222,0.47416628349339407,0.7727154249521978,34
all_genes_ridge,ENSG00000116885,OSCP1,-0.0005643909787681786,-0.0017416450938386255,0.9356,0.9593404255319149,0.32405625047537556,-0.03523469502696,0.8560109703937794,0.9447119654562627,29
all_genes_ridge,ENSG00000116906,GNPAT,-0.0021041470516238903,-0.004907408349329412,3.3859500000000002,3.3521223404255323,0.42876950558056126,-0.31556099732858417,0.08938137120579817,0.37829975327317544,30
all_genes_ridge,ENSG00000116981,NT5C1A,-0.002997255240776043,-0.03368929342142629,0.1048,0.1282829787234043,0.08896758988924942,-0.19118009942107617,0.3204895168443399,0.6569926894931911,29
all_genes_ridge,ENSG00000116984,MTR,0.0011506582456164264,0.002165403508407031,2.2522,2.254540425531915,0.5313828305667163,0.15088461951167706,0.42609886918916745,0.7396433201019511,30
all_genes_ridge,ENSG00000116991,SIPA1L2,-0.0016320728760491287,-0.004340482487319418,1.1743,1.1841340425531912,0.37601185601305337,-0.41700282371924163,0.019605529409865267,0.1837110718776264,31
all_genes_ridge,ENSG00000117000,RLF,-0.0006273923044007744,-0.002463480191285329,1.6569,1.6777191489361702,0.25467722720897157,-0.07988166651612039,0.6804031760279311,0.8767008234572077,29
all_genes_ridge,ENSG00000117009,KMO,-0.0011965268422781477,-0.0012345308787359026,3.8038,3.7197595744680845,0.9692158073059549,-0.23136627008155192,0.22719773181730993,0.5752896695557572,29
all_genes_ridge,ENSG00000117016,RIMS3,0.0007837559391735383,0.006269617577112843,0.11365,0.1501372340425532,0.12500857182017436,0.19086909011699363,0.2953672111470666,0.6364335365809044,32
all_genes_ridge,ENSG00000117069,ST6GALNAC5,0.0009102302534248585,0.0032455504043199805,0.07045,0.14205851063829789,0.2804548196858379,0.30124679640943375,0.09383875966100097,0.38499253287945806,32
all_genes_ridge,ENSG00000117114,ADGRL2,0.0007070402433345243,0.0010110943392248994,1.9436,1.8429829787234049,0.6992821697296202,0.06745799572176236,0.7091484151716095,0.8874586102477355,33
all_genes_ridge,ENSG00000117151,CTBS,-0.0009119052391119889,-0.0007651498880941041,3.1082,2.879048936170213,1.1917994804696823,-0.20970922273015966,0.27490326994147024,0.6245654860014576,29
all_genes_ridge,ENSG00000117154,IGSF21,-0.000187277804784913,-0.00365920801467184,0.0423,0.05654468085106385,0.05117987390550362,0.07443924081833868,0.7011506377272558,0.8836418996014731,29
all_genes_ridge,ENSG00000117155,SSX2IP,-0.0006628174244853671,-0.0014287471159265402,1.4062,1.437940425531915,0.4639151443224654,0.09463955709564383,0.6253160978043399,0.8557756395543702,29
all_genes_ridge,ENSG00000117222,RBBP5,-0.0002541632656033541,-0.0007274596391390831,2.2378,2.252934042553191,0.3493846970041462,-0.41757023164120255,0.024204857847173637,0.20857262071764307,29
all_genes_ridge,ENSG00000117394,SLC2A1,-0.0012721500245129803,-0.0017213718424186977,1.9369,1.9110808510638293,0.7390326675295698,-0.22063124938136724,0.23298359691011752,0.5850605460869452,31
all_genes_ridge,ENSG00000117475,BLZF1,0.0004297649033273319,0.0010637986911022554,2.3361,2.2706340425531915,0.4039908179263041,0.19072113057163972,0.3040792269297258,0.6423955480126771,31
all_genes_ridge,ENSG00000117479,SLC19A2,0.0015226882620148008,0.0038349345590100166,2.7533,2.729780851063829,0.39705716970770966,-0.018763241048881413,0.9201975790847237,0.9708120479029481,31
all_genes_ridge,ENSG00000117528,ABCD3,-0.0033286465393402467,-0.006614594343247744,4.09495,4.052064893617022,0.5032276155737605,-0.4113064869289833,0.023940351821558504,0.2076654518007189,30
all_genes_ridge,ENSG00000117543,DPH5,-0.0010484748371592596,-0.0020526766115238015,2.322,2.3714063829787237,0.5107842274194988,-0.3595483033377895,0.04696526015930845,0.2817029149025692,31
all_genes_ridge,ENSG00000117569,PTBP2,-0.0010069303195861454,-0.0027912146896965306,1.9436,1.897623404255319,0.3607498639581973,-0.14837926583687178,0.43390911746655375,0.743841871948487,30
all_genes_ridge,ENSG00000117593,DARS2,-0.0014356764999076557,-0.0038041635184432746,1.9670999999999998,1.8898872340425534,0.377396106383765,-0.44334373315853637,0.014134863852060345,0.16058990750202842,30
all_genes_ridge,ENSG00000117594,HSD11B1,-0.0007040421463344281,-0.0006528603365252197,5.5352,5.271180851063829,1.0783962617205667,0.1193797529559698,0.5151888403744157,0.7961584872375733,32
all_genes_ridge,ENSG00000117595,IRF6,-0.00025655945976096645,-0.0004163130057185007,2.5284500000000003,2.529445744680851,0.6162657813636618,-0.32691427478648144,0.05914095523706242,0.3073481274571608,34
all_genes_ridge,ENSG00000117597,UTP25,0.0007474049907039421,0.0017218425636497563,2.00755,2.088490425531915,0.4340727813811747,-0.28444784187002164,0.10300789860551299,0.40614542878745125,34
all_genes_ridge,ENSG00000117600,PLPPR4,0.00037613955978495043,0.0046238123215342096,0.071,0.08052765957446809,0.08134836226660364,-0.009368465896742149,0.9587329510085034,0.9829430237610502,33
all_genes_ridge,ENSG00000117601,SERPINC1,-0.001659655677986511,-0.0021726437571471273,6.0336,6.047008510638296,0.7638876242489865,0.056983342353237744,0.7488931842556902,0.9043761544679905,34
all_genes_ridge,ENSG00000118017,A4GNT,-0.000824450392260954,-0.0010620515508375592,0.7748,0.9890148936170212,0.776280955110675,-0.03375215672768999,0.8620108660647919,0.9488480206908709,29
all_genes_ridge,ENSG00000118113,MMP8,0.00038624852595014943,0.0010193304997438493,0.0801,0.17447872340425533,0.37892374067803425,-0.34308188785800725,0.058824209034332435,0.307097976142292,31
all_genes_ridge,ENSG00000118217,ATF6,0.001330904607105762,0.00494863529362666,2.5356,2.569936170212766,0.26894376492440897,0.053410652696592884,0.7831859129356524,0.9191869572703028,29
all_genes_ridge,ENSG00000118245,TNP1,-7.072259914798634e-05,-0.0016138008183779484,0.0321,0.0426936170212766,0.04382362330133809,-0.22504313532166625,0.24050840841836987,0.5916903410877388,29
all_genes_ridge,ENSG00000118246,FASTKD2,-0.002634392082555495,-0.00633565459120399,2.0414,1.9876617021276597,0.4158042463698879,-0.14809720484750497,0.4032275224827122,0.7223458080203505,34
all_genes_ridge,ENSG00000118257,NRP2,-0.0006792383819333416,-0.0012614917021716908,0.9644,1.0909936170212764,0.538440626096878,-0.023236376118721376,0.8978695660284355,0.9642676688632253,33
all_genes_ridge,ENSG00000118263,KLF7,-0.002336302377712374,-0.009824812168464595,0.85205,0.8941542553191488,0.2377961367252772,-0.28088137797855894,0.13270099512588698,0.4479043091537342,30
all_genes_ridge,ENSG00000118271,TTR,-0.0016988140034781287,-0.0017848857787929242,7.2507,7.127574468085107,0.9517774322942929,-0.35571711282136953,0.05825078678003554,0.30692320945989854,29
all_genes_ridge,ENSG00000118402,ELOVL4,0.00032858520583340875,0.0011582017723831743,0.2626,0.33192340425531924,0.2837029036463096,-0.21359941520370235,0.2658924126548983,0.620231093604285,29
all_genes_ridge,ENSG00000118407,FILIP1,0.0008789686449814435,0.0030171386179219453,0.149,0.2481893617021277,0.29132524430940243,-0.15025217295108,0.3889477628129887,0.7127270704897838,35
all_genes_ridge,ENSG00000118420,UBE3D,0.0004836094936346429,0.0010310471985125545,1.5386,1.5944510638297873,0.469046901375926,0.0456883512157339,0.8071877459071012,0.9258657481263485,31
all_genes_ridge,ENSG00000118434,SPACA1,0.0024972584530208045,0.020105934990370083,0.0247,0.05317021276595745,0.12420503966698831,-0.41644073239431334,0.024630887927099752,0.20956523661069412,29
all_genes_ridge,ENSG00000118454,ANKRD13C,-0.0015750716898068303,-0.005671903250649456,2.3998999999999997,2.4418085106382983,0.2776972067756054,-0.3893626924046186,0.02761687565262213,0.22240009146249543,32
all_genes_ridge,ENSG00000118491,ZC2HC1B,0.0026514848929707754,0.009169547193962376,0.3294,0.3850468085106382,0.2891620313287255,0.09705028387839591,0.5850519683137142,0.8331650394196428,34
all_genes_ridge,ENSG00000118492,ADGB,-0.0008338633453395405,-0.0027160069881899027,0.0777,0.18171914893617022,0.3070181148154089,-0.3471158007306404,0.05572180550280899,0.30398922936988804,31
all_genes_ridge,ENSG00000118495,PLAGL1,0.00315011901285603,0.008495390323010705,0.8718,0.8856595744680851,0.3708033289916749,0.054523200515572315,0.774756200294839,0.9180951694360387,30
all_genes_ridge,ENSG00000118496,FBXO30,-0.0005468420524274219,-0.0008449490247899738,2.2868,2.0966297872340425,0.6471894000509067,-0.07922554850426018,0.677298206384812,0.8758268963328424,30
all_genes_ridge,ENSG00000118514,ALDH8A1,-0.002828089767670757,-0.0026531566753468325,2.4497,2.3576468085106383,1.065933947267195,-0.4621258810764296,0.011607385449961174,0.14576412046054452,29
all_genes_ridge,ENSG00000118520,ARG1,-8.096441976741749e-05,-8.284370270877507e-05,1.7142,1.8559021276595746,0.9773153193313446,0.10618378911061838,0.5835419567323521,0.8331650394196428,29
all_genes_ridge,ENSG00000118526,TCF21,0.0025062765163496943,0.043137838707256036,0.071,0.08959787234042552,0.05809926021926833,-0.1591574025455211,0.37632146174853753,0.7061260555429912,33
all_genes_ridge,ENSG00000118557,PMFBP1,0.0002149474952877894,0.011647598914546902,0.0395,0.04262978723404255,0.018454232229729126,0.2203672801628342,0.24193348377339058,0.5918495788569219,30
all_genes_ridge,ENSG00000118596,SLC16A7,0.00024794702761992625,0.00029273266655516293,1.43125,1.4313074468085107,0.8470084003187351,0.116154876039904,0.5410355573478255,0.8123560594005925,30
all_genes_ridge,ENSG00000118689,FOXO3,-0.0010535444101648491,-0.002989744695531824,1.7206,1.6635765957446815,0.35238607889809864,-0.07451850395856703,0.6903308308390795,0.8797621381486848,31
all_genes_ridge,ENSG00000118690,ARMC2,0.0009890768616942422,0.0034361056033270615,0.3029,0.36494893617021273,0.2878482141924141,0.16337233087447128,0.3798570082851312,0.7092656377576894,31
all_genes_ridge,ENSG00000118705,RPN2,-0.0005295524881453732,-0.0012545716880209164,4.8361,4.733308510638297,0.422098229381169,-0.24208003136631168,0.1974477397090273,0.538578875779054,30
all_genes_ridge,ENSG00000118729,CASQ2,-0.0023185977578931653,-0.03073866019158202,0.07655,0.09710744680851062,0.07542936951195187,-0.29199144464515814,0.09380781046471968,0.38499253287945806,34
all_genes_ridge,ENSG00000118733,OLFM3,0.0008178125154578901,0.005532007639533135,0.0486,0.10781914893617021,0.14783286082499122,0.032254239297995965,0.8496930199763996,0.9416965045102715,37
all_genes_ridge,ENSG00000118855,MFSD1,-0.0026807279381688216,-0.0075811283243042305,3.6818,3.6223085106382986,0.35360540324514944,0.1230124500901262,0.524955744508264,0.7986190955289995,29
all_genes_ridge,ENSG00000118900,UBN1,-0.0032862313432730425,-0.010835223985994215,2.2658,2.296353191489362,0.30329150071294125,-0.46330360361644635,0.011369314807742394,0.14576412046054452,29
all_genes_ridge,ENSG00000118922,KLF12,0.0022012177846047086,0.0050747980964069815,0.35019999999999996,0.4983063829787234,0.43375475098471356,0.06386292992998553,0.7374206841834865,0.9006698579550116,30
all_genes_ridge,ENSG00000118946,PCDH17,-0.000785161282790821,-0.0321588538276239,0.057499999999999996,0.06109574468085108,0.024415089138418885,-0.18685248084401887,0.3058363533487059,0.6423955480126771,32
all_genes_ridge,ENSG00000119203,CPSF3,-0.001650178485404486,-0.0036938791117632317,3.1082,3.0607893617021285,0.446733213371672,-0.45630444941969733,0.008665798972847286,0.12999020987850446,32
all_genes_ridge,ENSG00000119285,HEATR1,-0.002182273747340411,-0.00944759406260918,1.8538999999999999,1.872129787234042,0.2309872474281271,-0.5578057228256408,0.0013613158016590953,0.05633920126897774,30
all_genes_ridge,ENSG00000119321,FKBP15,-0.0015208805059718717,-0.0033714218270071987,2.9595,2.9372425531914894,0.45110952708102764,-0.3149632676611114,0.09002276389273788,0.3785444753162772,30
all_genes_ridge,ENSG00000119328,ABITRAM,0.0007991009425676668,0.001627192722856113,2.1545,2.07361914893617,0.4910917627292809,0.25504439582947364,0.16614524480660126,0.4930865860683995,31
all_genes_ridge,ENSG00000119397,CNTRL,-0.0012900629508030997,-0.002552956538578747,1.2001,1.1999382978723405,0.5053211565917565,-0.4711249611896595,0.008592656058385323,0.12999020987850446,30
all_genes_ridge,ENSG00000119401,TRIM32,0.00042813203844382816,0.0010500094730618945,1.2097,1.2750999999999997,0.4077411198923452,-0.046192637652993654,0.8050999598291425,0.9258657481263485,31
all_genes_ridge,ENSG00000119408,NEK6,-0.00036064992376847246,-0.00044240166989238287,1.001,1.1509808510638295,0.8152092279764743,-0.39850761521550326,0.026384073445616295,0.21707871810539586,31
all_genes_ridge,ENSG00000119487,MAPKAP1,-0.0007098520596721418,-0.0014780444785660134,2.5427999999999997,2.3818489361702126,0.4802643424918,0.09359002893389717,0.6227801439604853,0.8547664308725309,30
all_genes_ridge,ENSG00000119508,NR4A3,-0.00023822237985481715,-0.0013299313243816276,0.3175,0.35111063829787237,0.17912382052177198,-0.2483370363613979,0.19395399184872272,0.5348268113103745,29
all_genes_ridge,ENSG00000119509,INVS,-0.0003713882771484754,-0.0006660020975096828,1.342,1.287291489361702,0.5576382995446586,-0.06776243125424077,0.7172042529639603,0.893855546797448,31
all_genes_ridge,ENSG00000119523,ALG2,0.003436675477468336,0.014051062955166293,2.50695,2.544752127659575,0.24458473273046857,0.06913625643485904,0.7069287011317658,0.8858083121616344,32
all_genes_ridge,ENSG00000119681,LTBP2,0.0015549914015423778,0.0055109897966380455,0.6730499999999999,0.7117882978723404,0.282161909007887,0.237231558161633,0.20685147326117992,0.5486074023396299,30
all_genes_ridge,ENSG00000119684,MLH3,0.000289908285524566,0.0007326929364724454,1.1716,1.1975893617021274,0.3956750107628049,0.011033099297893681,0.9514084002668723,0.9829430237610502,33
all_genes_ridge,ENSG00000119689,DLST,-0.003522858148888772,-0.00997347523670693,3.83435,3.9124010638297873,0.35322272981869446,-0.5594655343441315,0.0013076417959034436,0.05633920126897774,30
all_genes_ridge,ENSG00000119718,EIF2B2,-0.0013891500972007722,-0.003118253360751557,3.288,3.1775936170212775,0.4454898099960553,-0.192895999174463,0.31608289074347623,0.6514783817360448,29
all_genes_ridge,ENSG00000119720,NRDE2,0.0007473615828744308,0.0024603063397347445,1.74635,1.7302648936170217,0.3037676938047507,0.15177478674130743,0.4233426296705086,0.7373131031145052,30
all_genes_ridge,ENSG00000119723,COQ6,-0.002017262742437228,-0.004931355869854031,3.1082,3.032268085106383,0.4090685798542743,-0.1469101682394003,0.4469701183977341,0.7547281865714798,29
all_genes_ridge,ENSG00000119812,FAM98A,-0.0012253626848220426,-0.002700839572195842,2.8267,2.8067361702127664,0.45369695313883296,0.0520217104823478,0.7886962439925805,0.9216635091460641,29
all_genes_ridge,ENSG00000119844,AFTPH,-0.0021499295679598403,-0.006222496851144584,2.1269,2.080868085106384,0.34550914518572656,-0.23799460772252448,0.2053515142512554,0.5472686164755913,30
all_genes_ridge,ENSG00000119865,CNRIP1,-3.7627692665384926e-05,-6.244590762121209e-05,1.2317,1.3286361702127663,0.6025645890781043,-0.05898366606170599,0.7526204041815958,0.9052914211946613,31
all_genes_ridge,ENSG00000119913,TECTB,0.00127668889145021,0.006017088448922174,0.1608,0.20718297872340427,0.2121771854091492,0.17766776976308052,0.3306412867957133,0.6648932682349441,32
all_genes_ridge,ENSG00000119919,NKX2-3,-0.00016070895368151084,-0.0009151460479061945,0.0549,0.09841702127659574,0.17561017069264998,-0.3070851289109567,0.10514863250903138,0.407702743674865,29
all_genes_ridge,ENSG00000119927,GPAM,-0.0004135379727983775,-0.0005020426213482762,3.3487,3.298897872340425,0.8237108867127411,0.04512105952900099,0.8062915840676664,0.9258657481263485,32
all_genes_ridge,ENSG00000119929,CUTC,-0.0021397663922424594,-0.004874684629480906,2.1961,2.262485106382979,0.4389548360321964,-0.23249861023240434,0.21632313952299928,0.5619759328569122,30
all_genes_ridge,ENSG00000119938,PPP1R3C,-0.0012800218780705693,-0.002462013399495753,3.6665,3.6023531914893616,0.5199085749625617,-0.0677673730901922,0.7268732979574863,0.8981466811003024,29
all_genes_ridge,ENSG00000119943,PYROXD2,-0.004599328542587765,-0.008447021423822958,2.6078,2.5355808510638296,0.5444911657991508,-0.3472044054673545,0.05153535599244397,0.29354848178810483,32
all_genes_ridge,ENSG00000119969,HELLS,-0.0012423986873459168,-0.0040628680500978025,0.6365,0.7214659574468084,0.30579351138809674,-0.6785362453437069,5.2163454785575805e-05,0.010557883248600543,29
all_genes_ridge,ENSG00000120008,WDR11,-0.001397628888678501,-0.002768641223275314,2.55,2.5198489361702125,0.504806790034391,-0.03550133388760722,0.8470400964134416,0.9416768180009485,32
all_genes_ridge,ENSG00000120051,CFAP58,0.000648716590928172,0.016523686153133686,0.0369,0.04977234042553192,0.03925979862581353,0.2397732873336619,0.21028088119836366,0.5513063517428601,29
all_genes_ridge,ENSG00000120053,GOT1,-0.0006851654909391191,-0.001160791579415491,4.5729,4.556606382978723,0.5902571168582474,0.04624278410402332,0.8015702320799879,0.9257677313789362,32
all_genes_ridge,ENSG00000120057,SFRP5,-0.0006823613737729161,-0.0016799217685325534,0.5725,0.6732106382978724,0.4061863990065281,0.10644327448704,0.5826172435192711,0.8331650394196428,29
all_genes_ridge,ENSG00000120075,HOXB5,0.0013927265398230731,0.10026748584315606,0.0876,0.0865723404255319,0.013890111316859514,0.31284979192692286,0.09844939223195952,0.39536025769342475,29
all_genes_ridge,ENSG00000120094,HOXB1,0.0007927213717226901,0.0865674735677889,0.0331,0.03427446808510638,0.009157265876564239,-0.07405125902516213,0.702637960718188,0.883682207431822,29
all_genes_ridge,ENSG00000120129,DUSP1,0.0032865934920388597,0.009457310826395827,3.8955,3.890178723404255,0.3475188192890746,0.3646372036417353,0.04371380971473259,0.2773053694751085,31
all_genes_ridge,ENSG00000120156,TEK,0.0006523391380224999,0.0023780654458459513,0.4875,0.5250404255319148,0.274315048461773,0.2410870684309575,0.1629647593043808,0.490347878343013,35
all_genes_ridge,ENSG00000120158,RCL1,0.00038079385027669463,0.0008048245567319086,3.7275,3.7057574468085095,0.4731389556786835,0.12148118808974243,0.5150456973999799,0.7961584872375733,31
all_genes_ridge,ENSG00000120217,CD274,0.0009318105893729959,0.001881702722178556,0.8981,0.9651382978723403,0.4951954303888049,0.20551996681193085,0.28482412415861197,0.6302667936920889,29
all_genes_ridge,ENSG00000120279,MYCT1,0.00016028243329038286,0.0008410401194663031,0.13565,0.18848829787234042,0.1905764416947112,-0.35376571583910355,0.05512882775853923,0.30211393695834854,30
all_genes_ridge,ENSG00000120332,TNN,-0.0008330732979725892,-0.006755946473656407,0.0732,0.1094595744680851,0.12330963562559415,-0.3654509610645638,0.051238384564842844,0.29295618745548563,29
all_genes_ridge,ENSG00000120334,CENPL,-0.0010533683194662521,-0.004080028040232636,0.3806,0.4552595744680851,0.25817673532611085,-0.3621581780270386,0.05353169314617117,0.29930427328135484,29
all_genes_ridge,ENSG00000120370,GORAB,-0.0015713121557706714,-0.007030156324526277,1.4959,1.4995978723404255,0.2235102724940549,-0.16821416518026105,0.34940262498965513,0.6869183374003242,33
all_genes_ridge,ENSG00000120451,SNX19,-0.0009877885460090176,-0.0015833548346974695,2.9299,2.8399851063829793,0.6238579782388157,0.23228390398492083,0.2167596932874783,0.5619759328569122,30
all_genes_ridge,ENSG00000120457,KCNJ5,7.953363070149056e-05,0.0008013468275021401,0.06945,0.10127553191489362,0.09924994767796488,-0.14391786658688155,0.43196373172871333,0.7427474283933794,32
all_genes_ridge,ENSG00000120526,NUDCD1,-0.004148634665355184,-0.012499248243178001,2.1822,2.185951063829787,0.3319107345211324,-0.46480703230883175,0.005612564593143335,0.10685998898878743,34
all_genes_ridge,ENSG00000120594,PLXDC2,0.0001043826710471818,0.00024689885730160585,0.705,0.7589999999999999,0.4227750269401627,0.061360277861116044,0.7518519648337187,0.9052380402245361,29
all_genes_ridge,ENSG00000120658,ENOX1,0.0021535488968306817,0.005080979234375622,0.1545,0.31465531914893624,0.4238452466526014,0.0016008537886872999,0.9924972936530373,0.9968152480043062,37
all_genes_ridge,ENSG00000120659,TNFSF11,-0.002281623342371966,-0.0041852318117421876,0.2869,0.45975531914893614,0.545160565770954,-0.38966804758938167,0.030242736547167817,0.23603328575116064,31
all_genes_ridge,ENSG00000120685,PROSER1,-0.0008405575992138353,-0.0027284856181228746,1.6506,1.6630829787234043,0.30806744724281027,0.03912473550192694,0.8344753826489516,0.9378413100260756,31
all_genes_ridge,ENSG00000120694,HSPH1,0.002130791079909804,0.010905932872210401,3.37845,3.377554255319148,0.19537907530490217,0.12455476402493322,0.5119609104525582,0.7959688980220405,30
all_genes_ridge,ENSG00000120697,ALG5,0.0008703034797200953,0.0018145607398128798,4.03345,3.9775351063829776,0.4796221259641285,-0.062110420060874534,0.744384673037681,0.9028578394321931,30
all_genes_ridge,ENSG00000120708,TGFBI,-0.000227082493758001,-0.0002318465398945535,4.54195,4.386671276595744,0.9794517263931596,0.10852626892252894,0.5680977027920416,0.8273303505889018,30
all_genes_ridge,ENSG00000120709,FAM53C,9.22127702614991e-05,0.00028585741018487086,2.1961,2.1742936170212763,0.32258310254004924,0.30650529656647973,0.09353085787612503,0.3847692202058477,31
all_genes_ridge,ENSG00000120725,SIL1,0.0010961880133653378,0.0009599801346629683,1.49775,1.7583627659574472,1.141886143040022,0.23411862650790538,0.19715652620096072,0.538578875779054,32
all_genes_ridge,ENSG00000120727,PAIP2,-0.0002948194683051137,-0.0007004845745785059,4.0796,3.9783702127659577,0.42087931555453856,-0.3005152543903873,0.10045313947624163,0.40104736998838214,31
all_genes_ridge,ENSG00000120729,MYOT,-1.6426257879379358e-05,-0.00020455114439201188,0.171,0.17419361702127661,0.08030391581627756,-0.12099556799119669,0.531824335854473,0.8044936141774688,29
all_genes_ridge,ENSG00000120756,PLS1,-0.0025213237691755212,-0.0034771509420174467,1.7464499999999998,1.8305627659574468,0.72511196989126,-0.18896062410713257,0.3172869260761864,0.6521889692398795,30
all_genes_ridge,ENSG00000120800,UTP20,0.0006739639736200711,0.001755857178817446,1.6823,1.7630574468085105,0.3838375818664134,-0.362105477287164,0.04530813682657864,0.2791000805716083,31
all_genes_ridge,ENSG00000120820,GLT8D2,0.0002821768786750086,0.00043138141887363917,0.4294,0.6522276595744679,0.6541238596038469,0.09123275704283648,0.6316033859308279,0.858731697127628,30
all_genes_ridge,ENSG00000120860,WASHC3,0.0032403366512739175,0.008739034991873531,3.7656,3.6980489361702134,0.3707888404483014,0.09808506873318358,0.606097198336681,0.8452508471061844,30
all_genes_ridge,ENSG00000120899,PTK2B,-0.001379527344707306,-0.002602004185603511,0.4667,0.6394595744680851,0.5301787569520521,-0.05281221661735676,0.7631822585451742,0.9112872465585536,35
all_genes_ridge,ENSG00000120903,CHRNA2,0.0039691005796963046,0.008305432039415984,0.5004,0.6066851063829787,0.4778921266057824,0.27666333876606675,0.11908425214309255,0.4269155200215953,33
all_genes_ridge,ENSG00000120942,UBIAD1,-0.00073531807984666,-0.0024770828875937552,1.7852,1.7930553191489362,0.2968483951544108,-0.14315633963512425,0.4587913927420122,0.7643543195354545,29
all_genes_ridge,ENSG00000121281,ADCY7,-0.0027219723924926365,-0.00670460612559012,0.8259,0.8917191489361701,0.40598542874926247,-0.20300567258114272,0.29088666015102205,0.6326160068918376,29
all_genes_ridge,ENSG00000121316,PLBD1,-0.0015441715347842755,-0.0014185807064361175,1.7673,2.0079617021276595,1.08853273400544,-0.29219984602835286,0.11714810714994275,0.426040076477769,30
all_genes_ridge,ENSG00000121361,KCNJ8,0.004380768827013624,0.005470518119422823,1.4537,1.6414574468085106,0.800795963267155,0.18171180461187147,0.31150797579599565,0.6459960481671058,33
all_genes_ridge,ENSG00000121440,PDZRN3,0.0003156841460944535,0.0008103629117414041,0.60045,0.624318085106383,0.3895589760099878,0.01705014272923665,0.9262059500488862,0.9708120479029481,32
all_genes_ridge,ENSG00000121454,LHX4,-0.000931512867019861,-0.005824173379266892,0.0486,0.08589787234042552,0.15993906883608494,-0.2434694919090102,0.18688916601947694,0.522463635391466,31
all_genes_ridge,ENSG00000121542,SEC22A,-0.001323525684289112,-0.0030153693299634966,1.9839,1.9192148936170215,0.43892655905773714,-0.18969342476805162,0.3067412818837376,0.6425406120273368,31
all_genes_ridge,ENSG00000121577,POPDC2,-0.0013156828252283564,-0.004848118410652982,0.259,0.3405148936170213,0.2713800930145083,0.007883399061447013,0.9658437797568269,0.9846702172675765,32
all_genes_ridge,ENSG00000121578,B4GALT4,0.0022727817162484327,0.003487459602382491,2.1545,2.067917021276596,0.6517012310897481,0.30772333131679774,0.09216871862598697,0.3827964839240717,31
all_genes_ridge,ENSG00000121634,GJA8,0.0016124916780114575,0.004325833999809557,0.4552,0.5628914893617021,0.37275856588173445,-0.00073918940616,0.9969636183263386,0.9988519463993142,29
all_genes_ridge,ENSG00000121691,CAT,-0.0027662058010211,-0.0030598217125821694,3.8955,3.7036276595744675,0.9040414968121498,-0.28548546948635717,0.13330289941997958,0.4484335449199628,29
all_genes_ridge,ENSG00000121742,GJB6,0.004531106343568476,0.010391134473950464,0.2,0.3639404255319149,0.4360550192981822,0.30180281183750074,0.10504924395513202,0.407702743674865,30
all_genes_ridge,ENSG00000121775,TMEM39B,0.0016037191012443972,0.006404587242210132,2.0892,2.1108170212765955,0.2504016325478262,-0.029382304021711225,0.8775086528594742,0.9543690427730088,30
all_genes_ridge,ENSG00000121879,PIK3CA,-0.002939569426959051,-0.005751092095603403,1.4181,1.4105978723404256,0.5111323863525493,-0.3471681338950727,0.0601544526445516,0.3102042824896779,30
all_genes_ridge,ENSG00000121940,CLCC1,-0.0006868094077095216,-0.0009577379466671449,2.89295,2.702462765957447,0.7171162112763371,0.027136047394154716,0.8827971556799485,0.9560492808957085,32
all_genes_ridge,ENSG00000121957,GPSM2,-0.0005244891508009129,-0.0008881539494192152,1.588,1.543706382978723,0.5905385560058465,-0.019969742915486338,0.9150840139671904,0.9693632471752932,31
all_genes_ridge,ENSG00000121964,QTMAN,0.0007502645363264948,0.0012680555637154527,0.6973499999999999,0.8938329787234043,0.5916653479506767,-0.02394438802328509,0.88975375694768,0.9598959467782362,36
all_genes_ridge,ENSG00000121966,CXCR4,0.000885544393023608,0.002931146138412604,0.58675,0.6668542553191489,0.30211540169170303,-0.1417438395966392,0.43902405957310764,0.7475474171979556,32
all_genes_ridge,ENSG00000122008,POLK,0.0016205791833462442,0.0034163369859488224,1.41825,1.3719393617021274,0.47436163060365055,0.16492321388827064,0.3837956541332739,0.7113575127891449,30
all_genes_ridge,ENSG00000122012,SV2C,-0.001749963095056257,-0.04214799764352831,0.0639,0.07245957446808513,0.041519483555465135,-0.23311976343026122,0.22359602830991213,0.5707510801292807,29
all_genes_ridge,ENSG00000122033,MTIF3,-0.002908744866354342,-0.0050406358803888945,2.1651,2.065842553191489,0.5770591122582588,-0.2820465846069316,0.11782645834751772,0.4262273475561957,32
all_genes_ridge,ENSG00000122035,RASL11A,0.0014724282282075713,0.0022564097287620546,1.3304,1.3920702127659574,0.6525535719150604,0.5363651563283732,0.0012926764472393282,0.05633920126897774,33
all_genes_ridge,ENSG00000122042,UBL3,-0.0009177568468930976,-0.001109775322654714,3.3634,3.116321276595745,0.8269753599293544,-0.1530499087406115,0.4279927385276379,0.7408129727308488,29
all_genes_ridge,ENSG00000122121,XPNPEP2,0.001955904688493994,0.002292043887505373,0.6069,0.9152361702127662,0.8533452169725999,0.06530310696062551,0.7364496688756513,0.900109261316062,29
all_genes_ridge,ENSG00000122122,SASH3,0.0010499659746963901,0.006666337238596987,0.1458,0.17827234042553194,0.15750267907498908,0.09015732150060508,0.6295710153557862,0.8572144321713921,31
all_genes_ridge,ENSG00000122176,FMOD,0.0021132096049737877,0.004291585182628169,0.7618,0.7563191489361702,0.49240770369135656,0.3747228495096093,0.04519543996422652,0.2791000805716083,29
all_genes_ridge,ENSG00000122218,COPA,-0.0008760068877322447,-0.004244519823083687,3.8802,3.8602127659574483,0.20638539204555223,-0.2738765642054447,0.12300178869077162,0.4356297798732276,33
all_genes_ridge,ENSG00000122417,ODF2L,-0.002200295734137635,-0.004450158976982981,0.9321,1.006359574468085,0.49443081595915084,-0.454233889407753,0.007920874363556592,0.1268247190017063,33
all_genes_ridge,ENSG00000122420,PTGFR,-0.00025359747002274636,-0.0006598595937912028,0.24,0.38184468085106366,0.3843203499788644,-0.18726130485833808,0.33069460969524556,0.6648932682349441,29
all_genes_ridge,ENSG00000122435,TRMT13,0.0017799713030121926,0.00731405915321313,1.7142,1.7478659574468087,0.24336298978799423,0.05052303708489135,0.7909041137476206,0.9224844289063158,30
all_genes_ridge,ENSG00000122477,LRRC39,0.0046784640385303475,0.015870502516806228,0.1958,0.3002617021276595,0.29478991188691356,0.1602346692954579,0.3810075941055249,0.7092656377576894,32
all_genes_ridge,ENSG00000122481,RWDD3,-0.00048082370737487256,-0.00122157848918728,2.0177,1.941953191489362,0.39360852506069105,0.0721571916443495,0.6898567220298156,0.8797621381486848,33
all_genes_ridge,ENSG00000122482,ZNF644,-0.0019877924822620336,-0.0037773347477466123,1.9236,1.8314510638297872,0.5262420767573912,-0.3487741802986547,0.06369612582584942,0.3232976837531768,29
all_genes_ridge,ENSG00000122547,EEPD1,0.0010911175124042097,0.0022548655039752205,2.6513,2.581408510638298,0.4838947203195142,0.1883195481137785,0.3103227840461736,0.644744951187059,31
all_genes_ridge,ENSG00000122584,NXPH1,-0.0006803281091189639,-0.01862826428668486,0.0215,0.03451914893617021,0.03652128285538927,0.2343807781196804,0.22102981974227437,0.5665266184629141,29
all_genes_ridge,ENSG00000122592,HOXA7,-0.0017245538686525485,-0.1202228240552637,0.0479,0.05305319148936168,0.014344646136908331,-0.2383118280783985,0.19669235445820862,0.5385174191622067,31
all_genes_ridge,ENSG00000122641,INHBA,-4.5482909804081894e-05,-9.367221406675502e-05,0.8763000000000001,0.9532,0.48555391005991094,0.051752924420663586,0.7859299139368575,0.9198470388250962,30
all_genes_ridge,ENSG00000122692,SMU1,-0.003332853529110647,-0.010256377443009959,3.2655000000000003,3.2569319148936167,0.32495425871656963,-0.5124151017178189,0.0037910622129455522,0.093574511207339,30
all_genes_ridge,ENSG00000122707,RECK,-0.0018380784874419392,-0.003020482355474913,1.3036,1.3886063829787236,0.6085380648260521,-0.36116969007092686,0.04226202061737169,0.2712041174796473,32
all_genes_ridge,ENSG00000122735,DNAI1,-0.00035753310449668615,-0.0016039750557295847,0.0784,0.15244255319148936,0.22290440441672485,-0.4925263661240343,0.004187478172953451,0.09704720406936394,32
all_genes_ridge,ENSG00000122756,CNTFR,0.00032700229814876594,0.0005394559537467041,0.7473000000000001,0.9203425531914896,0.6061705239836994,0.017578994649717274,0.9265393101225919,0.9708120479029481,30
all_genes_ridge,ENSG00000122786,CALD1,-0.0005881072363651551,-0.0004287876479485907,4.0796,3.6800574468085108,1.371558250753683,0.045123908893458416,0.8162048634644757,0.931578182510582,29
all_genes_ridge,ENSG00000122877,EGR2,0.0006457801366487952,0.0035439760387858893,0.4958,0.535595744680851,0.18221910351008733,-0.04658666959250063,0.8034695509972666,0.9258657481263485,31
all_genes_ridge,ENSG00000122965,RBM19,0.0017710381379931071,0.006649844177687762,2.16835,2.1322372340425533,0.26632776508289857,0.3418457318382464,0.047838911540904784,0.2842249225796222,34
all_genes_ridge,ENSG00000123094,RASSF8,0.0011382971420289382,0.0019747138196493257,1.49285,1.5198329787234044,0.5764365097880764,0.10081229002771344,0.5960685005242173,0.8393617660443061,30
all_genes_ridge,ENSG00000123096,SSPN,-0.0015244696988718338,-0.002615242553310342,0.93625,1.0122351063829789,0.5829171359047285,-0.05251446502953514,0.7828540347775583,0.9191869572703028,30
all_genes_ridge,ENSG00000123104,ITPR2,0.0016250966200857375,0.003298815992384692,2.3361,2.337008510638298,0.49263027214529964,0.17420229280900662,0.36611155482015506,0.698187613337934,29
all_genes_ridge,ENSG00000123106,CCDC91,0.0007510555890493278,0.0012875300806260417,2.5789,2.584725531914894,0.5833305181375945,0.035987182647276315,0.8529686003522072,0.9427057410518024,29
all_genes_ridge,ENSG00000123124,WWP1,-0.0024432990729954104,-0.003684066378500266,1.5386,1.5809382978723405,0.6632071254888856,-0.2799063714724633,0.14139420410052658,0.46076199493413217,29
all_genes_ridge,ENSG00000123219,CENPK,-0.0004557415894668529,-0.0013282888592744389,0.6067,0.6764638297872341,0.3431042775709163,-0.45215844466108224,0.012121817662978332,0.14576412046054452,30
all_genes_ridge,ENSG00000123407,HOXC12,-0.000486910004628629,-0.2973181605509589,0.011,0.011080851063829788,0.0016376732713748073,-0.13507217492421458,0.4848007933066575,0.7787099466422448,29
all_genes_ridge,ENSG00000123454,DBH,0.00021312831678488027,0.00479449234582792,0.0392,0.052831914893617035,0.04445273897878691,-0.32475052605696,0.08564205931302017,0.3714418458204704,29
all_genes_ridge,ENSG00000123473,STIL,0.0005287668026667764,0.0013897400692902291,0.33714999999999995,0.44686489361702125,0.38047892145531165,-0.027378965111140005,0.8858042092619097,0.9583446446449648,30
all_genes_ridge,ENSG00000123552,USP45,-0.001114282414129384,-0.002401875516737248,1.695,1.6785425531914884,0.4639218004282944,-0.12903623759006985,0.5046999297800079,0.7902367131573512,29
all_genes_ridge,ENSG00000123600,METTL8,0.00047846828282357474,0.0008132431637761823,0.77965,0.9461606382978721,0.5883459021061712,-0.18056828901021338,0.32267805529464205,0.6583673224963261,32
all_genes_ridge,ENSG00000123607,TTC21B,-0.0016215040649193875,-0.003838642971551829,1.5386,1.5555170212765956,0.42241596234303347,-0.24931048979676754,0.16176372365943809,0.488953405431973,33
all_genes_ridge,ENSG00000123636,BAZ2B,-0.0011678061480251609,-0.002118406758086645,1.4417,1.4421936170212764,0.551266249301399,-0.07786127938846689,0.6880795990116257,0.8797621381486848,29
all_genes_ridge,ENSG00000123700,KCNJ2,-0.0003781491585279935,-0.002456406974245735,0.1444,0.20038297872340424,0.1539440176211469,-0.24182207276062367,0.16824624476937847,0.4963999991446385,34
all_genes_ridge,ENSG00000123737,EXOSC9,-0.0024415090228046624,-0.009952644962350096,2.4211,2.45733829787234,0.2453125809310648,-0.28286070024958515,0.13706639181128594,0.4547907820099061,29
all_genes_ridge,ENSG00000123836,PFKFB2,0.001040414898868032,0.0023984026750619386,1.7109999999999999,1.7223872340425528,0.4337949209638716,-0.01650997521048192,0.9261624167295659,0.9708120479029481,34
all_genes_ridge,ENSG00000123892,RAB38,-0.001601744462323655,-0.004075287618404764,0.4785,0.5774595744680852,0.39303838460134105,-0.25871627644901973,0.17536970766983756,0.5079055553709277,29
all_genes_ridge,ENSG00000123992,DNPEP,-0.0007358734176914624,-0.0014808253133690432,3.0635,3.0546148936170208,0.49693465599751807,-0.02784784710362866,0.8817847002251713,0.9557822445158757,31
all_genes_ridge,ENSG00000124019,FAM124B,0.0007507436533477744,0.0013286684112248988,0.0958,0.2588106382978724,0.5650346218855795,-0.009781183875481735,0.9583514045298169,0.9829430237610502,31
all_genes_ridge,ENSG00000124120,TTPAL,-0.0004790635837456645,-0.001246465737765584,1.6223,1.632531914893617,0.38433754673789466,-0.1444629947734135,0.44627295840570846,0.7543901457236809,30
all_genes_ridge,ENSG00000124134,KCNS1,0.0008781730248487961,0.025890326023474658,0.0528,0.06044468085106382,0.033918963556216326,-0.3694636192110997,0.04449683998172726,0.2773053694751085,30
all_genes_ridge,ENSG00000124145,SDC4,0.0007384860660029513,0.0009074496371540618,4.8826,4.6910617021276595,0.8138039134810687,-0.18666830951207491,0.3322559325438241,0.6671488169332341,29
all_genes_ridge,ENSG00000124151,NCOA3,-0.001185054910607551,-0.0026551566721873653,1.9906,1.941144680851064,0.44632202800721427,-0.3141012773214844,0.08528119027566328,0.37070578451258374,31
all_genes_ridge,ENSG00000124155,PIGT,-0.0009687428256357445,-0.0038955240852346852,3.7885,3.7730127659574464,0.24868100015286718,-0.29982189568497547,0.10746481807661247,0.4119484692936812,30
all_genes_ridge,ENSG00000124191,TOX2,2.565165957885223e-05,8.733213535021514e-05,0.12930000000000003,0.2092659574468086,0.29372532202476415,0.03786211954528786,0.8369997324931499,0.9382642033797002,32
all_genes_ridge,ENSG00000124194,GDAP1L1,0.0003525436195190703,0.0015228650569908905,0.0883,0.13975106382978725,0.23150023562539404,-0.029584894899282285,0.8680847761018529,0.9517046995416415,34
all_genes_ridge,ENSG00000124214,STAU1,0.00042200195676070395,0.0007833874370780013,3.05605,2.9707648936170217,0.5386886957681523,-0.09972175910398962,0.6000700886253519,0.842179558165424,30
all_genes_ridge,ENSG00000124228,DDX27,-0.0007149476068331894,-0.0017152182935640595,2.9003,2.8420276595744673,0.41682601539166,-0.05413070942003831,0.78033325628937,0.9191869572703028,29
all_genes_ridge,ENSG00000124232,RBPJL,5.701024512994512e-05,0.00017941281502407755,0.18575,0.26989255319148936,0.3177601617938732,-0.18914107699154428,0.31681645952192905,0.6516631240573012,30
all_genes_ridge,ENSG00000124302,CHST8,-0.0014105501698292475,-0.012575176237368726,0.1017,0.1327085106382979,0.11216941561722366,-0.12910406312570083,0.4965430080882197,0.7874675471453165,30
all_genes_ridge,ENSG00000124479,NDP,0.00021820669290466445,0.00039284117659461095,0.9583,0.987889361702128,0.5554577928826462,-0.13946040129552,0.47058986786788237,0.7710485663349042,29
all_genes_ridge,ENSG00000124491,F13A1,-0.00032738108609693515,-0.0012163547652223456,0.1685,0.24999574468085106,0.269149343149974,-0.32457799337165816,0.05712445606595097,0.3069057063523985,35
all_genes_ridge,ENSG00000124496,TRERF1,-0.0004880307055034382,-0.001030945681302952,0.4808,0.6280106382978722,0.4733815896940804,-0.31693746611843737,0.08791758468028994,0.37499421318934817,30
all_genes_ridge,ENSG00000124602,UNC5CL,0.0025388255596174207,0.004793409680871611,0.60795,0.7212925531914895,0.5296491910025459,0.37436012500787336,0.04153832162341547,0.2712041174796473,30
all_genes_ridge,ENSG00000124608,AARS2,0.0003656516798964732,0.0019018542541930888,1.6004,1.5939851063829786,0.19226062096520138,-0.05053617996187218,0.7946008180344597,0.9237220683171338,29
all_genes_ridge,ENSG00000124664,SPDEF,-0.0005187809520247408,-0.0010096971139971617,0.36135,0.46321595744680866,0.5137985885400868,-0.11728051702737391,0.537094617304295,0.8096421341290166,30
all_genes_ridge,ENSG00000124701,APOBEC2,0.0010756546314805234,0.002649359260475135,0.882,0.9434936170212764,0.4060055755849495,0.2819690270706018,0.11793181251940084,0.4262273475561957,32
all_genes_ridge,ENSG00000124743,KLHL31,0.00038884387278359934,0.0015848701630532605,0.1251,0.20582765957446808,0.2453474624283983,0.028035498755001862,0.880993713806049,0.9557822445158757,31
all_genes_ridge,ENSG00000124784,RIOK1,0.00038777405707153675,0.0011719798576805163,2.1545,2.144191489361703,0.33087092284929404,-0.0698043815140463,0.6994927032883231,0.8822849385888446,33
all_genes_ridge,ENSG00000124786,SLC35B3,-0.0003330653138844168,-0.0007470809355506398,2.1407,2.046602127659574,0.4458222637403126,-0.01936069464406879,0.9176649642900566,0.9700664455378175,31
all_genes_ridge,ENSG00000124788,ATXN1,0.0005886227842605925,0.0010701310437025856,0.7684,0.8604978723404257,0.5500473869293567,0.08604615720242031,0.62848295989467,0.8571762202337009,34
all_genes_ridge,ENSG00000124813,RUNX2,-0.0006518393313912768,-0.004548706481362564,0.2116,0.23404042553191498,0.1433021308501793,-0.10569106011809494,0.5852996396686055,0.8331650394196428,29
all_genes_ridge,ENSG00000124818,OPN5,0.000860468794571859,0.0022519246003249293,0.04105,0.1112223404255319,0.3821037322687013,-0.23810397092832042,0.18941939551475387,0.5275938392502686,32
all_genes_ridge,ENSG00000124882,EREG,0.0014404748465072273,0.0015484040180482677,0.67395,1.0094521276595745,0.9302965051220399,0.15690587546423435,0.3911078061383333,0.7127270704897838,32
all_genes_ridge,ENSG00000125046,SSUH2,-0.0007505336857833784,-0.0027764169245131,0.0916,0.1864106382978723,0.2703245608240194,-0.1272154118708148,0.4664603248472389,0.7686252114724466,35
all_genes_ridge,ENSG00000125124,BBS2,0.0007587181366415239,0.0014380107547991461,2.4425499999999998,2.414541489361702,0.527616454960031,0.2557630583671229,0.1321726439068897,0.44785284252379143,36
all_genes_ridge,ENSG00000125245,GPR18,0.0018075255191574708,0.005413199044147253,0.3029,0.37898297872340436,0.3339107807446626,-0.061308866372884505,0.743188363945506,0.9028578394321931,31
all_genes_ridge,ENSG00000125266,EFNB2,0.0005024064813095879,0.001351175558642024,1.207,1.2902276595744684,0.3718291661629249,-0.33620796115684515,0.07455127691909234,0.3492865381579697,29
all_genes_ridge,ENSG00000125304,TM9SF2,-0.001360406005159332,-0.004123265841061217,3.7122,3.7203872340425534,0.3299341002008253,-0.026828455242081033,0.8880859076074517,0.9588295929929671,30
all_genes_ridge,ENSG00000125409,TEKT3,6.625004355855437e-05,0.0002329067351469641,0.0668,0.14990638297872338,0.28444880959217694,0.007260992335619202,0.9690764863753919,0.9862944058450184,31
all_genes_ridge,ENSG00000125447,GGA3,-0.0010634985921326578,-0.00303553354994351,2.3361,2.3525063829787234,0.3503498065941156,-0.2161163134549039,0.26016590896486036,0.6146799218811798,29
all_genes_ridge,ENSG00000125484,GTF3C4,-0.0030065103140750797,-0.006495507777832319,2.038,1.968142553191489,0.46285993595998937,-0.16358709041635872,0.39647883460437267,0.7169206324353039,29
all_genes_ridge,ENSG00000125485,DDX31,-0.0025377769875769953,-0.0041589821250239065,2.1545,2.055395744680851,0.6101918477378423,-0.29358137465619716,0.12217005962954035,0.4338108784038415,29
all_genes_ridge,ENSG00000125629,INSIG2,0.0007536530869623187,0.0016195148620113439,2.5069,2.4506468085106383,0.4653573144900474,0.017252002595560072,0.9292212696665864,0.9713205457926475,29
all_genes_ridge,ENSG00000125675,GRIA3,0.0012942029765608924,0.0038989554167868394,0.3091,0.41542553191489356,0.3319358233717521,0.03327172131239967,0.8639568373241789,0.9488760898465399,29
all_genes_ridge,ENSG00000125780,TGM3,0.002166220739082043,0.00839522600661629,0.2177,0.2804085106382979,0.2580300682048156,-0.05863513358533006,0.7625526358003737,0.9112872465585536,29
all_genes_ridge,ENSG00000125798,FOXA2,0.0006437854028165762,0.0019890660488359243,2.6513,2.5774319148936176,0.3236621545037901,-0.011956120625125858,0.9509167535251826,0.9829430237610502,29
all_genes_ridge,ENSG00000125810,CD93,0.000924222899069288,0.006878077940668011,0.1863,0.22429999999999994,0.13437226315867043,0.12493839709070616,0.5184370793418697,0.7977622290882296,29
all_genes_ridge,ENSG00000125814,NAPB,6.04004944153674e-05,0.00012451145392032166,2.9447,2.853621276595745,0.48509990457600277,-0.11786467217616035,0.542571092394884,0.8130532263133602,29
all_genes_ridge,ENSG00000125818,PSMF1,-0.0003386019386300736,-0.0009045534917249366,3.153,3.094406382978723,0.37433047545300746,-0.06044208244944399,0.7424509504681667,0.9028578394321931,32
all_genes_ridge,ENSG00000125848,FLRT3,0.0008615932577126574,0.001981604697861023,0.40349999999999997,0.5062744680851063,0.43479572825128826,-0.05023375215898795,0.7848289628352357,0.9192672573949752,32
all_genes_ridge,ENSG00000125863,MKKS,0.0002818647282057821,0.0003680120163608661,1.90455,1.708158510638298,0.7659117519939634,-0.05042633362105534,0.7840234443335043,0.9191869572703028,32
all_genes_ridge,ENSG00000125869,LAMP5,-0.0012555903790773422,-0.018922573932239162,0.0392,0.060342553191489366,0.06635410085190058,-0.3430577626296316,0.050641869970858254,0.29119075233243497,33
all_genes_ridge,ENSG00000125885,MCM8,-0.0020615768112208885,-0.004639238419544789,1.877,1.7419553191489359,0.4443782847063019,0.09536717884438518,0.6226474742126363,0.8547664308725309,29
all_genes_ridge,ENSG00000125991,ERGIC3,-0.0011467492337934645,-0.0031046578444998826,4.63475,4.546024468085107,0.369364126815137,-0.049659829461833324,0.79440012776871,0.9237220683171338,30
all_genes_ridge,ENSG00000125998,FAM83C,0.00258720677249623,0.005311115409623199,1.5237,1.5835148936170216,0.4871305880132967,0.3040608684513924,0.09066108982233652,0.3801755092549913,32
all_genes_ridge,ENSG00000126010,GRPR,0.0035431918355997216,0.025306285039637555,0.12835000000000002,0.18005212765957443,0.14001232618892798,0.06714304162769769,0.6972167739182695,0.8814445665926435,36
all_genes_ridge,ENSG00000126062,TMEM115,0.001240649806949631,0.005117687706965914,2.9891,2.9464553191489364,0.24242389883636842,0.05524045061543773,0.7759422511909435,0.9187834144367022,29
all_genes_ridge,ENSG00000126353,CCR7,-0.0023537137661555,-0.020860810358082724,0.1673,0.19096382978723397,0.11282945033070255,0.0840108426579729,0.6648119272996789,0.8718656636206588,29
all_genes_ridge,ENSG00000126500,FLRT1,-0.0031373974125251157,-0.056936882187208354,0.13705,0.14732021276595747,0.05510307716199421,-0.4722273223251875,0.006354382882312318,0.11243589673512276,32
all_genes_ridge,ENSG00000126602,TRAP1,-0.006865765818482839,-0.010721157460973848,4.0488,3.9823617021276596,0.6403940846382451,-0.3685767349829164,0.04913382415200645,0.2874186707620262,29
all_genes_ridge,ENSG00000126773,PCNX4,0.0013058166390142244,0.0031887487922772793,1.4777,1.5135872340425534,0.4095075291527312,0.2774991680365287,0.11792759817071362,0.4262273475561957,33
all_genes_ridge,ENSG00000126775,ATG14,-0.0016447022748499493,-0.003923779161362465,1.6823,1.767746808510638,0.41916280382070603,-0.6959842536914177,2.7616170460271608e-05,0.007622063047034964,29
all_genes_ridge,ENSG00000126785,RHOJ,-0.0009382722918706386,-0.00281626932052331,0.8303,0.8659851063829788,0.33316142211011696,-0.43823131259859716,0.017415119632285134,0.1750228599019233,29
all_genes_ridge,ENSG00000126822,PLEKHG3,-0.0024051729341737177,-0.004495510073270686,2.2658,2.2971999999999997,0.5350166933168156,-0.3105827299657042,0.10104453617810286,0.4015329997862831,29
all_genes_ridge,ENSG00000126860,EVI2A,-0.0007831499095728825,-0.004227889555736339,0.1591,0.20735531914893615,0.1852342402157398,-0.282123939556312,0.13813654245829732,0.4567742424495284,29
all_genes_ridge,ENSG00000126950,TMEM35A,-0.00011250551817791615,-0.0003981524396396592,0.28405,0.3670031914893617,0.28256895343837973,-0.5579170222946525,0.0013576575807536025,0.05633920126897774,30
all_genes_ridge,ENSG00000127074,RGS13,0.0015533393975056,0.027851349471745092,0.06665,0.08107340425531914,0.0557725003264724,-0.03448909385744123,0.8513524520097221,0.9419482668737303,32
all_genes_ridge,ENSG00000127241,MASP1,-0.0014192817988099974,-0.0015177758543184487,3.9951,3.7299617021276594,0.9351063233558425,-0.080716991535633,0.6715567146815266,0.8754529706250678,30
all_genes_ridge,ENSG00000127249,ATP13A4,0.001110888976882032,0.004320450529169967,0.1104,0.18384893617021278,0.2571234109456295,-0.030870329424576088,0.8624064966452365,0.9488480206908709,34
all_genes_ridge,ENSG00000127325,BEST3,-0.0005856765577471549,-0.0116872889823446,0.05365,0.06900319148936171,0.050112268006028346,-0.4514190345153815,0.012280890938114936,0.1467904916854998,30
all_genes_ridge,ENSG00000127329,PTPRB,-0.00011744291023134182,-0.0017029265481308777,0.1697,0.17627872340425535,0.06896534108311746,0.19039935845123565,0.30491114209408876,0.6423955480126771,31
all_genes_ridge,ENSG00000127580,WDR24,-0.0034656938986511723,-0.015907343620435034,2.4211,2.4511127659574465,0.21786754478598436,-0.24793592301619188,0.19469852218404332,0.5362433673158145,29
all_genes_ridge,ENSG00000127585,FBXL16,-0.0004503158720590809,-0.0008426035736581196,1.8113,1.6875617021276594,0.5344338501960749,0.03005666511516919,0.8769987104570197,0.9543690427730088,29
all_genes_ridge,ENSG00000127720,METTL25,0.0021137690794494845,0.007582557894545266,1.1435499999999998,1.1738563829787232,0.2787672852415787,0.12419739706332167,0.4982512735533664,0.7885208244217192,32
all_genes_ridge,ENSG00000127743,IL17B,0.0030370116595592332,0.022359436827153637,0.27175,0.2964904255319149,0.1358268404985514,0.281292984869326,0.10705195526234222,0.41088462222057015,34
all_genes_ridge,ENSG00000127824,TUBA4A,-0.0015160499500735218,-0.0018829500252796254,2.5861,2.6243425531914895,0.805146142871414,0.14153777766491424,0.4556302328742865,0.7621451168078974,30
all_genes_ridge,ENSG00000127863,TNFRSF19,0.00023332723848896057,0.00045271570163940106,0.8308500000000001,0.9218117021276594,0.5153946232569846,-0.12888441224358457,0.4820471483287657,0.7786794339058732,32
all_genes_ridge,ENSG00000127954,STEAP4,-0.00301319668328084,-0.0023905044535054284,2.0667999999999997,2.254317021276596,1.2604857016109288,-0.38280320450157124,0.03058463076464384,0.2369406273283999,32
all_genes_ridge,ENSG00000127955,GNAI1,0.0005043146672680168,0.0007414029796117508,2.08925,2.142745744680851,0.6802166718187597,0.2414046035634454,0.18317432658467328,0.5183422155778507,32
all_genes_ridge,ENSG00000127980,PEX1,-0.00381281366231327,-0.009552158337970773,2.5069,2.5528659574468087,0.399157292771934,-0.10438175388553565,0.5568762573460164,0.8231140785309181,34
all_genes_ridge,ENSG00000127993,RBM48,-0.003183691899260672,-0.012318573205248646,1.8538999999999999,1.845359574468085,0.25844648127789493,-0.15147468096041278,0.42427074807017146,0.7373131031145052,30
all_genes_ridge,ENSG00000128052,KDR,-0.0028087113064037355,-0.0036230299459598693,1.0309,1.2519702127659578,0.7752382255453889,-0.1589350673885791,0.39310747603722573,0.7146552678137829,31
all_genes_ridge,ENSG00000128059,PPAT,-0.0008170002779935668,-0.001321914578260274,2.1822,2.2414361702127663,0.618043171192493,-0.41561962335483954,0.024944425993660008,0.2115398807730497,29
all_genes_ridge,ENSG00000128271,ADORA2A,0.0002756422676216512,0.0015193315754622816,0.4481,0.4665063829787233,0.18142337859185378,-0.2633653689189825,0.1674657088352709,0.4947942384475547,29
all_genes_ridge,ENSG00000128463,EMC4,-0.0006513326272592173,-0.0015268694646489865,2.5213,2.4820936170212766,0.4265804263817358,-0.2674465564685789,0.1457979248850995,0.4644727176822267,31
all_genes_ridge,ENSG00000128510,CPA4,0.0008910462146177483,0.0044588131458018635,0.1095,0.1539659574468085,0.19983932617959133,0.15562056051008422,0.38715515691875624,0.7127270704897838,33
all_genes_ridge,ENSG00000128512,DOCK4,0.000218572591987158,0.0003878167149537232,1.1323,1.1537106382978723,0.5635976572418738,0.11449262125287582,0.532655696035073,0.8053499467940646,32
all_genes_ridge,ENSG00000128573,FOXP2,0.002105718421531889,0.004922273210319064,0.4074,0.5437,0.4277938935038097,0.07102359052297287,0.6674468802086936,0.8735890413901635,39
all_genes_ridge,ENSG00000128595,CALU,-0.0021944663868554456,-0.0031042010041377414,3.7427,3.761489361702128,0.7069343718175254,-0.2849926071956629,0.13400376784300722,0.44853442293624246,29
all_genes_ridge,ENSG00000128606,LRRC17,0.00010640329742849931,0.0005768918159294752,0.1602,0.204895744680851,0.18444237635277372,0.028581988636272655,0.8829914965848374,0.9560492808957085,29
all_genes_ridge,ENSG00000128617,OPN1SW,-0.0021444717451294427,-0.01092113902249643,0.1197,0.16332553191489363,0.19635971492644222,0.14738139360207034,0.44549781300270064,0.7539193758507242,29
all_genes_ridge,ENSG00000128641,MYO1B,8.908845894054813e-05,0.00013794877940952036,3.4086,3.3422723404255326,0.645808243624081,0.10971401728294314,0.5710172222432581,0.8273303505889018,29
all_genes_ridge,ENSG00000128652,HOXD3,0.00372077062361668,0.22114132869278685,0.0398,0.04057234042553192,0.016825306448192846,0.2508324403547714,0.17349459531642486,0.5050139898184716,31
all_genes_ridge,ENSG00000128683,GAD1,0.0017439241676312847,0.053796829622741106,0.03185,0.041049999999999996,0.03241685764497337,0.22741433021806853,0.2268219797231633,0.5748176380964305,30
all_genes_ridge,ENSG00000128805,ARHGAP22,-0.001318736104281933,-0.003633008407596142,0.3996,0.49924680851063824,0.36298735271975413,-0.11872020734942687,0.5175294957684815,0.7977622290882296,32
all_genes_ridge,ENSG00000128815,WDFY4,-0.0016658001348178904,-0.016667351434956634,0.1002,0.12978936170212765,0.09994390178419038,-0.5248891079349434,0.003462063730267718,0.08799998195657495,29
all_genes_ridge,ENSG00000128833,MYO5C,-0.001205089691971801,-0.0025750371729329233,1.0309,1.0098595744680852,0.4679892409472382,-0.03178514253516528,0.8699830082502508,0.9517732970792776,29
all_genes_ridge,ENSG00000128849,CGNL1,-0.0008873148217487124,-0.0009972747415410031,2.1407,2.1914680851063824,0.8897395920983829,-0.01613896772134361,0.9337774030942656,0.9723398424243731,29
all_genes_ridge,ENSG00000128915,ICE2,-0.000961798162733059,-0.001957842554660243,1.6634,1.681636170212766,0.4912540900920228,-0.04218570895009456,0.8127441951343457,0.9291632267633392,34
all_genes_ridge,ENSG00000128918,ALDH1A2,0.0004956924844798885,0.0009210106871808502,0.5458,0.7308489361702128,0.5382049213752002,0.07287923338150086,0.6869090635471129,0.8797621381486848,33
all_genes_ridge,ENSG00000129009,ISLR,-0.0007645098946916108,-0.001127612583360048,0.4193,0.596231914893617,0.6779898574859214,-0.504619937302469,0.0052447490689231475,0.10475696166612286,29
all_genes_ridge,ENSG00000129048,ACKR4,0.000763495826142648,0.002382068142366697,0.37705,0.43501382978723413,0.3205180458792748,0.07477467869605235,0.6945369370711205,0.879869016713684,30
all_genes_ridge,ENSG00000129083,COPB1,-0.0022098272513936786,-0.007271904975124747,3.77325,3.7336968085106372,0.303885606172373,-0.1890032356480378,0.30020181248136285,0.6415612515316832,32
all_genes_ridge,ENSG00000129151,BBOX1,0.0006428663606310252,0.0007629873152472735,1.1236,1.2509680851063831,0.842564938871469,0.11133521807741746,0.5509928383543398,0.8188629083547141,31
all_genes_ridge,ENSG00000129152,MYOD1,0.0015356035290304572,0.17104644182601283,0.0219,0.023453191489361702,0.008977699346663181,-0.11883385997624894,0.5243126253963745,0.7986190955289995,31
all_genes_ridge,ENSG00000129170,CSRP3,-9.741285486211031e-05,-0.0003312957379726873,0.0789,0.1418191489361702,0.2940359434087897,-0.4750919424941491,0.005207213586839145,0.10475696166612286,33
all_genes_ridge,ENSG00000129173,E2F8,-0.0006013514780597977,-0.006940443776728309,0.1063,0.1306127659574468,0.0866445284199495,-0.35289201429223616,0.04397017379472803,0.2773053694751085,33
all_genes_ridge,ENSG00000129295,DNAAF11,0.003740408808342301,0.008418066660126476,0.8209,0.7789255319148937,0.44433109873783105,0.4852873957450474,0.004872895422557093,0.10409705806380284,32
all_genes_ridge,ENSG00000129467,ADCY4,0.0025981738691482304,0.018761665547407068,0.27925,0.29714787234042556,0.1384831140168847,0.38512912797603205,0.035584278173876716,0.25006235486326467,30
all_genes_ridge,ENSG00000129493,HEATR5A,0.0018516502088282028,0.004402920306281868,2.0109,1.8813042553191497,0.42055047105584903,0.4603722735551039,0.011969583988432982,0.14576412046054452,29
all_genes_ridge,ENSG00000129521,EGLN3,-0.0006212325043211112,-0.000948281224805862,2.0961499999999997,2.139660638297872,0.655114208813207,-0.07756380955635579,0.6628281145629559,0.8710427238303289,34
all_genes_ridge,ENSG00000129535,NRL,-0.0006826687167701147,-0.0015613490114122993,0.2052,0.39195531914893633,0.4372300566883601,-0.02291475748860576,0.9009318205287506,0.9651044078104304,32
all_genes_ridge,ENSG00000129595,EPB41L4A,0.0008405907151495729,0.0018730441766794785,1.0949,1.0796191489361702,0.44878317640097903,0.23869934902082104,0.21239257028834874,0.5549258549014,29
all_genes_ridge,ENSG00000129988,LBP,-0.0030645541514555752,-0.0029055181612020337,5.0688,4.865870212765958,1.0547358444965793,-0.33642597821702297,0.06423829704179139,0.3232976837531768,31
all_genes_ridge,ENSG00000130150,MOSPD2,0.00042071647673925063,0.001317449949298457,2.3361,2.3508255319148934,0.319341525621738,-0.14101141708650156,0.45732497471839706,0.7632977587933225,30
all_genes_ridge,ENSG00000130224,LRCH2,-0.0012627167541786662,-0.00610567876991574,0.2434,0.2982234042553191,0.20681021746515696,-0.32232630824536673,0.08814196937252021,0.37499421318934817,29
all_genes_ridge,ENSG00000130227,XPO7,-0.0028000540773103376,-0.004737451345867051,1.8441999999999998,1.7666085106382978,0.5910465085310275,-0.280430962842065,0.10817749399858621,0.4129153699464898,34
all_genes_ridge,ENSG00000130234,ACE2,0.0018372543145709001,0.0016060780828387258,2.7095,2.73288085106383,1.1439383515672992,0.20248059815255276,0.27465717377757215,0.6245654860014576,31
all_genes_ridge,ENSG00000130340,SNX9,-0.0022082805829046885,-0.0028928537600494244,2.5284500000000003,2.4040308510638297,0.7633571435242409,0.0495966263292996,0.787495450438872,0.9213241570452467,32
all_genes_ridge,ENSG00000130347,RTN4IP1,-0.0007769917606816595,-0.0017945595792922347,1.7014,1.7739468085106394,0.4329707242086112,0.1101256500531199,0.5695647069957014,0.8273303505889018,29
all_genes_ridge,ENSG00000130348,QRSL1,-7.78934454168858e-05,-0.00012780344861317366,2.4069,2.285042553191489,0.6094784316239236,-0.16982992874796204,0.37844994843551893,0.7092432366976762,29
all_genes_ridge,ENSG00000130762,ARHGEF16,0.0004977658737518837,0.0008510568949050033,1.1079,1.1645787234042553,0.5848796675426093,-0.09632914803304224,0.6191265282701831,0.8540850592830622,29
all_genes_ridge,ENSG00000130935,NOL11,0.0005591921900808638,0.0024561514535151423,2.6513,2.6505680851063835,0.22767007681084614,0.19975354433859197,0.29884875379070047,0.640299799935474,29
all_genes_ridge,ENSG00000131023,LATS1,0.001643312712796349,0.0030568627164571822,1.7657,1.8349723404255316,0.5375814569458003,0.14009364644194566,0.46855722964457575,0.7701893606935203,29
all_genes_ridge,ENSG00000131043,AAR2,-0.0004566980618556748,-0.0009582678245410952,2.3927,2.316197872340426,0.47658707739079403,-0.10045534175261477,0.5658500800880308,0.8273303505889018,35
all_genes_ridge,ENSG00000131067,GGT7,0.0005381383520831614,0.000869319060363571,0.7836000000000001,0.9237021276595745,0.6190343414972386,0.35210328047708417,0.056362829711938185,0.30616526024731594,30
all_genes_ridge,ENSG00000131095,GFAP,-5.0343295763567794e-05,-0.00012610658734740779,1.3247,1.3717744680851063,0.39921226021982775,-0.2247135658300057,0.24121608357790653,0.5916903410877388,29
all_genes_ridge,ENSG00000131378,RFTN1,0.002588555919075694,0.0051178444824680315,1.8309,1.7191617021276593,0.505790265402396,0.1913885335127217,0.3023582686777544,0.6422341133989153,31
all_genes_ridge,ENSG00000131386,GALNT15,0.0012195048441175128,0.0027977915682563075,0.38475000000000004,0.522426595744681,0.43588123502622306,0.11036938412987046,0.5615036126863349,0.8260643894593872,30
all_genes_ridge,ENSG00000131389,SLC6A6,0.00013288843167041486,0.00017132029613174977,2.1475999999999997,2.003027659574468,0.775672437363873,0.13664181680229143,0.4715222772712719,0.7710485663349042,30
all_genes_ridge,ENSG00000131459,GFPT2,0.0022333838062266447,0.0065851669553593775,0.7181,0.7786893617021277,0.3391537103564234,0.179068364197396,0.33511616032793623,0.66891036341592,31
all_genes_ridge,ENSG00000131634,TMEM204,-0.005512323893117005,-0.019819238557569098,0.68465,0.727641489361702,0.278129953232326,-0.2870494063055099,0.12404841856712694,0.4374529057031224,30
all_genes_ridge,ENSG00000131730,CKMT2,0.00182649010337451,0.007464280938914145,0.22544999999999998,0.3050031914893617,0.2446973952778653,0.42163153779034596,0.016239796561759518,0.16827311386178123,32
all_genes_ridge,ENSG00000131747,TOP2A,-0.0011713893028816405,-0.005062989857119795,0.6815,0.7160936170212767,0.2313631541715183,-0.3024516469915921,0.11077606523725268,0.41623283918353854,29
all_genes_ridge,ENSG00000131844,MCCC2,4.154781856383988e-05,8.133825449352388e-05,3.4389,3.4930574468085105,0.5108029281246489,0.031677554782727886,0.8704194192317201,0.9517732970792776,29
all_genes_ridge,ENSG00000131951,LRRC9,-0.0014221569809436906,-0.021602561244599226,0.0795,0.09878085106382979,0.06583279477100146,-0.2981636078566832,0.10951874118924733,0.41423028225401637,30
all_genes_ridge,ENSG00000132170,PPARG,-0.001511976836400791,-0.0015542607386959824,1.8611499999999999,1.7930925531914894,0.9727948462941505,-0.14594635940826814,0.41016777055032155,0.7278020756228967,34
all_genes_ridge,ENSG00000132254,ARFIP2,0.0006350762489108596,0.001867657305291069,2.7826,2.7984404255319157,0.34003896063356487,-0.010619617358977306,0.9532274201590677,0.9829430237610502,33
all_genes_ridge,ENSG00000132259,CNGA4,0.0024452955202618784,0.05734255918981674,0.0411,0.054782978723404256,0.04264364121188595,-0.19991931009993003,0.2809027890593757,0.6293800079374976,31
all_genes_ridge,ENSG00000132275,RRP8,-0.0007354798581098234,-0.0021435934548707522,1.7593,1.8108085106382976,0.3431060383388645,-0.1829182221662254,0.3246554674604012,0.6597416326705342,31
all_genes_ridge,ENSG00000132294,EFR3A,0.002836750556213124,0.00444092045767209,2.038,2.1670957446808505,0.6387753582283561,0.12018552371807209,0.5195710585474622,0.7978689436438281,31
all_genes_ridge,ENSG00000132300,PTCD3,-0.003854994088458138,-0.011658548584062204,3.31815,3.3248138297872343,0.3306581484532389,-0.02361854770517077,0.9014069084702409,0.9651044078104304,30
all_genes_ridge,ENSG00000132305,IMMT,0.0008790757087269767,0.0020525804254804673,3.1381,3.128642553191489,0.42827832605935673,-0.06415817645879779,0.7316800214548685,0.8982533542810274,31
all_genes_ridge,ENSG00000132321,DRC11,0.0018821574244477124,0.00735271574973821,0.3123,0.36148510638297876,0.2559812576073984,0.36707004033736707,0.03877054044716142,0.2598396485597838,32
all_genes_ridge,ENSG00000132394,EEFSEC,-0.002597692600003305,-0.004125392702075697,1.638,1.6215361702127662,0.6296837144003944,-0.44089167731927054,0.013043771136122645,0.15408906291544106,31
all_genes_ridge,ENSG00000132424,PNISR,-0.0015276286652701775,-0.004599156229012611,3.2279,3.120634042553191,0.33215411462509564,0.08236745010019297,0.6710012406517748,0.8754529706250678,29
all_genes_ridge,ENSG00000132429,POPDC3,-0.0006073724452666562,-0.001209978438546084,0.8582,0.920027659574468,0.5019696433570154,-0.13023656973878758,0.5007106442568817,0.788865450881409,29
all_genes_ridge,ENSG00000132437,DDC,-0.002742174394706148,-0.002142313975162646,2.23095,2.382894680851064,1.2800058378454822,-0.42971619631752667,0.017790584137116643,0.17593554866542713,30
all_genes_ridge,ENSG00000132464,ENAM,-0.00015134496085788933,-0.0029473101513823137,0.0532,0.06874255319148936,0.051350198345059564,-0.2808033514046328,0.1400698805342588,0.46022960746970754,29
all_genes_ridge,ENSG00000132466,ANKRD17,0.0010881296740069227,0.004049239374282781,2.4926,2.4363106382978716,0.268724462405895,0.20199778949806008,0.2758275601024419,0.6245654860014576,31
all_genes_ridge,ENSG00000132600,PRMT7,0.0002011373488742847,0.00046761998516394327,2.8635,2.7700702127659578,0.430129924416656,0.4992764388412176,0.004972316902795031,0.10409705806380284,30
all_genes_ridge,ENSG00000132623,ANKEF1,-0.0009873278671730574,-0.003322004343143556,0.1406,0.2347553191489361,0.2972084817441165,-0.20275930647364135,0.2914850744772202,0.6326711016431577,29
all_genes_ridge,ENSG00000132639,SNAP25,-0.0035271064075826962,-0.020886147963915268,0.1545,0.20508723404255316,0.16887299724565932,-0.12344288360453168,0.46667914706734975,0.7686252114724466,37
all_genes_ridge,ENSG00000132640,BTBD3,-0.0010173542119488858,-0.002084331688300513,1.3362,1.2300468085106382,0.48809612100576893,-0.1268594350660204,0.4817424907193719,0.7786794339058732,33
all_genes_ridge,ENSG00000132669,RIN2,0.00025306004478227716,0.0003910055636980141,0.93695,1.0354861702127662,0.6472031814302351,-0.18278486345213912,0.31667330708291336,0.6516631240573012,32
all_genes_ridge,ENSG00000132670,PTPRA,0.00028724769468276045,0.0005774028383100601,1.3477,1.3183957446808512,0.4974823045960003,0.08095120749137506,0.6763520254672577,0.8758268963328424,29
all_genes_ridge,ENSG00000132792,CTNNBL1,0.0009969613637814357,0.0022620072395799257,3.1157000000000004,3.0338340425531922,0.44074189787587953,0.26778759299789356,0.15251852684926515,0.476385028306964,30
all_genes_ridge,ENSG00000132821,VSTM2L,0.0011873794766672993,0.009721545218774268,0.1317,0.17511063829787238,0.12213896556014878,0.4201577131591917,0.023251567496729523,0.20343446374660182,29
all_genes_ridge,ENSG00000132823,OSER1,-0.001641045605790533,-0.0033584677285543223,2.1270499999999997,2.1433414893617018,0.48862926144505,-0.2533812187423127,0.14820295170962972,0.4709112515787452,34
all_genes_ridge,ENSG00000132837,DMGDH,0.00041879081462437045,0.0006048533500061532,4.2026,4.098289361702127,0.6923840541184241,0.2853540505916761,0.1196965769276671,0.4275280088851733,31
all_genes_ridge,ENSG00000132855,ANGPTL3,0.0014488275765016962,0.0022428410393317646,4.511,4.407129787234043,0.6459787167678018,0.21357519091586472,0.232705232963116,0.5850097999305804,33
all_genes_ridge,ENSG00000132874,SLC14A2,0.0020417195789348202,0.04500891658500344,0.06075,0.07440106382978724,0.04536255777405455,0.2939127295461487,0.10251852200524857,0.40588771444986027,32
all_genes_ridge,ENSG00000132911,NMUR2,-0.00025336066680670366,-0.017176694902209463,0.0181,0.022072340425531918,0.014750257150699784,-0.2937972783475339,0.10866909769013353,0.4129153699464898,31
all_genes_ridge,ENSG00000132912,DCTN4,7.469818988724899e-05,0.00014085456782528353,3.3784,3.33284255319149,0.5303213878012453,-0.024114621223794385,0.8975431852642252,0.9642676688632253,31
all_genes_ridge,ENSG00000132915,PDE6A,0.00020855098915177557,0.0010585160524189928,0.0789,0.14697446808510634,0.19702203729001624,-0.49205374803384,0.006702565229857132,0.11486991984954285,29
all_genes_ridge,ENSG00000132965,ALOX5AP,0.002478268365309819,0.008842940902562334,0.4778,0.522227659574468,0.2802538649321647,0.45952938626421125,0.012147010038378708,0.14576412046054452,29
all_genes_ridge,ENSG00000132970,WASF3,0.0010701245024980978,0.0014566340925414123,0.8598,1.0895787234042553,0.7346556750096621,0.087000368165719,0.6358798176510955,0.861632063349693,32
all_genes_ridge,ENSG00000133020,MYH8,4.0623645725792824e-05,0.00040481549944004135,0.0398,0.05811489361702128,0.10035101368891568,0.06254180951789193,0.729522304213882,0.8981466811003024,33
all_genes_ridge,ENSG00000133048,CHI3L1,0.0038900313734468316,0.0034018940232701743,1.55395,1.7391372340425533,1.1434898755921328,0.24291870017460818,0.18035852322809517,0.516574034453299,32
all_genes_ridge,ENSG00000133055,MYBPH,0.0016719921068658354,0.007502772447048084,0.1958,0.24273829787234044,0.22284990230826868,0.18775839563038133,0.31179311815607236,0.6461460114142222,31
all_genes_ridge,ENSG00000133059,DSTYK,-0.003031362738867852,-0.010225919306275423,1.4358,1.4200595744680848,0.2964391413696733,-0.6279886306637686,9.13382907353484e-05,0.013269905185751978,33
all_genes_ridge,ENSG00000133083,DCLK1,0.0011607252271049816,0.0031336637251898622,0.17104999999999998,0.27868829787234034,0.370405164336724,0.012377372797895402,0.9463956179936308,0.9806338212384516,32
all_genes_ridge,ENSG00000133104,SPART,0.0010381042492489383,0.0015600855164479876,2.3927,2.361612765957447,0.6654149649517294,-0.05967903794520526,0.7414715606480724,0.9028578394321931,33
all_genes_ridge,ENSG00000133105,RXFP2,0.00022329044153177746,0.0011826173352876919,0.043,0.0839468085106383,0.18881039104458777,-0.11477054290703806,0.5247817634755385,0.7986190955289995,33
all_genes_ridge,ENSG00000133107,TRPC4,-7.538348578114241e-05,-0.0005817362967337788,0.04435,0.0861627659574468,0.12958360378128564,-0.5083500838089855,0.004127614673928782,0.09639567807729063,30
all_genes_ridge,ENSG00000133110,POSTN,-0.0005009304992717097,-0.0004947149173964008,1.21245,1.4383010638297873,1.0125639669570112,-0.27754354270199294,0.1240602608071108,0.4374529057031224,32
all_genes_ridge,ENSG00000133119,RFC3,-0.0002083263311847852,-0.0005647272637569883,1.6129,1.6478999999999995,0.36889724395249235,-0.10102254604199817,0.6020671365134662,0.8424080984067248,29
all_genes_ridge,ENSG00000133121,STARD13,0.002620289032034814,0.003776927406856525,1.6192,1.5677170212765963,0.6937620848306528,0.10096113982207917,0.5761301042302559,0.8297585372120764,33
all_genes_ridge,ENSG00000133302,SLF1,0.00246259436953585,0.008448078926576057,0.6899,0.7655404255319149,0.2914975571297037,0.07855792136817405,0.679874095485742,0.8767008234572077,30
all_genes_ridge,ENSG00000133392,MYH11,-5.420571023294739e-05,-0.00027029517677598343,0.6363,0.664123404255319,0.20054264704054364,0.15510286721292396,0.4047615605325279,0.7224315683578805,31
all_genes_ridge,ENSG00000133636,NTS,0.0007542159185824109,0.006509414459150491,0.15025,0.18046276595744676,0.11586540130690029,0.2007567326953038,0.28744478374809124,0.6319206107597429,30
all_genes_ridge,ENSG00000133641,RLIG1,-0.0001411820337571554,-0.00030906139676526324,2.1132,2.146219148936171,0.4568090199384728,-0.1262171909291637,0.5141307190899663,0.7961584872375733,29
all_genes_ridge,ENSG00000133704,IPO8,0.0004656222636549166,0.0014599036990294528,2.3644,2.382708510638298,0.31894039583875516,-0.0005044390740298134,0.9978511598701452,0.9991675862024276,31
all_genes_ridge,ENSG00000133773,CCDC59,0.0021435757814140147,0.007936503348423891,2.4568000000000003,2.503625531914894,0.2700907045972213,0.20672381292512418,0.2730553774630281,0.6245654860014576,30
all_genes_ridge,ENSG00000133794,BMAL1,-0.004253184353660072,-0.006101859530629953,0.58995,0.8118436170212766,0.6970308530227629,-0.2642316872359421,0.13102389979331464,0.44711033835544395,34
all_genes_ridge,ENSG00000133800,LYVE1,-0.008276406455899894,-0.014632645449708742,0.4087,0.5981914893617021,0.5656124508958585,-0.33030853666141285,0.06955082465179357,0.33662996712351245,31
all_genes_ridge,ENSG00000133835,HSD17B4,-0.0005379358167167458,-0.0005885617014979152,4.8826,4.624482978723403,0.9139837256615163,-0.11471168063085263,0.5534957713003874,0.8199847876382151,29
all_genes_ridge,ENSG00000133858,ZFC3H1,0.000285959703416946,0.0017096392889715927,2.1891499999999997,2.207486170212766,0.16726317958506948,-0.2922893566882886,0.10451912017197,0.407702743674865,32
all_genes_ridge,ENSG00000133935,ERG28,0.003114270512309526,0.0037713698975917905,3.6513,3.5460829787234034,0.8257663917554585,0.2726906232352271,0.13776168879825676,0.45659878514356717,31
all_genes_ridge,ENSG00000134013,LOXL2,-0.0036775580270475084,-0.004655802109228146,0.8263499999999999,1.0883563829787235,0.7898871001751373,-0.44073700799345633,0.011578568321840942,0.14576412046054452,32
all_genes_ridge,ENSG00000134014,ELP3,-0.0024067203014871462,-0.005684035958476218,2.62955,2.6054606382978722,0.42341750106245674,-0.3261733717983473,0.05975238832609083,0.3090430169642449,34
all_genes_ridge,ENSG00000134028,ADAMDEC1,-0.0011609765830634198,-0.0018208182086795978,0.1568,0.35181063829787235,0.6376125730340344,-0.24593395761458847,0.19844404796986997,0.538578875779054,29
all_genes_ridge,ENSG00000134061,CD180,0.0007449930361573315,0.0033724482357137477,0.1469,0.1943468085106383,0.22090569938715768,-0.09154756315423539,0.6367076927338854,0.861632063349693,29
all_genes_ridge,ENSG00000134115,CNTN6,0.0006742495333284741,0.005378085949624184,0.0316,0.06779574468085106,0.12536979506167803,0.06612893950685449,0.6973747855584749,0.8814445665926435,37
all_genes_ridge,ENSG00000134198,TSPAN2,-0.0009256113539447131,-0.0035787989320922864,0.36185,0.4298521276595745,0.2586374287877552,-0.2148881590942522,0.23756807569044328,0.5890540710335835,32
all_genes_ridge,ENSG00000134200,TSHB,0.00017384397127409468,0.007012971516103748,0.051250000000000004,0.052207446808510645,0.024788917347646457,-0.1933652466617882,0.3059271721569484,0.6423955480126771,30
all_genes_ridge,ENSG00000134222,PSRC1,-0.00016422972883595066,-0.00036856766988378433,0.73185,0.8108542553191489,0.4455890797142763,-0.008010681106200276,0.9664887244144111,0.9846702172675765,30
all_genes_ridge,ENSG00000134242,PTPN22,-0.0002319173881821122,-0.002582070846356134,0.1128,0.12691489361702127,0.08981836749731259,-0.33937153677266024,0.07169311450531791,0.3411603379908232,29
all_genes_ridge,ENSG00000134245,WNT2B,-0.002615274152411009,-0.0076053538058080405,0.4193,0.4611957446808511,0.34387277951668493,0.1827254805322819,0.3427510552523752,0.6789586738605852,29
all_genes_ridge,ENSG00000134247,PTGFRN,-0.0007725542801906372,-0.0018026185733565406,2.2658,2.2439425531914896,0.42857334968656924,0.15450961064563826,0.4235469949072546,0.7373131031145052,29
all_genes_ridge,ENSG00000134253,TRIM45,-0.004666895141854746,-0.012740443910954614,0.9033500000000001,0.9956521276595747,0.366305536484644,-0.5329921293959684,0.0024250177736771733,0.07329162012141763,30
all_genes_ridge,ENSG00000134255,CEPT1,0.0020578241618839778,0.0037963793389473354,3.0041,2.9838000000000005,0.5420491416051626,0.059691913712325254,0.7455417007432503,0.9028578394321931,32
all_genes_ridge,ENSG00000134256,CD101,0.0019228218979129848,0.031092216793405843,0.1017,0.11941914893617021,0.06184254762821492,0.08250438881955321,0.6480618037986228,0.8667469763579818,33
all_genes_ridge,ENSG00000134258,VTCN1,0.0006618691813861858,0.001660079004697316,0.0876,0.1619872340425532,0.39869739904750207,-0.10855101034992608,0.5751300478177056,0.8297585372120764,29
all_genes_ridge,ENSG00000134259,NGF,-0.00010317044649991186,-0.000278027420485121,0.1568,0.303236170212766,0.3710801126014589,-0.17518788925992,0.36336337339730435,0.6961224763224735,29
all_genes_ridge,ENSG00000134324,LPIN1,-0.0007503515104105912,-0.0009406640194821078,1.6767500000000002,1.6799670212765958,0.7976828015848899,-0.38161994714259645,0.03744364607108197,0.2583611578904656,30
all_genes_ridge,ENSG00000134343,ANO3,-0.00018861223633001275,-0.0005367379770119385,0.1233,0.2202765957446809,0.35140467864791597,0.14892544320636197,0.4239536447930862,0.7373131031145052,31
all_genes_ridge,ENSG00000134352,IL6ST,-0.00046309741923913173,-0.000543913428917931,2.8561,2.798912765957447,0.8514175135562,-0.08329132175000427,0.655984039164389,0.8681637065837335,31
all_genes_ridge,ENSG00000134444,RELCH,0.0011829317692586157,0.005042978689829329,1.8638,1.904270212765957,0.23457005115733495,-0.2399816607981005,0.18584865173671516,0.5214900567051745,32
all_genes_ridge,ENSG00000134480,CCNH,0.00010411300450683677,0.0002491848964937164,2.9151,2.8431680851063827,0.417814265518545,0.059296935850853334,0.7312013053137636,0.8982533542810274,36
all_genes_ridge,ENSG00000134516,DOCK2,4.108909407635925e-05,0.00025296846729678624,0.15475,0.18184148936170214,0.16242773067898988,-0.06588759083656456,0.7294005705176123,0.8981466811003024,30
all_genes_ridge,ENSG00000134532,SOX5,-0.0014239091293067137,-0.0021970916137165797,1.93395,1.8231797872340425,0.6480881909598855,-0.020698865413633902,0.9135464160936891,0.9693115163169992,30
all_genes_ridge,ENSG00000134533,RERG,0.00016739936331916532,0.00030221602551425223,0.778,0.9184297872340424,0.5539063093504647,-0.18051635191976942,0.3311578726492109,0.6653840511998705,31
all_genes_ridge,ENSG00000134602,STK26,-0.000467761994074644,-0.0007064420062621595,0.6980999999999999,0.9354702127659573,0.6621378541029995,0.11661166900658043,0.5250473368497638,0.7986190955289995,32
all_genes_ridge,ENSG00000134640,MTNR1B,-0.0014010809579209631,-0.06699919576438972,0.0298,0.03572553191489362,0.020911907104796058,-0.3196549817939435,0.09096053556262568,0.3809050840939746,29
all_genes_ridge,ENSG00000134690,CDCA8,-0.0006966534536839044,-0.0024709345782554615,0.4287,0.4999,0.28193925481254883,-0.3271741907618417,0.08319710282999988,0.3684325177980318,29
all_genes_ridge,ENSG00000134697,GNL2,0.0015037235354016056,0.006088074951722187,3.1381,3.149131914893616,0.24699491174566343,-0.04721400968468227,0.8078453118533259,0.9258657481263485,29
all_genes_ridge,ENSG00000134709,HOOK1,0.002481807958512899,0.0047481739931335325,2.1545,2.1261106382978725,0.5226868185752904,0.5137179745814,0.0031171787016969162,0.08375004016240564,31
all_genes_ridge,ENSG00000134744,TUT4,-0.0035254848433168805,-0.01294279597387502,1.8375,1.786148936170213,0.2723897410136926,-0.4535635193836878,0.011824287862463827,0.14576412046054452,30
all_genes_ridge,ENSG00000134748,PRPF38A,0.0018313091666132104,0.009895729820812547,2.7241,2.7246872340425528,0.18506054629357696,0.15212348119200628,0.4139557569262234,0.7294078224190448,31
all_genes_ridge,ENSG00000134759,ELP2,-0.00015244994055599648,-0.00042138283525202595,2.7241,2.748421276595744,0.36178488491306793,0.017054832489235786,0.9261857075289478,0.9708120479029481,32
all_genes_ridge,ENSG00000134760,DSG1,-0.00020213898470694728,-0.005867059179744698,0.0509,0.05758723404255319,0.034453203643284754,-0.07379117318630436,0.6735541742223486,0.8757215788020579,35
all_genes_ridge,ENSG00000134765,DSC1,6.809512850208498e-05,0.0008218114740284227,0.040749999999999995,0.06333085106382978,0.08285979285284338,-0.3035536883148109,0.08094168515097887,0.36351916585557964,34
all_genes_ridge,ENSG00000134769,DTNA,-0.00040030992068195364,-0.0018891986701588398,0.2451,0.30100638297872345,0.21189403052474964,-0.28849471188412396,0.12908158065384312,0.4428154563447093,29
all_genes_ridge,ENSG00000134775,FHOD3,-0.0023745994157380428,-0.007418451341288394,0.3794,0.4548127659574469,0.32009368350532796,-0.20182355840315427,0.2937650787400981,0.6349111126539362,29
all_genes_ridge,ENSG00000134852,CLOCK,0.002509510779620955,0.0053418620148872175,1.4657,1.456523404255319,0.46978202967939037,0.17101303911735205,0.3413250710646907,0.6772960233675823,33
all_genes_ridge,ENSG00000134871,COL4A2,0.0012950063602444153,0.0014487922502516325,2.6949,2.4939340425531915,0.8938523518603119,0.3739987705537487,0.045645942404178984,0.2791000805716083,29
all_genes_ridge,ENSG00000134882,UBAC2,0.0022882447835808903,0.00439286346496533,3.0635,2.979576595744681,0.5209005018777542,0.33460638420739885,0.07603130126644499,0.3538074781586862,29
all_genes_ridge,ENSG00000134909,ARHGAP32,0.0005307953406856264,0.0010811567816216274,0.9985999999999999,1.0253531914893617,0.49095131225046407,-0.10704350795098075,0.5734278329153294,0.8290128098718762,30
all_genes_ridge,ENSG00000134954,ETS1,0.0013352325130311026,0.0019577612186962136,2.23085,2.25571170212766,0.6820201055572606,-0.03553687438730792,0.8418513447254158,0.940166011634959,34
all_genes_ridge,ENSG00000134982,APC,0.0001394625745140529,0.0005684103417734029,1.9036,1.8923765957446812,0.2453554488099897,-0.27399285658219996,0.1503528414540458,0.47536645613938855,29
all_genes_ridge,ENSG00000134987,WDR36,0.0017281329756831595,0.0047936164055205925,2.0550499999999996,2.0164861702127657,0.3605071473163657,-0.05121924347665088,0.7880873498960557,0.921661476997082,30
all_genes_ridge,ENSG00000135048,CEMIP2,0.004628227863889113,0.0073312626677161374,2.3574,2.2287361702127653,0.6313002375797997,0.27684781858751367,0.11295173971909797,0.42174600098691983,34
all_genes_ridge,ENSG00000135049,AGTPBP1,-0.0012484436189448317,-0.003399583897001083,1.371,1.3599723404255322,0.36723424300430907,-0.17461491198506157,0.36495954604557446,0.6976677210301527,29
all_genes_ridge,ENSG00000135164,DMTF1,-0.0018053481113122446,-0.004231341696363109,2.1132,2.046125531914894,0.42666091298274583,-0.07905578884439593,0.6779528491084903,0.8758268963328424,30
all_genes_ridge,ENSG00000135211,TMEM60,0.00010994080343932311,0.00019370788441727612,1.342,1.4796574468085104,0.5675597757419826,-0.28532711077776,0.13352779903067236,0.4484407055941607,29
all_genes_ridge,ENSG00000135269,TES,-0.0008055098441282175,-0.0011394987738088602,1.957,1.684682978723404,0.706898386064726,0.16522917693445047,0.3916898865303731,0.7127845613806901,29
all_genes_ridge,ENSG00000135272,MDFIC,-0.004033055778846506,-0.007071610812807985,2.1407,2.0817276595744674,0.5703164223265655,-0.5797617758287812,0.0007858033657079648,0.04414920313278736,30
all_genes_ridge,ENSG00000135299,ANKRD6,-0.001968144901777043,-0.004700085350104829,0.5945,0.6715127659574469,0.4187466301506942,-0.33756806493968566,0.06328260832450404,0.32235905851207086,31
all_genes_ridge,ENSG00000135312,HTR1B,-0.00038293313377491325,-0.004462465304336186,0.0754,0.10161489361702128,0.08581201368732579,-0.160480129110349,0.3884638527451156,0.7127270704897838,31
all_genes_ridge,ENSG00000135315,CEP162,0.002694047652029927,0.010683792227739014,0.9238,0.9428872340425534,0.2521621157172262,0.06873614399288691,0.7231194662447679,0.8975432132130479,29
all_genes_ridge,ENSG00000135324,MRAP2,-0.0027159714587892715,-0.00899629575861484,0.148,0.23534893617021277,0.30189886278343625,-0.20300566642030057,0.29088667510573296,0.6326160068918376,29
all_genes_ridge,ENSG00000135334,AKIRIN2,-0.001297680901501095,-0.003916309138308419,2.9151,2.868202127659574,0.3313530305377286,-0.35047877000234046,0.05758956974823342,0.3069057063523985,30
all_genes_ridge,ENSG00000135336,ORC3,0.0002492586810842297,0.0004437025465547288,2.1822,2.2024765957446815,0.5617697780183569,-0.23879237881759596,0.16712853408150768,0.4945440833055139,35
all_genes_ridge,ENSG00000135341,MAP3K7,-0.0013796521873443112,-0.00589007998348747,2.34315,2.3757329787234043,0.23423318379582173,-0.34449237778147157,0.053510645800209575,0.29930427328135484,32
all_genes_ridge,ENSG00000135362,PRR5L,-0.0011900907891060743,-0.002391251689091005,0.50245,0.6584946808510638,0.49768528948053475,-0.3826198696335149,0.030671168162075484,0.2369406273283999,32
all_genes_ridge,ENSG00000135363,LMO2,-0.0015129069311845334,-0.005737791121389986,0.4139,0.4718255319148937,0.2636741037059624,-0.4993840999053111,0.005815472739473475,0.10898626689531772,29
all_genes_ridge,ENSG00000135372,NAT10,-0.001370046149786275,-0.0027693849395249584,2.3644,2.408710638297873,0.49471134555288054,-0.14066325395058982,0.4584478036908871,0.7643314288882666,30
all_genes_ridge,ENSG00000135373,EHF,-5.484271384559986e-05,-9.469513126146703e-05,0.883,0.9676340425531915,0.5791503017633626,-0.26791992692879946,0.12553336647626964,0.4385722676892458,34
all_genes_ridge,ENSG00000135374,ELF5,-0.0011849642053280013,-0.00405982132383728,0.1746,0.2718553191489361,0.2918759499021478,-0.2778541985683839,0.11159514443870926,0.4187921613299398,34
all_genes_ridge,ENSG00000135423,GLS2,0.00022748322741669106,0.000291444008330535,3.14555,3.0934329787234045,0.780538356989298,0.08305830583058306,0.6513138852401567,0.8673385846763304,32
all_genes_ridge,ENSG00000135443,KRT85,0.000683579710776059,0.03297714596922595,0.0398,0.0464936170212766,0.020728892409730394,-0.34027606605866406,0.07089167734276101,0.34001126763447465,29
all_genes_ridge,ENSG00000135472,FAIM2,0.0013817345052589386,0.014099501796619953,0.0938,0.12459361702127658,0.09799881763128533,0.08656948979819441,0.6492039131004078,0.8670661246730623,30
all_genes_ridge,ENSG00000135521,LTV1,0.0005269428616974537,0.001169056772704382,2.3644,2.4625106382978728,0.4507418920968872,-0.17208254390466504,0.30847212704355736,0.6432152319397254,37
all_genes_ridge,ENSG00000135525,MAP7,-0.0005787345016319907,-0.0008106210968571473,0.9031,1.1301234042553192,0.7139395999879571,-0.15835744491431114,0.4032692981594019,0.7223458080203505,30
all_genes_ridge,ENSG00000135540,NHSL1,-0.0007133992871225099,-0.0015357523113181182,1.3827,1.34981914893617,0.46452756858311844,-0.019713919275191904,0.9147159071963776,0.9693115163169992,32
all_genes_ridge,ENSG00000135547,HEY2,-0.0002353949233005392,-0.0004925156785082688,1.3826,1.3752276595744684,0.4779440200025778,-0.08206012814194184,0.6721610258652941,0.8754529706250678,29
all_genes_ridge,ENSG00000135577,NMBR,-4.069889509479586e-05,-0.00035668832672874825,0.0813,0.1147404255319149,0.1141021223432026,0.049171209560026345,0.7963807878338557,0.9240182501553971,30
all_genes_ridge,ENSG00000135596,MICAL1,-0.0007996744302856862,-0.0020362640554491074,1.33385,1.2555521276595745,0.39271646923478903,-0.023589630779111755,0.901527037488564,0.9651044078104304,30
all_genes_ridge,ENSG00000135622,SEMA4F,0.001377445983194768,0.002516450728702411,0.8395999999999999,0.9461595744680847,0.5473764963818853,0.12349800038725425,0.5155758222434568,0.7961584872375733,30
all_genes_ridge,ENSG00000135655,USP15,-0.000256468513546638,-0.0007696586261540875,2.7973,2.730770212765958,0.33322372391015387,0.37037503974391517,0.04795439869875603,0.2843545985340299,29
all_genes_ridge,ENSG00000135740,SLC9A5,-0.0012467900941126864,-0.005013373885708715,0.23445,0.2877968085106382,0.2486928209497453,-0.2941896705253785,0.11455996771475259,0.42174600098691983,30
all_genes_ridge,ENSG00000135775,COG2,-0.0007071136222336927,-0.00232382544894851,2.52125,2.5224457446808506,0.3042886127930345,-0.25968390819693316,0.16580228561391855,0.4930865860683995,30
all_genes_ridge,ENSG00000135823,STX6,-0.0015329083610820205,-0.004022692536553456,1.8178,1.8618468085106383,0.3810652559579855,-0.5730475660482257,0.0011573281564517643,0.05633920126897774,29
all_genes_ridge,ENSG00000135824,RGS8,0.0003502300975867372,0.003857209649977834,0.06355,0.0883031914893617,0.09079882333819989,0.10138417862744649,0.5808636482768326,0.833019384113587,32
all_genes_ridge,ENSG00000135829,DHX9,-0.00048336817631671456,-0.001142214509287715,3.3332,3.347329787234043,0.4231851131169249,-0.14833066516410465,0.4425398221598222,0.751006651803924,29
all_genes_ridge,ENSG00000135837,CEP350,-0.001200691271231011,-0.00494830716807428,1.95365,1.9368946808510643,0.24264687507228477,-0.09765060115004962,0.6077014132814081,0.8455460544098786,30
all_genes_ridge,ENSG00000135900,MRPL44,0.0005390736038300685,0.0012917332243326328,2.21,2.2692446808510636,0.4173258020119271,-0.15523502118216664,0.40435644056317743,0.7224315683578805,31
all_genes_ridge,ENSG00000135905,DOCK10,0.0006069805003141204,0.0016821440561309903,0.18364999999999998,0.3123478723404255,0.36083740753464594,-0.004583791789553161,0.9801360991952542,0.9936209174059956,32
all_genes_ridge,ENSG00000135913,USP37,-0.0036240092480798332,-0.009436830724667148,2.6078,2.503882978723404,0.38402821390098185,-0.4137732147560083,0.012121487481634014,0.14576412046054452,36
all_genes_ridge,ENSG00000135914,HTR2B,-0.006273341705390353,-0.04647392302118988,0.1797,0.2087340425531915,0.13498627396981336,-0.451604820753423,0.008336014537844392,0.12850824633669033,33
all_genes_ridge,ENSG00000135924,DNAJB2,-0.002184799171948741,-0.0035000530528131076,1.6953999999999998,1.6998234042553197,0.624218872966153,-0.14042505928704543,0.4592168243849371,0.7643543195354545,30
all_genes_ridge,ENSG00000135931,ARMC9,0.0010801818122603644,0.0032348940522160252,1.1027,1.135110638297872,0.33391566920728016,0.11458846722523411,0.5539247427412056,0.8199847876382151,29
all_genes_ridge,ENSG00000135945,REV1,-0.0014343027888917563,-0.00237344865287288,2.7533,2.7573127659574466,0.6043116994149594,-0.1720483167867598,0.3721599917684608,0.7038611257125721,29
all_genes_ridge,ENSG00000135956,TMEM127,-0.0024783612237947355,-0.008925438087141998,2.3644,2.397727659574468,0.27767390234492434,-0.5126682994322037,0.0022844987699384488,0.07329162012141763,33
all_genes_ridge,ENSG00000135960,EDAR,0.0023433903013028584,0.014575759472025484,0.13145,0.17408829787234043,0.16077311825846252,-0.13540520946340037,0.4599640215270741,0.7647594574787497,32
all_genes_ridge,ENSG00000135966,TGFBRAP1,-0.002397099213905276,-0.0036673235199900854,1.4417,1.4648659574468081,0.6536372373037208,-0.5929029798458352,0.0007003968691857273,0.04089240182399746,29
all_genes_ridge,ENSG00000136010,ALDH1L2,-0.000150302103969284,-0.0001849539047101193,1.3740999999999999,1.424131914893617,0.8126462872187233,0.014666789444504644,0.9364988680266276,0.9733689022009043,32
all_genes_ridge,ENSG00000136011,STAB2,-0.0014321816346482227,-0.0010954640585297383,2.55,2.3345042553191484,1.307374371159566,0.13578117299162148,0.48249001596919583,0.7786794339058732,29
all_genes_ridge,ENSG00000136044,APPL2,-0.0029256885860384314,-0.006883399785852896,2.8708,2.8518553191489366,0.42503540068258877,-0.4426393707162177,0.014307079373421136,0.16058990750202842,30
all_genes_ridge,ENSG00000136051,WASHC4,0.0022675243867395227,0.011147295619187264,2.4069,2.416510638297872,0.20341475315650104,0.1446909982151294,0.42946805910325336,0.7419621962500219,32
all_genes_ridge,ENSG00000136141,LRCH1,-0.00032020850472305284,-0.0005130543216663279,1.2494999999999998,1.3135978723404254,0.6241220299695769,-0.3403923725705904,0.05661022623698922,0.30636122434135343,32
all_genes_ridge,ENSG00000136160,EDNRB,0.000728293962511763,0.003058302133572611,0.3032,0.3284148936170213,0.23813669503640347,0.14411441144114412,0.4313285293823012,0.7423545437668178,32
all_genes_ridge,ENSG00000136161,RCBTB2,0.0016023838508658498,0.0027289316488363123,1.64745,1.6287478723404256,0.5871835784341275,0.11371800069608072,0.5219356619285852,0.7978689436438281,34
all_genes_ridge,ENSG00000136167,LCP1,-0.0026660426794183362,-0.011980869204293781,0.3228,0.3579574468085106,0.22252497994576742,-0.32675915549177675,0.06344968681069536,0.32266875905740555,33
all_genes_ridge,ENSG00000136169,SETDB2,-0.0005052722403216628,-0.0015888611752689645,1.2863,1.3212659574468084,0.31800905465270096,-0.35588561248706385,0.045598952669117634,0.2791000805716083,32
all_genes_ridge,ENSG00000136193,SCRN1,0.0009582856237443938,0.0036449413400670675,0.47355,0.5166840425531916,0.26290838022835267,0.3413819983301548,0.06485121521926372,0.3232976837531768,30
all_genes_ridge,ENSG00000136237,RAPGEF5,0.0006209874441344998,0.001354089375094852,0.68555,0.7308180851063831,0.4586015188923557,0.31842457397146096,0.08635674840049862,0.37347448453548976,30
all_genes_ridge,ENSG00000136261,BZW2,-0.0008864553523694038,-0.001150371289689164,2.9003,2.747910638297872,0.7705819506404131,-0.11993141256751605,0.5204608648374889,0.7978689436438281,31
all_genes_ridge,ENSG00000136267,DGKB,0.00016033017761018533,0.0016237426701273538,0.0679,0.08695319148936169,0.09874112478525324,-0.2975235311797388,0.0926534235735656,0.38334787242692275,33
all_genes_ridge,ENSG00000136305,CIDEB,-0.00279949301185142,-0.004755880800108661,4.1103000000000005,4.071202127659575,0.5886381786077267,-0.42640838287099914,0.018787038462982825,0.1799288604845926,30
all_genes_ridge,ENSG00000136352,NKX2-1,0.00012090872158735828,0.011168826099546376,0.0222,0.02458723404255319,0.010825553241649005,-0.33633464817695696,0.0744351590093389,0.34928151893717607,29
all_genes_ridge,ENSG00000136404,TM6SF1,0.0038218634884409123,0.010578685383681872,0.7388,0.7908978723404253,0.361279625002963,0.41089474981513435,0.02681252369171985,0.21941461436135162,29
all_genes_ridge,ENSG00000136504,KAT7,-4.467382947065954e-07,-1.4665021643261255e-06,2.1892,2.1566191489361706,0.3046284591825862,-0.3381943692334557,0.06755812791293934,0.33056924035009755,30
all_genes_ridge,ENSG00000136527,TRA2B,-0.00017232344546955165,-0.0002998243725667459,3.7275,3.62881489361702,0.5747479565931204,0.08052782391582428,0.6779546465038928,0.8758268963328424,29
all_genes_ridge,ENSG00000136535,TBR1,0.0008431227588669304,0.05240365816541009,0.0187,0.021446808510638297,0.016089005775238946,0.13047794247271924,0.4999103543092708,0.788865450881409,29
all_genes_ridge,ENSG00000136541,ERMN,-0.0009623670469387413,-0.023049054714537977,0.0243,0.03433617021276595,0.04175299416213096,-0.22078247784651395,0.21694196090523749,0.5619759328569122,33
all_genes_ridge,ENSG00000136560,TANK,0.0036302075216519624,0.0050887007590910225,2.4926,2.3032446808510634,0.7133859296337194,-0.009736258318954893,0.9600218963555642,0.9829430237610502,29
all_genes_ridge,ENSG00000136573,BLK,-0.003236988250499978,-0.006685264834654495,0.1772,0.31969999999999993,0.48419745972072187,-0.03720128223270941,0.8480642593911555,0.9416768180009485,29
all_genes_ridge,ENSG00000136574,GATA4,-0.0028050983290487477,-0.004248431813228874,0.7706,0.8813085106382981,0.6602667648599564,-0.1712455457604,0.37442905331402293,0.7056324283035037,29
all_genes_ridge,ENSG00000136634,IL10,0.0023678919240285264,0.013357030924756761,0.1448,0.19659574468085103,0.1772768167841647,0.08801404212637914,0.6262200426201117,0.8561165736614558,33
all_genes_ridge,ENSG00000136770,DNAJC1,0.002159139406073107,0.0028459109814717464,3.75035,3.570884042553191,0.7586812869868897,0.3907381951321002,0.02702546306581561,0.21997132940433295,32
all_genes_ridge,ENSG00000136824,SMC2,0.002266469248551401,0.005342827164227514,1.02525,1.0886670212765959,0.42420785454681564,0.20607545378733474,0.2745958985707399,0.6245654860014576,30
all_genes_ridge,ENSG00000136828,RALGPS1,-0.002577503641765305,-0.0045904223180991835,1.5817,1.5326404255319146,0.561495972081411,-0.10596353204931687,0.5843273799660753,0.8331650394196428,29
all_genes_ridge,ENSG00000136842,TMOD1,0.001965289475914919,0.009896040122089928,0.32499999999999996,0.3707425531914893,0.19859352343651096,0.17560650334792632,0.35329992563668344,0.6889008183898336,30
all_genes_ridge,ENSG00000136859,ANGPTL2,0.00023404478366061506,0.0004585296461338734,0.9416,0.9885723404255322,0.5104245399048479,-0.07663211058670467,0.6617189055162271,0.8710427238303289,35
all_genes_ridge,ENSG00000136872,ALDOB,-0.0015271624694208699,-0.0018643338673718821,3.3634,3.3921319148936178,0.8191464501868881,-0.1672624196115243,0.3858063051788773,0.7126905634140545,29
all_genes_ridge,ENSG00000136878,USP20,-0.0005203362449211254,-0.0007293982422566905,2.4211,2.1802787234042555,0.7133774319379401,-0.039177036147994414,0.8400951511354631,0.9398609876766676,29
all_genes_ridge,ENSG00000136895,GARNL3,-0.00011306917675782006,-0.0002132647991983187,0.73525,0.8621244680851065,0.5301820890407472,-0.08433467053471957,0.6577056039354614,0.8693052736386856,30
all_genes_ridge,ENSG00000136925,TSTD2,-0.0029757979405558776,-0.005524082099317594,1.7206,1.7150382978723406,0.5386954587303268,-0.30372654596543897,0.07609890752227341,0.3538074781586862,35
all_genes_ridge,ENSG00000136935,GOLGA1,-0.003638945929315409,-0.010705931038666489,2.3361,2.2851297872340424,0.3398999971298778,-0.5073946419850216,0.004962133594258835,0.10409705806380284,29
all_genes_ridge,ENSG00000136936,XPA,0.0008564869751755469,0.0016144333371294656,2.5213,2.382093617021276,0.5305186380122817,0.2638958956229796,0.1514286670683863,0.4758584866827145,31
all_genes_ridge,ENSG00000136937,NCBP1,0.002355331226229724,0.00724975751690146,2.4354,2.4328829787234048,0.3248841386403211,-0.23038583619760972,0.1701197008581903,0.4999839417284277,37
all_genes_ridge,ENSG00000136960,ENPP2,-0.00021716198278267312,-0.00016240723200029004,0.665,1.219868085106383,1.337144781719359,0.1750458435207824,0.3220869464060486,0.6583673224963261,34
all_genes_ridge,ENSG00000136982,DSCC1,0.0006404527982750883,0.0011550355081915492,1.4959,1.586748936170213,0.5544875406279516,0.13968958295328632,0.4698536935849226,0.7710485663349042,29
all_genes_ridge,ENSG00000136986,DERL1,-0.0019228056908290514,-0.003331646066412422,3.183,3.0656106382978723,0.5771338409003223,-0.32917602189712103,0.05349492240007816,0.29930427328135484,35
all_genes_ridge,ENSG00000137055,PLAA,-0.0014388355413601202,-0.00527165471921174,3.0337,3.000778723404255,0.2729381224677906,-0.29271016536121564,0.11004459430624712,0.414510407337179,31
all_genes_ridge,ENSG00000137145,DENND4C,-5.1964681345566534e-05,-0.0001437035581004937,2.0653,2.1128170212765958,0.3616102623515208,-0.1197781894491742,0.5359908534743729,0.8086085760664029,29
all_genes_ridge,ENSG00000137171,KLC4,-0.0007681075433381564,-0.001795417057882357,2.9743,2.9428638297872336,0.4278156654276847,-0.11216566090382248,0.5623908513052437,0.8260643894593872,29
all_genes_ridge,ENSG00000137207,YIPF3,0.0007918669321573223,0.004209203477669177,3.5905,3.6071893617021273,0.18812750116699378,0.3519493596359981,0.0521759944324534,0.2960865777512683,31
all_genes_ridge,ENSG00000137251,TINAG,0.0014190113880669494,0.001748979940606891,0.6689499999999999,0.9298946808510639,0.8113365711756285,0.03783663570234154,0.8426502336164244,0.9402007016756576,30
all_genes_ridge,ENSG00000137252,HCRTR2,-0.0005749062257336502,-0.04433062600412031,0.0129,0.015951063829787233,0.012968601564079323,-0.4473711337520974,0.011621834191056765,0.14576412046054452,31
all_genes_ridge,ENSG00000137265,IRF4,-0.004264468198229265,-0.08784451672048753,0.0987,0.10215531914893618,0.04854563901578941,-0.45466465183339605,0.010179298699824306,0.1418284818049282,31
all_genes_ridge,ENSG00000137269,LRRC1,-0.001998759077998671,-0.004978194311821524,1.4239,1.4464914893617022,0.4015028246792809,-0.011192901135860541,0.9523466148209953,0.9829430237610502,31
all_genes_ridge,ENSG00000137473,TTC29,0.001903437753369414,0.03259964225052373,0.0302,0.044836170212765945,0.05838830189428947,-0.007885657959586003,0.9676162575837431,0.985468956063148,29
all_genes_ridge,ENSG00000137478,FCHSD2,-0.00019505445837946948,-0.0006800032681187182,1.7593,1.7722127659574465,0.2868434131487379,-0.1810111469483427,0.34737593491224106,0.6857173851713679,29
all_genes_ridge,ENSG00000137491,SLCO2B1,0.0005294227554513511,0.0005235608574308209,3.9109,3.6434,1.0111962113617419,-0.05817106412847466,0.7643792046758189,0.9118488272674994,29
all_genes_ridge,ENSG00000137502,RAB30,0.0011764726120320338,0.002319366377481835,1.5755,1.6158170212765954,0.5072387973948923,0.24943576810396362,0.16154611262432095,0.488953405431973,33
all_genes_ridge,ENSG00000137507,LRRC32,-0.0028480814177707704,-0.006412871176376155,0.68465,0.7409287234042552,0.4441195432496105,-0.10449129414804226,0.5692634277706263,0.8273303505889018,32
all_genes_ridge,ENSG00000137509,PRCP,0.0005032529461503076,0.0006854296932289938,3.153,3.052340425531915,0.7342152683516394,0.15110739710109142,0.4012386924928596,0.7218863389017895,33
all_genes_ridge,ENSG00000137513,NARS2,0.0004341257401150401,0.0011834022510796894,1.7142,1.7191808510638298,0.3668454574249465,0.18683535020168685,0.30588149747126053,0.6423955480126771,32
all_genes_ridge,ENSG00000137558,PI15,-0.0018245283965519761,-0.014342056694554328,0.09565000000000001,0.12407553191489362,0.1272152547859296,-0.3425059852627437,0.05499511235871043,0.3019261503093036,32
all_genes_ridge,ENSG00000137573,SULF1,0.000536274755476588,0.0008684157664519715,0.20955000000000001,0.37934361702127656,0.617532265296852,-0.2841690454872775,0.11497042667929534,0.42174600098691983,32
all_genes_ridge,ENSG00000137601,NEK1,-0.00201826725041427,-0.006559822037090769,1.8244,1.799046808510638,0.30767103726328465,-0.2013555160081797,0.2949097117774358,0.6364335365809044,29
all_genes_ridge,ENSG00000137672,TRPC6,-0.0010961858718742626,-0.005833005820422115,0.24095,0.2744797872340425,0.18792812927365385,-0.13311074094684328,0.4831606859733444,0.7786794339058732,30
all_genes_ridge,ENSG00000137692,DCUN1D5,-0.0016552158686435755,-0.00361564677270161,2.8414,2.795334042553191,0.4577924705312955,-0.20872759786462458,0.26832970168500647,0.6222536449621996,30
all_genes_ridge,ENSG00000137699,TRIM29,0.0014360299096274158,0.0522580343256376,0.068,0.07125319148936173,0.027479600565896233,0.02228948854238343,0.9036223765643235,0.9656450317667322,32
all_genes_ridge,ENSG00000137747,TMPRSS13,0.0008042795378690047,0.001974733551370534,0.12955,0.2175904255319149,0.40728509287281145,-0.20586618127763415,0.2583152363672509,0.6126214023607625,32
all_genes_ridge,ENSG00000137764,MAP2K5,4.384995128596373e-05,0.00015063471506988925,2.2449,2.1940638297872335,0.29110123297686646,-0.025934995547640248,0.8917908889735685,0.9611207450918544,30
all_genes_ridge,ENSG00000137801,THBS1,-0.0004162213287038547,-0.0005578330439131494,3.29565,3.1993882978723405,0.7461396079803717,0.4646433881081078,0.005631619973058627,0.10685998898878743,34
all_genes_ridge,ENSG00000137807,KIF23,0.0007724682047539678,0.002700937679380243,0.38875000000000004,0.46810957446808515,0.28600001053382995,-0.3153937851341634,0.07868893091727555,0.361008097047572,32
all_genes_ridge,ENSG00000137809,ITGA11,0.0017594133437634379,0.007346527434938858,0.3091,0.3562382978723405,0.2394891136451709,0.34959350654446786,0.06303363867028625,0.3221719309814631,29
all_genes_ridge,ENSG00000137819,PAQR5,0.002043053873989537,0.004090896415197379,0.5433,0.6959680851063829,0.49941471663759124,0.1665640027424165,0.3878215430283902,0.7127270704897838,29
all_genes_ridge,ENSG00000137821,LRRC49,-0.0011228472595333975,-0.004502823142453454,0.42845,0.48496276595744675,0.24936517025218796,-0.3910532735641051,0.02689146202912322,0.21946902881832822,32
all_genes_ridge,ENSG00000137822,TUBGCP4,0.0020227079806573326,0.006218196761514225,1.9604,1.9400468085106384,0.3252885134121701,0.0080169258610596,0.9664626151237599,0.9846702172675765,30
all_genes_ridge,ENSG00000137831,UACA,0.0007741186517156317,0.0013632716110350673,2.6513,2.6183531914893616,0.5678388997830596,-0.1518910749026385,0.4146778329806578,0.7302563230448244,31
all_genes_ridge,ENSG00000137841,PLCB2,0.0020381542819015207,0.013677795539784343,0.13119999999999998,0.15407021276595742,0.14901189858944594,0.13409748829800458,0.47989360943981274,0.7770437501800685,30
all_genes_ridge,ENSG00000137868,STRA6,0.0014852828463622731,0.006411484535821058,0.25129999999999997,0.2969617021276596,0.23165974090149888,0.05854201483113676,0.7586252268623582,0.9087471738479013,30
all_genes_ridge,ENSG00000137869,CYP19A1,-0.008469115665247502,-0.01861835536165385,0.1376,0.2767404255319149,0.45487990215775964,-0.2188000509397424,0.25414915533921506,0.6063209139313778,29
all_genes_ridge,ENSG00000137872,SEMA6D,-0.0016750506837117417,-0.0022369906004136523,0.4433,0.7149680851063829,0.7487964783589168,-0.3300027514094099,0.06510118934612029,0.323481523493979,32
all_genes_ridge,ENSG00000137941,TTLL7,-0.0017960018274238872,-0.0033936818756684305,0.5683,0.704476595744681,0.529219264864106,-0.08538689268625184,0.659645980246368,0.8709091397093406,29
all_genes_ridge,ENSG00000137942,FNBP1L,-0.0006200566385429429,-0.0009923893247826816,2.6078,2.4870765957446808,0.6248118788245994,-0.07528339083292263,0.6979183360156012,0.8817644894479255,29
all_genes_ridge,ENSG00000137968,SLC44A5,-0.0004423822345892395,-0.0021504491591217726,0.08760000000000001,0.14209787234042554,0.2057162024560046,-0.2473285841495993,0.18760602589471728,0.5235035796106265,30
all_genes_ridge,ENSG00000137975,CLCA2,0.002537406795838083,0.0251462327037765,0.1063,0.13353829787234045,0.10090604130363476,0.2864346963635414,0.1182406330264014,0.4263403347602787,31
all_genes_ridge,ENSG00000137976,DNASE2B,-1.2985919662949336e-05,-1.0179037561845881e-05,1.73315,1.821654255319149,1.2757512273679488,-0.09434802191746991,0.6199537534762479,0.8540850592830622,30
all_genes_ridge,ENSG00000137996,RTCA,0.0006376517381286543,0.002589042789118122,2.98915,3.013813829787234,0.24628860550653575,-0.08429647213168742,0.6464505031579039,0.86535437724312,32
all_genes_ridge,ENSG00000138029,HADHB,-0.0005540340305514081,-0.000540433730444625,4.4184,4.2243297872340415,1.0251655278725735,-0.09056699584609877,0.6162027280048316,0.8530740913008066,33
all_genes_ridge,ENSG00000138036,DYNC2LI1,-3.8139224776303644e-05,-9.084473312334613e-05,2.0448,1.9865808510638294,0.41982868422894043,-0.08077039468310175,0.6657872401603941,0.8727677293294286,31
all_genes_ridge,ENSG00000138039,LHCGR,0.000943393478223093,0.010405831052768204,0.061,0.0940468085106383,0.09066008024146495,-0.21716960704478142,0.22474991565514146,0.5719536830922125,33
all_genes_ridge,ENSG00000138071,ACTR2,4.252678754986417e-05,0.00012798994881940863,2.9373,2.881176595744681,0.3322666189191829,0.06544968995662048,0.7311328519782709,0.8982533542810274,30
all_genes_ridge,ENSG00000138074,SLC5A6,-0.0004498505362459035,-0.0007133280837960445,2.6949,2.5424872340425533,0.6306362338238252,0.2795200175550038,0.12778721485221195,0.4403654759265783,31
all_genes_ridge,ENSG00000138075,ABCG5,-0.00036788551341429424,-0.00040850768509566765,3.23545,3.1140265957446815,0.9005595900310659,0.37317811138547435,0.0354049327110241,0.25006235486326467,32
all_genes_ridge,ENSG00000138081,FBXO11,-0.0009604087064259584,-0.003705495068565044,2.7095,2.6963680851063834,0.2591849911158774,-0.00357831067471609,0.9844927663175685,0.9943091198022376,32
all_genes_ridge,ENSG00000138085,ATRAID,0.0011670171474446182,0.003715094373163515,3.7885,3.741680851063829,0.3141285335507824,-0.06591917200591424,0.7340518957955013,0.8988253373110847,29
all_genes_ridge,ENSG00000138134,STAMBPL1,-0.001396001367592986,-0.0034229565472271555,0.7817,0.797968085106383,0.4078349661563332,-0.14621357339637645,0.4325353930828375,0.7427474283933794,31
all_genes_ridge,ENSG00000138152,BTBD16,0.001326418998471615,0.0017855115682042456,0.3133,0.5489297872340426,0.7428789721063769,0.35717561169104134,0.038104055010935174,0.2598396485597838,34
all_genes_ridge,ENSG00000138160,KIF11,-0.0035824057038670314,-0.015206585688915239,0.3819,0.41323617021276604,0.23558251517817094,-0.4252143238974263,0.017096399202276263,0.1750228599019233,31
all_genes_ridge,ENSG00000138172,CALHM2,0.0013657959322614863,0.003959572470401024,0.9144,0.9186489361702128,0.34493520259351607,0.08744020523570295,0.6459031253093147,0.86535437724312,30
all_genes_ridge,ENSG00000138182,KIF20B,-0.001920783555727648,-0.007519605924588413,0.5168,0.5604829787234042,0.25543673099236014,-0.5469742637442903,0.0009881574049295674,0.050848235277392656,33
all_genes_ridge,ENSG00000138190,EXOC6,-0.0029850452606436364,-0.01085545949883427,1.588,1.574074468085106,0.2749810140201057,-0.32289870342500765,0.08754675919039959,0.37499421318934817,29
all_genes_ridge,ENSG00000138193,PLCE1,-0.00033447062737294533,-0.0007709837627319642,0.6337,0.8062106382978723,0.43382317960595684,-0.33978070973637925,0.07132971379653093,0.3404984451041948,29
all_genes_ridge,ENSG00000138207,RBP4,-0.0002737275893070028,-0.0005410863458274939,7.4069,7.378440425531914,0.5058852277789155,0.1707834302201424,0.37573889035997754,0.7056324283035037,29
all_genes_ridge,ENSG00000138231,DBR1,0.0018148171321787435,0.005387975671889074,1.8638,1.9077085106382978,0.33682726921861766,-0.10644327448704,0.5826172435192711,0.8331650394196428,29
all_genes_ridge,ENSG00000138246,DNAJC13,0.0006010565751205725,0.001316577656031179,1.97045,1.9267819148936172,0.45652952742070413,-0.14281786221586398,0.4355282527670589,0.7444786105386137,32
all_genes_ridge,ENSG00000138271,GPR87,0.0013549120972460459,0.016162567031132766,0.11710000000000001,0.1275787234042553,0.08383025385980941,0.1931679103980276,0.30643058815398666,0.6425406120273368,30
all_genes_ridge,ENSG00000138303,ASCC1,-0.0027057853311877856,-0.006014486147451739,2.4354,2.4364425531914895,0.4498780552240847,-0.6334846224857055,0.00013056224912302088,0.01651612451406214,31
all_genes_ridge,ENSG00000138311,ZNF365,0.0009042247372705906,0.005228791712320287,0.2644,0.28614255319148935,0.17293187164828547,-0.12398441924312995,0.5139103567473683,0.7961584872375733,30
all_genes_ridge,ENSG00000138315,OIT3,0.0006534900455400968,0.001886493426117176,0.1747,0.24172127659574466,0.34640462378134285,-0.20401626371408413,0.2884401318193885,0.6322312153771505,29
all_genes_ridge,ENSG00000138347,MYPN,-0.00033664278739435394,-0.0019148400230595579,0.061,0.10552978723404254,0.17580726501447438,-0.03998218684271014,0.8338473468285943,0.9378413100260756,30
all_genes_ridge,ENSG00000138356,AOX1,0.00021284351447441825,0.00020470712427525482,2.7241,2.659891489361702,1.0397464925950648,0.08312931432249744,0.6623085356615808,0.8710427238303289,30
all_genes_ridge,ENSG00000138375,SMARCAL1,-0.0012423745149216102,-0.00319078539338036,1.9236,1.8435999999999995,0.38936323248158733,-0.1486249273770675,0.40910830766657913,0.7263466795764527,33
all_genes_ridge,ENSG00000138378,STAT4,0.0011486047462054175,0.004420138347324749,0.2,0.26039787234042544,0.2598571935877529,0.19290029668373163,0.3160719015760354,0.6514783817360448,29
all_genes_ridge,ENSG00000138379,MSTN,0.0018174063287827568,0.10381488796906596,0.062,0.06421063829787235,0.017506220584896214,0.45324323673453865,0.010447927524059916,0.1439229722051695,31
all_genes_ridge,ENSG00000138395,CDK15,0.0004100592040428245,0.0017849993287181838,0.1063,0.15374468085106385,0.229725130674021,-0.17182301187036542,0.3727960112469749,0.7038611257125721,29
all_genes_ridge,ENSG00000138400,MDH1B,-0.0003561000849294082,-0.0008877161650878236,0.61805,0.6649904255319149,0.4011418276856302,-0.06984563982114167,0.6946791940259225,0.879869016713684,34
all_genes_ridge,ENSG00000138411,HECW2,0.0015012603690521453,0.006852992026440978,0.32355,0.3640308510638298,0.21906641117628842,0.23898531966830824,0.20341520157237888,0.5460376233189587,30
all_genes_ridge,ENSG00000138435,CHRNA1,0.0010572419569757534,0.0038159738599759453,0.0679,0.16272340425531912,0.2770569180425198,0.07865281879253354,0.6740640154271552,0.8757215788020579,31
all_genes_ridge,ENSG00000138448,ITGAV,-0.002159882896192886,-0.00577728247245788,3.168,3.128529787234043,0.37385793519526284,-0.15676384625310028,0.3996865350865595,0.7210031613326171,31
all_genes_ridge,ENSG00000138449,SLC40A1,-1.03776177042822e-05,-1.1184169039143267e-05,4.6038,4.389263829787233,0.9278845543161738,0.009251472643070401,0.9579344790487391,0.9829430237610502,35
all_genes_ridge,ENSG00000138459,SLC35A5,0.0014990548277827654,0.00391508032945425,2.84875,2.788047872340425,0.38289248281956173,0.2655175675755932,0.1419013390195697,0.46076199493413217,32
all_genes_ridge,ENSG00000138592,USP8,-0.0003810635429070086,-0.0007085764615862151,3.1605499999999997,3.0436265957446813,0.5377874704643193,-0.09526989485827579,0.6165234330593761,0.8531290532216343,30
all_genes_ridge,ENSG00000138593,SECISBP2L,-0.0010801117425146825,-0.002864133721519619,2.6223,2.554561702127659,0.3771163805653632,-0.05028869303156604,0.7810711943730327,0.9191869572703028,33
all_genes_ridge,ENSG00000138600,SPPL2A,0.0014146576025997394,0.002187761518963361,3.1231,3.13333829787234,0.6466233135273604,-0.017986941124550897,0.9262140384807923,0.9708120479029481,29
all_genes_ridge,ENSG00000138604,GLCE,-0.003261469287297883,-0.0070896789635343125,1.7657,1.7145744680851056,0.4600306028063069,-0.19505800186874392,0.29300609905382624,0.634045984837788,31
all_genes_ridge,ENSG00000138614,INTS14,-0.0002647684511605104,-0.0005634850297031322,2.38565,2.332464893617021,0.46987663771653637,-0.10376753183206999,0.5719561503776798,0.8273303505889018,32
all_genes_ridge,ENSG00000138615,CILP,-0.00042947760148244647,-0.0006997546011626479,0.1497,0.3102829787234042,0.6137545944947929,-0.4618893986533483,0.010183995070314344,0.1418284818049282,30
all_genes_ridge,ENSG00000138623,SEMA7A,-0.001780229107640235,-0.006319081557014631,0.6797,0.6760851063829787,0.28172276169850247,-0.2887679026246296,0.11514204570259233,0.42174600098691983,31
all_genes_ridge,ENSG00000138639,ARHGAP24,-0.001250667773017321,-0.0015839033112027446,0.4314,0.7601319148936171,0.7896111865992756,-0.18491631753267132,0.31930660197103244,0.655896375902608,31
all_genes_ridge,ENSG00000138650,PCDH10,-0.0002912563395302168,-0.00599004838066465,0.1112,0.1120021276595745,0.048623370133431085,-0.16414048183775726,0.39486122451688493,0.716128242313777,29
all_genes_ridge,ENSG00000138663,COPS4,-0.0005991504404974291,-0.0015610314587154357,3.6209,3.5726212765957452,0.38381701864641904,-0.3484313545419616,0.054738442746685476,0.30145807513110195,31
all_genes_ridge,ENSG00000138670,RASGEF1B,0.0010511640406302926,0.0010914128379605546,2.0652999999999997,2.0726063829787225,0.963122298061408,0.14176032836126592,0.454914684722677,0.761980749530821,30
all_genes_ridge,ENSG00000138674,SEC31A,0.00044213968393431454,0.0006998213574368778,3.0114,3.1377042553191488,0.6317893548628865,0.17805079381701897,0.32958285663200537,0.6648932682349441,32
all_genes_ridge,ENSG00000138675,FGF5,-0.002479427767758154,-0.0837002707829707,0.0236,0.03179148936170213,0.02962269709003866,-0.4609951136881527,0.009052507461716914,0.13149958207546675,31
all_genes_ridge,ENSG00000138686,BBS7,0.0011351951501429622,0.0026730538633815593,1.3019,1.3436617021276596,0.424680985929284,-0.04416213035949293,0.813514298419988,0.9295556680478296,31
all_genes_ridge,ENSG00000138696,BMPR1B,0.003272765180743508,0.014359815581159984,0.35860000000000003,0.4140148936170214,0.22791136573072437,0.19983500618137578,0.2728298738486943,0.6245654860014576,32
all_genes_ridge,ENSG00000138698,RAP1GDS1,-0.0015997631415474794,-0.003180465755708308,2.2658,2.209510638297872,0.5029964993888774,0.06467052698094643,0.7342183256032576,0.8988253373110847,30
all_genes_ridge,ENSG00000138722,MMRN1,0.0009839300481588806,0.008953783376185605,0.1317,0.1571553191489362,0.10988986519104776,0.30027106949236076,0.11350069555254289,0.42174600098691983,29
all_genes_ridge,ENSG00000138750,NUP54,0.001458628032459739,0.0042983347867835125,2.8414,2.7437808510638297,0.3393472367356581,-0.44389647815976746,0.01585749130030201,0.16706682349740054,29
all_genes_ridge,ENSG00000138757,G3BP2,-0.0007976071313684835,-0.0015417382745397108,3.10075,3.1843648936170217,0.5173427581971465,-0.03627461911852362,0.84907073694423,0.9416768180009485,30
all_genes_ridge,ENSG00000138758,SEPTIN11,-0.0037485542076533,-0.0037558665966272446,2.7533,2.3385765957446805,0.9980530754259187,-0.4488790342448879,0.014584720073505189,0.16058990750202842,29
all_genes_ridge,ENSG00000138764,CCNG2,-0.00043615533878970725,-0.0017175362551511732,1.9436,1.8886595744680854,0.25394243497428703,-0.02316697491403781,0.9050488016620951,0.965809547221835,29
all_genes_ridge,ENSG00000138769,CDKL2,-0.003504118549720786,-0.011122250994631181,0.39975000000000005,0.4453606382978724,0.3150547988363379,-0.3563239610259331,0.04531436220311166,0.2791000805716083,32
all_genes_ridge,ENSG00000138780,GSTCD,0.0003505580278561055,0.0011285757065604479,0.85555,0.9078117021276596,0.31061985989801133,-0.3358184230724494,0.06963228568958031,0.33662996712351245,30
all_genes_ridge,ENSG00000138795,LEF1,0.0016799049843257846,0.007973170854194382,0.2889,0.3333553191489362,0.21069471795428169,0.21896117105818608,0.2366296260361106,0.5890540710335835,31
all_genes_ridge,ENSG00000138796,HADH,-0.001983056467097199,-0.0034317136186544765,5.27075,5.198575531914893,0.5778618752793031,-0.4360173982089967,0.01601332201506705,0.16706682349740054,30
all_genes_ridge,ENSG00000138814,PPP3CA,0.00024472172534978744,0.00031015855741479053,2.4711499999999997,2.2768861702127654,0.7890213553660196,-0.008455718945433625,0.9646281099300842,0.9846702172675765,30
all_genes_ridge,ENSG00000138821,SLC39A8,-0.0007140015004555754,-0.001195250602126659,3.758,3.71063829787234,0.5973655224981127,-0.016586886443642167,0.9306750480247032,0.9719743535614032,30
all_genes_ridge,ENSG00000138823,MTTP,-0.0007101396317303623,-0.0016239816517483795,5.23965,5.309615957446809,0.4372830388605842,-0.08593910550383903,0.6182298542123066,0.8540850592830622,36
all_genes_ridge,ENSG00000139053,PDE6H,0.00048464374928931515,0.003341230027300893,0.0754,0.10162978723404253,0.14504950133014916,-0.32455875102037895,0.07484966959055919,0.35014421706770066,31
all_genes_ridge,ENSG00000139055,ERP27,0.0007062342494840278,0.0014023004072056709,0.1637,0.36932765957446806,0.5036255041038769,-0.16555802424093194,0.39073483868492287,0.7127270704897838,29
all_genes_ridge,ENSG00000139083,ETV6,-2.4697908097533535e-05,-3.3021741881679544e-05,2.02795,1.9106521276595745,0.7479286884994982,-0.06810594426421476,0.7206452466925216,0.8956076844243727,30
all_genes_ridge,ENSG00000139116,KIF21A,-0.002561188020800797,-0.0042651337171755845,2.12005,1.9639202127659576,0.600494190952785,-0.14542453695213645,0.42710756173575454,0.7400323009588798,32
all_genes_ridge,ENSG00000139155,SLCO1C1,0.0006212805649287218,0.005183665864551149,0.0557,0.09115319148936171,0.11985351316283543,0.15330603173681948,0.3943415896721385,0.7156133091719142,33
all_genes_ridge,ENSG00000139163,ETNK1,-0.0015799755737583418,-0.0035944608863751407,2.9595,3.067487234042553,0.43955842717534177,-0.27572945502267265,0.12038657079373967,0.4289221982546046,33
all_genes_ridge,ENSG00000139174,PRICKLE1,-0.0008786334916461397,-0.0020668560008089377,1.0614,1.084008510638298,0.42510629250526166,-0.3166796660252455,0.08819033867496529,0.37499421318934817,30
all_genes_ridge,ENSG00000139209,SLC38A4,-0.005817908670823643,-0.004865349396338361,3.7732,3.61885744680851,1.1957843511099477,-0.24542971754272955,0.1552900643001807,0.4783270738288972,35
all_genes_ridge,ENSG00000139263,LRIG3,-0.0033737962642976546,-0.007379493242759199,2.4926,2.4654638297872338,0.45718535857567766,-0.3378619488853692,0.06784539904907723,0.3311553561302226,30
all_genes_ridge,ENSG00000139304,PTPRQ,-0.0012742824543621734,-0.0017478351680996923,0.2192,0.4308574468085106,0.729063287900093,0.07964415880903401,0.6492583005170538,0.8670661246730623,35
all_genes_ridge,ENSG00000139318,DUSP6,-0.0013784550060427516,-0.004027018659664784,3.4086,3.3580446808510636,0.34230161877558735,-0.00787083898044168,0.9664806296629315,0.9846702172675765,31
all_genes_ridge,ENSG00000139323,POC1B,-0.002076291678320959,-0.006433826440030691,2.3785,2.3336297872340426,0.32271490343638404,-0.354942075425191,0.058839912779955636,0.307097976142292,29
all_genes_ridge,ENSG00000139324,TMTC3,0.00037536058931712823,0.0008708948350853562,1.7078,1.758465957446809,0.43100564407451014,0.02106318956870612,0.9073783158715789,0.967023415014658,33
all_genes_ridge,ENSG00000139329,LUM,-0.0001749950546422059,-0.0002562639336629864,2.03125,1.8026542553191487,0.6828703990485939,0.12099369388427779,0.4820989134832235,0.7786794339058732,36
all_genes_ridge,ENSG00000139330,KERA,-0.003395334393840531,-0.03211324487114942,0.0516,0.0811,0.10573003156373349,-0.24318082881011893,0.12550647921789948,0.4385722676892458,41
all_genes_ridge,ENSG00000139344,AMDHD1,0.0010977411554366297,0.0017291153306824378,4.3258,4.190685106382977,0.6348571063813188,-0.1842779303344722,0.32964654748775923,0.6648932682349441,30
all_genes_ridge,ENSG00000139350,NEDD1,0.0011205586116394297,0.0026432536416804075,1.9839,1.9577382978723403,0.42393154934879873,-0.15813073674346712,0.36426647527365874,0.6969700951993005,35
all_genes_ridge,ENSG00000139354,GAS2L3,0.0007634142042470136,0.0024697985732414596,0.268,0.36529574468085113,0.3090997834876385,-0.1247134356610568,0.4822123238277899,0.7786794339058732,34
all_genes_ridge,ENSG00000139372,TDG,-0.001453284919467301,-0.0036264184771681814,2.2239,2.160721276595745,0.4007493698306298,0.02849193117256846,0.8811940497101595,0.9557822445158757,30
all_genes_ridge,ENSG00000139428,MMAB,-0.0007906905272372681,-0.001281565728993533,3.2279,3.147844680851064,0.616972278010454,0.30045385931936264,0.1005260370754805,0.40104736998838214,31
all_genes_ridge,ENSG00000139436,GIT2,-0.0005951612457710495,-0.0026585465224618883,2.4354,2.4691,0.22386715475639432,-0.33025046217748694,0.08017102358807772,0.36291130591621407,29
all_genes_ridge,ENSG00000139505,MTMR6,0.000968593625997146,0.002597450931203867,2.7533,2.6800574468085103,0.3729016068643199,0.08993470562275448,0.6426823378293686,0.8629443085929409,29
all_genes_ridge,ENSG00000139508,SLC46A3,-0.0023309340797027676,-0.005052834446856717,2.5789,2.6536787234042554,0.4613121811566184,-0.09370988446726572,0.6099551486182706,0.8473951334254979,32
all_genes_ridge,ENSG00000139514,SLC7A1,0.004636583840590586,0.010381764715418773,1.3826,1.402963829787234,0.4466084493038483,0.11577780602661084,0.5497904467712696,0.8187973152485528,29
all_genes_ridge,ENSG00000139517,LNX2,0.0009027809554925678,0.0013353979334373197,1.7917,1.697542553191489,0.6760389041256084,0.11132399420339555,0.5510332416892888,0.8188629083547141,31
all_genes_ridge,ENSG00000139668,WDFY2,0.0017063411810255675,0.002609905086313789,2.3079,2.193527659574468,0.6537943429335935,0.29142283899013544,0.0998699323421093,0.4000067474810604,33
all_genes_ridge,ENSG00000139679,LPAR6,-0.0003559881493244102,-0.0020043144646462274,0.2238,0.2704042553191489,0.17761092663033995,0.04033071183706392,0.8294464804689711,0.9378413100260756,31
all_genes_ridge,ENSG00000139687,RB1,0.0005800674216056711,0.002842282733882518,1.7722,1.7557617021276597,0.2040850527256686,0.2614588467225234,0.1706759033414665,0.5006493164683018,29
all_genes_ridge,ENSG00000139719,VPS33A,3.3748449280622596e-05,7.002031998152097e-05,2.52125,2.468605319148936,0.4819807919976534,-0.20959483526268924,0.26630099858904455,0.620231093604285,30
all_genes_ridge,ENSG00000139746,RBM26,-0.0050251873225526916,-0.016588473698492298,2.3502,2.3727106382978724,0.3029324706955664,-0.6232469766980785,0.0001802333151500737,0.01823961149318746,31
all_genes_ridge,ENSG00000139767,SRRM4,0.0011532724462556426,0.12293896493085928,0.0202,0.022385106382978723,0.009380853717974945,0.05619223702553852,0.7721816073181206,0.917257158322774,29
all_genes_ridge,ENSG00000139793,MBNL2,0.0010189832116460154,0.0018214078940105142,0.9692,1.0679382978723404,0.559448114283913,-0.1260237356730433,0.48465775615510404,0.7787099466422448,33
all_genes_ridge,ENSG00000139826,ABHD13,-0.00052180261742207,-0.0009937424167061814,1.1144500000000002,1.1904691489361703,0.5250884018331591,-0.3849749797227427,0.03566436088794256,0.25006235486326467,30
all_genes_ridge,ENSG00000139874,SSTR1,0.0023586336010237323,0.03445950115470474,0.1427,0.14806170212765954,0.0684465393284345,0.15327747658945293,0.4272979656063624,0.7400323009588798,29
all_genes_ridge,ENSG00000139899,CBLN3,0.0022805476782729365,0.004216171030988987,0.8537,0.990008510638298,0.5409049257041142,0.3264753012332868,0.08389659346305105,0.3684325177980318,29
all_genes_ridge,ENSG00000139908,TSSK4,0.0011512611252021297,0.0025225972339954603,1.3593,1.3095063829787232,0.4563792862718256,0.33731676567768,0.0735396975135122,0.3470367089884499,29
all_genes_ridge,ENSG00000139946,PELI2,-0.0012105714809744162,-0.0024027517651306987,1.2809,1.273525531914894,0.5038271112906941,-0.011127184329769694,0.953463407150792,0.9829430237610502,30
all_genes_ridge,ENSG00000140015,KCNH5,0.0004465917993007297,0.002980624453567639,0.0293,0.07495531914893618,0.14983162295611732,-0.1772245501602169,0.3577231723331826,0.6940769187608286,29
all_genes_ridge,ENSG00000140025,EFCAB11,-0.0011210359324183288,-0.002173418122548039,1.0613,1.0712702127659575,0.5157939564358034,0.20197640518133933,0.27587947266518215,0.6245654860014576,31
all_genes_ridge,ENSG00000140030,GPR65,0.002024720455625308,0.015380257062290037,0.1032,0.1506404255319149,0.13164412320452062,0.10698879074854892,0.5806753251152843,0.833019384113587,29
all_genes_ridge,ENSG00000140043,PTGR2,-0.0002226484118337504,-0.000402103793217103,3.004,3.006510638297872,0.5537088075007006,-0.10374569068084279,0.5922617840351321,0.8371913357891226,29
all_genes_ridge,ENSG00000140265,ZSCAN29,0.0006066601950651248,0.002528237815648849,1.8572,1.8337255319148937,0.23995376989859282,0.20608900706402508,0.2834633104808211,0.6294736114348495,29
all_genes_ridge,ENSG00000140274,DUOXA2,-0.0005388546176374858,-0.003851345297473252,0.07955000000000001,0.11540319148936173,0.1399133487176576,-0.44435789005119075,0.013889941996251237,0.1603145458950113,30
all_genes_ridge,ENSG00000140279,DUOX2,-0.00241678089110159,-0.05510613501452591,0.0973,0.10612553191489359,0.04385683899740981,-0.21173281392525312,0.2701917907569971,0.6241279251337496,29
all_genes_ridge,ENSG00000140285,FGF7,0.0025333051869375445,0.01057274615183089,0.2948,0.3554425531914894,0.23960711347437866,0.5711783718670729,0.00033894858027937045,0.025332158136682124,35
all_genes_ridge,ENSG00000140287,HDC,-0.0011549129519791846,-0.003340140323389268,0.2286,0.3182595744680851,0.3457677942126949,-0.2474125259942189,0.19567300063043458,0.5381007517336951,29
all_genes_ridge,ENSG00000140332,TLE3,-0.0021711013932888164,-0.009252817155267845,1.8837,1.8968319148936168,0.2346422021376222,-0.3672539143307275,0.05001596090165166,0.2908974277728246,29
all_genes_ridge,ENSG00000140382,HMG20A,-0.00029417888632810073,-0.0003411834002904121,2.7241,2.3639042553191483,0.8622309469853997,0.05775651155739782,0.7617705640324306,0.9112432751782739,30
all_genes_ridge,ENSG00000140396,NCOA2,-0.0013908489585254449,-0.0018572543898627198,1.5942,1.5246957446808511,0.7488736955567247,-0.1885841103304082,0.3096310834170986,0.6443042969529207,31
all_genes_ridge,ENSG00000140470,ADAMTS17,-0.0015561591960474889,-0.002382147616239546,1.41505,1.4931117021276594,0.653258927128974,-0.14732391322983213,0.43722235312264646,0.7457343056631205,30
all_genes_ridge,ENSG00000140471,LINS1,0.0018638362462616801,0.004506410545530903,1.3856000000000002,1.3766978723404253,0.4135966369309347,0.058751533261183986,0.7577869017010956,0.9082672852603736,30
all_genes_ridge,ENSG00000140519,RHCG,-0.0005807992135081156,-0.000967899628145139,0.305,0.4388957446808511,0.6000614078353828,0.06824341177788415,0.7250279454610161,0.8979348424989262,29
all_genes_ridge,ENSG00000140522,RLBP1,-0.0003759511116880712,-0.002506920864978182,0.26365,0.2798606382978724,0.14996528886895802,-0.09663772227990268,0.611448267529616,0.8486574871996969,30
all_genes_ridge,ENSG00000140543,DET1,-0.0011368299255227574,-0.001951438141217826,2.02445,1.9372968085106381,0.582560062505133,-0.21700925151824046,0.2176520824413439,0.562854959362794,34
all_genes_ridge,ENSG00000140557,ST8SIA2,-0.002312372348797163,-0.009863638858262566,0.5549,0.5382787234042553,0.23443400372065898,-0.2720580834644301,0.13871348320518365,0.4567742424495284,31
all_genes_ridge,ENSG00000140563,MCTP2,0.001194069298443424,0.0021635151890451315,0.9613,1.022908510638298,0.5519116780365323,-0.030707610907101057,0.8720276613647402,0.9519870477897704,30
all_genes_ridge,ENSG00000140632,GLYR1,0.0021928212793777043,0.01118118058836565,3.5449,3.53036170212766,0.19611715078275363,0.2334156002542321,0.22299219389204675,0.5698689399463417,29
all_genes_ridge,ENSG00000140691,ARMC5,-0.0034676858864240573,-0.007934021718050204,1.2456,1.3268063829787236,0.43706533831826283,-0.2621335383814756,0.1695349292620202,0.49910305063573934,29
all_genes_ridge,ENSG00000140694,PARN,-0.00012808746829722991,-0.00039297090322820526,2.52125,2.562928723404255,0.32594644347713253,-0.10392589215390696,0.5713664877588374,0.8273303505889018,32
all_genes_ridge,ENSG00000140718,FTO,-0.00026987250915585555,-0.0004093805104080836,2.4497,2.3171851063829787,0.6592216832375287,-0.04561378968554281,0.7947174052847015,0.9237220683171338,35
all_genes_ridge,ENSG00000140829,DHX38,-0.0009961037196990613,-0.002938770007563095,2.8561,2.9181808510638287,0.33895259483917783,-0.15176855578512022,0.39915743986005886,0.7204768058353975,33
all_genes_ridge,ENSG00000140836,ZFHX3,0.000877038363262761,0.001747403866332468,1.4477,1.3707446808510642,0.5019093640347321,0.19224422442244224,0.29183597016620816,0.6326711016431577,32
all_genes_ridge,ENSG00000140848,CPNE2,0.0007310146806365995,0.0011706239637858087,2.09265,1.9077265957446812,0.624465843217912,0.2500556421099488,0.18262989350821937,0.5182675868744389,30
all_genes_ridge,ENSG00000140937,CDH11,0.0008943884412365142,0.002813280285001138,0.1545,0.26705106382978727,0.31791657802633494,0.017044881579379754,0.9274859214065836,0.9709818128932372,31
all_genes_ridge,ENSG00000140955,ADAD2,-0.0001977214816784805,-0.004998793792141302,0.0699,0.07250638297872342,0.03955383836583181,-0.2212640154773521,0.24870617752482477,0.598988083201137,29
all_genes_ridge,ENSG00000141298,SSH2,-0.0006369524834366647,-0.0015520255439277863,1.3768,1.2844191489361703,0.41040077331762087,0.4527534837857845,0.013654728170300709,0.15822807146959142,29
all_genes_ridge,ENSG00000141367,CLTC,-0.0009355421042874751,-0.003686549397276447,4.2026,4.144638297872339,0.25377175333080737,-0.21687306835229975,0.24966901213281634,0.6001544899724707,30
all_genes_ridge,ENSG00000141376,BCAS3,-0.0025992772366231413,-0.00627743453472405,2.1961,2.142785106382979,0.41406680105464505,-0.4752341054706752,0.009179476981556967,0.1320800574218339,29
all_genes_ridge,ENSG00000141378,PTRH2,-0.00137170620862773,-0.001970418004248004,2.21015,2.038541489361702,0.696149855345659,-0.2270703529107241,0.22754446584892987,0.5756874985977926,30
all_genes_ridge,ENSG00000141424,SLC39A6,0.002298693635918503,0.005789932152304305,1.87705,1.9415776595744687,0.39701564292142144,0.15720964407420498,0.39017976953938927,0.7127270704897838,32
all_genes_ridge,ENSG00000141425,RPRD1A,0.0015726560853905147,0.006435988376614958,2.4211,2.429572340425531,0.24435346886341977,0.27465194867708004,0.14187985065202532,0.46076199493413217,30
all_genes_ridge,ENSG00000141431,ASXL3,-3.33211079348011e-05,-0.00011750416650273497,0.1591,0.2478957446808511,0.28357384190309143,-0.04657466732380483,0.8104002693316885,0.9273935988281214,29
all_genes_ridge,ENSG00000141469,SLC14A1,0.00047476503451131984,0.001252585293106918,0.21085,0.3256265957446809,0.3790281086038545,0.2597854993039632,0.15103401910656172,0.4758584866827145,32
all_genes_ridge,ENSG00000141655,TNFRSF11A,0.0031288345593621005,0.004847069528329853,0.4697,0.7230829787234043,0.6455105587148856,-0.01170238975117024,0.9519571891331233,0.9829430237610502,29
all_genes_ridge,ENSG00000141665,FBXO15,-8.6425597867284e-05,-0.00018112380790291958,0.65005,0.7734287234042554,0.4771631011291856,-0.4841429962192625,0.004989612070363744,0.10409705806380284,32
all_genes_ridge,ENSG00000141699,RETREG3,0.000885267883367762,0.003190631978145953,3.0933,3.1311574468085106,0.2774584751332503,0.054363911934581934,0.779409971020288,0.9191869572703028,29
all_genes_ridge,ENSG00000142192,APP,-0.0015208050977404423,-0.0016039219406044176,4.6657,4.46441914893617,0.9481789975186362,-0.0492040524032875,0.7962476177049267,0.9240182501553971,30
all_genes_ridge,ENSG00000142319,SLC6A3,0.0007492940156469334,0.005796951236831055,0.0801,0.11601063829787231,0.1292565669495851,-0.038925844985219116,0.8411074781019452,0.9398609876766676,29
all_genes_ridge,ENSG00000142623,PADI1,0.0010272071508234627,0.012212076802790097,0.0524,0.07445957446808511,0.08411404279645346,-0.259150954226681,0.1591959509941587,0.485259947006291,31
all_genes_ridge,ENSG00000142871,CCN1,-0.0016163821399221392,-0.003972001597110799,2.9595,2.919193617021276,0.4069439803593941,-0.03785450522084684,0.8454278548168097,0.9416768180009485,29
all_genes_ridge,ENSG00000142875,PRKACB,-0.00044109924862242324,-0.001049478262108682,0.4495,0.5156978723404256,0.4203033683957752,-0.06897942718838242,0.7123377931735426,0.8903489255145637,31
all_genes_ridge,ENSG00000143033,MTF2,0.0007119750241798579,0.0019779379493269278,1.727,1.7104702127659581,0.35995822033857827,0.16081330990861353,0.4046434800878079,0.7224315683578805,29
all_genes_ridge,ENSG00000143036,SLC44A3,-0.001296918314394658,-0.0015939194522297715,1.4717,1.5696340425531916,0.8136661564550006,-0.15935452065802244,0.3918436867405704,0.7127845613806901,31
all_genes_ridge,ENSG00000143079,CTTNBP2NL,-0.0014449121847496375,-0.004202492182209562,1.5141,1.5055851063829788,0.34382269427326806,-0.1332190426451707,0.47495174709951654,0.7733488690183041,31
all_genes_ridge,ENSG00000143093,STRIP1,-0.00012701519287566413,-0.00039598751000468555,2.3856,2.422527659574468,0.3207555533106618,-0.1905822120235932,0.3130747470439419,0.6483594352151484,30
all_genes_ridge,ENSG00000143105,KCNA10,0.0004398754517933098,0.013305130638052462,0.034199999999999994,0.04172127659574467,0.03306058871269351,-0.2229351920632458,0.2200316121090307,0.5661152325110316,32
all_genes_ridge,ENSG00000143106,PSMA5,-0.0006887292418037557,-0.0009140680910116425,4.3258,4.198842553191489,0.7534769549186499,0.015289767581058657,0.9372549309511187,0.9735636948704314,29
all_genes_ridge,ENSG00000143156,NME7,0.001042345439754222,0.0013083576204557092,2.2938,2.3229297872340426,0.7966823622666459,-0.11053512323884108,0.5402906785548233,0.8121192904280378,33
all_genes_ridge,ENSG00000143167,GPA33,0.0004952539296018449,0.005541235560689584,0.0889,0.10607021276595742,0.08937608303737453,-0.09636475735519982,0.6189963504594646,0.8540850592830622,29
all_genes_ridge,ENSG00000143171,RXRG,-0.0005387711209067711,-0.0009899854991537054,0.4314,0.5625191489361703,0.5442212248233359,-0.38248079703731763,0.028037853133163305,0.22459873908254296,33
all_genes_ridge,ENSG00000143196,DPT,0.001611242263460962,0.0043883597853799855,0.3473,0.42896595744680854,0.3671627537990132,0.11393426325622605,0.5416742429236848,0.8129130012438494,31
all_genes_ridge,ENSG00000143199,ADCY10,-0.0024344153665060765,-0.003601530070819487,0.3881,0.5807234042553192,0.6759392032376265,-0.11208276966405942,0.5626815406462492,0.8260643894593872,29
all_genes_ridge,ENSG00000143228,NUF2,-0.002964114087502446,-0.010303134792062435,0.3919,0.46490638297872333,0.2876905085029081,-0.5060508269463493,0.0036783580832221467,0.09153684541526588,31
all_genes_ridge,ENSG00000143258,USP21,0.0008085211958430746,0.0020455160955733633,2.4069,2.4510021276595744,0.3952651350887777,-0.18851651059635288,0.3274045234527635,0.6635514907894459,29
all_genes_ridge,ENSG00000143322,ABL2,-0.00039303424021142584,-0.0013411490325664546,1.2694,1.2744851063829785,0.293057841200024,0.21717846554587414,0.2489864825427651,0.598988083201137,30
all_genes_ridge,ENSG00000143324,XPR1,0.0009499357309032484,0.00266434665848678,1.9503,1.852563829787234,0.35653608657770003,0.08031480541481309,0.6675647483613897,0.8735890413901635,31
all_genes_ridge,ENSG00000143341,HMCN1,0.0007770966666577925,0.0033912223647974533,0.3283,0.3684829787234042,0.22914942845518946,0.46627004371368597,0.008195885914258327,0.12784818753004568,31
all_genes_ridge,ENSG00000143344,RGL1,-0.001456757588366398,-0.0018777698285445202,1.418,1.409917021276596,0.7757913489831428,-0.08771713753890574,0.6509327252584396,0.8673385846763304,29
all_genes_ridge,ENSG00000143353,LYPLAL1,0.001261619856832515,0.0025119050570824564,2.5933,2.6079617021276595,0.5022561873010715,0.06812022665681203,0.7255053256422483,0.8979348424989262,29
all_genes_ridge,ENSG00000143476,DTL,-0.00219379984002534,-0.014529999579586625,0.2662,0.2979446808510638,0.15098416403999323,-0.4870915691811214,0.005452004121413742,0.10675387917276283,31
all_genes_ridge,ENSG00000143479,DYRK3,-0.0007519147962738112,-0.0020721832004797604,0.696,0.7649638297872338,0.3628611582700433,-0.4164100321368,0.024642552526356325,0.20956523661069412,29
all_genes_ridge,ENSG00000143493,INTS7,0.0017015522298124623,0.006251032992696703,1.79175,1.7176244680851058,0.2722033673155212,0.13343727970466757,0.4665713202831073,0.7686252114724466,32
all_genes_ridge,ENSG00000143498,TAF1A,-6.30615967706381e-05,-0.00013467375865591798,1.5694,1.5472021276595747,0.4682545241182141,-0.17186152649827738,0.37268724226406214,0.7038611257125721,29
all_genes_ridge,ENSG00000143702,CEP170,-0.003410270570971357,-0.007841237209600773,1.418,1.409268085106383,0.43491485843532934,-0.5161387936251766,0.0029560911460198157,0.08158811563014691,31
all_genes_ridge,ENSG00000143797,MBOAT2,0.0028134519282127656,0.00532526014661698,0.8181499999999999,0.8828627659574467,0.5283219693971363,0.17914765883688047,0.34352082535019773,0.6798756360907433,30
all_genes_ridge,ENSG00000143842,SOX13,-0.0023162952348806235,-0.0037353927830649125,1.3651,1.331076595744681,0.620094155929725,-0.1759921177446225,0.3611299546495987,0.6957726649671303,29
all_genes_ridge,ENSG00000143850,PLEKHA6,0.0015251241223909525,0.002659088641568545,1.1906,1.23968085106383,0.5735514411025092,0.1680216853159458,0.3836223509192213,0.7113575127891449,29
all_genes_ridge,ENSG00000143919,CAMKMT,-0.001660139463664004,-0.0037849842710212024,1.1395,1.1052680851063825,0.4386119848302811,-0.09979939958904073,0.5805504196938446,0.833019384113587,33
all_genes_ridge,ENSG00000143921,ABCG8,-0.0009493164228249516,-0.0012430186519409023,2.8414,2.825910638297872,0.7637185663647511,-0.27629323524556654,0.1324315128341886,0.4479043091537342,31
all_genes_ridge,ENSG00000143924,EML4,-0.00017384095294803895,-0.0004014053834159016,2.2658,2.1753744680851064,0.43308077103669523,0.15511718178543263,0.4217040858528707,0.7366476436417235,29
all_genes_ridge,ENSG00000143951,WDPCP,0.0005957292711210412,0.0016278386442297496,0.8699,0.8647574468085107,0.36596334239437145,0.021729165578527485,0.9060343610677196,0.9665215461003502,32
all_genes_ridge,ENSG00000143995,MEIS1,-0.0021197996466553177,-0.005695102787054964,1.7240000000000002,1.7660404255319155,0.37221446669472713,-0.21160722560745612,0.2449795740794109,0.5964378403408913,32
all_genes_ridge,ENSG00000144021,CIAO1,0.0016640464819540407,0.005717571703350381,3.0188,3.00098085106383,0.2910407719030342,0.1979097017638184,0.2695791848595404,0.6238128088670463,33
all_genes_ridge,ENSG00000144045,DQX1,-0.0027696162285204555,-0.006361023032583751,1.4809,1.4905446808510638,0.43540421317975947,-0.26838767274196,0.1515662571219318,0.4758584866827145,30
all_genes_ridge,ENSG00000144191,CNGA3,0.00021020436514680228,0.004966702527245139,0.05365,0.05856276595744681,0.04232272095896902,-0.12897841086133985,0.49696568522082557,0.7874675471453165,30
all_genes_ridge,ENSG00000144227,NXPH2,0.000660006362570025,0.0013630906239606153,0.1448,0.32984042553191495,0.48419844650702765,-0.025211779455936927,0.8929076787847741,0.9619828647234117,31
all_genes_ridge,ENSG00000144229,THSD7B,0.001518123042247539,0.006676963819441591,0.0774,0.170236170212766,0.22736727100829232,0.20931511961084157,0.25024772835834774,0.601069701974639,32
all_genes_ridge,ENSG00000144278,GALNT13,0.004198469416713808,0.027490428901666242,0.1649,0.18954255319148935,0.152724769472743,0.45811182401466544,0.008371958560066804,0.12850824633669033,32
all_genes_ridge,ENSG00000144283,PKP4,-0.0011895208821765826,-0.0012364062483954086,2.322,2.0728829787234044,0.9620793195766576,0.00927980652330654,0.9604845865428283,0.9829430237610502,31
all_genes_ridge,ENSG00000144285,SCN1A,-0.0012525675971786071,-0.03406463102177054,0.039,0.05067234042553191,0.03677032627707305,-0.38125812233973444,0.0260992987415921,0.21590591547540494,34
all_genes_ridge,ENSG00000144290,SLC4A10,0.0003515301836112094,0.003644178683184893,0.0392,0.06491063829787233,0.09646348715919263,-0.1157871412968342,0.5423259721990568,0.8130532263133602,30
all_genes_ridge,ENSG00000144320,LNPK,0.00039686528757996173,0.000979885099105604,1.6506,1.713182978723404,0.4050120651311087,-0.09364219111334979,0.6289815675188046,0.8572144321713921,29
all_genes_ridge,ENSG00000144331,ZNF385B,-0.0036475987707868013,-0.007703669821238588,0.4552,0.6025893617021276,0.47348846139934175,-0.20105289616447772,0.26189172267959004,0.616837292517638,33
all_genes_ridge,ENSG00000144366,GULP1,3.655674905634395e-06,6.825719057280192e-06,0.227,0.42086808510638296,0.5355735967092458,-0.13477886838984,0.4857583932356263,0.7787099466422448,29
all_genes_ridge,ENSG00000144369,FAM171B,-0.00046270494398647827,-0.0029066074528167,0.3009,0.3244170212765958,0.15919072372090898,-0.18011581863432,0.34980613533863936,0.6869183374003242,29
all_genes_ridge,ENSG00000144445,KANSL1L,-0.0016701446090352477,-0.0037660908335334807,1.5879500000000002,1.6133946808510637,0.44346901943102063,-0.3105407934855853,0.08365661990301514,0.3684325177980318,32
all_genes_ridge,ENSG00000144452,ABCA12,-0.0011885319375110437,-0.007313868598353764,0.17659999999999998,0.21905744680851066,0.16250386803210592,-0.12785632440852934,0.4711532110262141,0.7710485663349042,34
all_genes_ridge,ENSG00000144460,NYAP2,0.0014055703107470705,0.0038619013372978707,0.0271,0.09003404255319147,0.36395810974563436,-0.11048331544186434,0.5540634061207216,0.8199847876382151,31
all_genes_ridge,ENSG00000144468,RHBDD1,0.0013972456445664127,0.0027467526197645768,1.29275,1.3435223404255319,0.5086900198118934,0.09038408995175988,0.6227501118206684,0.8547664308725309,32
all_genes_ridge,ENSG00000144476,ACKR3,-0.002015793044872715,-0.005108631706509863,0.69515,0.6860712765957447,0.39458570526898934,-0.13886725355802906,0.4642630619559037,0.7676910854405603,30
all_genes_ridge,ENSG00000144481,TRPM8,0.0016582696919117596,0.003081727648145488,0.2185,0.363459574468085,0.5380974184755319,-0.10430797608813341,0.5699449102678164,0.8273303505889018,32
all_genes_ridge,ENSG00000144535,DIS3L2,0.0012808835233693748,0.0024362335182545668,1.3104,1.3596744680851065,0.5257638538226256,-0.00418873971393651,0.9827950568619964,0.9943091198022376,29
all_genes_ridge,ENSG00000144580,CNOT9,-0.004102349259848797,-0.00863074340815877,2.5069,2.521612765957447,0.47531818127865844,-0.3502157944799666,0.0494103310177862,0.28848031724999784,32
all_genes_ridge,ENSG00000144583,MARCHF4,-0.0005651358063072777,-0.085135200049107,0.0204,0.02067659574468085,0.006638098060277072,-0.23761825411497525,0.206090391983373,0.5483702279242073,30
all_genes_ridge,ENSG00000144591,GMPPA,-0.0022787610892994418,-0.007005130930184875,2.0516,1.9880042553191488,0.3252988576530863,-0.12050874123321921,0.5184403418942941,0.7977622290882296,31
all_genes_ridge,ENSG00000144619,CNTN4,0.001225764424371537,0.0037411932571497983,0.08895,0.19914787234042555,0.3276399640753595,0.06228030028416746,0.7264063049739168,0.8981466811003024,34
all_genes_ridge,ENSG00000144642,RBMS3,0.0006787666261628617,0.0025631566831929384,0.1614,0.22864042553191485,0.26481667336751274,0.21670568108277413,0.25883669072642884,0.6126214023607625,29
all_genes_ridge,ENSG00000144644,GADL1,-0.0001947080737445203,-0.0005043627801877741,0.28805000000000003,0.39647127659574466,0.38604766527781953,-0.09591632892261477,0.6141227360110947,0.8509706191372357,30
all_genes_ridge,ENSG00000144747,TMF1,-0.0003524556036467073,-0.0010204738410691924,1.6823000000000001,1.7342021276595747,0.3453842611755977,-0.4758513360682718,0.007863092359398634,0.1268247190017063,30
all_genes_ridge,ENSG00000144771,LRTM1,0.00013965982994764095,0.0009057189670062541,0.0889,0.13299148936170216,0.1541977534259549,-0.41482209529689335,0.0132204689500458,0.1549704391210002,35
all_genes_ridge,ENSG00000144810,COL8A1,0.0024761204250227033,0.004537428568967752,0.17685,0.4540840425531915,0.5457100618525024,0.10946094609460946,0.5509310876158229,0.8188629083547141,32
all_genes_ridge,ENSG00000144824,PHLDB2,0.002609671549262112,0.0030301753054478905,1.9707,1.9678914893617017,0.8612279113258684,0.4903758102561632,0.0043818529379646455,0.09806157964311282,32
all_genes_ridge,ENSG00000144827,ABHD10,-0.00045133147896794334,-0.0008069874625838835,2.1683,2.184576595744681,0.5592794186948462,-0.1613762179002166,0.3543773615839142,0.6901152468048515,35
all_genes_ridge,ENSG00000144834,TAGLN3,0.0008440546746660152,0.0032290988761195217,0.17864999999999998,0.23590531914893614,0.261390160861328,-0.033626289742828996,0.8502554576804473,0.9417641625384304,34
all_genes_ridge,ENSG00000144840,RABL3,-0.0014555309170987973,-0.002290062475725125,2.56445,2.4403563829787234,0.6355856805338546,-0.03500726225185518,0.8441792789358716,0.9411214291927519,34
all_genes_ridge,ENSG00000144847,IGSF11,0.0001234595982214463,0.00019212073316089237,0.6272,0.804395744680851,0.6426146527249327,-0.10375802190840688,0.5719915697912071,0.8273303505889018,32
all_genes_ridge,ENSG00000144891,AGTR1,0.0031907153534820234,0.0066807883956584695,0.4206,0.5690106382978722,0.47759563161071217,0.06271425818174567,0.7375050286153356,0.9006698579550116,31
all_genes_ridge,ENSG00000144895,EIF2A,-0.00037355223632547317,-0.0005321394719099344,3.53735,3.331407446808511,0.7019818225186979,0.2055419592418377,0.2758676968840724,0.6245654860014576,30
all_genes_ridge,ENSG00000144935,TRPC1,-0.0009170284761097621,-0.0020482124391933017,2.3361,2.338744680851064,0.44772136842940874,-0.018485525219173134,0.9227619513909077,0.9708120479029481,30
all_genes_ridge,ENSG00000144962,SPATA16,0.0013570043760158812,0.025282404803529283,0.0516,0.06760851063829787,0.053673864751443694,0.0056699125292042135,0.9767126642804626,0.9920435104122236,29
all_genes_ridge,ENSG00000145012,LPP,0.00014176005864832767,0.00018562348639074216,0.3091,0.603444680851064,0.7636967789190164,-0.024658538924758684,0.8934340588260412,0.9621671320780494,32
all_genes_ridge,ENSG00000145050,MANF,-0.0013719323751776738,-0.0035345240754548844,3.10825,3.1449797872340426,0.3881519395227516,-0.0930466621941468,0.6248094812811658,0.8557756395543702,30
all_genes_ridge,ENSG00000145088,EAF2,0.001530693477050398,0.003494245359647387,0.9057,0.9568936170212768,0.4380612462786139,0.2607631565807732,0.16398723232985105,0.4911869464810174,30
all_genes_ridge,ENSG00000145103,ILDR1,0.0008975411275253173,0.004855122019264553,0.1986,0.22656170212765964,0.18486479309149792,-0.09016999534550757,0.6418093632567882,0.8629443085929409,29
all_genes_ridge,ENSG00000145147,SLIT2,-0.0002217568872023469,-0.0011820198700433504,0.29385,0.33167765957446815,0.1876084259008387,-0.10071063151445103,0.5709060036308724,0.8273303505889018,34
all_genes_ridge,ENSG00000145244,CORIN,0.0013809927916626004,0.0030441916621715428,0.20575,0.28001808510638293,0.4536484377194186,-0.04340084576007122,0.8198620803118956,0.9326418068732042,30
all_genes_ridge,ENSG00000145246,ATP10D,-0.002570612807374303,-0.003773161800596306,2.0080999999999998,1.8819021276595747,0.6812887819886353,-0.15950133520898802,0.3832195136578867,0.7113575127891449,32
all_genes_ridge,ENSG00000145283,SLC10A6,-0.0006881405377118335,-0.0013966833185407982,0.23314999999999997,0.37390957446808504,0.4926961814298581,-0.2645225972484289,0.1577752468229253,0.48189703154366315,30
all_genes_ridge,ENSG00000145321,GC,-7.519647116829695e-05,-6.90325649635682e-05,7.6255,7.34087659574468,1.0892898331096599,0.20276141656929902,0.2825576254343904,0.6293800079374976,30
all_genes_ridge,ENSG00000145331,TRMT10A,-0.0017794717051874238,-0.0031217207915935066,1.3651,1.4306319148936166,0.5700291038133102,-0.5493596881816958,0.001370262560870433,0.05633920126897774,31
all_genes_ridge,ENSG00000145348,TBCK,0.003262188755721816,0.008689918154837968,1.8638,1.816465957446808,0.3753992497507754,0.13859189025620336,0.4571571018308952,0.7632977587933225,31
all_genes_ridge,ENSG00000145358,DDIT4L,-0.004589874895841449,-0.02546229515305818,0.21615,0.26560319148936173,0.18026163267101145,-0.533600369240785,0.0023921783934400245,0.07329162012141763,30
all_genes_ridge,ENSG00000145375,AFG2A,-0.0023770467400945853,-0.006728604280450051,1.3944,1.4002148936170213,0.35327486073168113,-0.4666091812450732,0.010722833255594108,0.14533268644635583,29
all_genes_ridge,ENSG00000145390,USP53,-0.002277738359336523,-0.004560271053121998,1.7787,1.7881617021276595,0.49947433667943153,-0.3399433453547297,0.07118566745428732,0.3403875674322366,29
all_genes_ridge,ENSG00000145416,MARCHF1,0.0009843614448596205,0.0028927368721120483,0.0732,0.18008085106382976,0.3402872395168515,-0.2108893880211871,0.2721491313096726,0.6245654860014576,29
all_genes_ridge,ENSG00000145431,PDGFC,-0.0007440093738754375,-0.0009221866975753852,1.6672,1.7085191489361702,0.8067882304435622,0.22232113189819078,0.23767827306196965,0.5890540710335835,30
all_genes_ridge,ENSG00000145439,CBR4,-5.7627468882664556e-05,-9.434006210145925e-05,2.2798,2.3203851063829783,0.6108483246564789,-0.15104102615547532,0.4341527658408166,0.743841871948487,29
all_genes_ridge,ENSG00000145451,GLRA3,0.0015636732904387048,0.012170226694169327,0.0101,0.037436170212765955,0.1284834974510253,-0.12672587292856288,0.5124226164674234,0.7959688980220405,29
all_genes_ridge,ENSG00000145555,MYO10,-0.0028845965019633213,-0.004950317539556529,1.6987999999999999,1.622725531914894,0.5827093876126855,-0.39759573558681693,0.029571623362101798,0.23319337279828847,30
all_genes_ridge,ENSG00000145675,PIK3R1,0.0018362321008164983,0.0027349341904156156,3.1381,3.0743468085106387,0.6713990074245458,0.20407229514477482,0.2625782414339111,0.6179748379793443,32
all_genes_ridge,ENSG00000145681,HAPLN1,-0.00033765744576348504,-0.0008300449763644914,0.0979,0.2467042553191489,0.4067941561942688,-0.015587750124570343,0.9325202577596561,0.9723398424243731,32
all_genes_ridge,ENSG00000145685,LHFPL2,0.002233449041794521,0.003783305161514521,1.1583,1.243787234042553,0.5903433496494461,0.5362186042852197,0.0015592551633234128,0.05992276804873267,32
all_genes_ridge,ENSG00000145715,RASA1,0.00020879765238213073,0.0010035863385374803,2.56455,2.5337797872340424,0.20805150923677396,-0.20499415569191204,0.2771775518959564,0.6251939432066297,30
all_genes_ridge,ENSG00000145721,LIX1,-0.00174254612462064,-0.025054963273397218,0.1032,0.11527659574468087,0.06954893948979902,-0.19835013748854263,0.27648296789104265,0.6245654860014576,32
all_genes_ridge,ENSG00000145723,GIN1,-0.0004168645258851695,-0.0006846692696043064,1.92355,1.8574755319148941,0.6088553180225098,0.018245164346527298,0.9210493506379628,0.9708120479029481,32
all_genes_ridge,ENSG00000145725,PPIP5K2,0.0007345363076860753,0.0013871838036364065,1.8047,1.8713978723404254,0.5295162081337305,-0.3318621302016833,0.05146110526313621,0.29354848178810483,35
all_genes_ridge,ENSG00000145730,PAM,3.283934172445429e-06,5.001627363895272e-06,1.1934,1.218636170212766,0.6565731378052718,-0.07298620563426918,0.7015067675179489,0.883682207431822,30
all_genes_ridge,ENSG00000145757,SPATA9,0.0015183610467949726,0.011677743956428486,0.1298,0.15721063829787232,0.13002177924607855,0.27954820492133925,0.12774718059061896,0.4403654759265783,31
all_genes_ridge,ENSG00000145794,MEGF10,-1.4045579111648926e-05,-3.240151988274494e-05,0.0825,0.19291063829787236,0.4334851933636835,-0.45113464677257775,0.010857405695568922,0.14545722684751317,31
all_genes_ridge,ENSG00000145817,YIPF5,-0.001827371791782042,-0.006069213809890464,3.2129,3.2190276595744667,0.3010887157747079,-0.2855125159008744,0.11948225012673437,0.4272651488630925,31
all_genes_ridge,ENSG00000145819,ARHGAP26,-0.0009556284717296978,-0.0028679176155017197,1.2234500000000001,1.296226595744681,0.33321336239378624,-0.2798798130425106,0.13414665877012785,0.44853442293624246,30
all_genes_ridge,ENSG00000145832,SLC25A48,0.0002785862297365435,0.00036658092473955487,1.8506,1.9027531914893616,0.7599583364422765,0.17962301479174797,0.3511480891470632,0.6882411869919199,29
all_genes_ridge,ENSG00000145860,RNF145,5.202620879206935e-05,0.00010759752553769732,2.8561,2.76683829787234,0.4835260711812718,-0.2856262414226667,0.1331032085951559,0.4484335449199628,29
all_genes_ridge,ENSG00000145863,GABRA6,-0.0110217067044315,-0.03895605056994408,0.043,0.10487021276595745,0.2829266967051101,0.10742817204320297,0.5390476058987307,0.8117800255498742,35
all_genes_ridge,ENSG00000145864,GABRB2,0.002289936447132173,0.06618733414984727,0.07,0.07528510638297872,0.03459780449757632,0.493766696349065,0.005554063063357898,0.10685998898878743,30
all_genes_ridge,ENSG00000145868,FBXO38,0.0022846178593899473,0.008085284853471467,2.4639,2.42873829787234,0.282564918960033,0.16042409449260317,0.38863170752096593,0.7127270704897838,31
all_genes_ridge,ENSG00000145888,GLRA1,0.0017173613539663802,0.06564029552804257,0.0187,0.026908510638297866,0.026163217885463306,0.0002464268112370626,0.998987746088502,0.999205366183396,29
all_genes_ridge,ENSG00000145901,TNIP1,-0.0018971670737328516,-0.002913792214301955,3.0635,2.9754787234042555,0.6510989577159495,0.119200440124702,0.5158246852425252,0.7961584872375733,32
all_genes_ridge,ENSG00000145934,TENM2,-0.0009227509841488659,-0.006459604914442487,0.1112,0.149,0.142849446114849,-0.021639888577784195,0.8988397572078154,0.9642676688632253,37
all_genes_ridge,ENSG00000145936,KCNMB1,1.775047068989598e-05,5.7048324974532046e-05,0.1614,0.24384893617021278,0.3111479731932582,0.0874491939137167,0.6519323617362931,0.8673385846763304,29
all_genes_ridge,ENSG00000145982,FARS2,0.002233572316919354,0.002491989197121207,1.121,1.3138914893617022,0.8963009629012915,-0.09820528531996829,0.5991747791526789,0.8417722651524162,31
all_genes_ridge,ENSG00000145996,CDKAL1,0.00010726082885996197,0.00030595969524270354,1.947,1.941802127659575,0.3505717600315851,-0.19552637436011575,0.3004479573284031,0.6415612515316832,30
all_genes_ridge,ENSG00000146005,PSD2,0.000655620365674319,0.01699596013037597,0.0601,0.07045531914893616,0.03857507081948044,-0.20529883088716486,0.285354075361593,0.6305333296075357,29
all_genes_ridge,ENSG00000146006,LRRTM2,0.0004717430708187166,0.014960813931533624,0.1079,0.10890212765957445,0.03153191216584822,-0.022899223358721854,0.9026821188965765,0.9656450317667322,31
all_genes_ridge,ENSG00000146021,KLHL3,-0.0004037017975572258,-0.0010772673487906806,0.4004,0.5075425531914894,0.37474615564132113,-0.20340492954819003,0.28100018289240164,0.6293800079374976,30
all_genes_ridge,ENSG00000146038,DCDC2,0.0017105930935728583,0.002317846853639318,0.6942,0.8741808510638298,0.7380095414358404,0.51028708671912,0.0046814458708739366,0.10374357418958592,29
all_genes_ridge,ENSG00000146070,PLA2G7,0.0017138858964640244,0.0015849451812719167,1.6192,1.876378723404256,1.081353422639282,-0.17549724463752717,0.32862282835159196,0.6648932682349441,33
all_genes_ridge,ENSG00000146072,TNFRSF21,-0.003981075781880473,-0.006223949309067181,2.4497,2.3576531914893617,0.6396382078627726,-0.16804239166704,0.3835628912949834,0.7113575127891449,29
all_genes_ridge,ENSG00000146085,MMUT,-0.001493837610858173,-0.001891952780265863,3.6589,3.5305851063829783,0.7895744684749767,-0.07054417609293794,0.6917742791087937,0.8797621381486848,34
all_genes_ridge,ENSG00000146151,HMGCLL1,0.0004958493421766037,0.0023890010305270193,0.1043,0.1687127659574468,0.20755509764983993,-0.3466862238417745,0.051908226326924954,0.2951186800160003,32
all_genes_ridge,ENSG00000146166,LGSN,-0.0008683040071312017,-0.004676134545571661,0.054900000000000004,0.1131872340425532,0.18568841393870777,-0.2064161319890009,0.25701750152011005,0.6120040271490621,32
all_genes_ridge,ENSG00000146197,SCUBE3,-0.0003132935312931632,-0.0017454231012391625,0.1958,0.2303851063829788,0.17949431921162298,-0.6258009061377678,0.0002826188604857428,0.02383419056763098,29
all_genes_ridge,ENSG00000146233,CYP39A1,0.0017131058979732922,0.002679154682924972,3.198,3.1280914893617027,0.6394203025646155,0.054000743429876465,0.7808479389037181,0.9191869572703028,29
all_genes_ridge,ENSG00000146263,MMS22L,-0.00043653606131977414,-0.0012825567629877195,0.4815,0.521940425531915,0.34036393079621846,-0.19943537408921694,0.2820930248581947,0.6293800079374976,31
all_genes_ridge,ENSG00000146281,PM20D2,0.000643737288523655,0.0008701872847932481,2.8414,2.6048085106382977,0.7397686679329077,0.2394036543858403,0.2110060683204652,0.5527303049360934,29
all_genes_ridge,ENSG00000146282,RARS2,-0.001000929887066641,-0.0026306725785618028,2.6949,2.6446765957446816,0.38048440357935104,-0.19840469506695627,0.27634818736042754,0.6245654860014576,32
all_genes_ridge,ENSG00000146285,SCML4,0.000373680404671315,0.0011248866265680302,0.1366,0.2578617021276595,0.33219383700150673,-0.04336043360433604,0.8232734617290598,0.9353715147395909,29
all_genes_ridge,ENSG00000146350,TBC1D32,0.0008317304327864768,0.001437098380275451,0.9511499999999999,1.0315031914893615,0.5787567811655717,-0.3086337415083273,0.0970312176815502,0.3922593566993161,30
all_genes_ridge,ENSG00000146352,CLVS2,0.0008028360621959251,0.00891080249844308,0.0754,0.10024680851063829,0.09009694270927884,0.29795178440947623,0.10353098281461365,0.40715034174244435,31
all_genes_ridge,ENSG00000146374,RSPO3,0.004773427991225098,0.01588634765845654,0.20629999999999998,0.2958212765957447,0.300473594928796,0.1632721212115544,0.38864069794929185,0.7127270704897838,30
all_genes_ridge,ENSG00000146410,MTFR2,-0.0007685431058771911,-0.0011548083724191491,1.7722,1.5134702127659572,0.6655157030661367,-0.04114821027624,0.832159890755836,0.9378413100260756,29
all_genes_ridge,ENSG00000146411,SLC2A12,0.0007546443628998452,0.0009825804039849666,1.79175,1.7870627659574465,0.7680230135257116,-0.08814691206513367,0.6432289098635788,0.8629443085929409,30
all_genes_ridge,ENSG00000146414,SHPRH,0.001479668464595454,0.002423297703368195,1.5508,1.5265489361702125,0.6106011913182727,0.17803411225731788,0.3215675900274683,0.6583673224963261,33
all_genes_ridge,ENSG00000146618,FERD3L,-0.0010884370111394891,-0.1451633463792709,0.0104,0.012761702127659574,0.007498015430807927,-0.25277161862527714,0.1858538344384054,0.5214900567051745,29
all_genes_ridge,ENSG00000146648,EGFR,-0.004393266675211671,-0.005009045880348074,3.243,3.004942553191489,0.8770665671975013,-0.31796328151975206,0.09278049572971481,0.38334787242692275,29
all_genes_ridge,ENSG00000146674,IGFBP3,8.621131535718117e-05,7.92586281855823e-05,4.2026,4.169323404255319,1.0877215179061555,0.23298033401400728,0.2071949761759489,0.5486074023396299,31
all_genes_ridge,ENSG00000146842,TMEM209,0.0004981903218307816,0.0013596960397520537,2.2518,2.215114893617021,0.366398303198433,0.038127090834094296,0.8331567435559616,0.9378413100260756,33
all_genes_ridge,ENSG00000146857,STRA8,0.00020933084365778575,0.0021220506804367828,0.0897,0.12305319148936171,0.09864554394841271,-0.3266409974330766,0.06805216291603203,0.3316314070835847,32
all_genes_ridge,ENSG00000147113,DIPK2B,-0.0006258250107626606,-0.004853134793131055,0.0629,0.09892340425531915,0.1289527362084461,-0.39043629482840625,0.03625935878993583,0.2530653178994142,29
all_genes_ridge,ENSG00000147408,CSGALNACT1,-0.002576383790038495,-0.004586143439059406,0.30779999999999996,0.501536170212766,0.5617756671315317,-0.14021811707099932,0.45988549945145074,0.7647594574787497,30
all_genes_ridge,ENSG00000147416,ATP6V1B2,-0.003135538363947002,-0.012385548414227345,3.94915,3.9546670212765958,0.25316104374879295,-0.3656802884856493,0.03343752744776734,0.2482061939643561,34
all_genes_ridge,ENSG00000147419,CCDC25,0.0029368739538074423,0.008253685414273976,3.198,3.2446531914893613,0.3558257682959898,0.16902796728002623,0.3807389068662165,0.7092656377576894,29
all_genes_ridge,ENSG00000147421,HMBOX1,-6.013786059429573e-05,-0.00013294449908540687,1.85065,1.7852606382978722,0.4523531323824212,-0.10750055908371155,0.5717824684488834,0.8273303505889018,30
all_genes_ridge,ENSG00000147439,BIN3,-0.0009485600380139932,-0.001180504555195534,2.9447,2.745361702127659,0.8035208621934352,0.07090983026225117,0.7046413735448431,0.8844071640900498,31
all_genes_ridge,ENSG00000147454,SLC25A37,-0.0031493754376441577,-0.008222238173991545,2.7387,2.742221276595744,0.3830314047099989,-0.4990922030143561,0.004260854547354317,0.09799965458914929,31
all_genes_ridge,ENSG00000147459,DOCK5,-0.0007224987618264243,-0.0009209795896094956,2.2239,1.9839574468085108,0.7844894392640893,0.0033288129511567684,0.9863267750993373,0.9943548239615633,29
all_genes_ridge,ENSG00000147488,ST18,-0.0019085287614412215,-0.019368377316810244,0.0509,0.07714042553191489,0.09853839225781538,-0.1555977229601518,0.3577833919172256,0.6940769187608286,37
all_genes_ridge,ENSG00000147573,TRIM55,0.0018024053597185089,0.006312819772017051,0.0777,0.18776808510638304,0.28551509861061825,0.24689863968237655,0.1805636925897614,0.5166742419439356,31
all_genes_ridge,ENSG00000147588,PMP2,0.0008911514323305439,0.018481515116876783,0.0326,0.04824893617021276,0.04821852681963127,-0.28477531138193657,0.10259485135670499,0.40588771444986027,34
all_genes_ridge,ENSG00000147606,SLC26A7,0.0011618370332148755,0.0019559789422351308,0.5582,0.7110829787234043,0.5939926080631647,0.016392294582658385,0.9255363156291587,0.9708120479029481,35
all_genes_ridge,ENSG00000147647,DPYS,0.005705762052629431,0.005642378839547822,3.81145,3.610803191489362,1.0112334203150897,0.3975407271724619,0.01635237713890631,0.16886332310788968,36
all_genes_ridge,ENSG00000147655,RSPO2,-0.002857374506531824,-0.03063404087153187,0.14425,0.15898617021276593,0.09327448894237046,-0.38700347098939,0.034622070582447546,0.25006235486326467,30
all_genes_ridge,ENSG00000147677,EIF3H,0.0012403734871477964,0.0019195839835234787,3.5601,3.388293617021277,0.6461678664723164,0.15677815144889043,0.41668866808471194,0.7308300383045555,29
all_genes_ridge,ENSG00000147679,UTP23,0.0002614295150182224,0.0006257698620392737,2.37145,2.3467925531914893,0.41777262037879176,0.2640067270572259,0.1313644340622714,0.44711033835544395,34
all_genes_ridge,ENSG00000147684,NDUFB9,-0.002991979506411731,-0.007619295630181283,3.3483,3.3817319148936167,0.3926845277613338,-0.47517967574795256,0.00519775060120929,0.10475696166612286,33
all_genes_ridge,ENSG00000147687,TATDN1,0.0024712346388266766,0.0036854011550345746,2.5933,2.584091489361702,0.6705469865745165,0.27600700593117306,0.10850940923420273,0.4129153699464898,35
all_genes_ridge,ENSG00000147862,NFIB,0.0004288763920891596,0.0013504649362991996,2.7826,2.736597872340425,0.3175768437679308,-0.213625725410762,0.26583213119758625,0.620231093604285,29
all_genes_ridge,ENSG00000147869,CER1,0.00048184504555614025,0.002087287482188166,0.2792,0.3414808510638297,0.2308474753324385,-0.11580634029839999,0.5496914344239808,0.8187973152485528,29
all_genes_ridge,ENSG00000147894,C9orf72,-0.000441541984099409,-0.0011504633212679517,1.9369,1.9729255319148935,0.3837949249983698,-0.04990757893715592,0.7971026999858317,0.9240182501553971,29
all_genes_ridge,ENSG00000148053,NTRK2,0.000551956057989711,0.0029861773973629082,0.2554,0.2824851063829787,0.18483699544345325,0.218917012305885,0.23672654659878284,0.5890540710335835,31
all_genes_ridge,ENSG00000148123,PLPPR1,8.703578586578267e-05,0.00033777221676548335,0.0973,0.18933191489361706,0.25767597672549836,-0.18471466396938596,0.3198439324159518,0.6561122829829931,31
all_genes_ridge,ENSG00000148143,ZNF462,-0.005163331775756224,-0.017507285948359777,0.3352,0.4198468085106383,0.2949247411041439,-0.10041841191426135,0.5600798140710692,0.8260643894593872,36
all_genes_ridge,ENSG00000148156,ACTL7B,-0.0009388433618463219,-0.039836878365969726,0.0236,0.02942553191489362,0.023567192017944855,-0.35534746180384424,0.05853118908101535,0.307097976142292,29
all_genes_ridge,ENSG00000148175,STOM,0.001504710570039675,0.0018416553214110104,3.454,3.292046808510638,0.8170424468389772,0.36039921143420406,0.05478944157560881,0.30145807513110195,29
all_genes_ridge,ENSG00000148180,GSN,0.0011942076302793247,0.001067779853515066,2.322,2.3784127659574463,1.1184024743940113,-0.017342206442540604,0.926224402943341,0.9708120479029481,31
all_genes_ridge,ENSG00000148225,WDR31,-0.0011185072536939022,-0.0037764591044453467,0.366,0.42380851063829783,0.29617883386511046,-0.08672086984048816,0.6546525510428237,0.8678856053971673,29
all_genes_ridge,ENSG00000148459,PDSS1,-0.00062488746296355,-0.0016517772574653612,1.8837,1.8441361702127663,0.3783121847327252,-0.2138457748213846,0.2653283055776468,0.620231093604285,29
all_genes_ridge,ENSG00000148484,RSU1,-0.0018802092771426418,-0.006417184636747364,3.8191,3.865748936170213,0.2929959762067328,-0.577318824364936,0.00043546685798672097,0.028747904373969003,33
all_genes_ridge,ENSG00000148541,FAM13C,0.0005656964605007704,0.0012333434824808186,0.3196,0.4298489361702129,0.4586690314063166,0.17262198127156234,0.37054344503741965,0.7031061869585038,29
all_genes_ridge,ENSG00000148584,A1CF,-0.005716085525047334,-0.0036495845983625093,3.7122,2.9472893617021274,1.5662290792250766,-0.3786675596277367,0.02977627876553276,0.23419891795895711,33
all_genes_ridge,ENSG00000148634,HERC4,5.595984340518225e-05,0.000201429545941464,2.6223,2.618602127659574,0.27781348135215644,0.05345212774413826,0.779071202321579,0.9191869572703028,30
all_genes_ridge,ENSG00000148655,LRMDA,0.0004889544470966033,0.0006398149654265753,0.9309,1.0670212765957447,0.7642122699812269,-0.13895048463078216,0.47222996776005094,0.7712158053359413,29
all_genes_ridge,ENSG00000148677,ANKRD1,0.001325404909682399,0.010333247709279132,0.2895,0.30460212765957445,0.12826605409760972,0.3943353790940801,0.0173196658477311,0.1750228599019233,36
all_genes_ridge,ENSG00000148688,RPP30,0.0007899674759476985,0.0031183483902699214,2.4782,2.5322510638297873,0.25332880649660816,-0.0193564308641338,0.9206130250261302,0.9708120479029481,29
all_genes_ridge,ENSG00000148700,ADD3,3.267926604085604e-05,4.901915818667848e-05,2.39995,2.177013829787234,0.6666631425289757,-0.34713411455953525,0.06018126560817532,0.3102042824896779,30
all_genes_ridge,ENSG00000148702,HABP2,0.0003929455141090821,0.00035446532304639144,5.5352,5.237808510638298,1.1085584077223105,-0.2737717069601001,0.11717505397198191,0.426040076477769,34
all_genes_ridge,ENSG00000148798,INA,0.001143848297281129,0.0058495656087088135,0.08505,0.14959042553191493,0.19554414358190486,-0.546911522585943,0.0017636557073934561,0.06610442873637694,30
all_genes_ridge,ENSG00000148841,ITPRIP,0.0013000826472787635,0.002689241274462243,0.3919,0.5605914893617021,0.4834384551600845,0.04016757145125267,0.8361056346902362,0.9379121853639092,29
all_genes_ridge,ENSG00000148843,PDCD11,0.0034217013804059802,0.012261762496296938,2.3079,2.3145234042553193,0.2790546123723516,-0.2896913455719185,0.11393253124044747,0.42174600098691983,31
all_genes_ridge,ENSG00000148848,ADAM12,0.000888588214390437,0.003214421755526936,0.34505,0.39634787234042557,0.27643796675485477,0.1535551437508218,0.41785978358449744,0.7324609139506548,30
all_genes_ridge,ENSG00000148935,GAS2,0.0025140418275933253,0.0033501004452005565,2.6804,2.632387234042554,0.7504377461860909,0.16950863454382664,0.3619679918991103,0.6957726649671303,31
all_genes_ridge,ENSG00000148942,SLC5A12,-0.0024229175273818623,-0.002587448296455698,2.3573,2.2567808510638296,0.9364119587242725,-0.040883674202388004,0.8241860082261679,0.9354189499485871,32
all_genes_ridge,ENSG00000148948,LRRC4C,0.002034270724424571,0.013590383103434942,0.1071,0.14732553191489364,0.1496845754046781,0.22543087642097542,0.2147768634317873,0.5597103496814646,32
all_genes_ridge,ENSG00000149084,HSD17B12,-0.0014782393161912673,-0.0015742784371538905,3.6361,3.4639787234042556,0.9389948317298619,-0.127269060104881,0.49507006559671546,0.7874675471453165,31
all_genes_ridge,ENSG00000149089,APIP,-0.0012741058912257152,-0.001720037991775685,2.4211,2.373206382978723,0.7407428773770218,-0.14978818138163275,0.4212434168147642,0.7362665592686379,31
all_genes_ridge,ENSG00000149090,PAMR1,-0.00047815956093753506,-0.001006564862481433,0.3207,0.4341425531914893,0.4750409822162406,-0.2274652193858814,0.21845827906859053,0.5634998600273924,31
all_genes_ridge,ENSG00000149187,CELF1,-0.001873475015244386,-0.0032458588417627323,2.0721,1.9771595744680854,0.5771893069222184,-0.24938393297190733,0.19202007695915976,0.5319096292408841,29
all_genes_ridge,ENSG00000149201,CCDC81,-0.0015014011369163089,-0.008878593400134476,0.0721,0.12594893617021277,0.16910349075041192,-0.08662969874770522,0.6549933680596788,0.8678856053971673,29
all_genes_ridge,ENSG00000149256,TENM4,-0.00013145050409540035,-0.0005917275582405453,0.1626,0.20730212765957445,0.22214700374317184,-0.07495621881813877,0.6686910981322777,0.8739329203312937,35
all_genes_ridge,ENSG00000149257,SERPINH1,0.0020429930776865164,0.002381582221262594,3.4843,3.292574468085106,0.8578301683002257,0.3269278246543403,0.08344317056547801,0.3684325177980318,29
all_genes_ridge,ENSG00000149260,CAPN5,0.00015594916430216482,0.00024030780082865994,1.7206,1.7535936170212767,0.6489558964145195,0.1328896982050495,0.4760541020337644,0.7745446161706906,31
all_genes_ridge,ENSG00000149294,NCAM1,0.0017518041308695552,0.021131119873955384,0.1697,0.17369148936170214,0.0829016228822163,-0.1487608205857939,0.37955154888755094,0.7092656377576894,37
all_genes_ridge,ENSG00000149295,DRD2,0.0005469960688358536,0.004022952499274538,0.045,0.06829361702127659,0.13596881119886298,0.15702100933755403,0.3907559136713608,0.7127270704897838,32
all_genes_ridge,ENSG00000149380,P4HA3,-0.0003016074672233313,-0.0007901112203062845,0.2869,0.36146595744680854,0.3817278624475348,-0.2000739204539086,0.2980583532190306,0.6399612166711294,29
all_genes_ridge,ENSG00000149403,GRIK4,0.0012415821179330739,0.006944139705104325,0.0903,0.15466808510638297,0.17879567097713236,0.18960721158884739,0.31560318274932,0.6513740739816013,30
all_genes_ridge,ENSG00000149488,TMC2,0.0016394269030072914,0.0037448565466011398,0.07050000000000001,0.15387872340425532,0.43778096239634273,-0.040062319163142665,0.8335189496951221,0.9378413100260756,30
all_genes_ridge,ENSG00000149564,ESAM,-0.004782511269465312,-0.008317920705839033,0.8436,0.9661808510638301,0.5749647584531641,-0.16315418052092212,0.38050229732157376,0.7092656377576894,31
all_genes_ridge,ENSG00000149571,KIRREL3,0.001984356210025891,0.02310030302623219,0.0398,0.06415744680851065,0.08590173937426276,-0.3422778187495297,0.05945852728709939,0.30804793318026236,31
all_genes_ridge,ENSG00000149573,MPZL2,0.0007534801664306639,0.0017756053312281072,2.0926,2.136221276595745,0.4243511512265596,0.06854467966771392,0.7046709255381524,0.8844071640900498,33
all_genes_ridge,ENSG00000149968,MMP3,-0.0003240427560761409,-0.0007557545854331861,0.1759,0.2985808510638298,0.4287671716743934,-0.13012939891071873,0.5010661826415973,0.788865450881409,29
all_genes_ridge,ENSG00000150054,MPP7,0.00015881353359017557,0.0003151442949858587,1.3651,1.2513531914893616,0.5039391038232246,0.01946532102888,0.9201678360000125,0.9708120479029481,29
all_genes_ridge,ENSG00000150347,ARID5B,0.0017558666379813477,0.00844656677755489,2.4354,2.413672340425532,0.2078793294628561,0.3075443464188785,0.08167227413849495,0.36517971175916153,33
all_genes_ridge,ENSG00000150394,CDH8,0.0016338157720362243,0.028930968326344626,0.07715,0.08565638297872338,0.056472903139867144,0.2982268419443595,0.0866883162540103,0.37384336384541944,34
all_genes_ridge,ENSG00000150456,EEF1AKMT1,-0.0015322776517680868,-0.0021988964022651232,2.4354,2.227665957446808,0.6968394009784452,-0.0495256872059552,0.7986236218059034,0.9247220884068355,29
all_genes_ridge,ENSG00000150471,ADGRL3,-0.00046334702472142897,-0.0017604267519730529,0.1269,0.20945531914893625,0.26320153576518784,-0.05784018722835172,0.7491785337572451,0.9043761544679905,33
all_genes_ridge,ENSG00000150556,LYPD6B,0.001484614831973057,0.0038015137915673926,0.1458,0.2669702127659574,0.3905325387129371,-0.01462966059187427,0.9355972687071592,0.9729940917889947,33
all_genes_ridge,ENSG00000150593,PDCD4,0.00041325194646233744,0.0006917150168032403,3.5525,3.4161808510638307,0.5974309309810572,-0.2495547640249332,0.1835368516950558,0.5183422155778507,30
all_genes_ridge,ENSG00000150625,GPM6A,0.0007443471152435802,0.001734965904725976,0.50955,0.5937946808510639,0.4290269412303776,0.24709009360489242,0.1727590429775169,0.5033555225333409,32
all_genes_ridge,ENSG00000150627,WDR17,0.006284140267399137,0.033467976685977834,0.0648,0.13422553191489364,0.18776576565598063,0.23227433300184364,0.20861408576328658,0.5493082084799116,31
all_genes_ridge,ENSG00000150628,SPATA4,0.002945502584329269,0.013402511640057011,0.0557,0.12194893617021277,0.21977243246898903,0.268083685733363,0.1520481193689639,0.47611893287092805,30
all_genes_ridge,ENSG00000150656,CNDP1,0.001317154212087903,0.0019111969503303216,0.8412,0.9782553191489362,0.6891776443344851,0.2653098821580533,0.14222503937005698,0.46082734207843434,32
all_genes_ridge,ENSG00000150681,RGS18,-0.0015301247254148524,-0.03290701554263487,0.038,0.055197872340425516,0.0464984350656898,-0.4227948202950135,0.015917078011254054,0.16706682349740054,32
all_genes_ridge,ENSG00000150722,PPP1R1C,-0.00529734057646,-0.1727178172426012,0.026500000000000003,0.034495744680851065,0.030670492836412478,-0.48047304730473045,0.005380220823374382,0.1060672105179521,32
all_genes_ridge,ENSG00000150750,POU2AF2,-0.0038190118658691366,-0.015645023691065123,0.0732,0.14889787234042554,0.24410393625994795,-0.43879367905630984,0.015278472169759715,0.1650727455779021,30
all_genes_ridge,ENSG00000150756,ATPSCKMT,-0.0006084214561994855,-0.0011342503055283355,1.9906,1.9902468085106384,0.5364084569640754,-0.5014785608674224,0.0055811399531192595,0.10685998898878743,29
all_genes_ridge,ENSG00000150773,PIH1D2,0.0006703254847641136,0.0016609693755464568,0.6579,0.7209276595744681,0.40357486094141704,-0.13008130476073224,0.5012257756094328,0.788865450881409,29
all_genes_ridge,ENSG00000150893,FREM2,-0.005903591460097019,-0.013793205727154942,0.17955,0.3541436170212766,0.4280072070899739,-0.35545980990696646,0.04587676410943995,0.2791000805716083,32
all_genes_ridge,ENSG00000151012,SLC7A11,0.0017811277846149702,0.008752398685228228,0.22245,0.259213829787234,0.20350167407490824,-0.1521424681355852,0.4222070571300967,0.7371021422926817,30
all_genes_ridge,ENSG00000151023,ENKUR,-0.0003074576358451812,-0.001579958261440072,0.1637,0.22618936170212775,0.194598581082101,-0.26153460746575247,0.14150752263760358,0.46076199493413217,33
all_genes_ridge,ENSG00000151065,DCP1B,0.004644093805915461,0.008440646658630023,2.4069,2.3301531914893614,0.5502059254153437,0.31542632796075715,0.09556127971425386,0.3896468131051751,29
all_genes_ridge,ENSG00000151090,THRB,0.002599177472596175,0.01873843872083195,0.12605,0.17515000000000003,0.1387083263082431,0.169172935175484,0.35464986250192626,0.6902031939460564,32
all_genes_ridge,ENSG00000151148,UBE3B,0.007031531174218387,0.017747079171461465,2.5645,2.5054595744680848,0.39620779883179746,0.25966928251121074,0.13196239730009157,0.44772969011327385,35
all_genes_ridge,ENSG00000151240,DIP2C,-0.0002779099078661771,-0.0004680108972802621,0.90915,1.0123265957446808,0.593810762700584,-0.04739652870493992,0.8035849497680879,0.9258657481263485,30
all_genes_ridge,ENSG00000151276,MAGI1,-0.0005158241639089775,-0.0009105681321755798,1.5632000000000001,1.4041340425531914,0.5664860713679293,-0.16247496105052303,0.39099246338865207,0.7127270704897838,30
all_genes_ridge,ENSG00000151320,AKAP6,0.0015198844678161777,0.004191117284409855,0.2116,0.3134851063829787,0.3626442222148861,0.467545267741505,0.010545460854900993,0.1439229722051695,29
all_genes_ridge,ENSG00000151332,MBIP,-0.0010003636333718712,-0.004948423640079792,2.5069,2.51558085106383,0.2021580418599206,-0.030474274001197278,0.8707243190379634,0.9517732970792776,31
all_genes_ridge,ENSG00000151376,ME3,0.0027912178495041852,0.004734421952659696,0.8345499999999999,0.9399499999999998,0.5895583193500823,0.156003668982428,0.393871604719388,0.715187913832573,32
all_genes_ridge,ENSG00000151379,MSGN1,-0.002674772064659025,-0.10483016233106375,0.0302,0.03701914893617022,0.025515290687157736,-0.38689010538936625,0.038140202015528084,0.2598396485597838,29
all_genes_ridge,ENSG00000151418,ATP6V1G3,0.00013203402063259234,0.0007067561440382477,0.07555,0.1385095744680851,0.18681694067515178,-0.4989429453468731,0.005005985005703299,0.10409705806380284,30
all_genes_ridge,ENSG00000151445,VIPAS39,-0.0009115559562799545,-0.003218762924426956,2.4069,2.4465978723404254,0.2832007133430745,0.006165228863330104,0.9746789307340158,0.9906679724501078,29
all_genes_ridge,ENSG00000151465,CDC123,-0.0012564989691198102,-0.003114701762523009,3.7656,3.7419191489361703,0.40340907891675815,-0.18697106531922705,0.3225026677961051,0.6583673224963261,30
all_genes_ridge,ENSG00000151474,FRMD4A,-0.00035787957840606715,-0.0007076149024809996,0.6761,0.7298808510638296,0.5057547221677919,0.07737802107787324,0.6899202657318069,0.8797621381486848,29
all_genes_ridge,ENSG00000151475,SLC25A31,0.0011913082540937025,0.0038982547787307325,0.08854999999999999,0.1956542553191489,0.3056004088274577,-0.06954489861680142,0.7149844059611912,0.8925545462574739,30
all_genes_ridge,ENSG00000151490,PTPRO,0.0006419600274266931,0.0032464578278634344,0.2101,0.26282127659574467,0.1977416807687846,-0.08292234650104957,0.6463944777114139,0.86535437724312,33
all_genes_ridge,ENSG00000151491,EPS8,0.0012349257444916372,0.0015283739994823458,1.55785,1.6031031914893619,0.8079997074733681,0.004672897311950161,0.9804481698600528,0.9936209174059956,30
all_genes_ridge,ENSG00000151498,ACAD8,0.0004230102777339304,0.0008378219238119987,3.30305,3.329352127659576,0.5048928247297225,-0.32318417434999896,0.07119436934106398,0.3403875674322366,32
all_genes_ridge,ENSG00000151500,THYN1,0.0012401102612270094,0.0024536579169327642,3.1381,3.1268510638297875,0.5054128583568934,0.1423290214133706,0.4614187532519064,0.7655012758867693,29
all_genes_ridge,ENSG00000151532,VTI1A,-0.0007457867440018831,-0.0034403966663862345,1.8178,1.8150276595744685,0.2167734759449269,-0.10318261419669877,0.574136496165964,0.8296422667110265,32
all_genes_ridge,ENSG00000151552,QDPR,-0.003013059641661214,-0.005696775431812888,3.5449,3.472212765957447,0.5289061641494909,-0.2360768923331292,0.21760968068667177,0.562854959362794,29
all_genes_ridge,ENSG00000151576,QTRT2,-0.00047087276819216364,-0.0019614469554060598,1.7528,1.786789361702127,0.24006398281348543,-0.008974488298122417,0.9617837390405868,0.9831567110192665,31
all_genes_ridge,ENSG00000151577,DRD3,0.003261945593882802,0.25230156995595876,0.0215,0.025295744680851055,0.01292875662427388,0.1350533893348231,0.4254724877553361,0.7389785313645311,37
all_genes_ridge,ENSG00000151611,MMAA,-0.00016068583794506637,-0.0003098679745902416,2.0858,2.067521276595745,0.5185622623878818,0.08547008547008547,0.6254230435874686,0.8557756395543702,35
all_genes_ridge,ENSG00000151617,EDNRA,-0.00878864773600871,-0.012957921340096337,0.7930999999999999,0.9401574468085105,0.6782451834163835,-0.2545616440414754,0.17461166022775362,0.5068078398197514,30
all_genes_ridge,ENSG00000151665,PIGF,0.001767876805923309,0.0043159176551927775,2.2239,2.264493617021276,0.4096178257238654,0.16338880567216096,0.37980830170467955,0.7092656377576894,31
all_genes_ridge,ENSG00000151687,ANKAR,0.0018804810732085788,0.005172096703881338,0.4411,0.5493106382978723,0.3635819631518866,0.28180810658392086,0.13859714678089857,0.4567742424495284,29
all_genes_ridge,ENSG00000151689,INPP1,0.00384793649331198,0.005653313157827604,2.55725,2.447762765957447,0.6806515729602045,0.36252366546389664,0.0489752059525038,0.2874186707620262,30
all_genes_ridge,ENSG00000151690,MFSD6,-0.0003161281073113293,-0.0007118105948947868,1.3237999999999999,1.3075617021276595,0.44411829435898803,-0.10294936068213213,0.5882602947153369,0.8344737124501076,30
all_genes_ridge,ENSG00000151692,RNF144A,0.0003880064905483295,0.0007563510139339545,0.6996,0.7802617021276594,0.5129979115519645,-0.11446147872995364,0.5397931032880918,0.8120970572758408,31
all_genes_ridge,ENSG00000151694,ADAM17,0.0010742878269178096,0.0022966620887376822,2.6658,2.629172340425532,0.4677605086903629,-0.2200591424346969,0.25135809531294867,0.6023071644594413,29
all_genes_ridge,ENSG00000151702,FLI1,-0.000530717068753719,-0.0016955037123623188,0.504,0.5321851063829788,0.3130143950049388,-0.275731627691693,0.14025684711466546,0.4603457165839182,30
all_genes_ridge,ENSG00000151704,KCNJ1,-0.006835939376707471,-0.026476418963408164,0.1356,0.19587659574468086,0.25818972672078905,0.038930912956453165,0.8352842234224336,0.9378413100260756,31
all_genes_ridge,ENSG00000151779,NBAS,0.0013732462763197694,0.005034287639127201,2.0721,2.103585106382979,0.27277866795824374,-0.08455565720449833,0.6627647802654842,0.8710427238303289,29
all_genes_ridge,ENSG00000151790,TDO2,0.011492853442033496,0.01326793546342984,4.712149999999999,4.682409574468085,0.8662126427816167,0.7054642741273965,3.1702196945201293e-06,0.003208262330854371,34
all_genes_ridge,ENSG00000151806,GUF1,0.0007096236825327901,0.0018088707201437645,2.1269,2.165514893617021,0.3923020449335323,-0.08517930314804938,0.637420293624876,0.861632063349693,33
all_genes_ridge,ENSG00000151812,SLC35F4,0.0006153287848613778,0.005550783774171489,0.0679,0.09533617021276594,0.11085439640516746,0.03711753887309814,0.8375151486030921,0.9382642033797002,33
all_genes_ridge,ENSG00000151834,GABRA2,0.00043468163717270015,0.0068266072001084855,0.0215,0.031934042553191495,0.06367462260986576,-0.12782542900689473,0.5008526035973039,0.788865450881409,30
all_genes_ridge,ENSG00000151876,FBXO4,-0.002021576057617879,-0.004072911603895521,1.72705,1.7176925531914902,0.49634665669747174,-0.31307735307982454,0.09206940016626167,0.3827964839240717,30
all_genes_ridge,ENSG00000151892,GFRA1,-0.0037754894219444997,-0.004211154782557974,1.695,1.6528234042553187,0.8965449186484571,-0.29333467931728213,0.10925282947063955,0.4140968667576301,31
all_genes_ridge,ENSG00000151893,CACUL1,-0.002609391238544302,-0.018086592451564295,2.5069,2.517606382978723,0.14427213116745038,-0.28652674580067916,0.10596341354031179,0.4088927007966101,33
all_genes_ridge,ENSG00000151962,RBM46,-0.0004410839030034081,-0.0018313274647143028,0.0423,0.11547659574468085,0.24085474143872987,-0.6371027539985863,0.00020199276520474103,0.019782259198761087,29
all_genes_ridge,ENSG00000152092,ASTN1,-4.7655767446741665e-05,-0.0005128381149485686,0.0592,0.07849574468085106,0.0929255569304184,-0.2044690389464836,0.23870812577263256,0.589235504315093,35
all_genes_ridge,ENSG00000152104,PTPN14,0.003231086297186157,0.007305552674624458,1.0819,1.1328404255319147,0.44227814664990434,0.12265102672967008,0.5036570803017262,0.7898258759277069,32
all_genes_ridge,ENSG00000152127,MGAT5,0.0020620933131577208,0.004312813137166612,1.4778,1.426463829787234,0.4781318474911839,0.2225889293007015,0.2207675332946643,0.5665266184629141,32
all_genes_ridge,ENSG00000152133,GPATCH11,-0.0024507810119541143,-0.0051794720713107395,2.1407,2.125512765957447,0.4731719716241098,-0.2647451656937368,0.15741284075279158,0.48175946020713234,30
all_genes_ridge,ENSG00000152137,HSPB8,-0.0029575780442479124,-0.003262661278057029,2.5431,2.702510638297872,0.9064925201212433,-0.5927556191818577,0.000350444875408646,0.025332158136682124,32
all_genes_ridge,ENSG00000152193,OBI1,0.0008491984657076083,0.0027796589775913615,1.5755,1.5253148936170213,0.30550455021768835,0.06812861946490853,0.7254727977368177,0.8979348424989262,29
all_genes_ridge,ENSG00000152208,GRID2,0.0005252979328163128,0.004817214960847787,0.02775,0.050375531914893634,0.1090459813576318,-0.20997551177407425,0.26541365264129546,0.620231093604285,30
all_genes_ridge,ENSG00000152242,ARK2N,0.002507646551156038,0.007131558848858765,1.8837,1.9144702127659579,0.35162670662913015,0.2673072266390047,0.16096456102907788,0.48820020707720324,29
all_genes_ridge,ENSG00000152253,SPC25,-0.004246842645193939,-0.01195948962549872,0.2502,0.374531914893617,0.3551023311345397,-0.6318443366652866,0.00013758986533096514,0.016650139510699716,31
all_genes_ridge,ENSG00000152254,G6PC2,0.001061113483237861,0.006425324677129379,0.0447,0.10441063829787232,0.1651455041664807,-0.27065187608024716,0.13406873916545473,0.44853442293624246,32
all_genes_ridge,ENSG00000152377,SPOCK1,0.002914512110979864,0.008020159794518237,0.377,0.46606382978723393,0.36339825959227484,0.16607121991728,0.38924706987049945,0.7127270704897838,29
all_genes_ridge,ENSG00000152380,FAM151B,0.0021830794339333433,0.004133812074711893,1.557,1.526912765957447,0.5281032118726621,0.3030676381259945,0.11001528102332664,0.414510407337179,29
all_genes_ridge,ENSG00000152413,HOMER1,-0.0005884013739821808,-0.0013673637789994935,1.17065,1.1283648936170212,0.4303180931212884,-0.017598533751249222,0.9238392277380952,0.9708120479029481,32
all_genes_ridge,ENSG00000152422,XRCC4,-9.902896805982e-05,-0.00015673078171744707,1.4247999999999998,1.4227148936170209,0.6318412182639948,-0.06809836809819053,0.7206750899370034,0.8956076844243727,30
all_genes_ridge,ENSG00000152495,CAMK4,0.0006010605227043182,0.008235975387157047,0.0973,0.11712978723404252,0.07297988331067568,0.18678769636101364,0.3143467995389358,0.6505500227676954,31
all_genes_ridge,ENSG00000152527,PLEKHH2,0.0006469495192373782,0.0017694513801991881,0.5889,0.6655297872340425,0.3656215290665691,-0.2941700117332435,0.11458532787864374,0.42174600098691983,30
all_genes_ridge,ENSG00000152601,MBNL1,0.0006351650649666936,0.0011967373468284674,2.75335,2.74801170212766,0.5307472576584794,0.29281261951665594,0.1038710799888323,0.407702743674865,32
all_genes_ridge,ENSG00000152611,CAPSL,0.0018239903295322324,0.00980764923573158,0.13740000000000002,0.20392127659574463,0.1859763013227477,-0.27704437576059304,0.12476603181636896,0.4379071359473944,32
all_genes_ridge,ENSG00000152620,NADK2,-0.00027030977947806254,-0.0004880438048807715,2.5933,2.6458680851063834,0.5538637654546171,-0.24362207427119895,0.18660445780753565,0.522463635391466,31
all_genes_ridge,ENSG00000152661,GJA1,-0.000764970925859417,-0.0014938580699128358,0.36235,0.5557755319148936,0.5120773795492177,-0.2341159467036003,0.2130538950256482,0.5561750862406432,30
all_genes_ridge,ENSG00000152689,RASGRP3,0.004754663600667838,0.010093778471371974,0.27854999999999996,0.44366914893617015,0.47104893515872565,0.2328065937920544,0.21569797373474084,0.5616286863281931,30
all_genes_ridge,ENSG00000152760,DYNLT5,-0.00043336697473828913,-0.001767936146717077,0.1326,0.19281702127659575,0.24512592015442336,0.04356595401371521,0.8159887497131517,0.931578182510582,31
all_genes_ridge,ENSG00000152763,DNAI4,0.0012302315456717468,0.0051685866313211405,0.35309999999999997,0.43621489361702126,0.2380208814178834,-0.40211465791797324,0.02760768853442015,0.22240009146249543,30
all_genes_ridge,ENSG00000152766,ANKRD22,-0.0005070312756859202,-0.001070152071312073,0.1805,0.3391404255319149,0.47379366846832177,-0.21672167216721672,0.23349240694378537,0.5853698988285156,32
all_genes_ridge,ENSG00000152779,SLC16A12,-0.0004991777421556132,-0.0005390907728842216,2.1063,2.200419148936171,0.9259623188965611,-0.08490471297034334,0.6497391974430432,0.8670661246730623,31
all_genes_ridge,ENSG00000152785,BMP3,0.0014856043286565746,0.0055904766511704115,0.1973,0.28218297872340425,0.26573840145554517,-0.3098842386464826,0.0956149129655321,0.3896468131051751,30
all_genes_ridge,ENSG00000152818,UTRN,-0.0009098979466295458,-0.001928480680199103,1.371,1.3416085106382978,0.47182113669689696,-0.11603843663315318,0.5488863810509947,0.8187973152485528,29
all_genes_ridge,ENSG00000152910,CNTNAP4,-0.002552053675099142,-0.0750750661287937,0.0358,0.043048936170212763,0.03399335900312111,-0.46124347723264747,0.009010542084723547,0.13149958207546675,31
all_genes_ridge,ENSG00000152932,RAB3C,0.00043336181956770846,0.002344178214626114,0.0876,0.12812127659574468,0.1848672668587306,-0.08883906698746845,0.6118062941114643,0.8486574871996969,35
all_genes_ridge,ENSG00000152952,PLOD2,0.0007653603610104978,0.0010140184150520357,3.153,3.107893617021277,0.7547795480333781,0.2676195251292049,0.160457300513921,0.4871483643602641,29
all_genes_ridge,ENSG00000153002,CPB1,0.0002286887997416815,0.0006938297396426913,0.126,0.2179,0.3296036284916985,-0.313164655062272,0.08094167646472167,0.36351916585557964,32
all_genes_ridge,ENSG00000153006,SREK1IP1,-0.0018458339366941745,-0.00402051201268448,2.2239,2.1438063829787235,0.4591041963985375,-0.19618721000605205,0.29016557457551573,0.6324401265848717,31
all_genes_ridge,ENSG00000153015,CWC27,0.0015403713404985085,0.004309532696119752,2.6078,2.5560191489361705,0.3574334966492862,-0.029276458385425842,0.8715183682082976,0.9517732970792776,33
all_genes_ridge,ENSG00000153060,TEKT5,-0.0019346212709466328,-0.00658943427864535,0.1197,0.21183829787234043,0.2935944406056586,0.004095620251141538,0.9819530584166702,0.9940678510680262,33
all_genes_ridge,ENSG00000153071,DAB2,0.002011291589194313,0.003437345479362338,1.4959,1.41028085106383,0.5851293101813634,-0.08993470562275448,0.6426823378293686,0.8629443085929409,29
all_genes_ridge,ENSG00000153140,CETN3,-0.0023061085219039192,-0.005737248493680193,2.9669,3.001668085106383,0.4019537456751593,-0.3724682839973292,0.042662148982006744,0.27153518723138886,30
all_genes_ridge,ENSG00000153147,SMARCA5,0.0005773952737653015,0.002386404557423781,3.2504999999999997,3.2654340425531903,0.24195196575915978,-0.08575566537294375,0.6522949330010083,0.8673683242927577,30
all_genes_ridge,ENSG00000153162,BMP6,-0.003170386319035578,-0.00488725879594015,1.5324,1.5757851063829786,0.6487044069917519,-0.6605888925331637,9.615873323008679e-05,0.013269905185751978,29
all_genes_ridge,ENSG00000153233,PTPRR,0.0011318748495383743,0.007233422807141398,0.1805,0.2121191489361702,0.1564784583614965,0.2409035288086001,0.19970192339857254,0.5408519531115668,30
all_genes_ridge,ENSG00000153234,NR4A2,0.0007366496882791052,0.0043218211543082224,0.48375,0.5082670212765958,0.17044890613874047,0.32799288751497796,0.07681463488771713,0.3565890390200447,30
all_genes_ridge,ENSG00000153246,PLA2R1,0.0015459761522112858,0.0023343221529425824,1.2624,1.2781425531914894,0.6622805469512727,0.25271416121408913,0.14300966136965407,0.46194966938393384,35
all_genes_ridge,ENSG00000153253,SCN3A,0.0011314579325490612,0.0056129743969683815,0.071,0.12621063829787232,0.20157902967812785,-0.03391840631063694,0.8420331937903597,0.940166011634959,37
all_genes_ridge,ENSG00000153266,FEZF2,-0.00020574921543314715,-0.0020780800757748065,0.0592,0.08912127659574468,0.0990092816112652,-0.4348861742271079,0.009034374095214747,0.13149958207546675,35
all_genes_ridge,ENSG00000153292,ADGRF1,0.00046066222811220916,0.0024403436055997316,0.1772,0.23055319148936168,0.1887694122479929,-0.08352839782496922,0.666626690418634,0.8734909935740064,29
all_genes_ridge,ENSG00000153317,ASAP1,0.0008151647931795732,0.0011007986969469841,1.2368000000000001,1.3202510638297875,0.7405212192205498,-0.04917668123528503,0.7963586010677127,0.9240182501553971,30
all_genes_ridge,ENSG00000153391,INO80C,-0.002003457748797397,-0.0025493640384883273,2.3785,2.199191489361702,0.7858656976997953,-0.3313624145893653,0.07909821546159046,0.3614700940097318,29
all_genes_ridge,ENSG00000153707,PTPRD,-0.002429237927848468,-0.004323485644216043,0.5791,0.6990936170212766,0.5618702426127635,-0.3787976344466952,0.022713616024249247,0.19999394700393577,36
all_genes_ridge,ENSG00000153714,LURAP1L,-0.0002631481288697966,-0.0004518932826775837,3.4691,3.3920957446808506,0.5823236125807766,-0.02359438279543552,0.8963044137921722,0.9635907224762871,33
all_genes_ridge,ENSG00000153767,GTF2E1,-0.0027289474584021325,-0.006308026980693766,2.1235,2.093853191489362,0.4326150580449798,-0.28463336105884485,0.12738666014146954,0.4403654759265783,30
all_genes_ridge,ENSG00000153814,JAZF1,-0.00059429440985731,-0.0017258286325390864,0.5708,0.6069680851063829,0.34435308271770165,-0.07522436564830895,0.687543705169931,0.8797621381486848,31
all_genes_ridge,ENSG00000153820,SPHKAP,-0.0012484165677809648,-0.013441287385177253,0.0634,0.08436382978723404,0.09287924080528852,-0.4419717396894964,0.01447192475159099,0.16058990750202842,30
all_genes_ridge,ENSG00000153822,KCNJ16,0.0022078301515546617,0.002891957121255079,0.30274999999999996,0.6197308510638297,0.7634380659822807,0.03285954493520492,0.8536327620541923,0.9430964576406579,34
all_genes_ridge,ENSG00000153823,PID1,0.0004144968734916128,0.0006630251823716653,0.30584999999999996,0.5179372340425531,0.6251600761360863,-0.22028049866429208,0.24212364888705257,0.5918495788569219,30
all_genes_ridge,ENSG00000153898,MCOLN2,0.0020705977440036135,0.004699241495088241,0.673,0.7558127659574468,0.44062382113535803,0.03483362493069853,0.8498841970876627,0.9416965045102715,32
all_genes_ridge,ENSG00000153930,ANKFN1,0.0022492605039085077,0.01919435679223965,0.04205,0.07554574468085108,0.11718342678812202,0.26304208417148683,0.1457947267522721,0.4644727176822267,32
all_genes_ridge,ENSG00000153936,HS2ST1,0.0015598908270738495,0.0045782463484195955,2.6151,2.5639765957446805,0.3407179754781701,0.06482685283598608,0.7156736590626543,0.8929210410329476,34
all_genes_ridge,ENSG00000153956,CACNA2D1,0.0025757407660263656,0.007394177093340092,0.5919,0.6669510638297872,0.3483471836705569,0.20948058603770264,0.25804944447883543,0.6126214023607625,31
all_genes_ridge,ENSG00000153993,SEMA3D,-0.00010791024651887214,-0.00037907462073571074,0.2177,0.29376382978723403,0.2846675578265809,-0.06715740681516325,0.719627659518397,0.8954055632368252,31
all_genes_ridge,ENSG00000154001,PPP2R5E,3.6890521535052904e-05,0.00011300526985265837,2.16835,2.157828723404256,0.3264495680878645,0.05219229913198308,0.7841548812022675,0.9191869572703028,30
all_genes_ridge,ENSG00000154007,ASB17,-3.094264387967431e-05,-0.00023467943115220753,0.0267,0.05662765957446808,0.13185068554050502,-0.0543371118777723,0.7795160617394485,0.9191869572703028,29
all_genes_ridge,ENSG00000154080,CHST9,0.005358668930815439,0.008808582690626558,0.2207,0.4297978723404255,0.6083463275559345,0.35508270185741564,0.04997457132818775,0.2908974277728246,31
all_genes_ridge,ENSG00000154133,ROBO4,-0.0007527657287847772,-0.007078955447216414,0.2806,0.2866468085106383,0.10633853177883464,-0.21450178841611642,0.23843297386329423,0.589235504315093,32
all_genes_ridge,ENSG00000154143,PANX3,1.3524685513602726e-05,3.513637253489707e-05,1.2736,1.3217978723404256,0.38491980070424603,-0.13106676521310667,0.4979607566107927,0.7885208244217192,29
all_genes_ridge,ENSG00000154153,RETREG1,-0.0009309612334394863,-0.0018509376471870652,1.299,1.2649148936170214,0.5029673662180358,-0.3579790538578715,0.05655781754179676,0.30636122434135343,29
all_genes_ridge,ENSG00000154165,GPR15,-0.002133846338913604,-0.028568214794397244,0.035500000000000004,0.050910638297872346,0.07469302349729219,-0.22391344214194023,0.2179615429505023,0.5631074808681649,32
all_genes_ridge,ENSG00000154174,TOMM70,-0.00015015147911698486,-0.0006360000596779162,3.7122,3.7132340425531907,0.23608720916319523,-0.255980341324768,0.18014191611274658,0.516440847326061,29
all_genes_ridge,ENSG00000154188,ANGPT1,0.0010134712274485495,0.0018559031509598957,0.8993,0.933595744680851,0.5460798032076026,0.17991792308085555,0.27974611402226385,0.6286522591943694,38
all_genes_ridge,ENSG00000154227,CERS3,-0.0020169323712335404,-0.006469457635853987,0.3964,0.44420851063829786,0.31176220399923826,-0.13819962253130777,0.46643463010670105,0.7686252114724466,30
all_genes_ridge,ENSG00000154240,CEP112,-0.0023675349352558096,-0.004911342291915645,1.1158,1.1282617021276595,0.4820545574990588,-0.07269590931493347,0.707842077083687,0.8865546807038257,29
all_genes_ridge,ENSG00000154265,ABCA5,0.0016831312053537768,0.0040020752742527315,1.0537,1.11581914893617,0.4205646046145525,0.3518176243594572,0.0612623281394848,0.31470800039166813,29
all_genes_ridge,ENSG00000154310,TNIK,0.0002478581356893719,0.0007593201134392751,1.1105,1.1699425531914895,0.326421138203122,0.0495256872059552,0.7986236218059034,0.9247220884068355,29
all_genes_ridge,ENSG00000154319,FAM167A,0.0007505775230516532,0.00198389768954711,0.2302,0.36745319148936173,0.3783347936772875,0.38701220323813296,0.03148780051990065,0.24201762627447687,31
all_genes_ridge,ENSG00000154415,PPP1R3A,-0.00087010008451829,-0.06734129584255029,0.019450000000000002,0.02233723404255319,0.012920750538460953,-0.2444287509441921,0.15079977650049162,0.4758584866827145,36
all_genes_ridge,ENSG00000154479,CFAP210,0.0013341323584374477,0.006931912950264767,0.24595,0.2919053191489362,0.19246236471946607,-0.0727839401719643,0.6921987694444633,0.8797621381486848,32
all_genes_ridge,ENSG00000154553,PDLIM3,0.001202479919843341,0.0023498238858159714,0.43985,0.6462499999999999,0.5117319332320015,0.21651847917449982,0.23394174665102674,0.5855293840334025,32
all_genes_ridge,ENSG00000154556,SORBS2,-0.000958684012495004,-0.0007928948068287935,0.41,0.9858255319148935,1.2090935698384624,-0.04790251429913694,0.7846535424504985,0.9192672573949752,35
all_genes_ridge,ENSG00000154611,PSMA8,1.056845538135167e-05,1.6361369092204125e-05,0.0271,0.15142978723404255,0.6459395495446243,-0.3984721658691753,0.032272442992045375,0.2453906654407144,29
all_genes_ridge,ENSG00000154646,TMPRSS15,0.0003626349885100597,0.000585995868465745,0.0592,0.18763191489361697,0.6188354014500324,-0.02685390571765116,0.8900220982149983,0.9598959467782362,29
all_genes_ridge,ENSG00000154654,NCAM2,0.00023781078639812305,0.0004687038048378118,0.05795,0.1419563829787234,0.50737967975407,-0.035400202352621445,0.8526690975821314,0.9427057410518024,30
all_genes_ridge,ENSG00000154678,PDE1C,-0.0006230770242778594,-0.0022930389866254778,0.2968,0.35265531914893616,0.27172543856081705,-0.07094469816098706,0.7145852523879609,0.8924232111270461,29
all_genes_ridge,ENSG00000154734,ADAMTS1,0.0007222258405580313,0.0008096312576899956,2.4354,2.438463829787234,0.8920429315175582,-0.02137527770824772,0.9091310886392518,0.9671065119512153,31
all_genes_ridge,ENSG00000154736,ADAMTS5,-0.0017280448974204585,-0.005335447817291375,0.3531,0.4181978723404257,0.3238800109374376,-0.47987087255383304,0.006297605167923012,0.11243589673512276,31
all_genes_ridge,ENSG00000154767,XPC,0.0008917873866548015,0.002272936541320512,2.7095,2.6451702127659575,0.3923503232240255,0.05446341712300595,0.759663980753484,0.9090815315599438,34
all_genes_ridge,ENSG00000154928,EPHB1,0.0019360311532604557,0.005093292037056589,0.5136,0.5465617021276596,0.3801139104482387,0.57730692621096,0.0010419062726166664,0.05272045739440332,29
all_genes_ridge,ENSG00000154930,ACSS1,0.0024250304418365473,0.0032435929730474542,2.1822,2.2323957446808507,0.7476370993485528,0.7297364104191078,7.056711307588309e-06,0.003570695921639684,29
all_genes_ridge,ENSG00000155011,DKK2,0.0005221567739640444,0.00908416324096829,0.1591,0.1646446808510638,0.05747989772015449,-0.06476020959196548,0.733862976123033,0.8988253373110847,30
all_genes_ridge,ENSG00000155016,CYP2U1,-0.0014258593601815174,-0.001945410619895569,2.55,2.6455957446808513,0.7329349113237896,-0.14622832084443416,0.4324884685942534,0.7427474283933794,31
all_genes_ridge,ENSG00000155066,PROM2,0.00016984082604727836,0.0006314529330734402,0.2238,0.3002659574468085,0.26896830650642534,-0.030299298172921558,0.8760133268077119,0.9542793183308982,29
all_genes_ridge,ENSG00000155087,ODF1,0.00040615936797658704,0.005487596249084425,0.0541,0.07861063829787235,0.0740140763898861,-0.3610326744655103,0.045997568286642636,0.2791000805716083,31
all_genes_ridge,ENSG00000155097,ATP6V1C1,-0.0012013158115930585,-0.0017776609140767701,3.168,3.064489361702128,0.6757845672817546,-0.2056685166570697,0.28446847795605607,0.630228948897893,29
all_genes_ridge,ENSG00000155099,PIP4P2,-0.005071629282470209,-0.0065369753314543115,0.9694,1.2424085106382978,0.7758372986458708,-0.35491767678859554,0.0542862991699347,0.3007540224086164,30
all_genes_ridge,ENSG00000155229,MMS19,0.002276764684326141,0.009025703213538993,3.0188,2.981017021276595,0.25225344003233824,0.42145510917536466,0.022785272230524314,0.19999394700393577,29
all_genes_ridge,ENSG00000155252,PI4K2A,1.2922452559942737e-05,3.959767344223602e-05,2.8708,2.9290000000000003,0.32634373276484663,-0.17521580429584155,0.3632857144281987,0.6961224763224735,29
all_genes_ridge,ENSG00000155287,SLC25A28,1.9626242852430482e-05,5.045593499623318e-05,3.198,3.1791659574468087,0.38897788444304304,0.011582060128141941,0.9524506336243458,0.9829430237610502,29
all_genes_ridge,ENSG00000155304,HSPA13,-0.0005692576189424506,-0.0018213839183875724,2.746,2.6803936170212768,0.3125412567858844,0.04612563063868725,0.8020630139633792,0.9257677313789362,32
all_genes_ridge,ENSG00000155511,GRIA1,2.6565492097079367e-05,0.0004550926910491744,0.04095,0.05607978723404257,0.05837380520402353,-0.3562691298089919,0.038631072344770326,0.2598396485597838,34
all_genes_ridge,ENSG00000155561,NUP205,-0.0004355168242815783,-0.001284414541584279,1.5755,1.595187234042553,0.3390780859148356,-0.3442582657509201,0.06744542211214302,0.33056924035009755,29
all_genes_ridge,ENSG00000155666,KDM8,0.0023671684804524537,0.00498278074632378,1.371,1.3800446808510638,0.4750697654515332,0.20356149263526452,0.2806221006653976,0.6293800079374976,30
all_genes_ridge,ENSG00000155755,TMEM237,0.002751993352730716,0.005911462869959151,1.7528000000000001,1.7283531914893615,0.4655350821394456,0.29890942204849813,0.10859139186899201,0.4129153699464898,30
all_genes_ridge,ENSG00000155827,RNF20,-0.0024393447198355995,-0.005369315682204548,2.4211,2.3933063829787233,0.4543120323359432,-0.07957870349697499,0.659779651294955,0.8709091397093406,33
all_genes_ridge,ENSG00000155886,SLC24A2,-0.0005676063282661125,-0.008196836551302347,0.043,0.06131489361702128,0.0692469984869869,-0.5323315719649064,0.0029532553735720636,0.08158811563014691,29
all_genes_ridge,ENSG00000155890,TRIM42,7.99520866188929e-05,0.0013689441190911562,0.0176,0.030195744680851063,0.05840420036427286,-0.3206012911538633,0.08995435729495789,0.3785444753162772,29
all_genes_ridge,ENSG00000155897,ADCY8,-0.0006818689315062274,-0.0037799613576322785,0.13369999999999999,0.1827893617021276,0.18039045032284184,-0.09930973303418571,0.6015849587368672,0.8424080984067248,30
all_genes_ridge,ENSG00000155926,SLA,0.00020939350857046107,0.0018646925111504451,0.09945,0.12929042553191486,0.11229385398307475,0.08393949303602359,0.6264544803711809,0.8561165736614558,36
all_genes_ridge,ENSG00000155957,TMBIM4,-0.0005294725562036948,-0.0008002429651859381,3.77325,3.708490425531914,0.6616397509732195,-0.10630102209242122,0.5625556868752025,0.8260643894593872,32
all_genes_ridge,ENSG00000155974,GRIP1,-0.0042967791510445845,-0.017498015753437127,0.1508,0.21170425531914897,0.24555807993261006,-0.2854600084412389,0.12623713459601998,0.4390102412755059,30
all_genes_ridge,ENSG00000155975,VPS37A,0.004598749048622437,0.015909466422628686,2.8634500000000003,2.8576819148936177,0.2890574030868469,0.4850879265485493,0.006587789532151869,0.11396850713089614,30
all_genes_ridge,ENSG00000156011,PSD3,-0.0016562773431140602,-0.002717156915362707,1.0159,1.1237702127659577,0.6095626401808184,-0.03923348481880902,0.834021633505747,0.9378413100260756,31
all_genes_ridge,ENSG00000156017,CARNMT1,-0.0006812563083619601,-0.0025284316953398437,2.21,2.183374468085106,0.26943828841316325,-0.11738811642802666,0.5222728126316556,0.7978689436438281,32
all_genes_ridge,ENSG00000156030,MIDEAS,-0.0016630543691531835,-0.004981769810717977,1.8309,1.8402723404255317,0.33382802344163365,0.05173978846285097,0.782224111192292,0.9191869572703028,31
all_genes_ridge,ENSG00000156049,GNA14,-0.0010354459367359929,-0.0019445728638843476,0.86495,0.988122340425532,0.532479885926031,-0.07564801470773283,0.6911422821314619,0.8797621381486848,30
all_genes_ridge,ENSG00000156097,GPR61,-0.0010616403819239501,-0.0024416151239746013,1.9704,1.8284148936170215,0.4348107003022454,0.053221634012369776,0.7839352077601341,0.9191869572703028,29
all_genes_ridge,ENSG00000156103,MMP16,0.0019780786517310483,0.027157354090663815,0.09584999999999999,0.11163936170212765,0.07283767944135155,0.4145044484277769,0.018338278152733905,0.17914113804179396,32
all_genes_ridge,ENSG00000156110,ADK,-0.0005367315536551234,-0.0009749346144294818,2.8267,2.7788829787234044,0.5505308209507068,0.04962679039741779,0.7909179737955007,0.9224844289063158,31
all_genes_ridge,ENSG00000156127,BATF,-0.0008541380505455273,-0.004205656524787483,0.3473,0.37857659574468083,0.20309267899348676,0.2330623376963119,0.22371336803486297,0.5707510801292807,29
all_genes_ridge,ENSG00000156150,ALX3,-0.0012904913679639592,-0.0074590490025756954,0.1674,0.20120425531914898,0.1730101742887515,0.17578994649717272,0.35278929010289983,0.6889008183898336,30
all_genes_ridge,ENSG00000156463,SH3RF2,0.0003087325326834763,0.00038633793132935256,1.196,1.2211063829787232,0.7991256039011149,0.31138449286069686,0.08816517724560795,0.37499421318934817,31
all_genes_ridge,ENSG00000156469,MTERF3,-0.004805451649676121,-0.005544027865193902,1.7819500000000001,1.7929499999999998,0.8667798514948573,-0.6381747396230764,0.00014807436323744806,0.016650139510699716,30
all_genes_ridge,ENSG00000156471,PTDSS1,-0.0035996174537529114,-0.005056202716048212,1.8672,1.9157872340425532,0.7119211107434142,-0.6527917878358265,5.1328235714968005e-05,0.010557883248600543,32
all_genes_ridge,ENSG00000156475,PPP2R2B,-0.001384479544490019,-0.0070291127248396455,0.17675000000000002,0.2538968085106383,0.1969636280831736,-0.28461397395928845,0.11437832904597169,0.42174600098691983,32
all_genes_ridge,ENSG00000156510,HKDC1,-0.004350530441228364,-0.0056557742850136565,0.7701,0.9513659574468086,0.769219247797096,-0.4289233931599144,0.020247715916879273,0.18684518396244826,29
all_genes_ridge,ENSG00000156642,NPTN,-0.0005610748497561688,-0.0009173613358044334,4.3258,4.14027659574468,0.6116181572707801,-0.07973872561678624,0.6809452625731073,0.8767386841272069,29
all_genes_ridge,ENSG00000156671,SAMD8,-0.0011266530311512583,-0.0022027735759548566,1.9036,1.840859574468085,0.5114701953253991,-0.43784652491544,0.01752534565552855,0.1750228599019233,29
all_genes_ridge,ENSG00000156687,UNC5D,0.0020214475850416557,0.003768487302049388,0.406,0.5520170212765958,0.5364082251099392,0.25698436842757166,0.1628359037957795,0.490347878343013,31
all_genes_ridge,ENSG00000156711,MAPK13,0.000491618970190623,0.0005735784180688016,1.0335,1.2826680851063832,0.8571085569186332,-0.08328200137120825,0.6675542458154127,0.8735890413901635,29
all_genes_ridge,ENSG00000156787,TBC1D31,0.0005088749780611686,0.0010966012529187955,2.3927,2.2786872340425535,0.4640474162387733,0.04892778509247756,0.8010062727228549,0.9257677313789362,29
all_genes_ridge,ENSG00000156804,FBXO32,-0.001988468667343574,-0.0037186891078906026,1.05815,1.1777308510638296,0.5347230192285467,-0.25742574257425743,0.15491460647816824,0.4783270738288972,32
all_genes_ridge,ENSG00000156831,NSMCE2,0.002067676369856829,0.005780282894787669,1.9137499999999998,1.9422946808510633,0.35771196799404786,0.14090762822884884,0.41238140901887826,0.7291490533360665,36
all_genes_ridge,ENSG00000156869,FRRS1,-0.000263867746900454,-0.0003655710354155269,1.2792,1.392812765957447,0.7217960979882565,-0.009608277900960829,0.960546990579656,0.9829430237610502,29
all_genes_ridge,ENSG00000156876,SASS6,-0.0012530161521881924,-0.0037369612351307382,0.6787000000000001,0.7560468085106384,0.33530349215526595,-0.5177851466581496,0.002403396736087033,0.07329162012141763,32
all_genes_ridge,ENSG00000156931,VPS8,-0.001016292177058097,-0.0021481873120322917,2.0721,1.932938297872341,0.47309290552351047,-0.14664649595513704,0.43115905145868205,0.7423545437668178,31
all_genes_ridge,ENSG00000156958,GALK2,0.0016255280319747263,0.0036351995207341546,2.2869,2.274157446808511,0.44716336000353546,0.2246469833119384,0.21641804293030845,0.5619759328569122,32
all_genes_ridge,ENSG00000157005,SST,0.0017567933549866356,0.06782169441634055,0.05655,0.06365851063829787,0.02590311802300481,0.2557880676758682,0.17247298631975733,0.5032672209453442,30
all_genes_ridge,ENSG00000157077,ZFYVE9,0.0015761302155856177,0.003318646633285442,1.7917,1.7744021276595745,0.47493161814135587,0.020450905662160606,0.9161394387849581,0.9694664817536188,29
all_genes_ridge,ENSG00000157087,ATP2B2,-0.00044458767967286636,-0.001227767448300506,0.13225,0.2573670212765957,0.36211065889413446,-0.3245324587003638,0.06995564435504639,0.33711872014634753,32
all_genes_ridge,ENSG00000157103,SLC6A1,0.0008975342588960913,0.0013105031923482998,0.10095,0.3934776595744681,0.6848775830051916,0.20566400966223242,0.25879338828252724,0.6126214023607625,32
all_genes_ridge,ENSG00000157119,KLHL40,0.0020660077412042476,0.06273188272210832,0.05615,0.06480531914893617,0.03293393489170912,-0.05075690241533833,0.7899576340638116,0.9224844289063158,30
all_genes_ridge,ENSG00000157150,TIMP4,0.0019896694861732712,0.004139264350188223,0.38125,0.5050840425531915,0.4806819081469865,0.0456907095799264,0.7974960931733095,0.9241214270512091,34
all_genes_ridge,ENSG00000157152,SYN2,-0.004700670151412557,-0.017123845241795815,0.15455000000000002,0.2584734042553191,0.2745101982082377,-0.33607834409080795,0.06940300183956717,0.33662996712351245,30
all_genes_ridge,ENSG00000157168,NRG1,-8.265539984176828e-06,-3.549533564313438e-05,0.0789,0.15921489361702126,0.23286270813938834,-0.09724080403520101,0.5903384889629142,0.8359457334381565,33
all_genes_ridge,ENSG00000157181,ODR4,0.0007497847183747873,0.0021727751849152407,2.3079,2.2662957446808516,0.3450815913124653,-0.10903772443009885,0.5592919196574581,0.8254789830238418,31
all_genes_ridge,ENSG00000157214,STEAP2,0.0016137108987907241,0.0024329461967427944,1.1289,1.2221893617021278,0.6632743876338676,0.039120791277359034,0.8344918406402123,0.9378413100260756,31
all_genes_ridge,ENSG00000157379,DHRS1,-0.002092618815652062,-0.0037218435774999444,4.0488,3.9952276595744673,0.562253295195637,-0.32626650819286745,0.08410643452087496,0.3684662845676427,29
all_genes_ridge,ENSG00000157423,HYDIN,0.003082213494516305,0.00923739831628764,0.1747,0.28641702127659574,0.3336668387549836,0.3349759788880403,0.0756877678061101,0.352977055390707,29
all_genes_ridge,ENSG00000157426,AASDH,0.0009730841089463634,0.0023130014587436193,1.727,1.730291489361702,0.4207019002378516,-0.17343698002283042,0.3344222243746237,0.6685122118854628,33
all_genes_ridge,ENSG00000157450,RNF111,0.0006233298112673278,0.0014393014458878514,1.8506,1.7656787234042552,0.4330780136768492,-0.09345481935183435,0.6049528787329007,0.8443065740232789,33
all_genes_ridge,ENSG00000157483,MYO1E,0.0023993903659385307,0.0029843797068456854,2.6877500000000003,2.446324468085106,0.8039829383756754,0.19977740802640775,0.28985172936448406,0.6324401265848717,30
all_genes_ridge,ENSG00000157510,AFAP1L1,0.0008337795369165061,0.0019414321162027173,0.2619,0.3940574468085107,0.4294662326629843,-0.2681696606990613,0.12516786723069537,0.4385722676892458,34
all_genes_ridge,ENSG00000157542,KCNJ6,-0.003208234942194816,-0.0127831898004407,0.0375,0.10662978723404253,0.25097295685027005,0.13797277484821183,0.45918931749612785,0.7643543195354545,31
all_genes_ridge,ENSG00000157551,KCNJ15,-0.0014642728797655384,-0.004628618650842738,0.1649,0.25465957446808507,0.31635202426947323,-0.43760970869901206,0.010870523683997086,0.14545722684751317,33
all_genes_ridge,ENSG00000157554,ERG,0.00037425464275271257,0.0008217666213599,0.37224999999999997,0.5123776595744681,0.4554269217376796,-0.05941916137819513,0.7551173878197285,0.906499165449069,30
all_genes_ridge,ENSG00000157570,TSPAN18,0.0018918388555190814,0.0062159307593106115,0.2988,0.358331914893617,0.3043532704551714,0.19505265189713733,0.27669320773121225,0.6245654860014576,33
all_genes_ridge,ENSG00000157625,TAB3,-0.0021459025852589002,-0.005951766257026759,1.8441,1.8494106382978721,0.3605488677794445,-0.1554054085663952,0.4038344547487664,0.7224247134828145,31
all_genes_ridge,ENSG00000157657,ZNF618,0.0009841803142420402,0.001720631838239166,1.7787,1.5922000000000003,0.5719877386723331,0.1835659957930485,0.30651186187069557,0.6425406120273368,33
all_genes_ridge,ENSG00000157796,WDR19,-0.0001997106350719085,-0.0005599606620510057,1.2810000000000001,1.3056638297872343,0.3566511874966625,0.01026675226607053,0.9555264571123252,0.9829430237610502,32
all_genes_ridge,ENSG00000157827,FMNL2,0.0007718033625034394,0.0015833116947992134,1.61605,1.6817925531914895,0.4874614171288081,0.4061422079221203,0.025948138781135565,0.21583164202610294,30
all_genes_ridge,ENSG00000157890,MEGF11,-0.0027942762622836237,-0.023821957119225703,0.076,0.09844468085106381,0.11729834993399767,-0.3024705096817271,0.10424428649897317,0.407702743674865,30
all_genes_ridge,ENSG00000158055,GRHL3,-0.000189516895302143,-0.0032833309414595177,0.0659,0.08175106382978722,0.05772092386699779,-0.17669172932330826,0.3333478522151446,0.6677708654159028,32
all_genes_ridge,ENSG00000158089,GALNT14,-0.0004763116289700464,-0.0008553648877269881,0.3186,0.45918085106382966,0.5568519772138152,-0.20104860259549978,0.27813788419836855,0.62642924067229,31
all_genes_ridge,ENSG00000158125,XDH,0.001715124508806374,0.0017620060806500196,2.75335,2.9803329787234043,0.9733930703426683,-0.14088582239038505,0.4577298502404201,0.7635537501812723,30
all_genes_ridge,ENSG00000158296,SLC13A3,-0.0007257662908899196,-0.000747230716064755,2.0448,2.1241425531914895,0.971274701757609,-0.0942670914053003,0.6018044318049728,0.8424080984067248,33
all_genes_ridge,ENSG00000158417,EIF5B,-0.0005342979636856719,-0.0008705214697947265,2.55,2.4409808510638293,0.6137677038702586,-0.018240079430114936,0.9251784719214291,0.9708120479029481,29
all_genes_ridge,ENSG00000158435,CNOT11,-0.0003517247688333799,-0.001468333975769438,2.3502,2.3402659574468085,0.23954003287914707,-0.01357523652546804,0.9442794201983311,0.979216062834827,29
all_genes_ridge,ENSG00000158467,AHCYL2,-0.00022061747415007876,-0.00045345885562722696,1.7593,1.7392404255319143,0.4865214813037875,-0.08451398364001311,0.6629212855096019,0.8710427238303289,29
all_genes_ridge,ENSG00000158486,DNAH3,0.0027619551283549993,0.037137359939678156,0.1279,0.14042340425531916,0.0743713374575149,0.3983489403647117,0.03233078596056843,0.2453906654407144,29
all_genes_ridge,ENSG00000158555,GDPD5,0.0038268388948543073,0.008284076423644052,0.8627,0.9349148936170213,0.4619511819002429,0.060309339067351746,0.7515623094658831,0.9052380402245361,30
all_genes_ridge,ENSG00000158560,DYNC1I1,0.0005710927159923811,0.0014701984337777152,0.23915,0.30730957446808516,0.38844601032864845,-0.12142459730184449,0.5227045859580519,0.7978689436438281,30
all_genes_ridge,ENSG00000158636,EMSY,-0.00014353080971601137,-0.0005559250227555111,1.3885,1.3831829787234045,0.25818375471674787,-0.4464999222962838,0.007172810424362217,0.11947971411861467,35
all_genes_ridge,ENSG00000158716,DUSP23,0.003030635693783669,0.0058972914737368005,2.4069,2.490231914893616,0.5139029853417294,0.25640710487747487,0.1793915992318253,0.5152629094302948,29
all_genes_ridge,ENSG00000158816,VWA5B1,-0.0023709387013970636,-0.0522846797318162,0.0475,0.059040425531914895,0.04534671941299668,-0.5462046296431547,0.001220708744851653,0.05633920126897774,32
all_genes_ridge,ENSG00000158850,B4GALT3,-0.0012880688722789447,-0.004155467606549414,2.49255,2.4929861702127654,0.30996965786686076,-0.08869352325840196,0.6411634946123865,0.8629443085929409,30
all_genes_ridge,ENSG00000158966,CACHD1,-0.001683449821733935,-0.004650641162104528,0.8312999999999999,0.8420808510638295,0.3619823080420449,-0.23256027231268692,0.2002407750741918,0.541827979612519,32
all_genes_ridge,ENSG00000158987,RAPGEF6,-0.0012372307518163136,-0.0028490909299375864,1.4003,1.4642276595744679,0.43425456829607645,-0.5093014699239274,0.004775529877480847,0.10389046051165161,29
all_genes_ridge,ENSG00000159082,SYNJ1,-0.001731532780140005,-0.004315326133136895,1.5386,1.5193148936170215,0.40125189307101566,-0.425033908542,0.02153858352903473,0.19346491004186223,29
all_genes_ridge,ENSG00000159167,STC1,6.643908588656571e-05,0.00024059390686373923,0.3283,0.3528085106382979,0.2761461699202283,-0.07534039679211567,0.6870859345761242,0.8797621381486848,31
all_genes_ridge,ENSG00000159200,RCAN1,0.0009634920565035394,0.0018340594790374378,3.3634,3.274291489361703,0.525333048091333,0.191806747264399,0.3099171142837278,0.644457780113286,30
all_genes_ridge,ENSG00000159216,RUNX1,0.0029953105729814303,0.012872232226053722,0.6621,0.6720957446808511,0.23269550458535437,0.22545275519128863,0.23963076794210883,0.5905186781430539,29
all_genes_ridge,ENSG00000159248,GJD2,-0.0003166099161985189,-0.0032137254433457964,0.0516,0.07218085106382979,0.09851803515265374,-0.06656805543010033,0.731529033910016,0.8982533542810274,29
all_genes_ridge,ENSG00000159377,PSMB4,-0.000983841995166146,-0.0039295046432993004,4.1103,4.107912765957447,0.25037303285639845,-0.42198469623127777,0.020191303487385036,0.18684518396244826,30
all_genes_ridge,ENSG00000159387,IRX6,0.0016408313230277165,0.030370675601800377,0.0545,0.062231914893617034,0.05402682984538045,0.5680220182533604,0.00045804140616164367,0.02897111893972396,34
all_genes_ridge,ENSG00000159388,BTG2,-0.0010915674806197635,-0.001953138624510128,3.0114,3.08638085106383,0.558878651480021,-0.15202640748211993,0.4061884906393413,0.7234586176548898,32
all_genes_ridge,ENSG00000159479,MED8,3.509202368311539e-05,9.233539526642941e-05,3.273,3.2169255319148937,0.38004953118854384,-0.187844844625224,0.2951763328772156,0.6364335365809044,33
all_genes_ridge,ENSG00000159556,ISL2,0.0009116469902342525,0.0056998428213271245,0.0889,0.1341297872340425,0.15994247890891644,0.19862000985707245,0.30165588139284955,0.6422341133989153,29
all_genes_ridge,ENSG00000159579,RSPRY1,-0.0001921480096252513,-0.0005827389683890782,2.3998,2.351472340425532,0.3297325561673431,0.11107035181529086,0.545053913809247,0.815566132244886,32
all_genes_ridge,ENSG00000160124,MIX23,-0.0006380519344620658,-0.0022911555638393017,3.24295,3.1982563829787227,0.278484771847128,-0.010127991158998945,0.9576383790039992,0.9829430237610502,30
all_genes_ridge,ENSG00000160183,TMPRSS3,0.0033198941714447064,0.01982602356920176,0.1876,0.22215531914893616,0.16745133787704725,0.4708056314351502,0.009946760084795342,0.1398072389696234,29
all_genes_ridge,ENSG00000160185,UBASH3A,-0.0004030769688908036,-0.002407498467495183,0.1063,0.1449404255319149,0.16742563882508896,-0.29011585796277406,0.12684846711534367,0.44012793847106674,29
all_genes_ridge,ENSG00000160207,HSF2BP,0.0015931662310321318,0.0027234573276677513,0.9615,0.9760787234042552,0.5849793256707455,0.03115264797507788,0.8701884376023065,0.9517732970792776,30
all_genes_ridge,ENSG00000160563,MED27,-0.0019673474219306882,-0.005411025572061207,2.9595,3.0295744680851056,0.36358124642557765,-0.45092793847182744,0.00844584183103396,0.12885213969356332,33
all_genes_ridge,ENSG00000160584,SIK3,-0.0025855051255990347,-0.0062007772897087,2.4069,2.3583382978723395,0.4169646811683018,-0.10389450332758196,0.5917279451955892,0.8371323586271244,29
all_genes_ridge,ENSG00000160588,MPZL3,0.0021119922514786444,0.005379790808520461,1.2905,1.3320361702127659,0.39257888022963483,0.3669336893635959,0.04608995286656604,0.2791000805716083,30
all_genes_ridge,ENSG00000160703,NLRX1,0.0010077083725947493,0.002445663108636036,1.7657,1.792859574468085,0.4120389145325725,0.2594235111989603,0.17415070717398357,0.5059536334738891,29
all_genes_ridge,ENSG00000160838,LRRC71,-0.0016258121272935081,-0.011007495482116002,0.1579,0.1938191489361702,0.1477004582863543,-0.54034745590296,0.002478486532134419,0.07377142266235387,29
all_genes_ridge,ENSG00000160883,HK3,0.0010544759936358065,0.006880319860112978,0.187,0.23072553191489367,0.1532597342964941,-0.060204764455784626,0.7519796895409354,0.9052380402245361,30
all_genes_ridge,ENSG00000161405,IKZF3,-0.0016985148764124421,-0.011398644570757711,0.1071,0.1406659574468085,0.14901024993531625,-0.10622038944170892,0.5499103181132409,0.8187973152485528,34
all_genes_ridge,ENSG00000161850,KRT82,-0.0018373118075960411,-0.21110436753975828,0.0288,0.030553191489361704,0.008703333943339716,-0.33444345058852354,0.06592401165871443,0.3265013040715449,31
all_genes_ridge,ENSG00000161940,BCL6B,-0.0022247232047863273,-0.009518991709916935,0.7812,0.8146170212765955,0.23371416559472355,-0.0881226071557005,0.6373536172150436,0.861632063349693,31
all_genes_ridge,ENSG00000161999,JMJD8,0.002330112787382921,0.003266951079991469,3.5298,3.3045340425531915,0.7132377346124833,0.0036977692655028424,0.9848114371690805,0.9943091198022376,29
all_genes_ridge,ENSG00000162009,SSTR5,-0.003278763002850445,-0.032253591998628914,0.1416,0.16400851063829788,0.1016557474587582,-0.01786374289767041,0.9267180743621006,0.9708120479029481,29
all_genes_ridge,ENSG00000162032,SPSB3,-0.0028387460247223197,-0.0072390316327854125,3.2504999999999997,3.2576319148936164,0.3921444426165652,-0.2854757841237918,0.12621527162470267,0.4390102412755059,30
all_genes_ridge,ENSG00000162139,NEU3,0.000668339733391724,0.0015132772288656664,0.9238,0.9638170212765957,0.4416505585646743,-0.041137326910212595,0.8260865860595946,0.9365193709025127,31
all_genes_ridge,ENSG00000162144,CYB561A3,0.0009245782523801468,0.0015961703377616496,3.4086,3.332346808510638,0.5792478600227007,0.239891547901806,0.2100492240333061,0.5513063517428601,29
all_genes_ridge,ENSG00000162267,ITIH3,-0.0009227615227622204,-0.0012512364693749638,6.174,6.072061702127658,0.7374797213377036,-0.10856409315972859,0.5542189671388726,0.8199847876382151,32
all_genes_ridge,ENSG00000162374,ELAVL4,-0.001631530042473671,-0.021339332147639806,0.0629,0.08108297872340425,0.07645647160771726,-0.4086327522826989,0.012038777370720333,0.14576412046054452,37
all_genes_ridge,ENSG00000162398,CIMAP2,0.00042883785704366114,0.0045441046076726554,0.0987,0.13091914893617024,0.09437235584752485,0.17116451146594958,0.374658547093025,0.7056324283035037,29
all_genes_ridge,ENSG00000162407,PLPP3,0.0007662144348423515,0.0007607087635180224,4.6193,4.321197872340426,1.007237554749425,0.27720899863097875,0.13805795013771946,0.4567742424495284,30
all_genes_ridge,ENSG00000162434,JAK1,-0.0018933615643221572,-0.0023791240203086717,2.9151,2.828923404255319,0.7958229786089542,-0.19941497278888076,0.28214327270318335,0.6293800079374976,31
all_genes_ridge,ENSG00000162456,KNCN,0.0009611904374607527,0.026039869086730543,0.0383,0.05178936170212766,0.0369122607436824,0.023266170728609693,0.902870925919984,0.9656450317667322,30
all_genes_ridge,ENSG00000162600,OMA1,0.0007585217580026817,0.0012294390751222243,1.69825,1.688798936170213,0.6169657149763794,-0.3811749093033631,0.03768493327021214,0.2588494511501449,30
all_genes_ridge,ENSG00000162601,MYSM1,-0.001440639088953105,-0.003911004913943075,1.74315,1.7809074468085107,0.36835522344068156,-0.4046763976053341,0.017599307573497407,0.17518523866602664,34
all_genes_ridge,ENSG00000162616,DNAJB4,-0.0015681411161292639,-0.003017734994312295,2.5069,2.509878723404255,0.5196417575051596,-0.3669295219319862,0.05023418505372477,0.29104604609013124,29
all_genes_ridge,ENSG00000162618,ADGRL4,0.0031526187752249175,0.006726995350717185,0.3462,0.4996361702127659,0.46865184393041204,0.1617216888222411,0.3685792543746441,0.7010155972444146,33
all_genes_ridge,ENSG00000162624,LHX8,0.002280624771257018,0.006940879825668257,0.09040000000000001,0.16270425531914895,0.32857862814782895,-0.017696681023776917,0.9234157148886809,0.9708120479029481,32
all_genes_ridge,ENSG00000162630,B3GALT2,-0.0035986378645705293,-0.012096763216019026,0.171,0.2300297872340426,0.29748766676734373,-0.1791071325848933,0.2888355387773741,0.6322312153771505,37
all_genes_ridge,ENSG00000162631,NTNG1,0.002811320572141764,0.012194161407511315,0.1002,0.1748191489361702,0.23054644581053824,0.4321631878557875,0.0075598219535609,0.12339580350005856,37
all_genes_ridge,ENSG00000162643,DNAI3,-0.0014317297100145355,-0.035023804684764785,0.0807,0.09121276595744683,0.0408787601147551,-0.23170732096934857,0.2019429908372221,0.5435274115086935,32
all_genes_ridge,ENSG00000162670,BRINP3,-0.0003351590004249561,-0.0065673973889485,0.043899999999999995,0.057012765957446795,0.051033762779294535,-0.39946589765490736,0.028745511417073856,0.2278625918074053,30
all_genes_ridge,ENSG00000162687,KCNT2,0.0006666133993263518,0.002661987883918843,0.1233,0.2091765957446809,0.25041939647936995,0.222249601292396,0.24655068078020964,0.5983436185841059,29
all_genes_ridge,ENSG00000162694,EXTL2,-0.0021402735285249324,-0.003293926045964051,1.957,1.8332021276595745,0.6497636858445397,-0.18115587090066063,0.29766291083084934,0.6395644708297655,35
all_genes_ridge,ENSG00000162695,SLC30A7,-0.0011138114871989372,-0.0035999591871808383,1.96035,1.9546159574468083,0.309395587362526,-0.4478630426505851,0.006161064763229697,0.11222798287685633,36
all_genes_ridge,ENSG00000162706,CADM3,0.0008414967245281148,0.005835151782689405,0.1649,0.1979021276595744,0.1442116256554806,0.039931431079286255,0.8311107522097059,0.9378413100260756,31
all_genes_ridge,ENSG00000162728,KCNJ9,-0.001554749060294566,-0.03275815657987483,0.0973,0.10020425531914892,0.04746143320072337,-0.02652814256119152,0.8873506120369224,0.9588295929929671,31
all_genes_ridge,ENSG00000162729,IGSF8,-6.318031274210535e-05,-0.00010629526342668622,1.7346,1.7452063829787232,0.5943850243682962,0.3418270856813023,0.06448007736584671,0.3232976837531768,30
all_genes_ridge,ENSG00000162733,DDR2,0.0022192945760404073,0.005672659842248897,0.5287,0.5934212765957447,0.3912264506874749,-0.021436491477204493,0.9121130669970537,0.9686337264138741,29
all_genes_ridge,ENSG00000162736,NCSTN,-0.003717399516608547,-0.0139816687590359,3.6361,3.588717021276595,0.26587666899247003,-0.38699822491010016,0.023754407384784453,0.20723672649484368,34
all_genes_ridge,ENSG00000162763,LRRC52,0.00018449525511670398,0.0009974234524481936,0.0255,0.06573191489361702,0.18497184386817564,-0.4799838880508721,0.00628355623720075,0.11243589673512276,31
all_genes_ridge,ENSG00000162775,RBM15,-0.0006376637841665638,-0.003347667826190989,1.51105,1.4987691489361705,0.19048000496874395,-0.01039278618370778,0.9534820924406748,0.9829430237610502,34
all_genes_ridge,ENSG00000162777,DENND2D,0.0013132254539002792,0.002362373205979332,2.3361,2.2296574468085106,0.5558924604192147,0.0145831022270233,0.9390333845050336,0.9750018315175384,30
all_genes_ridge,ENSG00000162782,TDRD5,-0.00010433688518541718,-0.00034340103315910373,0.0275,0.08905531914893618,0.30383392916897856,-0.438693780287099,0.01728340026615691,0.1750228599019233,29
all_genes_ridge,ENSG00000162813,BPNT1,-0.0009849966076835943,-0.0014960824806884362,2.9003,2.8156063829787232,0.6583838928655451,-0.25773069063397586,0.1770784721083357,0.5100666426194564,29
all_genes_ridge,ENSG00000162814,SPATA17,0.0019029623304634255,0.006271658438657496,0.18305,0.2575989361702128,0.3034225076311349,0.20632094369018472,0.27401194848002225,0.6245654860014576,30
all_genes_ridge,ENSG00000162873,KLHDC8A,-0.0021485447575491203,-0.004806996321129495,0.4966,0.5732468085106385,0.44696201411784703,-0.12787975950194405,0.5085583556051521,0.7938380091643471,29
all_genes_ridge,ENSG00000162891,IL20,0.0008520225937102764,0.010456032759380894,0.0838,0.10574468085106387,0.08148622076053298,-0.06558290088640732,0.7306057484850804,0.8982533542810274,30
all_genes_ridge,ENSG00000162924,REL,-0.0011141355568511544,-0.0022123518406977666,2.4639,2.349836170212766,0.5035978167467977,-0.14362077733157852,0.4408286116375973,0.7497790839953756,31
all_genes_ridge,ENSG00000162944,RFTN2,-0.0018956667449226427,-0.006059261925433047,0.6285000000000001,0.6375361702127661,0.31285439848140617,-0.2412907998020784,0.18338721203016956,0.5183422155778507,32
all_genes_ridge,ENSG00000162971,TYW5,-0.0027742906784812512,-0.005334761951511147,2.03465,2.0542755319148935,0.5200402011743737,-0.2811440107146278,0.119056859028189,0.4269155200215953,32
all_genes_ridge,ENSG00000162972,MAIP1,-0.0021510915220987075,-0.003488335977138695,2.6223,2.509965957446808,0.6166526206753568,-0.11931401521317397,0.5154219021301842,0.7961584872375733,32
all_genes_ridge,ENSG00000162981,LRATD1,-0.0003934028592973511,-0.0011621355263402632,0.5906,0.6419382978723404,0.3385171956116297,-0.2469196948485149,0.19659364753699005,0.5385174191622067,29
all_genes_ridge,ENSG00000162992,NEUROD1,-0.00048638408230861036,-0.005089284024774954,0.08565,0.11126914893617024,0.09557023737344233,0.12798168584643127,0.4851467783294491,0.7787099466422448,32
all_genes_ridge,ENSG00000162998,FRZB,0.0015329785712676091,0.004253148976704347,0.63635,0.635290425531915,0.36043378204341053,-0.1368491355642547,0.47084352994235423,0.7710485663349042,30
all_genes_ridge,ENSG00000162999,DUSP19,0.0007991499817352915,0.0017572820142829674,1.1824,1.2046,0.4547647874614893,0.010794569597432732,0.9548530569375127,0.9829430237610502,30
all_genes_ridge,ENSG00000163001,CFAP36,-0.0008294666215045939,-0.0021999741146284083,1.0639,1.1398787234042551,0.3770347187219959,-0.40837954715490055,0.02785248357167797,0.22370407440109608,29
all_genes_ridge,ENSG00000163002,NUP35,0.00032218933105882333,0.0007054299441124666,2.3787000000000003,2.3344446808510635,0.4567276081031467,0.21712818997048572,0.23259517973407554,0.5850097999305804,32
all_genes_ridge,ENSG00000163017,ACTG2,0.0014693253671991878,0.0023805701213229255,0.325,0.5932702127659575,0.6172157476221105,0.25592418232628433,0.16463855798163893,0.49145728834544844,31
all_genes_ridge,ENSG00000163072,NOSTRIN,0.002006992471616659,0.0018333343365462696,2.7095000000000002,2.520774468085107,1.094722567296446,-0.21809280206228926,0.2469504169886545,0.5985466735814975,30
all_genes_ridge,ENSG00000163082,SGPP2,-0.002079460723093708,-0.0035258684667941217,0.9626,1.1204787234042557,0.5897726312474859,0.07310559742598165,0.7010407399446843,0.8836418996014731,30
all_genes_ridge,ENSG00000163092,XIRP2,0.0028322060491986598,0.04143487033867118,0.0601,0.09256382978723404,0.06835320168856329,0.24124404595124685,0.16268267135878486,0.490347878343013,35
all_genes_ridge,ENSG00000163106,HPGDS,-0.0014912852159618137,-0.004773770404795445,0.08705,0.18925212765957447,0.31239148293846675,-0.532940142289746,0.002427842588998563,0.07329162012141763,30
all_genes_ridge,ENSG00000163138,PACRGL,-0.0004542446671799026,-0.0008799050511182892,1.7206,1.7291531914893619,0.5162428225665869,0.05102292489234854,0.7926649012834585,0.9237220683171338,29
all_genes_ridge,ENSG00000163145,C1QTNF7,0.0008993941867077299,0.008828030507923364,0.10245,0.14022872340425532,0.10187937002488863,-0.025525410850238375,0.8860584379177919,0.9583446446449648,34
all_genes_ridge,ENSG00000163161,ERCC3,0.0006914829406366122,0.003181683567106046,2.9003,2.8738765957446804,0.21733240470093707,0.1823956801693692,0.3346964960691382,0.6685122118854628,30
all_genes_ridge,ENSG00000163166,IWS1,-0.0032504760025206733,-0.010647851263350154,2.4282500000000002,2.4571414893617027,0.3052706055078731,-0.18301235780770284,0.33303682850374083,0.6677708654159028,30
all_genes_ridge,ENSG00000163171,CDC42EP3,-0.000856891546462304,-0.0018665186560257007,0.6014999999999999,0.707331914893617,0.45908544428205555,-0.14708500586662174,0.4379742988683656,0.7465974011029523,30
all_genes_ridge,ENSG00000163214,DHX57,-0.0005705156267048486,-0.001397632887969369,1.6696,1.7054234042553191,0.4082013464449558,-0.1961503241024653,0.2819528740453637,0.6293800079374976,32
all_genes_ridge,ENSG00000163217,BMP10,-0.0006905880668285582,-0.0011057345280701956,0.1972,0.3783191489361702,0.6245514174490149,-0.0360019619911424,0.8373208484805804,0.9382642033797002,35
all_genes_ridge,ENSG00000163219,ARHGAP25,0.000901761700624473,0.003732268996284703,0.1673,0.2638914893617021,0.24161219395550912,0.15780675579908618,0.3804374545760962,0.7092656377576894,33
all_genes_ridge,ENSG00000163235,TGFA,-0.0034013063891661626,-0.0041987107558234425,0.85955,1.0825031914893612,0.8100835201492953,-0.3887405525703301,0.033749180758461596,0.24944893089828843,30
all_genes_ridge,ENSG00000163251,FZD5,-0.00163465145634657,-0.00365191068820411,1.3593,1.4256574468085106,0.44761539805083184,-0.493092691716127,0.0048249522174383655,0.10389046051165161,31
all_genes_ridge,ENSG00000163281,GNPDA2,0.0005968229901212256,0.0016450987962693573,2.0177,1.9290914893617022,0.3627885397975246,0.2209185160078512,0.22434122273259907,0.5713925773625593,32
all_genes_ridge,ENSG00000163285,GABRG1,-0.0002085649847810237,-0.007379615321909821,0.0176,0.027046808510638294,0.028262311202292827,-0.526412334606932,0.0019687478304163375,0.07115617158504763,32
all_genes_ridge,ENSG00000163297,ANTXR2,0.00040194368471591416,0.0008397631961200934,3.6361,3.524840425531915,0.47863931948076555,0.2334073028041154,0.20633996694348317,0.5485535373383668,31
all_genes_ridge,ENSG00000163312,HELQ,0.00014578280243297934,0.00047602730038627674,1.2708,1.358327659574468,0.3062488271464316,0.10017250180941234,0.6051419977189245,0.8443065740232789,29
all_genes_ridge,ENSG00000163328,GPR155,-0.0043130595572691294,-0.008773126707166136,2.1166,2.092093617021277,0.49162171039272706,-0.30748075324322605,0.0869106494102241,0.37427054128998627,32
all_genes_ridge,ENSG00000163347,CLDN1,-0.0011237634792400117,-0.0011573950182970304,4.35665,4.08445,0.9709420392127628,0.017205783607505874,0.9230595687500653,0.9708120479029481,34
all_genes_ridge,ENSG00000163349,HIPK1,-0.0018277473147789102,-0.003885368003659105,2.4425,2.3330446808510636,0.47041806929423446,-0.2359750726327133,0.20933774666011776,0.5507360475390967,30
all_genes_ridge,ENSG00000163376,KBTBD8,-0.0007297270447509048,-0.0023870182508191674,2.1545,2.211542553191489,0.3057065208866669,-0.3791446086895581,0.04252048383134827,0.2712041174796473,29
all_genes_ridge,ENSG00000163378,EOGT,-0.0006585149243440629,-0.0011403027918495453,1.8704,1.788697872340426,0.5774912848156467,-0.16165599307988804,0.4021530655124968,0.7222010548201785,29
all_genes_ridge,ENSG00000163380,LMOD3,-0.00015947007584396814,-0.0010897489121937068,0.11795,0.15837765957446812,0.1463365313418379,-0.21271148708815674,0.25909284605771377,0.6126214023607625,30
all_genes_ridge,ENSG00000163393,SLC22A15,-0.0020812311896947116,-0.0032422657793149748,0.8855500000000001,1.0213712765957448,0.6419064109341566,-0.2542854619940993,0.16018947956418808,0.4868220820389139,32
all_genes_ridge,ENSG00000163394,CCKAR,-0.00035909532230526454,-0.001424256656723122,0.0801,0.13616170212765955,0.2521282386922158,-0.04191507083368119,0.8198220787989363,0.9326418068732042,32
all_genes_ridge,ENSG00000163399,ATP1A1,-0.0002447607852825367,-0.00033012305826321005,4.6657,4.467965957446807,0.7414228699147296,0.021698928866799676,0.9110412973126145,0.9686337264138741,29
all_genes_ridge,ENSG00000163449,TMEM169,-0.00016635238846034346,-0.0003229828948913447,1.7078,1.6217851063829791,0.515050149997282,-0.0831064048604078,0.6567012511216573,0.8683571762845983,31
all_genes_ridge,ENSG00000163482,STK36,-9.280509308025737e-05,-0.000322963656626143,1.6887,1.6348638297872338,0.2873546022167036,-0.41855595159480163,0.023837997791450984,0.2073700896700435,29
all_genes_ridge,ENSG00000163491,NEK10,-0.0005142632771363377,-0.0008500659470859398,0.2417,0.46841914893617026,0.6049686837818322,-0.31536486982031536,0.07871783934304764,0.361008097047572,32
all_genes_ridge,ENSG00000163507,CIP2A,-6.110621736698222e-05,-0.00016456480757393157,0.6001000000000001,0.6558723404255319,0.3713200791094411,-0.07644375255958812,0.6880543512780122,0.8797621381486848,30
all_genes_ridge,ENSG00000163512,AZI2,0.00018243731302677236,0.00034005188723468103,2.1961,2.221236170212766,0.5364984576629224,-0.3517902186324058,0.052289819847375435,0.29617890495640264,31
all_genes_ridge,ENSG00000163521,GLB1L,0.00343085469473384,0.0063767673514501695,2.8708,2.887808510638297,0.5380241281585432,0.11429436152172626,0.5403890530591534,0.8121192904280378,31
all_genes_ridge,ENSG00000163527,STT3B,-0.0013380743004188368,-0.004148608879617194,3.05605,3.036720212765957,0.322535659361146,-0.04374443563427185,0.8184594172593741,0.9326418068732042,30
all_genes_ridge,ENSG00000163536,SERPINI1,-0.001022191991374103,-0.0015671581851239276,0.52535,0.7078457446808512,0.6522583368272235,-0.2053849628061904,0.27624268291684,0.6245654860014576,30
all_genes_ridge,ENSG00000163545,NUAK2,0.0002657654703596685,0.0006660046135240276,1.75605,1.729939361702128,0.3990444885260249,-0.20295983212327326,0.2820768277097644,0.6293800079374976,30
all_genes_ridge,ENSG00000163554,SPTA1,0.0012896504642339896,0.003933058489143992,0.0658,0.1577851063829787,0.3279001489028643,0.17097807860596245,0.3751868469695792,0.7056324283035037,29
all_genes_ridge,ENSG00000163581,SLC2A2,0.0018698921246403212,0.004240336006303443,4.6348,4.658806382978724,0.44097734751695283,0.2494393439471459,0.1484394162585175,0.4709112515787452,35
all_genes_ridge,ENSG00000163599,CTLA4,0.0005477050376668392,0.007018550886256011,0.0486,0.07004893617021277,0.07803676949031967,-0.2120629553017713,0.23610823632724576,0.5887105467726866,33
all_genes_ridge,ENSG00000163600,ICOS,-0.00016676557793789644,-0.0003479861156061398,0.14215,0.2631648936170212,0.47923055104487644,-0.02988084376514191,0.8710361323212804,0.9517732970792776,32
all_genes_ridge,ENSG00000163607,GTPBP8,-0.002014499964759566,-0.006115093794557046,2.0448,2.0602659574468083,0.3294307548565555,-0.19623775601068566,0.2986579688445036,0.640299799935474,30
all_genes_ridge,ENSG00000163617,CCDC191,5.6361276325993985e-05,0.00016711520187589717,0.8616,0.9136382978723406,0.3372600199941649,-0.10544469401059355,0.586179355797219,0.8331650394196428,29
all_genes_ridge,ENSG00000163625,WDFY3,0.00034286765994591536,0.0005600938623495737,1.46955,1.554732978723404,0.6121610733379541,-0.1974697502939502,0.2786637798013471,0.626719958998468,32
all_genes_ridge,ENSG00000163630,SYNPR,0.001572262735589739,0.0037888569455403528,0.21789999999999998,0.36752978723404256,0.4149702029368936,0.2611951704111264,0.13567569939146265,0.4523868975190595,34
all_genes_ridge,ENSG00000163638,ADAMTS9,0.003130490239331089,0.009422284215048916,0.646,0.7201829787234042,0.33224324037383507,0.06010488589060479,0.74806777946723,0.9043761544679905,31
all_genes_ridge,ENSG00000163646,CLRN1,6.397629221190695e-06,4.1196374169747794e-05,0.06245,0.10306063829787235,0.1552959295599548,-0.3082229906696639,0.09749987289746515,0.39357253185431124,30
all_genes_ridge,ENSG00000163681,SLMAP,0.00043383262993098437,0.0020024314244584066,2.55725,2.5202712765957442,0.2166529273522174,0.3213808782080341,0.08331678869219082,0.3684325177980318,30
all_genes_ridge,ENSG00000163689,CFAP20DC,0.0002729469895854091,0.00048150408401878634,0.8425,0.8727978723404257,0.5668632907685988,-0.3301712480397014,0.08024787232347132,0.36291130591621407,29
all_genes_ridge,ENSG00000163697,APBB2,-6.9153756074541e-05,-9.58570088030838e-05,1.10555,1.2342776595744682,0.7214261840425409,-0.05408378607661088,0.7687678344045588,0.9152859393146041,32
all_genes_ridge,ENSG00000163751,CPA3,-7.515332954337778e-05,-8.864835807219681e-05,0.1972,0.5014702127659574,0.847768996264675,0.17862146434743778,0.3045867689727115,0.6423955480126771,35
all_genes_ridge,ENSG00000163811,WDR43,-0.0018213154634578266,-0.007223055517325924,2.9447,2.925470212765958,0.252153047846447,-0.23444622575356408,0.22089717740099352,0.5665266184629141,29
all_genes_ridge,ENSG00000163833,FBXO40,-0.0004937121968030709,-0.0026874927761147633,0.1128,0.16742340425531918,0.18370735772425684,-0.18634667837000252,0.3155113048467226,0.6513740739816013,31
all_genes_ridge,ENSG00000163848,ZNF148,-0.00488640547266342,-0.011181735699411732,1.9169,1.8533148936170216,0.4369988348875472,-0.5487189944216041,0.0013917786874747466,0.05633920126897774,31
all_genes_ridge,ENSG00000163864,NMNAT3,0.0020834397253080062,0.0023549796845181155,1.3768,1.3815808510638299,0.884695413300063,-0.020943699841199998,0.9141259878588689,0.9693115163169992,29
all_genes_ridge,ENSG00000163873,GRIK3,-0.001250223482115232,-0.021801684324117908,0.07045,0.09044148936170213,0.05734527037125219,-0.3850798757713677,0.024517896278440577,0.20956523661069412,34
all_genes_ridge,ENSG00000163914,RHO,-0.0005306777626978305,-0.008522027222768182,0.028,0.04542553191489364,0.062271305738149485,-0.40605227130836413,0.02111391716508541,0.19077932295595032,32
all_genes_ridge,ENSG00000163918,RFC4,-0.0026923289250505994,-0.007882328457004342,2.1407,2.102804255319149,0.34156517832724415,-0.31551065904092357,0.09546784399252703,0.3896468131051751,29
all_genes_ridge,ENSG00000163946,TASOR,0.00020078264986328926,0.0006213421392983196,2.2938,2.259657446808511,0.32314346181321724,0.20126906503426198,0.286190687812643,0.6305333296075357,30
all_genes_ridge,ENSG00000163947,ARHGEF3,0.0005644355895645785,0.0009046172529053643,0.7961,0.8983234042553193,0.6239496181968425,-0.12195122321318647,0.5285644586353143,0.80195986827427,29
all_genes_ridge,ENSG00000164023,SGMS2,0.00047954396134665693,0.0007276428369871254,0.8161499999999999,0.9161670212765957,0.659037562071324,-0.20372238782906357,0.26341510504332133,0.6189847205197551,32
all_genes_ridge,ENSG00000164039,BDH2,-0.0016222650606646607,-0.0030902888995320474,3.9875,3.9238744680851063,0.5249557932626672,-0.08212084845955699,0.6719318183932814,0.8754529706250678,29
all_genes_ridge,ENSG00000164062,APEH,0.000984522347905806,0.0030768795148442044,3.0784,3.0268255319148927,0.3199742931616406,-0.14704993108822575,0.4298786242436721,0.7419621962500219,31
all_genes_ridge,ENSG00000164066,INTU,-0.00037985423976440765,-0.001243309563371336,0.5557,0.5912170212765958,0.3055186342606436,-0.18050300914469994,0.3398216362336346,0.6751953452914362,30
all_genes_ridge,ENSG00000164070,HSPA4L,7.793639057545388e-05,0.00011309636203928095,1.0537,1.2442106382978722,0.6891149208529341,-0.12958857254572945,0.5028622926571112,0.7892992918535712,29
all_genes_ridge,ENSG00000164081,TEX264,-0.002820741261730174,-0.0054982747093247,2.5789,2.526295744680851,0.5130229773616783,-0.15730337175990328,0.4064468410013124,0.7234586176548898,30
all_genes_ridge,ENSG00000164087,POC1A,-0.0023828273349176974,-0.0061634199287211346,2.4639,2.4984531914893613,0.3866079810356386,-0.2874399134370484,0.1305499366011025,0.4468428495162877,29
all_genes_ridge,ENSG00000164106,SCRG1,9.426572615586117e-05,0.000394668109842498,0.1972,0.27688936170212763,0.23884809490556566,0.32525489339488367,0.06474944606391672,0.3232976837531768,33
all_genes_ridge,ENSG00000164113,ADAD1,0.00018654718909486977,0.00258678573424474,0.04105,0.05689042553191489,0.07211543910471413,-0.2914997846978434,0.11806890622357068,0.4262273475561957,30
all_genes_ridge,ENSG00000164116,GUCY1A1,-0.004009814601357664,-0.005711079063586516,0.89,1.1151063829787233,0.7021115548765542,-0.29584924476161617,0.11917809076084832,0.4269155200215953,29
all_genes_ridge,ENSG00000164117,FBXO8,0.000531095766001982,0.0006624336358118808,2.5069,2.3908297872340425,0.8017342980343523,0.1061128912989894,0.5837947233583316,0.8331650394196428,29
all_genes_ridge,ENSG00000164118,CEP44,-0.000737682822379561,-0.0020088363217756846,1.3563999999999998,1.3941851063829784,0.36721897866098707,-0.19715176278037347,0.29636803186035976,0.6372390171045502,30
all_genes_ridge,ENSG00000164120,HPGD,-0.0019461746588023835,-0.0017643833891405356,3.3709499999999997,3.3423372340425535,1.1030338818539898,-0.25962596696029105,0.15129413080354023,0.4758584866827145,32
all_genes_ridge,ENSG00000164122,ASB5,-0.0017727138378729424,-0.0028414488477747192,0.183,0.41736382978723396,0.6238767378343775,-0.44132746607994133,0.011454711798573962,0.14576412046054452,32
all_genes_ridge,ENSG00000164124,TMEM144,-0.0021514040684335383,-0.003183320126724005,1.2511999999999999,1.3292212765957445,0.6758365425998093,-0.28215399007394304,0.1308805896714725,0.44711033835544395,30
all_genes_ridge,ENSG00000164136,IL15,-0.0020066076415020933,-0.003885699457007779,0.1162,0.3086851063829787,0.5164083490510872,-0.3636547290629545,0.044327099083601586,0.2773053694751085,31
all_genes_ridge,ENSG00000164142,FHIP1A,-0.00023030451653791142,-0.00048518480942231487,0.6042,0.7310382978723403,0.47467379865442083,-0.24097600812600023,0.19158495196020875,0.5311889626951541,31
all_genes_ridge,ENSG00000164151,ICE1,0.005319829300262004,0.020090796519170666,1.8309,1.8429170212765955,0.2647893673695722,0.25455889600788567,0.18265688997221657,0.5182675868744389,29
all_genes_ridge,ENSG00000164162,ANAPC10,-0.0016294387651428891,-0.003151147416868115,2.0448,1.907574468085106,0.5170937914299063,-0.010104744991173234,0.9585101148010948,0.9829430237610502,29
all_genes_ridge,ENSG00000164168,TMEM184C,-6.472411085147654e-06,-1.5932520725354467e-05,3.8344,3.723446808510637,0.40623898733410596,0.11594381468703795,0.549214522101008,0.8187973152485528,29
all_genes_ridge,ENSG00000164171,ITGA2,0.0022066539800099493,0.004653042134419667,0.5889,0.7128021276595745,0.47423898521932595,-0.04755451846296,0.8064853481160824,0.9258657481263485,29
all_genes_ridge,ENSG00000164180,TMEM161B,-0.002390678535443915,-0.006888399453235573,1.6760000000000002,1.6725617021276598,0.3470586384651345,-0.062103506227707814,0.744412186265597,0.9028578394321931,30
all_genes_ridge,ENSG00000164181,ELOVL7,0.00040619768007911896,0.0009122182387112254,0.4009,0.5316085106382978,0.44528563762657475,-0.2653760892835283,0.14906257200212056,0.4723945392468038,31
all_genes_ridge,ENSG00000164187,LMBRD2,0.00041969010534891374,0.0009088821316846924,1.81785,1.818860638297872,0.46176516263003375,-0.0038510912072467905,0.9833107821141588,0.9943091198022376,32
all_genes_ridge,ENSG00000164188,RANBP3L,-0.0011621792260401711,-0.001259365202993298,0.6593,0.8893531914893618,0.9228293931560659,-0.143651942582865,0.44885695973926143,0.7574929014832672,30
all_genes_ridge,ENSG00000164190,NIPBL,0.0012143457863166844,0.002255171272219865,1.638,1.5756319148936169,0.5384716457128997,-0.00038617493804644334,0.9982165112333232,0.9992038668329605,36
all_genes_ridge,ENSG00000164197,RNF180,0.0024048716262770387,0.009043951367853766,0.4609,0.5073978723404254,0.2659093938546623,0.001231830537506934,0.9949400079258451,0.9978982041833055,29
all_genes_ridge,ENSG00000164211,STARD4,-0.0020466419883202708,-0.00276659868984968,2.5356,2.4392531914893616,0.7397682923183458,-0.24642681871934155,0.19751736640448733,0.538578875779054,29
all_genes_ridge,ENSG00000164219,PGGT1B,0.0010029797621843592,0.0040435161110469455,2.0755,2.0901638297872345,0.2480464364774518,-0.2072152437174941,0.27189145246015783,0.6245654860014576,30
all_genes_ridge,ENSG00000164220,F2RL2,0.00041415349768978994,0.0006722985913618749,0.5279,0.6991808510638298,0.6160261273950305,-0.16243881132017227,0.3910993048158967,0.7127270704897838,30
all_genes_ridge,ENSG00000164252,AGGF1,0.00036722232876628026,0.0008140767710771245,2.61505,2.532992553191489,0.45109053815698436,0.003338155133606468,0.9860322061730559,0.9943548239615633,30
all_genes_ridge,ENSG00000164253,WDR41,-0.0001357471139021056,-0.00022126426766636047,2.1166,2.1404404255319154,0.6135067145445992,0.04218141372813846,0.8248446313459086,0.9358102768184524,30
all_genes_ridge,ENSG00000164258,NDUFS4,-8.716703731911774e-05,-0.00011002153916744262,4.4493,4.3145021276595745,0.792272476632576,0.07704322252695524,0.6751382301940814,0.8757215788020579,32
all_genes_ridge,ENSG00000164265,SCGB3A2,-0.001471102081706481,-0.007164561585092047,0.11535000000000001,0.18679468085106385,0.20533037007701022,-0.4000890794192499,0.028474439528454413,0.22674577599755977,30
all_genes_ridge,ENSG00000164283,ESM1,-0.0013931544674597532,-0.004573390971312621,0.25734999999999997,0.3561308510638298,0.3046217732528344,-0.5176934447121341,0.0024084313666045787,0.07329162012141763,32
all_genes_ridge,ENSG00000164291,ARSK,-0.0032924645085590527,-0.006877306367135079,1.8506,1.9142382978723402,0.4787433237368796,-0.6893968371188041,6.506428953599553e-06,0.003570695921639684,34
all_genes_ridge,ENSG00000164294,GPX8,-0.002494523871479667,-0.005297063025290354,1.9906,2.0254212765957447,0.47092584316436964,-0.5274304262182005,0.0022960772643711613,0.07329162012141763,31
all_genes_ridge,ENSG00000164303,ENPP6,1.5252713250485999e-05,2.2297670067368718e-05,0.6525,0.8155340425531917,0.6840496430525006,0.14602663551945594,0.43313044736898393,0.7433488062251188,31
all_genes_ridge,ENSG00000164307,ERAP1,0.0012871450830604161,0.002218333988495113,2.6368,2.6528191489361697,0.580230519721513,-0.09392388391993017,0.6215346208813356,0.8547664308725309,30
all_genes_ridge,ENSG00000164325,TMEM174,-0.0012407925211944987,-0.006524903916821088,0.0732,0.13288297872340424,0.19016257358146796,-0.6566822056307102,2.466338201551316e-05,0.007622063047034964,34
all_genes_ridge,ENSG00000164326,CARTPT,0.0001425615889658214,0.0041047117883366326,0.0501,0.058631914893617035,0.03473120557962296,0.20970921636274026,0.27490328484928195,0.6245654860014576,29
all_genes_ridge,ENSG00000164327,RICTOR,-0.0005071008779641934,-0.001212827794176202,1.2596,1.3306340425531915,0.4181144927575108,-0.2894639578355043,0.12774301910678945,0.4403654759265783,29
all_genes_ridge,ENSG00000164331,ANKRA2,-0.0005582223685972769,-0.0022378144169535037,2.1961,2.21766170212766,0.24944980440211156,-0.151589844712842,0.43246509314657505,0.7427474283933794,29
all_genes_ridge,ENSG00000164332,UBLCP1,-0.005879575799316217,-0.020608649026692863,2.60065,2.637420212765958,0.28529651757865526,-0.517563992810641,0.0024155541294925004,0.07329162012141763,32
all_genes_ridge,ENSG00000164338,UTP15,-0.0008117984048461148,-0.0020395509419021936,1.638,1.6822170212765963,0.3980280110527607,-0.35621841759565603,0.05787219961099328,0.3069057063523985,29
all_genes_ridge,ENSG00000164342,TLR3,0.0013905339214642174,0.002229667174708106,2.2239,2.1821659574468084,0.623650891593835,0.17223335986982655,0.3627680457490918,0.6961224763224735,30
all_genes_ridge,ENSG00000164418,GRIK2,6.16880534679469e-05,0.00072567340093261,0.04545,0.06651808510638299,0.08500801240429591,0.20161364346221664,0.26849547921623235,0.6222536449621996,32
all_genes_ridge,ENSG00000164438,TLX3,-0.001410881930146574,-0.1567339071115366,0.0146,0.016772340425531912,0.009001765834514338,-0.3384255292406939,0.0725387718990406,0.3435689726762672,29
all_genes_ridge,ENSG00000164440,TXLNB,-0.001735614029572241,-0.009083484194122766,0.1863,0.22874680851063828,0.19107360044675648,-0.2320294248401818,0.19383074833170633,0.5348268113103745,33
all_genes_ridge,ENSG00000164484,TMEM200A,0.0018070642032866704,0.004962446128634276,0.8843,0.8436574468085108,0.36414787313449304,0.43480891619667256,0.01450845282743452,0.16058990750202842,31
all_genes_ridge,ENSG00000164485,IL22RA2,0.0015259959272949924,0.007782704898340729,0.1095,0.1599595744680851,0.19607526524876132,-0.016633809758501726,0.931751539401945,0.9723398424243731,29
all_genes_ridge,ENSG00000164494,PDSS2,-0.0011166969094366253,-0.0026824206728865603,2.1822,2.1712829787234043,0.4163019323270219,-0.3093037608203984,0.10253108441154245,0.40588771444986027,29
all_genes_ridge,ENSG00000164532,TBX20,5.810505544858466e-05,0.0001251057595629977,0.1863,0.3120297872340425,0.464447485483876,-0.52606927553573,0.003376690554037528,0.08735208989990072,29
all_genes_ridge,ENSG00000164574,GALNT10,-0.003780118905876778,-0.00419750558684352,2.3502,2.038059574468085,0.9005631624946538,-0.0390357070808957,0.8348468865651646,0.9378413100260756,31
all_genes_ridge,ENSG00000164597,COG5,0.0009063807888996227,0.003381583926849888,2.55,2.5838468085106383,0.2680343911333767,0.2317218847547696,0.20191384249404706,0.5435274115086935,32
all_genes_ridge,ENSG00000164600,NEUROD6,-0.0025008760827432462,-0.3288905244706414,0.0181,0.01903191489361702,0.007603977301469774,-0.623103356518983,0.0003056225625826816,0.025077570270297875,29
all_genes_ridge,ENSG00000164609,SLU7,0.001172407764320806,0.003371911177273701,2.78995,2.73608829787234,0.3476982941373727,0.2372258843189821,0.20686265465089385,0.5486074023396299,30
all_genes_ridge,ENSG00000164619,BMPER,-0.000676721604170368,-0.000692033001973579,2.8856,2.697606382978723,0.9778747577650992,0.3570724603243259,0.05723166677834978,0.3069057063523985,29
all_genes_ridge,ENSG00000164620,RELL2,-0.0015547646661349108,-0.00787292991311351,0.305,0.34686170212765954,0.19748234561890668,-0.1401995821899926,0.4682176372182801,0.7700480750783848,29
all_genes_ridge,ENSG00000164654,MIOS,0.001090102390778614,0.004630053663144482,1.8441,1.8701297872340423,0.23544055211625245,0.041276490882207986,0.8316440277470256,0.9378413100260756,29
all_genes_ridge,ENSG00000164684,ZNF704,4.94773993406296e-05,9.289600418446777e-05,1.1824,1.1851106382978724,0.5326106302955734,-0.0766198594329313,0.6928114891018449,0.8797621381486848,29
all_genes_ridge,ENSG00000164692,COL1A2,0.0018788785285184092,0.0036431968806194094,1.6004,1.482410638297872,0.5157224794831746,0.40391208726056776,0.024230228629448656,0.20857262071764307,31
all_genes_ridge,ENSG00000164694,FNDC1,0.0009702574058016026,0.0023171603590674177,0.3091,0.42570212765957444,0.4187269137437255,0.3310752580846063,0.07937420265873138,0.3614700940097318,29
all_genes_ridge,ENSG00000164695,CHMP4C,-0.0016244433536121456,-0.002596985066342097,1.1105,1.3014553191489362,0.6255112417339407,-0.01650856340424,0.9322642540895448,0.9723398424243731,29
all_genes_ridge,ENSG00000164715,LMTK2,-3.324944127129577e-05,-8.3840657328926e-05,1.8837,1.8982000000000003,0.3965789669426211,-0.11973392824567398,0.5361426303654109,0.8086085760664029,29
all_genes_ridge,ENSG00000164741,DLC1,-0.0007706151546447212,-0.0010303616232912463,1.6254,1.6217297872340422,0.7479074697902407,-0.06836606984640792,0.7054061927890671,0.8849641327717387,33
all_genes_ridge,ENSG00000164751,PEX2,0.0016147059980032962,0.0022316311729569547,1.0871,1.271631914893617,0.7235541506904922,-0.023651145602365115,0.9030735412538934,0.9656450317667322,29
all_genes_ridge,ENSG00000164754,RAD21,0.00041596684571379227,0.0008979243585355983,2.6804,2.651757446808511,0.4632537716118782,0.059039976542752066,0.7441472371063402,0.9028578394321931,33
all_genes_ridge,ENSG00000164758,MED30,-0.0007227296947899077,-0.0015517947412388533,1.7206,1.7677468085106385,0.46573794560801685,-0.20349839862034985,0.2896921860852753,0.6324401265848717,29
all_genes_ridge,ENSG00000164761,TNFRSF11B,-0.0013506543583769832,-0.0021604784613799316,0.6675,0.8253829787234039,0.625164463576415,-0.2548888553068847,0.1522765098213673,0.47611893287092805,33
all_genes_ridge,ENSG00000164794,KCNV1,-9.465886747563046e-05,-0.005611162023790174,0.0352,0.037836170212765946,0.016869744105462704,0.17784303778143165,0.33848821721735595,0.6742242636603563,31
all_genes_ridge,ENSG00000164796,CSMD3,-0.00027085439997304064,-0.0008478270248693463,0.0347,0.09084468085106381,0.3194689388614151,0.18542723286463916,0.3355381233459184,0.6693125771867335,29
all_genes_ridge,ENSG00000164815,ORC5,0.0003500341194238529,0.0008411566667724014,2.1961,2.1420893617021273,0.41613427468508013,-0.0780478002839023,0.6764357277060881,0.8758268963328424,31
all_genes_ridge,ENSG00000164830,OXR1,-0.0015517851092194661,-0.0015270971773990653,0.1972,0.6816382978723405,1.016166575504022,-0.3688784942047833,0.03464523756234456,0.25006235486326467,33
all_genes_ridge,ENSG00000164841,TMEM74,-0.0009141469035431339,-0.002036711604432521,0.7696,0.7560936170212763,0.44883473023557413,-0.08713190979971802,0.6411567693309037,0.8629443085929409,31
all_genes_ridge,ENSG00000164850,GPER1,-0.001088698710962842,-0.0043569397845390455,0.41065,0.454186170212766,0.24987692389648755,0.34115945465458103,0.06503740760280431,0.323481523493979,30
all_genes_ridge,ENSG00000164920,OSR2,0.00037436095984347387,0.000892117872933022,0.6464,0.6799340425531915,0.41963172266988086,-0.21210288414165898,0.2520015668624206,0.6033728367463004,31
all_genes_ridge,ENSG00000164930,FZD6,0.00037136773338344246,0.0006164417668786017,2.5645,2.4238829787234035,0.6024376564616807,0.08774956864678334,0.6508117723175881,0.8673385846763304,29
all_genes_ridge,ENSG00000164938,TP53INP1,0.0012966351908431325,0.003870902438066228,2.3644,2.4179510638297876,0.3349697419630363,0.26087492496286196,0.17166774598845003,0.5016200931866547,29
all_genes_ridge,ENSG00000164953,TMEM67,0.0033812318107783617,0.007162243540547249,1.4062,1.4326893617021277,0.4720911529517761,0.5695895698241495,0.0005405939162967293,0.033494757752589185,33
all_genes_ridge,ENSG00000164961,WASHC5,-0.002149999066015834,-0.005284521946739588,2.52125,2.4961691489361697,0.406848355950594,-0.19045779764238183,0.2658631701059875,0.620231093604285,36
all_genes_ridge,ENSG00000164970,FAM219A,0.0017082920812923903,0.00655918777583667,1.39145,1.3537606382978724,0.2604426248605889,0.17564559216384684,0.3531910803125535,0.6889008183898336,30
all_genes_ridge,ENSG00000164978,NUDT2,-0.002512050468922454,-0.002419940823775889,2.35175,2.172777659574468,1.0380627675857148,-0.29857863490967335,0.09692926797226385,0.3922593566993161,32
all_genes_ridge,ENSG00000165023,DIRAS2,0.0012902036246592954,0.0039931126282993674,0.19119999999999998,0.3028170212765957,0.32310724609057223,0.25318544427577505,0.16206734501446057,0.48910184837366033,32
all_genes_ridge,ENSG00000165029,ABCA1,-0.002227196485266322,-0.003726648773584931,2.4926,2.4354872340425526,0.5976405667883271,-0.40274178858420207,0.020138746596162146,0.18684518396244826,33
all_genes_ridge,ENSG00000165066,NKX6-3,0.00017948068963399377,0.003863852325416438,0.0363,0.05082340425531915,0.04645122911488335,-0.4437323118603411,0.015900944783385742,0.16706682349740054,29
all_genes_ridge,ENSG00000165072,MAMDC2,-0.0006261288229187833,-0.0013217600573044897,0.5691,0.6584829787234043,0.4737083856170304,-0.4495311287669722,0.011177766016461414,0.14576412046054452,31
all_genes_ridge,ENSG00000165091,TMC1,0.0001307150262012365,0.0013542835317027942,0.0601,0.08694042553191489,0.09651968966711374,-0.4077907649073861,0.025292792454521606,0.21301120394044684,30
all_genes_ridge,ENSG00000165124,SVEP1,-0.001333067508165062,-0.0039005248404240813,0.40015,0.47955212765957456,0.3417661885778749,-0.28875240748323366,0.10897964418296792,0.4135777496743633,32
all_genes_ridge,ENSG00000165152,PGAP4,0.0003862558691908078,0.0009099432344154615,0.7398,0.8266531914893618,0.4244834782896482,-0.03568908174201293,0.8488365594733515,0.9416768180009485,31
all_genes_ridge,ENSG00000165185,KIAA1958,-0.0005968952413068624,-0.0013522743222338198,0.8912,1.0283978723404255,0.4414010023652982,-0.16184259267975173,0.40160277549575846,0.7218863389017895,29
all_genes_ridge,ENSG00000165195,PIGA,0.001061411412428103,0.0028465198150239754,1.3090000000000002,1.252836170212766,0.3728803877724501,0.19519574667169587,0.2843479776670342,0.630228948897893,32
all_genes_ridge,ENSG00000165259,HDX,0.003784288235331751,0.017842317940484593,0.1823,0.23599148936170217,0.2120962224725926,0.22418313836224285,0.22535531054063554,0.5730140056962894,31
all_genes_ridge,ENSG00000165282,PIGO,0.0007757036662181882,0.0016672779426229057,3.2129,3.1621829787234033,0.46525156147503355,0.4619270576638738,0.011647984984275824,0.14576412046054452,29
all_genes_ridge,ENSG00000165376,CLDN2,0.0015871091108524491,0.0021337069308870926,2.4069,2.449808510638298,0.7438271338382003,0.11052844113482749,0.5539005579020142,0.8199847876382151,31
all_genes_ridge,ENSG00000165379,LRFN5,-1.8002950817341725e-05,-0.0007812998810388773,0.0321,0.03757446808510638,0.023042305847280554,-0.022304374784259808,0.9085692982895209,0.967023415014658,29
all_genes_ridge,ENSG00000165383,LRRC18,0.0002958723432734862,0.0027894700849031913,0.0973,0.12163617021276596,0.10606758067590263,0.32359535136195383,0.0579248785509434,0.3069057063523985,35
all_genes_ridge,ENSG00000165409,TSHR,0.0011632826838995905,0.00268995133303961,0.1128,0.2039063829787234,0.43245491827731175,-0.047308119122106466,0.807469391637718,0.9258657481263485,29
all_genes_ridge,ENSG00000165474,GJB2,0.00033173486035508354,0.00044107637223893644,0.7176,0.9398127659574467,0.7521029944795563,0.3301712680848,0.08024785286980138,0.36291130591621407,29
all_genes_ridge,ENSG00000165475,CRYL1,0.0012540318945972666,0.0010592662513051714,4.542,4.29955744680851,1.1838684495537504,0.5258748151798915,0.003390632215158187,0.08735208989990072,29
all_genes_ridge,ENSG00000165478,HEPACAM,0.0009765257167944045,0.0029927500782360394,0.16995,0.2718606382978723,0.32629711511693615,0.24206859016979826,0.18193571318127222,0.5176727509075375,32
all_genes_ridge,ENSG00000165494,PCF11,-0.00039029127683289544,-0.0024659335495652505,2.2798,2.264342553191489,0.1582732336407462,-0.02413065916539312,0.8957028669671373,0.9632851236671021,32
all_genes_ridge,ENSG00000165495,PKNOX2,0.0017231082949951244,0.011953187711170982,0.15625,0.18573936170212765,0.14415470890537213,-0.0819506860211697,0.6556764670816386,0.8681350868119734,32
all_genes_ridge,ENSG00000165606,DRGX,0.00113051096358581,0.17804567861304899,0.0125,0.013812765957446805,0.006349555756659375,-0.24195004382197347,0.1551160334127993,0.4783270738288972,36
all_genes_ridge,ENSG00000165633,VSTM4,0.0013064924657542542,0.002100194970484055,0.588,0.7825,0.6220815134383131,-0.06345490582023045,0.7436574679609462,0.9028578394321931,29
all_genes_ridge,ENSG00000165646,SLC18A2,4.438949037747613e-05,0.00013821368726059093,0.4845,0.5329489361702128,0.3211656620793516,0.28746907311229103,0.11063290847439401,0.4162100497252295,32
all_genes_ridge,ENSG00000165675,ENOX2,-0.0005706053102592199,-0.0009608284183976196,0.397,0.6173148936170213,0.5938680614909605,-0.2798718896279872,0.14144529441422982,0.46076199493413217,29
all_genes_ridge,ENSG00000165694,FRMD7,0.0005167221838877031,0.0060519962635301496,0.08460000000000001,0.10892340425531916,0.08538045322359425,-0.0025981965762720168,0.9883646346647013,0.9953619428586008,34
all_genes_ridge,ENSG00000165695,AK8,0.003638559870242172,0.0051634929294534625,0.7555,0.9962595744680851,0.704670253247989,0.6651065631252686,2.4152146777412393e-05,0.007622063047034964,33
all_genes_ridge,ENSG00000165698,SPACA9,0.0018187022828908225,0.005891794103378024,0.634,0.6919702127659574,0.30868395109871216,0.5618918628653177,0.001513876206227244,0.059689976131245624,29
all_genes_ridge,ENSG00000165806,CASP7,8.608143914687707e-05,0.00011792700003534722,2.2938,2.206582978723404,0.7299553038835481,0.028335592182511686,0.8839934269922011,0.9567928856856764,29
all_genes_ridge,ENSG00000165813,CCDC186,9.678527679431365e-05,0.00035249511016087454,1.8375,1.8208723404255323,0.2745719699491491,-0.30905730364046186,0.10281941748732597,0.4059294557757109,29
all_genes_ridge,ENSG00000165832,TRUB1,-0.0005321905100145359,-0.0011056122159623504,1.727,1.7841446808510644,0.4813536810927012,-0.19263298941398,0.3077978097019524,0.6425406120273368,30
all_genes_ridge,ENSG00000165868,HSPA12A,-0.00019339720531903466,-0.00037437976675445066,1.03345,1.0850691489361703,0.5165802815564031,-0.06527319508323702,0.722642609627135,0.8973181852057185,32
all_genes_ridge,ENSG00000165887,ANKRD2,-0.0021845987098838117,-0.0023640424797400765,2.8267,2.6484382978723406,0.9240945239376602,-0.4867890377352302,0.005485377190695323,0.10675387917276283,31
all_genes_ridge,ENSG00000165899,OTOGL,-1.1382992454064182e-05,-8.9799040101344e-05,0.0721,0.11973191489361704,0.12676073643123292,-0.20447943739489374,0.24604084372736706,0.5975840012450292,34
all_genes_ridge,ENSG00000165929,TC2N,0.0008436695872531058,0.001427805161997139,0.9644,1.0895744680851065,0.5908856542254161,0.23210545944283484,0.22567469908720603,0.5731425239526868,29
all_genes_ridge,ENSG00000165934,CPSF2,0.0005859817368057033,0.0012975181364952492,2.3714500000000003,2.2858074468085112,0.45161737653125195,0.11295498351316548,0.5382094634530462,0.8109200650339694,32
all_genes_ridge,ENSG00000165970,SLC6A5,0.00047665278151254244,0.04485197612420859,0.0125,0.01592978723404255,0.010627241488592338,0.1926229939404258,0.2828378536574745,0.6294736114348495,33
all_genes_ridge,ENSG00000166025,AMOTL1,0.0020573184154566468,0.0035250658670727807,1.6823,1.6145680851063828,0.5836255244685815,0.12027110380904736,0.5343019722266081,0.8074369276654965,29
all_genes_ridge,ENSG00000166035,LIPC,0.00016637979096701866,0.00011529632356740518,4.7896,4.419474468085107,1.4430624136054848,-0.06632540163006538,0.7276699496834865,0.8981466811003024,30
all_genes_ridge,ENSG00000166068,SPRED1,-0.0001195643681511746,-0.0003167223839815174,1.7078,1.6741595744680855,0.3775052670674261,-0.07837338321983003,0.6861309639461758,0.8797621381486848,29
all_genes_ridge,ENSG00000166073,GPR176,-0.000796576350658607,-0.0026953439053596534,0.3531,0.4144957446808511,0.29553792711743615,-0.22794480731539093,0.23433727519658626,0.5860362170484644,29
all_genes_ridge,ENSG00000166086,JAM3,-3.701280334766682e-06,-7.110007734481625e-06,1.7722,1.7301127659574473,0.5205733204503377,0.047412490822442276,0.8000551367929136,0.9256735500393619,31
all_genes_ridge,ENSG00000166106,ADAMTS15,-0.00014822917899986072,-0.00044281792249728426,0.3894,0.4543446808510637,0.33474069469437473,-0.21641791484976258,0.24225496784424294,0.5918495788569219,31
all_genes_ridge,ENSG00000166128,RAB8B,-0.0022217985123919393,-0.004172659941879336,2.9003,2.759910638297872,0.5324657516642147,-0.3890806014296278,0.03696939400355248,0.25570134279586393,29
all_genes_ridge,ENSG00000166147,FBN1,-0.002447584968313771,-0.00672049902800718,0.91885,0.915918085106383,0.3641969083119635,-0.38851803365071336,0.03385999399396113,0.2495119945768592,30
all_genes_ridge,ENSG00000166159,LRTM2,-0.001275417490993945,-0.00911045923087372,0.093,0.13484680851063832,0.1399948629012885,-0.19526874598021918,0.27615092414374814,0.6245654860014576,33
all_genes_ridge,ENSG00000166171,DPCD,-0.001650454301354697,-0.003274802775279452,3.258,3.1443595744680857,0.503985862542167,-0.06322350845948353,0.7399592403318863,0.9014912735343527,30
all_genes_ridge,ENSG00000166199,ALKBH3,0.0015030765146876667,0.0038381711427028175,2.2798,2.2782765957446807,0.3916126870854459,0.24442029676633598,0.17042320211577908,0.5003915296165428,33
all_genes_ridge,ENSG00000166200,COPS2,0.0004564367736132376,0.0018790344384217211,3.4086,3.402648936170214,0.24291027576728064,-0.28543259432531215,0.13337796148311146,0.4484335449199628,29
all_genes_ridge,ENSG00000166206,GABRB3,0.00044122825729927206,0.004813798880641368,0.1269,0.14241914893617022,0.09165905519519438,0.29629173564756783,0.11860068848377119,0.42662522539896836,29
all_genes_ridge,ENSG00000166225,FRS2,-0.00012475953758471947,-0.00013954231158625044,1.92695,2.138375531914893,0.8940624257009401,0.016865261228230982,0.9270039943579205,0.9708120479029481,32
all_genes_ridge,ENSG00000166257,SCN3B,0.0004680198408005326,0.001836466450493766,0.1215,0.18608723404255315,0.2548480211411961,-0.07115017216039499,0.6892576917210891,0.8797621381486848,34
all_genes_ridge,ENSG00000166263,STXBP4,0.00012134443003931244,0.00026702705239317295,1.1289,1.0793021276595745,0.45442747823409235,0.010196406505209983,0.9550894800445818,0.9829430237610502,33
all_genes_ridge,ENSG00000166292,TMEM100,0.0028751970775706525,0.007238862585265209,0.3577,0.44946382978723415,0.3971890671641081,0.11557417447018235,0.5504972775898962,0.8188629083547141,29
all_genes_ridge,ENSG00000166333,ILK,-0.0022512052248355764,-0.006081203704962082,3.6437,3.627304255319148,0.3701907277006129,-0.13022867655605622,0.462894562198845,0.7666927936910494,34
all_genes_ridge,ENSG00000166340,TPP1,0.0011291099110163328,0.005018753719232499,3.9644500000000003,3.9704627659574467,0.22497814680354622,-0.04168064109134641,0.8268927138775626,0.9370833442822993,30
all_genes_ridge,ENSG00000166348,USP54,-0.0017503346894166666,-0.004210454267740079,1.5755,1.5281851063829786,0.4157116021488442,-0.24346278107769842,0.1948209598647376,0.5362433673158145,30
all_genes_ridge,ENSG00000166349,RAG1,-0.0004710126708038941,-0.0011979527879155203,0.6181,0.6818978723404255,0.39318133031225094,-0.023065352152360715,0.898617391225277,0.9642676688632253,33
all_genes_ridge,ENSG00000166387,PPFIBP2,0.001403611360184143,0.0013624634676224733,2.0620000000000003,2.0044212765957443,1.0302010978932696,0.1937849555355176,0.28791160666945176,0.6322312153771505,32
all_genes_ridge,ENSG00000166405,RIC3,-0.00033094651182280553,-0.0006426476667131973,1.254,1.2807063829787233,0.5149734900858223,-0.048805084415256744,0.7943055841003188,0.9237220683171338,31
all_genes_ridge,ENSG00000166407,LMO1,-0.002116827760070735,-0.009831935066891312,0.181,0.23931489361702127,0.2153012347690412,-0.13998992067932603,0.452585790322113,0.7608022866834001,31
all_genes_ridge,ENSG00000166436,TRIM66,0.0005113827794474076,0.0028294576538082914,0.1448,0.20394468085106388,0.1807352652050173,0.214661880861588,0.23028036586381695,0.5806737464805218,33
all_genes_ridge,ENSG00000166444,DENND2B,0.0014780734836208865,0.0017345393048428092,1.4514,1.629836170212766,0.8521418220354686,-0.2141351186923282,0.23925571909713939,0.5900734063191838,32
all_genes_ridge,ENSG00000166446,CDYL2,-0.00013608673582810336,-0.000427104637850934,0.56375,0.6007882978723403,0.31862621888830833,-0.10281518320707198,0.5887492212536646,0.8344737124501076,30
all_genes_ridge,ENSG00000166478,ZNF143,0.0009823247446231964,0.003285026504937012,2.0312,2.05991914893617,0.2990309950762579,0.05055488436568154,0.7945264034144642,0.9237220683171338,29
all_genes_ridge,ENSG00000166509,CLEC3A,0.0001803607108269705,0.0012941472378617228,0.11729999999999999,0.1529808510638298,0.13936645348405224,-0.04084585445442432,0.8303093312913313,0.9378413100260756,30
all_genes_ridge,ENSG00000166510,CCDC68,0.001513945258760916,0.002315286155170121,0.66315,0.8088202127659574,0.6538912070891192,-0.046511630498437324,0.8071830579642474,0.9258657481263485,30
all_genes_ridge,ENSG00000166569,CPLX4,-0.002651458002991039,-0.05777582587163549,0.034199999999999994,0.04700638297872339,0.04589216965728824,-0.6582615074271043,4.219495976325718e-05,0.009854145987788368,32
all_genes_ridge,ENSG00000166676,TVP23A,-0.0008811983481658476,-0.0013922369452103588,0.6758500000000001,0.8393159574468084,0.6329370522721646,-0.06097697012713793,0.7488992719472949,0.9043761544679905,30
all_genes_ridge,ENSG00000166689,PLEKHA7,-0.0011583883007662214,-0.0017073839155397985,1.9102,1.8229787234042554,0.6784580141719273,-0.12281940165295621,0.5103921740416413,0.7958657629123898,31
all_genes_ridge,ENSG00000166747,AP1G1,0.0016741558489715461,0.003850637921068935,2.9151,2.8325425531914896,0.43477363576859007,0.0955492606350554,0.621980400627518,0.8547664308725309,29
all_genes_ridge,ENSG00000166793,YPEL4,0.00013893091783262989,0.00035465127503214353,0.3919,0.5198617021276596,0.39173951318809724,-0.46284658392088307,0.011461209252590655,0.14576412046054452,29
all_genes_ridge,ENSG00000166828,SCNN1G,0.0003853999818803444,0.002890921240039345,0.1326,0.17744255319148936,0.13331389888542905,-0.2999753603574308,0.11387398239190417,0.42174600098691983,29
all_genes_ridge,ENSG00000166833,NAV2,-0.0003974686984400732,-0.0006851971645077642,1.24495,1.2894925531914896,0.5800793100561193,0.253728046504277,0.1760759513619742,0.5086266301950083,30
all_genes_ridge,ENSG00000166887,VPS39,-5.103364998626874e-05,-0.00015836247872078323,2.89295,2.8420138297872337,0.3222584692946661,0.06878209831254585,0.7083645118821866,0.8868431579687911,32
all_genes_ridge,ENSG00000166889,PATL1,0.0003578425786305005,0.0011828690639722412,2.1822,2.218555319148936,0.30252087025491614,0.07424767696498066,0.7018848605767436,0.883682207431822,29
all_genes_ridge,ENSG00000166912,MTMR10,-0.0035415750294547285,-0.009169840364219669,2.9003,2.9395999999999995,0.3862199219163951,-0.2503387970211467,0.19026786915315144,0.5293122545251902,29
all_genes_ridge,ENSG00000166974,MAPRE2,0.0024501404398599314,0.004653878744079607,2.1063,2.09296170212766,0.5264727713365668,0.0655299240182646,0.71711616734988,0.893855546797448,33
all_genes_ridge,ENSG00000167131,DNAAF19,-0.0033521075509093316,-0.030938554164519055,0.1356,0.1700765957446809,0.10834725931548524,-0.5030254237048536,0.0039225918968543985,0.09524774379307412,31
all_genes_ridge,ENSG00000167139,TBC1D21,-0.001517863564800751,-0.058453376873288145,0.0284,0.032791489361702134,0.025967080876971197,-0.5010573456813494,0.004795779324368503,0.10389046051165161,30
all_genes_ridge,ENSG00000167258,CDK12,0.0007740503218035617,0.006248996782107467,1.9738,1.9591000000000005,0.12386793413302322,0.1882569314386215,0.3021494887909788,0.6422341133989153,32
all_genes_ridge,ENSG00000167419,LPO,0.0006750082198214863,0.002166295152426747,0.1716,0.2532234042553192,0.3115956840254766,-0.3015131286159324,0.10539992435279605,0.4081558295090419,30
all_genes_ridge,ENSG00000167549,CORO6,-0.002324292052383986,-0.010472137656411841,0.4369,0.48030638297872347,0.2219501049970325,-0.38585684658968084,0.03870269487051831,0.2598396485597838,29
all_genes_ridge,ENSG00000167566,NCKAP5L,-0.000601914843071184,-0.001426657863293928,1.1058,1.0432425531914895,0.42190553079170473,0.10837877537195682,0.5686268977837772,0.8273303505889018,30
all_genes_ridge,ENSG00000167780,SOAT2,-0.0017600210482981707,-0.0023622144833544884,2.6228,2.5040872340425526,0.7450724990047617,-0.2611308993766696,0.16337201603724597,0.4906008315421155,30
all_genes_ridge,ENSG00000167910,CYP7A1,0.0026981658916586412,0.0019360796416199773,5.0533,4.705174468085106,1.393623399397456,0.47050969338088244,0.00869170375669842,0.12999020987850446,30
all_genes_ridge,ENSG00000168026,TTC21A,-0.002735577994637417,-0.008505424360632823,0.4193,0.4950893617021277,0.3216274554505454,-0.2335550628233555,0.22270791800474074,0.5696219368680647,29
all_genes_ridge,ENSG00000168077,SCARA3,-0.000991619162694552,-0.001941620208891928,0.54005,0.6431691489361702,0.5107173679761314,-0.2781177011313707,0.13671798481411218,0.45462847962283087,30
all_genes_ridge,ENSG00000168137,SETD5,0.0011347059498984483,0.002328958833505898,2.6223,2.633251063829787,0.48721597547103007,0.029997199176016152,0.8641773347910682,0.9488760898465399,35
all_genes_ridge,ENSG00000168143,FAM83B,0.000696435040551145,0.0017611630862025948,0.307,0.45889574468085104,0.39544040299685845,0.022732971880468158,0.9000710127527014,0.9649066365526842,33
all_genes_ridge,ENSG00000168216,LMBRD1,-0.006569859139111514,-0.010274225822864226,3.6513,3.56397659574468,0.6394505291572404,-0.2744688585187817,0.12216126487662597,0.4338108784038415,33
all_genes_ridge,ENSG00000168237,GLYCTK,-0.003461450823566932,-0.0052274395237777984,3.243,3.069793617021277,0.6621694632375946,-0.2797054670163405,0.12752399218261978,0.4403654759265783,31
all_genes_ridge,ENSG00000168246,UBTD2,-0.0012726039775758351,-0.002776593116209666,1.9302,1.9275297872340427,0.4583329009016164,-0.3309104374009843,0.07953294558580397,0.3614700940097318,29
all_genes_ridge,ENSG00000168263,KCNV2,0.0014488253010766308,0.049359852249354026,0.0302,0.03892553191489362,0.029352302226463647,0.4425280309547042,0.016222735213269904,0.16827311386178123,29
all_genes_ridge,ENSG00000168269,FOXI1,-0.0024192027827370467,-0.05220021629670068,0.0553,0.06472127659574467,0.04634468886079985,-0.46405648267008986,0.007464362467110596,0.12249624027106902,32
all_genes_ridge,ENSG00000168280,KIF5C,0.0023834881004363186,0.043011666530990963,0.126,0.1430808510638298,0.055414920942878525,0.09090909147188282,0.6328187809730893,0.8596142367043843,30
all_genes_ridge,ENSG00000168356,SCN11A,-0.00010317482848803939,-0.0006961687773927557,0.0509,0.103431914893617,0.14820375724754964,-0.1366722391152148,0.47142264480197354,0.7710485663349042,30
all_genes_ridge,ENSG00000168386,FILIP1L,0.0031437534174753173,0.004173648675517469,1.342,1.2406765957446806,0.7532386316837125,0.2523817518120629,0.15648928039962343,0.4799004598921785,33
all_genes_ridge,ENSG00000168418,KCNG4,-0.0009740746259881495,-0.021810461705776833,0.0471,0.06053617021276596,0.04466088976604062,-0.05944016486262907,0.7593870092163799,0.9090815315599438,29
all_genes_ridge,ENSG00000168434,COG7,-0.00014348287143028783,-0.0004612546197426838,2.56445,2.6321542553191493,0.3110708604074934,-0.14241149001335676,0.4368491468563048,0.7457343056631205,32
all_genes_ridge,ENSG00000168497,CAVIN2,0.0006303771293719793,0.001371565496454619,1.0486,1.1518021276595745,0.4596041027580898,-0.05989072628119972,0.7325334464498449,0.8983212793247178,35
all_genes_ridge,ENSG00000168530,MYL1,-5.5872419893189523e-05,-0.0009064543439097564,0.0721,0.09304680851063829,0.061638426985961906,-0.35021144869196713,0.05779343034315955,0.3069057063523985,30
all_genes_ridge,ENSG00000168538,TRAPPC11,-0.002195243473977135,-0.005580793389170631,2.4926,2.5105531914893615,0.3933568797291334,-0.2789994004724553,0.1285283049522,0.44141621474533843,31
all_genes_ridge,ENSG00000168542,COL3A1,-0.0017812144336449489,-0.0019388872035798173,2.9595000000000002,2.758772340425532,0.918678729921084,-0.10451045280181208,0.5691922270400849,0.8273303505889018,32
all_genes_ridge,ENSG00000168566,SNRNP48,0.0005670177855262412,0.0015497126035578773,2.2868,2.279868085106383,0.3658857676090809,-0.24057601355718847,0.1847282947128702,0.5197730331309304,32
all_genes_ridge,ENSG00000168615,ADAM9,0.0007214573506070143,0.0016974827458918803,2.1822,2.257527659574468,0.4250160140673188,-0.050793068884978636,0.7824900932846793,0.9191869572703028,32
all_genes_ridge,ENSG00000168675,LDLRAD4,0.0007394244016815034,0.00140875967699338,0.6453,0.7810851063829787,0.5248761827564561,0.20690080255675258,0.28152916824594415,0.6293800079374976,29
all_genes_ridge,ENSG00000168679,SLC16A4,-0.00024406643146662906,-0.0003010428534038164,1.218,1.3723063829787234,0.8107365071352164,-0.024329021500060746,0.8879938720241742,0.9588295929929671,36
all_genes_ridge,ENSG00000168685,IL7R,0.002978245946093972,0.015304880243329025,0.2146,0.26842340425531924,0.1945945279377215,0.28788765460439847,0.10424225743976334,0.407702743674865,33
all_genes_ridge,ENSG00000168702,LRP1B,-0.0010877994661481446,-0.007998524762050761,0.05835,0.10249893617021276,0.13600001231592626,-0.2545837959917826,0.15968288829531174,0.4857709041586872,32
all_genes_ridge,ENSG00000168710,AHCYL1,-0.0030364721235532984,-0.009411603006471342,3.7885,3.7682361702127665,0.32263070610452277,-0.4774358356548272,0.006606869978602674,0.11396850713089614,31
all_genes_ridge,ENSG00000168769,TET2,0.0003819420258445586,0.0008931285856279989,0.746,0.7306085106382979,0.4276450580472665,-0.13409961958476163,0.4720108819259753,0.7712158053359413,31
all_genes_ridge,ENSG00000168813,ZNF507,3.2293094775454876e-06,1.5262425652903407e-05,1.6759,1.6697808510638297,0.21158559923475653,0.032832498812139434,0.8632521021141181,0.9488480206908709,30
all_genes_ridge,ENSG00000168818,STX18,-0.002579422683257681,-0.005705990093884107,2.1407,2.222946808510638,0.4520552333279376,0.07508250951288079,0.6829728069628339,0.8786040008216794,32
all_genes_ridge,ENSG00000168827,GFM1,-0.003428602315476978,-0.009969246791614277,3.1082,3.1567638297872347,0.3439178893997266,-0.36743344396251654,0.04200537892048627,0.2712041174796473,31
all_genes_ridge,ENSG00000168874,ATOH8,0.002224907264491231,0.004728098558652043,1.3133,1.356563829787234,0.4705712533043179,-0.04537205173920507,0.8084979162102583,0.9262640277789979,31
all_genes_ridge,ENSG00000168907,PLA2G4F,0.0007715264008840371,0.006215962405149663,0.18764999999999998,0.22075000000000003,0.12412018455016073,0.12469057040842775,0.49653341887024366,0.7874675471453165,32
all_genes_ridge,ENSG00000168917,SLC35G2,0.0035152975711229997,0.0047911711508188725,1.6759,1.5635297872340426,0.7337031929076862,0.35760387252924564,0.04825733329498566,0.2855931069855292,31
all_genes_ridge,ENSG00000168918,INPP5D,0.000395737244202699,0.0014654478026695289,0.3294,0.4064617021276596,0.2700452677207645,-0.13203596602183704,0.49476005456282107,0.7874675471453165,29
all_genes_ridge,ENSG00000168944,CEP120,-0.0006750087424115261,-0.0017335577078948078,1.85405,1.7909585106382981,0.38937771689829753,-0.06766081240114052,0.7223993448809904,0.8973181852057185,30
all_genes_ridge,ENSG00000168955,TM4SF20,-0.001077834058432826,-0.0009958536663511584,4.156499999999999,3.7754723404255315,1.082321725421815,-0.08938112199465717,0.6385690722333776,0.861632063349693,30
all_genes_ridge,ENSG00000169218,RSPO1,-0.0002889754782859097,-0.0019014063659796238,0.1233,0.17944468085106383,0.1519798626197544,-0.3224932249322493,0.08796808273256097,0.37499421318934817,29
all_genes_ridge,ENSG00000169247,SH3TC2,0.00017181192282367095,0.00040611445422328074,0.1427,0.30350425531914893,0.423062811571856,-0.24349405377458683,0.18684331475662305,0.522463635391466,31
all_genes_ridge,ENSG00000169252,ADRB2,0.004394357369554337,0.01204650436303921,1.4959,1.4802191489361707,0.36478278155420735,0.30503882827536,0.1076069038083912,0.411972963382441,29
all_genes_ridge,ENSG00000169271,HSPB3,-0.0012219210555284522,-0.042187302901124976,0.0516,0.058868085106382986,0.02896418996948649,-0.14134668980141385,0.4562450986621045,0.7627533697897297,30
all_genes_ridge,ENSG00000169282,KCNAB1,0.002855940103153062,0.029561236914828773,0.2306,0.23249574468085107,0.09661098117719288,0.3621195452878621,0.0416835126341237,0.2712041174796473,32
all_genes_ridge,ENSG00000169302,STK32A,0.0018698347734839881,0.006931544223552727,0.2367,0.2999510638297873,0.2697573171545913,-0.26416954966713413,0.1661245422256158,0.4930865860683995,29
all_genes_ridge,ENSG00000169306,IL1RAPL1,0.0019351416481831767,0.02010433703971729,0.06025,0.09745,0.09625493466211751,0.1277229996851837,0.4716196270368633,0.7710485663349042,34
all_genes_ridge,ENSG00000169313,P2RY12,0.00018232552847121687,0.0015735307642032233,0.1376,0.1629340425531915,0.11587032971899959,-0.22682825618967126,0.20429508505306065,0.5469487462267126,33
all_genes_ridge,ENSG00000169344,UMOD,0.002667824799243441,0.0089637358886377,0.2367,0.3041170212765958,0.29762420852059424,0.15078569251141496,0.40225361781980296,0.7222010548201785,33
all_genes_ridge,ENSG00000169375,SIN3A,0.0014379539410882382,0.005751209529675058,2.18225,2.2227117021276594,0.2500263524861495,-0.08814691206513367,0.6432289098635788,0.8629443085929409,30
all_genes_ridge,ENSG00000169435,RASSF6,-0.0010699398411916766,-0.001181979653118609,0.8447,1.025636170212766,0.9052100333272917,-0.4111501227625556,0.017453944147136576,0.1750228599019233,33
all_genes_ridge,ENSG00000169439,SDC2,0.0008199604775556062,0.0013933450824552087,0.6625,0.863168085106383,0.5884834187025346,-0.051984957756070566,0.7738746734434512,0.9179516882234723,33
all_genes_ridge,ENSG00000169490,TM2D2,-0.0013532229580684415,-0.003547395352188738,2.8047,2.861068085106383,0.38146945116605196,-0.424484197630942,0.015457947190270433,0.1658315465359047,32
all_genes_ridge,ENSG00000169507,SLC38A11,0.002398401186417533,0.010937313328504245,0.3135,0.34208510638297873,0.21928613676696518,0.31823747183141327,0.08655195526155943,0.373786253448214,30
all_genes_ridge,ENSG00000169508,GPR183,-0.0015781796755368128,-0.011940189979503038,0.1523,0.1843787234042553,0.13217374918204594,-0.09947740025307188,0.5880340503144064,0.8344737124501076,32
all_genes_ridge,ENSG00000169519,METTL15,-0.001431418734166059,-0.003360066803224296,0.65725,0.7863585106382976,0.42600901053290957,-0.026699299308611587,0.8886213478897574,0.959066623602312,30
all_genes_ridge,ENSG00000169604,ANTXR1,-0.002384856311427489,-0.00275952998198537,0.7444,1.07031914893617,0.8642255481897978,-0.375540933732355,0.02199365597306812,0.1952419284626749,37
all_genes_ridge,ENSG00000169621,APLF,-0.0006319556901781295,-0.0018342260926721779,2.0312,2.032865957446808,0.34453532893399735,-0.07246215494211933,0.7035535727728293,0.8843736564211583,30
all_genes_ridge,ENSG00000169641,LUZP1,-0.0007238102652044361,-0.0010770564170527743,1.4299,1.4736531914893616,0.6720263244752297,-0.21704858293207374,0.23277069773258932,0.5850097999305804,32
all_genes_ridge,ENSG00000169744,LDB2,-0.001266102406420611,-0.003465369968067989,0.80175,0.8200031914893616,0.36535850950612575,0.002002893179358545,0.9916190642937368,0.9968152480043062,30
all_genes_ridge,ENSG00000169760,NLGN1,0.0019584458480850267,0.007617865417245279,0.055749999999999994,0.11680957446808511,0.2570859080355382,0.21378804906475943,0.24003623342465089,0.5910381222037633,32
all_genes_ridge,ENSG00000169764,UGP2,-0.0004766540556125972,-0.0009964972237931288,2.0312,1.916751063829787,0.4783295369336119,0.12136520453425333,0.530562313975206,0.802984638698268,29
all_genes_ridge,ENSG00000169860,P2RY1,-0.004596665630997105,-0.008948895858376878,0.5565,0.7300489361702126,0.513657294010664,-0.4342666124653048,0.01156396907825443,0.14576412046054452,33
all_genes_ridge,ENSG00000169918,OTUD7A,0.0005387969151859736,0.002741411911329742,0.1002,0.17501489361702127,0.19653993365945002,-0.21626432439975388,0.25103317184452384,0.6020037201579577,30
all_genes_ridge,ENSG00000169933,FRMPD4,0.0005105126223537501,0.0010178962647141444,0.1002,0.2621234042553191,0.5015369837290024,0.18003698087931824,0.35002061186431566,0.6869183374003242,29
all_genes_ridge,ENSG00000169946,ZFPM2,0.00015616088411748435,0.0007333373597920193,0.198,0.2708148936170212,0.21294549095626725,0.008011572320655523,0.9664849982488937,0.9846702172675765,30
all_genes_ridge,ENSG00000169967,MAP3K2,-0.0017375976309013488,-0.0037190727342269235,1.9503,1.9552382978723406,0.4672125970837029,0.019839802984894083,0.9186369763988025,0.9700806470771354,29
all_genes_ridge,ENSG00000170017,ALCAM,-0.00408062613241185,-0.003360611023861719,3.65895,3.145613829787234,1.2142512487871189,-0.019110228017245566,0.9145728310021244,0.9693115163169992,34
all_genes_ridge,ENSG00000170044,ZPLD1,7.396344608874873e-05,0.0020431029923580935,0.038900000000000004,0.05211914893617023,0.03620152599521287,-0.13763067127799072,0.4525523580666147,0.7608022866834001,32
all_genes_ridge,ENSG00000170091,NSG2,-0.000458840501574775,-0.0032755898833439134,0.03805,0.07235851063829789,0.14007873937697105,-0.3799243267304696,0.038369661712082545,0.2598396485597838,30
all_genes_ridge,ENSG00000170145,SIK2,0.0012536106235397563,0.004281622468361354,2.3361,2.3378276595744683,0.2927886876536159,0.15811037673574016,0.37950990991844596,0.7092656377576894,33
all_genes_ridge,ENSG00000170153,RNF150,-0.0003988212167786696,-0.0010426481202436434,0.5168,0.6082893617021277,0.3825079708439642,-0.18893952600512873,0.3263002668703596,0.662640541952115,29
all_genes_ridge,ENSG00000170166,HOXD4,0.0005964139256307501,0.08568335865118838,0.025500000000000002,0.025344680851063832,0.006960673986400487,0.08657374023450597,0.637543087332265,0.861632063349693,32
all_genes_ridge,ENSG00000170214,ADRA1B,-0.0002103314316006724,-0.0003431390641590289,0.634,0.8115297872340426,0.6129626544158016,-0.019762049201964872,0.9159640590315644,0.9694664817536188,31
all_genes_ridge,ENSG00000170222,ADPRM,-0.001339241034401624,-0.0028770622936279367,1.5694,1.5761595744680854,0.46548906409421503,-0.39403647116806306,0.03442686125078497,0.25006235486326467,29
all_genes_ridge,ENSG00000170242,USP47,0.0009071566804890222,0.0026103742608574493,2.9373,2.912448936170212,0.34751977679669643,-0.15586010612229542,0.4108204448668028,0.7282948482605083,30
all_genes_ridge,ENSG00000170381,SEMA3E,1.2531647066518496e-05,4.508528254723049e-05,0.3228,0.3888489361702128,0.2779542759522596,-0.12601320341480982,0.4846945549240332,0.7787099466422448,33
all_genes_ridge,ENSG00000170417,TMEM182,-0.0015260942468900921,-0.020738435103462904,0.0549,0.07871489361702128,0.07358772440044258,-0.3133372873234901,0.05897171280993288,0.307097976142292,37
all_genes_ridge,ENSG00000170464,ENSG00000170464,0.00014858720733625856,0.00026633015341504695,1.3317,1.4349638297872338,0.557906062948499,-0.5779806336603364,0.000822808936748438,0.044607998785147464,30
all_genes_ridge,ENSG00000170471,RALGAPB,-0.0028693465163397536,-0.015549089619535371,2.3009,2.3024361702127663,0.1845346953775866,-0.18076581035638037,0.33910717168502447,0.6744646546025157,30
all_genes_ridge,ENSG00000170477,KRT4,-0.0003340164255232468,-0.0017901200175255312,0.05655,0.10472021276595743,0.18658884446471644,-0.651907891451933,9.505135586839668e-05,0.013269905185751978,30
all_genes_ridge,ENSG00000170485,NPAS2,0.0019744835906976323,0.0032727624065624085,0.377,0.5465595744680851,0.6033079537758314,-0.013510788740118842,0.9424931023660293,0.9782595072763299,31
all_genes_ridge,ENSG00000170584,NUDCD2,-0.0018293436881451448,-0.007577829730950481,2.8267,2.829536170212766,0.24140733601778774,-0.25816389598355965,0.17632596524177643,0.5088646677509822,29
all_genes_ridge,ENSG00000170624,SGCD,-0.0011199426013400778,-0.00390048762788349,0.22699999999999998,0.3059978723404256,0.2871288690506087,-0.3507288500743408,0.05739936926136734,0.3069057063523985,30
all_genes_ridge,ENSG00000170633,RNF34,0.00014111027403142964,0.000255086079069489,2.21,2.174163829787233,0.5531868871330655,0.18765402245477858,0.32966307549632873,0.6648932682349441,29
all_genes_ridge,ENSG00000170759,KIF5B,-0.0003259468768397838,-0.00160765811785066,3.29555,3.3065989361702126,0.20274638819076454,-0.2918245756450506,0.1176410398893238,0.4262273475561957,30
all_genes_ridge,ENSG00000170775,GPR37,0.00021994279378285449,0.0004324812420328727,0.3869,0.5232489361702127,0.5085603083015026,-0.00665352390340069,0.972674178039054,0.989292731834696,29
all_genes_ridge,ENSG00000170802,FOXN2,0.00044705224482414834,0.001504531958321109,1.7852,1.7793106382978723,0.29713708795060034,-0.13599130915525065,0.4504863813613715,0.7595395706121516,33
all_genes_ridge,ENSG00000170807,LMOD2,-0.0009223596257880404,-0.0062928945890316735,0.1063,0.141963829787234,0.14657159956177965,-0.3271192154065427,0.06314163674021384,0.3221815279719146,33
all_genes_ridge,ENSG00000170820,FSHR,-0.0007272367182742372,-0.011864493475251488,0.0443,0.06382978723404255,0.06129521835813747,-0.1860892827286407,0.29979443954286616,0.6414206613475276,33
all_genes_ridge,ENSG00000170873,MTSS1,-4.617153382414463e-05,-9.765884177876681e-05,1.8638,1.8223063829787227,0.47278395876064283,-0.05335140463282405,0.7834207596467598,0.9191869572703028,29
all_genes_ridge,ENSG00000170876,TMEM43,-0.0005322993623754312,-0.000969617602465765,3.273,3.1931617021276595,0.5489786499562084,-0.3542107935312526,0.050579613846077634,0.29119075233243497,31
all_genes_ridge,ENSG00000170881,RNF139,-0.0008797186558222878,-0.0032652133854718618,2.5141,2.524963829787234,0.2694214901042855,-0.2383073733074127,0.20473886209177916,0.5472686164755913,30
all_genes_ridge,ENSG00000170903,MSANTD4,-0.0013116834223768769,-0.0030877359924152037,1.8572,1.873227659574468,0.4248042661674867,-0.6091189202132388,0.0004533859725740688,0.02897111893972396,29
all_genes_ridge,ENSG00000170921,TANC2,0.0010575417341152605,0.00294389550745579,0.87995,0.9181159574468086,0.35923208939886,0.23480970979982543,0.21166192633689282,0.5535556338615367,30
all_genes_ridge,ENSG00000170927,PKHD1,-0.00036073436590638834,-0.0005963436343654345,0.88105,0.9575436170212767,0.6049102314812893,-0.15442813021397198,0.4151858245053401,0.7303036866733561,30
all_genes_ridge,ENSG00000170955,CAVIN3,-0.0023770487167157238,-0.003994411951711823,2.1545,2.174451063829787,0.5950935320271683,-0.3299655102651983,0.08044773019815944,0.36291130591621407,29
all_genes_ridge,ENSG00000170962,PDGFD,-0.0019099232884125,-0.0035823727219643007,0.809,0.873991489361702,0.5331447720954182,-0.3838856749595931,0.039794198049118226,0.26349496164462727,29
all_genes_ridge,ENSG00000170989,S1PR1,-0.0017988347437292807,-0.0030278092454680294,0.86965,1.0427797872340423,0.594104383035934,-0.47246024664202124,0.008380972587175456,0.12850824633669033,30
all_genes_ridge,ENSG00000171109,MFN1,-0.00034232272032009615,-0.0007245631453364509,2.8414,2.8827446808510637,0.47245395038846283,-0.41744703091056456,0.024251032646023716,0.20857262071764307,29
all_genes_ridge,ENSG00000171174,RBKS,-8.449806605135223e-06,-8.92503583791296e-06,3.5905,3.414510638297871,0.9467532409495775,-0.0098558587488,0.9595311993880867,0.9829430237610502,29
all_genes_ridge,ENSG00000171189,GRIK1,0.0018962766398062268,0.004701656809258875,0.03715,0.10620106382978722,0.40332093913616335,-0.05830048608232908,0.751284754359815,0.9052380402245361,32
all_genes_ridge,ENSG00000171208,NETO2,0.00034709166055848996,0.0007599448941233173,0.4538,0.5330489361702128,0.4567326700166853,-0.13919685073828356,0.4714371833376286,0.7710485663349042,29
all_genes_ridge,ENSG00000171217,CLDN20,-0.0009149435311544896,-0.006447852654368343,0.1197,0.15128936170212764,0.14189895151134174,-0.2656481105794502,0.1636785954764557,0.49103578642936707,29
all_genes_ridge,ENSG00000171243,SOSTDC1,-0.000910002309194933,-0.004910237615364637,0.1233,0.15772340425531914,0.1853275504117036,-0.03152364280939794,0.8573348399440204,0.9454662455757522,35
all_genes_ridge,ENSG00000171316,CHD7,0.0012509846674895644,0.0030939409157403398,1.9469500000000002,1.898671276595745,0.40433372891034025,-0.13691006233303651,0.4706441568556462,0.7710485663349042,30
all_genes_ridge,ENSG00000171320,ESCO2,0.0005118040710950076,0.002883562951122024,0.2644,0.3113787234042554,0.17749016746655707,-0.24590367578256,0.19850108171262595,0.538578875779054,29
all_genes_ridge,ENSG00000171385,KCND3,0.00029708415691587643,0.0012637262353030563,0.071,0.1692340425531915,0.2350858505716091,-0.14576145884672254,0.45057008124917164,0.7595395706121516,29
all_genes_ridge,ENSG00000171408,PDE7B,-0.0006919385597450648,-0.0012401846567959272,0.1652,0.3544957446808511,0.5579318821220698,-0.5230887094749189,0.0015024743076891486,0.059689976131245624,34
all_genes_ridge,ENSG00000171448,ZBTB26,-0.0006670894277869198,-0.004514877080479563,1.727,1.7457,0.14775361895701103,-0.342949364535001,0.05892838694729588,0.307097976142292,31
all_genes_ridge,ENSG00000171453,POLR1C,0.0017446901450689598,0.006150324481943743,2.4639,2.4420468085106384,0.28367448745038726,0.03396058871698858,0.8585996176732323,0.9461736621618633,30
all_genes_ridge,ENSG00000171488,LRRC8C,-0.001109145768808406,-0.003176361346260416,0.59065,0.6181074468085107,0.34918752871559217,0.05541337521786737,0.7711749687061241,0.916851743329032,30
all_genes_ridge,ENSG00000171492,LRRC8D,-0.00118654681588473,-0.0019073465494168994,1.8837,1.9167297872340427,0.6220929365182603,-0.24396254312469196,0.20218068276949985,0.5436851664200191,29
all_genes_ridge,ENSG00000171503,ETFDH,-0.006484469016103298,-0.007643632568811851,4.0488,3.889212765957447,0.8483491269009629,-0.5058471299976711,0.004347322933619745,0.09806157964311282,30
all_genes_ridge,ENSG00000171509,RXFP1,0.0015115316676649142,0.009182413897200892,0.10175000000000001,0.16139255319148935,0.16461158085301295,0.27181656951371974,0.14620691302386873,0.4652874087426263,30
all_genes_ridge,ENSG00000171517,LPAR3,-0.00444768390653266,-0.010625899501795943,0.2169,0.34634468085106385,0.418570108420556,-0.357994132746608,0.044243020882570386,0.2773053694751085,32
all_genes_ridge,ENSG00000171522,PTGER4,0.0003543954274994939,0.0010577274728113002,0.6082,0.6513978723404256,0.335053628282489,0.20572812036044533,0.26686834928891634,0.6208523436330651,31
all_genes_ridge,ENSG00000171540,OTP,0.0013431116677011857,0.12185295643387982,0.0137,0.015331914893617024,0.011022397051400132,0.45276282747249835,0.013652546557683927,0.15822807146959142,29
all_genes_ridge,ENSG00000171557,FGG,0.0021586789087726745,0.001819507803640902,7.8129,7.6069106382978715,1.1864081618408444,-0.007874017192380865,0.9664671022306579,0.9846702172675765,31
all_genes_ridge,ENSG00000171564,FGB,0.0002403894538473386,0.00019817362775962784,7.688,7.485287234042553,1.2130244400577654,0.1895761200822133,0.29871212151650484,0.640299799935474,32
all_genes_ridge,ENSG00000171566,PLRG1,0.002560071750306211,0.008593581495636977,3.1231,3.126102127659574,0.29790509947522786,0.17939868149450552,0.3428338758327658,0.6789586738605852,30
all_genes_ridge,ENSG00000171617,ENC1,0.0007932972027163856,0.0015382123522674008,1.036,1.0538808510638298,0.5157267145508397,-0.1197339246119734,0.5361426428266367,0.8086085760664029,29
all_genes_ridge,ENSG00000171681,ATF7IP,0.0009440175360993402,0.0021470212132960295,2.2658,2.1286489361702126,0.4396871024157784,0.4910141289239658,0.004323366351263007,0.09806157964311282,32
all_genes_ridge,ENSG00000171722,SPATA46,-0.0036378923311182277,-0.11566581582087765,0.06684999999999999,0.06933297872340426,0.0314517500723977,-0.6383476583731293,0.0001472697228100341,0.016650139510699716,30
all_genes_ridge,ENSG00000171723,GPHN,-0.0009132411163386658,-0.0009781469872298552,2.91515,2.5137499999999995,0.9336440517237548,0.0732691453677085,0.6902475942321888,0.8797621381486848,32
all_genes_ridge,ENSG00000171759,PAH,0.0026502222219499548,0.0021650744765728384,5.1309,4.87081914893617,1.2240790100417567,0.43725037754017815,0.008625264402053166,0.12999020987850446,35
all_genes_ridge,ENSG00000171763,AFG2B,-0.0013040394287589033,-0.004260651156923996,1.5942,1.5829340425531917,0.30606575866688945,-0.11423290290060133,0.5551635113696709,0.8209821824249005,29
all_genes_ridge,ENSG00000171766,GATM,0.0017577654120303871,0.0012592323112511807,3.35655,3.41403085106383,1.395902405239158,0.26411808291405314,0.1440929963460426,0.46194966938393384,32
all_genes_ridge,ENSG00000171806,METTL18,-0.00232766141220673,-0.005895970084102161,0.9913,1.0504723404255318,0.3947885384430655,-0.3671860739974187,0.038704285731296896,0.2598396485597838,32
all_genes_ridge,ENSG00000171819,ANGPTL7,-0.0027209895956446174,-0.018097345847983372,0.1095,0.15184042553191487,0.1503529643794603,-0.48319960554794344,0.004392745333156569,0.09806157964311282,33
all_genes_ridge,ENSG00000171860,C3AR1,0.000928438987031772,0.00594489910495771,0.3327,0.32545744680851063,0.15617405285440528,0.05642479133688,0.7712635153185732,0.916851743329032,29
all_genes_ridge,ENSG00000171914,TLN2,0.00375911023323029,0.00637904827024045,1.1933,1.2038489361702125,0.589290137647539,0.2266741406385524,0.19038504016518695,0.5293122545251902,35
all_genes_ridge,ENSG00000171956,FOXB1,0.00049531092800394,0.04803202681833831,0.0263,0.02767446808510638,0.010312097173772261,0.19636734174281423,0.28971408213982436,0.6324401265848717,31
all_genes_ridge,ENSG00000171962,DRC3,0.003721582070201186,0.015353456541821804,0.34335000000000004,0.3838351063829788,0.24239376065342952,0.2939474928136268,0.11487267207520094,0.42174600098691983,30
all_genes_ridge,ENSG00000171988,JMJD1C,-0.000711030713127889,-0.001909051009490742,2.22395,2.2525095744680854,0.3724524434355284,-0.2160873235977087,0.23489712636561785,0.5864701279983683,32
all_genes_ridge,ENSG00000172020,GAP43,-0.00015469014689113917,-0.0016977695716654604,0.0689,0.08572978723404255,0.09111374680805054,-0.3893161678649055,0.025129972671720256,0.212519768889534,33
all_genes_ridge,ENSG00000172046,USP19,-0.00028230385955132467,-0.0005997391573608994,3.183,3.131706382978723,0.4707110684477874,0.050043141018628494,0.7965629849118568,0.9240182501553971,29
all_genes_ridge,ENSG00000172137,CALB2,0.0009976107755520697,0.009385362213916582,0.1017,0.13486808510638298,0.1062943286379311,0.4648841935140378,0.011056239456199983,0.14576412046054452,29
all_genes_ridge,ENSG00000172167,MTBP,-0.0006918415154036408,-0.0017584056341532239,1.87705,1.7887393617021277,0.3934481907735716,-0.07784705666605539,0.6719358598651874,0.8754529706250678,32
all_genes_ridge,ENSG00000172175,MALT1,-0.0007447057241642187,-0.0027013974346109435,1.8837,1.848736170212766,0.27567425459981293,-0.1674062121823316,0.3680399661349492,0.7005450389879033,31
all_genes_ridge,ENSG00000172197,MBOAT1,-1.7261365123555274e-05,-3.313812027236713e-05,1.3593,1.2956468085106383,0.5208914984218039,0.16599435593788872,0.37215102155274926,0.7038611257125721,31
all_genes_ridge,ENSG00000172209,GPR22,0.0019149502760282368,0.07092343115829995,0.0427,0.048061702127659575,0.02700024864496613,-0.12200823853846855,0.5206930858145796,0.7978689436438281,30
all_genes_ridge,ENSG00000172215,CXCR6,-0.001489246205622248,-0.006488653264199968,0.2192,0.2728978723404256,0.22951545490015757,0.023589629610819042,0.9015270423420225,0.9651044078104304,30
all_genes_ridge,ENSG00000172269,DPAGT1,0.0005947801492506885,0.0029232019637730343,2.6078,2.5478702127659574,0.20346871568291983,-0.1500616933488645,0.43717321066046894,0.7457343056631205,29
all_genes_ridge,ENSG00000172292,CERS6,-7.566260516589525e-05,-0.00014747123950131097,1.8047,1.7764361702127658,0.5130668557595099,0.16892558423210863,0.3810317046056625,0.7092656377576894,29
all_genes_ridge,ENSG00000172296,SPTLC3,0.0009256675539214125,0.0015451253408818475,0.6885,0.814891489361702,0.59908897319172,0.02488604334072,0.8980381445969773,0.9642676688632253,29
all_genes_ridge,ENSG00000172318,B3GALT1,-0.0011706429086950445,-0.006660470811479959,0.09165000000000001,0.15369893617021274,0.17575978362930883,0.08542828985823692,0.6309601209170829,0.858241454795817,34
all_genes_ridge,ENSG00000172331,BPGM,-0.0013432793027332015,-0.002277989616787165,2.3502,2.3134914893617022,0.5896775353294798,-0.4050757699830366,0.02926806554942185,0.23140064325011653,29
all_genes_ridge,ENSG00000172340,SUCLG2,-0.0003498420949923335,-0.0005046506726088395,3.198,3.159697872340426,0.6932361611325941,0.08971041349691238,0.6435149425750942,0.8629467162800292,29
all_genes_ridge,ENSG00000172345,STARD5,0.0007639285912940928,0.0011482345279384093,2.3785,2.4566446808510634,0.6653071064372919,-0.1216266182986985,0.5296706554465976,0.8028358012660362,29
all_genes_ridge,ENSG00000172348,RCAN2,0.0015228145913139181,0.0031277660716684847,0.5027,0.6396914893617021,0.4868697199281222,0.4493294548644298,0.011218614500978746,0.14576412046054452,31
all_genes_ridge,ENSG00000172380,GNG12,-0.00357858678890938,-0.004108737008944198,1.6317,1.8125297872340422,0.8709700282883162,-0.24858339492485834,0.19349768936349404,0.5345395677047934,29
all_genes_ridge,ENSG00000172399,MYOZ2,-0.0013191621082807594,-0.022506170982025876,0.0649,0.07775957446808511,0.05861335139301497,-0.5002292547396401,0.0035508576809229002,0.08909424726679277,32
all_genes_ridge,ENSG00000172456,FGGY,-0.0024795384181672815,-0.0029721894754376494,2.768,2.613078723404255,0.834246416205405,-0.2611722100836235,0.1558530695993636,0.47891692237213346,31
all_genes_ridge,ENSG00000172461,FUT9,0.00027932859902259777,0.0011058130578477919,0.049699999999999994,0.13294680851063828,0.2526001995004888,-0.31126197076308615,0.09407267373858613,0.38523924438177043,30
all_genes_ridge,ENSG00000172469,MANEA,-0.000677892774834227,-0.0014784116421092625,2.21,2.1371234042553184,0.4585277574431649,-0.1769780679840882,0.358402985865321,0.6943914901640807,29
all_genes_ridge,ENSG00000172497,ACOT12,-0.0021433950284743095,-0.0028317164561768244,3.4541500000000003,3.41799255319149,0.7569243113302961,-0.36590525366374815,0.039440706165776385,0.26304988339380575,32
all_genes_ridge,ENSG00000172568,FNDC9,0.005381815612156924,0.05176174697542888,0.0838,0.1180553191489362,0.10397283566784662,0.32862986955248713,0.047043273338472524,0.2817029149025692,37
all_genes_ridge,ENSG00000172572,PDE3A,0.0014617302030732375,0.003597594571473409,0.6987,0.7212297872340426,0.4063076519694047,0.43618562572697206,0.01596797399930587,0.16706682349740054,30
all_genes_ridge,ENSG00000172594,SMPDL3A,-0.0006740919292193305,-0.0007728580640981998,3.183,3.04293829787234,0.8722066321529383,-0.018979541533152577,0.9221540882930557,0.9708120479029481,29
all_genes_ridge,ENSG00000172673,THEMIS,0.0006566746242249773,0.0056014848561189426,0.0411,0.06508936170212766,0.1172322412882434,-0.4506348692604366,0.014156944655676375,0.16058990750202842,29
all_genes_ridge,ENSG00000172789,HOXC5,0.0014015539223160359,0.31064749721679324,0.024,0.02415957446808511,0.004511718056231195,-0.07299348266998947,0.6963660002085713,0.8814434317210655,31
all_genes_ridge,ENSG00000172878,METAP1D,-0.0009516694309445253,-0.001704154595535785,1.9336,1.9079808510638294,0.5584407855000509,-0.167797939692927,0.37544382838483387,0.7056324283035037,30
all_genes_ridge,ENSG00000172954,LCLAT1,0.0030253808646731662,0.005679165884571169,2.1029,2.0660744680851066,0.5327157061730398,0.3709307700360109,0.030796743093179105,0.23730688332713645,34
all_genes_ridge,ENSG00000172985,SH3RF3,-0.004518866558981904,-0.032071784144065606,0.2928,0.2975957446808511,0.14089850875408974,0.2090931556833613,0.27634808232709895,0.6245654860014576,29
all_genes_ridge,ENSG00000172995,ARPP21,-0.00037482853208676604,-0.002062952232991704,0.1406,0.19019999999999998,0.1816952065551163,-0.329803343387173,0.07000436693071081,0.33711872014634753,31
all_genes_ridge,ENSG00000173064,HECTD4,-0.0022797728952023487,-0.010691541204839025,1.5849,1.592489361702128,0.21323145573909552,-0.30217028567782567,0.1046056531265633,0.407702743674865,30
all_genes_ridge,ENSG00000173068,BNC2,0.0010345060534033945,0.002457802505147586,0.3462,0.4797872340425532,0.420906908198173,-0.06468867552889644,0.7206018740748578,0.8956076844243727,33
all_genes_ridge,ENSG00000173114,LRRN3,-0.0009623158138655191,-0.00795039215041348,0.1112,0.14765957446808511,0.12104004376884368,-0.31541797074749345,0.08390971561266237,0.3684325177980318,31
all_genes_ridge,ENSG00000173212,MAB21L3,0.0006456610955797707,0.0007226138899973881,1.3826,1.5471787234042553,0.8935077287015677,0.034883721272558434,0.842309470239489,0.940166011634959,35
all_genes_ridge,ENSG00000173226,IQCB1,-0.0005644231184693015,-0.001380253590436592,1.6759,1.631717021276596,0.40892711482878097,0.08721359940872137,0.6528117987513015,0.8673683242927577,29
all_genes_ridge,ENSG00000173230,GOLGB1,-0.0007637206072725746,-0.0017203547349706127,2.4497,2.416697872340426,0.44393205177281103,-0.160177432167572,0.40652845906430896,0.7234586176548898,29
all_genes_ridge,ENSG00000173239,LIPM,-0.001646554897593046,-0.008391389840466097,0.1063,0.1783893617021276,0.196219568974475,0.21823785057919926,0.20786066129498063,0.5487521458187489,35
all_genes_ridge,ENSG00000173250,GPR151,-0.00018821150545629702,-0.0008129372421440723,0.1215,0.1898425531914893,0.2315203384702867,-0.3693403071024603,0.044573458598107026,0.2773053694751085,30
all_genes_ridge,ENSG00000173273,TNKS,0.0016208630178923622,0.011679945365593856,2.0516,2.045336170212766,0.1387731677809908,-0.09177996337027096,0.6295507148056132,0.8572144321713921,30
all_genes_ridge,ENSG00000173369,C1QB,0.00025584972683103736,0.0003006337382704489,1.4121,1.4885531914893615,0.8510346453559912,-0.2314982906515885,0.2101816640768375,0.5513063517428601,31
all_genes_ridge,ENSG00000173372,C1QA,-0.0023267316359726793,-0.003750106144115816,1.3885,1.470006382978723,0.6204442078588861,-0.4283602348634484,0.020430580868448702,0.18719651760580822,29
all_genes_ridge,ENSG00000173376,NDNF,0.002868495173609851,0.01855881218066146,0.22475,0.24735000000000004,0.1545624335052468,0.21887170492679742,0.2452246573130605,0.5965561375019645,30
all_genes_ridge,ENSG00000173402,DAG1,0.0002625561816286864,0.000655143125699849,2.0516,2.043682978723404,0.4007615608394178,-0.04287298555728,0.825229729329899,0.9358974442456383,29
all_genes_ridge,ENSG00000173406,DAB1,-0.0009451023129311874,-0.002491712897458086,0.2928,0.4402170212765958,0.37929823853114497,-0.10748913557077586,0.5515772290459032,0.819024451224892,33
all_genes_ridge,ENSG00000173482,PTPRM,0.0006806572984986552,0.0008745004182407985,1.5386,1.6068787234042554,0.7783384482169939,0.3429416216419304,0.06857016743969657,0.33362023773544675,29
all_genes_ridge,ENSG00000173517,PEAK1,-0.0006108057387092033,-0.0014222938854519115,1.3247,1.2730021276595742,0.42945114575608917,0.0009854644300055471,0.9959519971270193,0.9982536359450744,29
all_genes_ridge,ENSG00000173531,MST1,-0.00020225249502813894,-0.0002319852142894709,2.4639,2.586019148936171,0.8718335590809184,0.08792310937519258,0.6265780720275872,0.8561165736614558,33
all_genes_ridge,ENSG00000173545,ZNF622,0.000365689161504185,0.0019449847803094586,2.6223,2.5957978723404254,0.18801646429644642,-0.16594754053254376,0.38960532222828403,0.7127270704897838,29
all_genes_ridge,ENSG00000173714,WFIKKN2,-0.0017321189563905607,-0.01271721313819892,0.12295,0.1682393617021277,0.136202714979099,-0.5390181754446323,0.0021162311884475975,0.07292611976334734,30
all_genes_ridge,ENSG00000173769,TOPAZ1,0.0011918697923721663,0.003044068732845335,0.13125,0.29364148936170215,0.3915383971169759,-0.12173139656768046,0.5216467423142741,0.7978689436438281,30
all_genes_ridge,ENSG00000173905,GOLIM4,-0.0017195066778521418,-0.006848967600013402,4.4493,4.404051063829787,0.25106071137623387,-0.20610067395740797,0.28343545357375655,0.6294736114348495,29
all_genes_ridge,ENSG00000173926,MARCHF3,0.0021862499234808403,0.0027046297036937106,0.18445,0.5915989361702128,0.8083361358100447,0.25777166545795205,0.15434129211786476,0.4783270738288972,32
all_genes_ridge,ENSG00000173930,SLCO4C1,0.0011181128429531859,0.0018404276080437355,1.3859,1.3714765957446808,0.6075288362695629,0.10815623168536144,0.569425787876865,0.8273303505889018,30
all_genes_ridge,ENSG00000174015,CBY2,-0.00044701554291342726,-0.019084960284292813,0.028,0.03526170212765958,0.023422398383575745,0.01754739814441307,0.9253538981684192,0.9708120479029481,31
all_genes_ridge,ENSG00000174132,FAM174A,-0.0021822749118030355,-0.005118430137995639,2.1961,2.2514787234042553,0.42635629538114733,-0.4837318362378455,0.007846063684416694,0.1268247190017063,29
all_genes_ridge,ENSG00000174145,NWD2,-0.00017516054855750785,-0.0012602318832936965,0.0369,0.0756404255319149,0.13899072930904952,-0.42184888586757835,0.014475237484094681,0.16058990750202842,33
all_genes_ridge,ENSG00000174175,SELP,-0.0004875832351236322,-0.002924083931228505,0.2223,0.26917021276595743,0.16674734603762972,-0.23285599031867688,0.20744443276874014,0.5486074023396299,31
all_genes_ridge,ENSG00000174307,PHLDA3,-0.0027149314742392593,-0.00398781352882129,2.61505,2.49190744680851,0.6808070273641238,-0.6019806424270331,0.0004326027857324765,0.028747904373969003,30
all_genes_ridge,ENSG00000174343,CHRNA9,0.00022205104589840738,0.001305039185617141,0.0732,0.10746382978723405,0.17014894904738165,0.06763582655738659,0.7273834990924837,0.8981466811003024,29
all_genes_ridge,ENSG00000174348,PODN,0.00040434745973808825,0.0006737036968231954,0.637,0.7970574468085107,0.6001859001884087,0.01626016309509153,0.9332811961493694,0.9723398424243731,29
all_genes_ridge,ENSG00000174417,TRHR,0.0052946318290549394,0.18425498239927074,0.024,0.03173191489361703,0.028735352282532878,0.17778329108431495,0.3561849661956593,0.6923031737324081,29
all_genes_ridge,ENSG00000174429,ABRA,-0.002116622878829949,-0.05365615351004645,0.0574,0.061761702127659565,0.039447905605712826,-0.25597927506708795,0.15047008048417404,0.47536645613938855,33
all_genes_ridge,ENSG00000174442,ZWILCH,0.0015480261224632818,0.0016943105654204052,1.04135,1.3026457446808513,0.9136613759350393,-0.07566485344243393,0.6910768874016274,0.8797621381486848,30
all_genes_ridge,ENSG00000174448,STARD6,-0.0022112438497496226,-0.011761919670360754,0.1876,0.24915744680851062,0.18800025095578643,-0.54379700646504,0.0022953813349246566,0.07329162012141763,29
all_genes_ridge,ENSG00000174453,VWC2L,-0.0023055222387342086,-0.21935348585363224,0.009649999999999999,0.014518085106382977,0.01051053385252611,-0.3884559372534221,0.01921854974895812,0.18233599074324017,36
all_genes_ridge,ENSG00000174482,LINGO2,-0.0013700062131900906,-0.017706570737555587,0.0916,0.11184042553191488,0.07737275802842564,0.07473666610934626,0.6793471482449693,0.8767008234572077,33
all_genes_ridge,ENSG00000174485,DENND4A,0.0005242359053786351,0.001218355576997954,1.6004,1.5396936170212767,0.4302815329744376,0.189265540575986,0.30785392321938065,0.6425406120273368,31
all_genes_ridge,ENSG00000174502,SLC26A9,0.0008085750514174436,0.003492359001987844,0.16805,0.2003989361702127,0.23152689942735105,0.18088033012379642,0.3059630969783699,0.6423955480126771,34
all_genes_ridge,ENSG00000174611,KY,0.0008160465369808322,0.002008430713727292,0.5295,0.6414723404255318,0.4063105246316385,0.002420086732077955,0.9896910278101283,0.9959237522146336,31
all_genes_ridge,ENSG00000174640,SLCO2A1,0.0011302393050694084,0.0016437319909514102,1.4298,1.4348595744680852,0.687605589774531,0.12747076470759136,0.49438107056257014,0.7874675471453165,31
all_genes_ridge,ENSG00000174697,LEP,0.00013934409230249213,0.0009745110713217914,0.0987,0.144068085106383,0.142988721629905,0.07540545059354622,0.6766318630446779,0.8758268963328424,33
all_genes_ridge,ENSG00000174705,SH3PXD2B,-0.000730796079606472,-0.0012969563795665637,1.8638,1.864355319148936,0.5634700527481892,-0.28962287404486076,0.12752452550468832,0.4403654759265783,29
all_genes_ridge,ENSG00000174720,LARP7,0.0019846818711008033,0.004576419889563258,2.34315,2.3135734042553193,0.43367565017951354,0.24451864369583168,0.19283154449358614,0.5336705278783296,30
all_genes_ridge,ENSG00000174804,FZD4,0.0030521591446965183,0.00848550602288636,3.09335,3.133224468085105,0.35969088189490445,0.057677327722623226,0.7620878418996647,0.9112637605385515,30
all_genes_ridge,ENSG00000174839,DENND6A,0.0008944115517840679,0.0023481237731604013,2.6223,2.63773829787234,0.38090477257093475,0.132714807056052,0.47664002296647484,0.7748090333687816,31
all_genes_ridge,ENSG00000174842,GLMN,-0.00039184312833690155,-0.0010557155492858714,1.6317,1.6249978723404255,0.3711635474176354,-0.3055692552119835,0.106965608496797,0.41088462222057015,29
all_genes_ridge,ENSG00000174944,P2RY14,-0.003411290557592506,-0.006100463586597126,0.3222,0.4510446808510638,0.5591854633944866,-0.283148644311776,0.10465903026837696,0.407702743674865,34
all_genes_ridge,ENSG00000174946,GPR171,0.0001719506772257103,0.0018708582777563806,0.1197,0.14999787234042553,0.09191004966550512,0.0018394648829431438,0.9918940571238843,0.9968152480043062,33
all_genes_ridge,ENSG00000174948,GPR149,0.0012796346653676214,0.038791794857628216,0.0267,0.036414893617021264,0.03298725078496819,-0.40110943219640993,0.025328407319664462,0.21301120394044684,31
all_genes_ridge,ENSG00000174953,DHX36,-0.001194157281610004,-0.004724428610625259,2.5789,2.587563829787234,0.2527622660916792,-0.14487666171470515,0.42115445331734386,0.7362665592686379,33
all_genes_ridge,ENSG00000175048,ZDHHC14,0.0012645910395221688,0.003541777137864953,1.75295,1.6896372340425527,0.3570498623424079,0.238036946361006,0.20526850677295103,0.5472686164755913,30
all_genes_ridge,ENSG00000175065,DSG4,0.0033328488769605374,0.058750469273225525,0.0314,0.046776595744680856,0.05672888945721875,0.22368128753443087,0.2347457253196306,0.5864701279983683,30
all_genes_ridge,ENSG00000175077,RTP1,-3.888133017656465e-05,-0.00010747085369279897,0.04215,0.1311968085106383,0.36178488251061386,-0.1463146339225369,0.4242529260627862,0.7373131031145052,32
all_genes_ridge,ENSG00000175084,DES,-0.00011726464662273453,-0.0010900914181726984,0.33485,0.33549255319148935,0.1075732224544096,0.05648785174782032,0.7587859307326843,0.9087471738479013,32
all_genes_ridge,ENSG00000175097,RAG2,0.001969789919042614,0.01622069257740434,0.2116,0.23014680851063835,0.12143685663499719,0.20006050318511093,0.2805561355395153,0.6293800079374976,31
all_genes_ridge,ENSG00000175104,TRAF6,-0.0003694927427881648,-0.0008082102405500794,2.3927,2.2915489361702135,0.45717404240842435,0.1111111111111111,0.5660941167140777,0.8273303505889018,29
all_genes_ridge,ENSG00000175105,ZNF654,0.0003421711476502371,0.0017740571891854495,1.8113,1.7695063829787236,0.1928749251918668,0.2194821809046662,0.25263454661341184,0.604411728540834,29
all_genes_ridge,ENSG00000175110,MRPS22,6.414024975543067e-05,0.00015207054903669607,2.3927,2.395121276595745,0.4217795632470099,-0.0026281268146200166,0.9888048813114426,0.9953619428586008,31
all_genes_ridge,ENSG00000175115,PACS1,-0.0007624814464066551,-0.0014851992614965414,2.1166,2.0397234042553194,0.5133866317966996,0.1344014274484713,0.4788895799372507,0.7770437501800685,30
all_genes_ridge,ENSG00000175161,CADM2,0.0004500978283388046,0.004739733596758714,0.0583,0.08766808510638296,0.09496268495904618,-0.18179578903752935,0.3452545233734865,0.6819731509186109,29
all_genes_ridge,ENSG00000175220,ARHGAP1,0.0005683084590021911,0.0012527748650061818,2.8856,2.95141914893617,0.45363973597872814,0.07464682797959576,0.6797121961887894,0.8767008234572077,33
all_genes_ridge,ENSG00000175267,VWA3A,-0.0001427079153601143,-0.0008957299904585743,0.1002,0.1453212765957447,0.1593202381077518,-0.20330778953267536,0.2726594390226281,0.6245654860014576,31
all_genes_ridge,ENSG00000175311,ANKS4B,0.0007867833176040066,0.0010057988844936747,2.9447,2.851434042553192,0.7822471566968163,-0.07148231778180264,0.6926158743499676,0.8797621381486848,33
all_genes_ridge,ENSG00000175426,PCSK1,0.0011795344833783283,0.007473831468491262,0.0766,0.11619361702127662,0.15782192685921514,0.08607904820824767,0.6283512041828112,0.8571762202337009,34
all_genes_ridge,ENSG00000175471,MCTP1,0.0012003492664596658,0.005236540135635217,0.4074,0.43050212765957435,0.22922564047416735,0.2603499260719566,0.172562970027702,0.5032672209453442,29
all_genes_ridge,ENSG00000175497,DPP10,0.0031227382682696265,0.03670205763332045,0.09755,0.11554787234042556,0.0850834658772539,0.28016134946828014,0.12040727203466892,0.4289221982546046,32
all_genes_ridge,ENSG00000175595,ERCC4,0.0009511225642567769,0.004106539438601496,1.4597,1.4895276595744678,0.23161169604660775,-0.24112428966903007,0.20764481187445222,0.5486593984776649,29
all_genes_ridge,ENSG00000175662,TOM1L2,-0.004042284654278657,-0.007257527322363918,2.3927,2.3191212765957445,0.5569782206430614,-0.3626096620230136,0.044986986579090185,0.2791000805716083,31
all_genes_ridge,ENSG00000175893,ZDHHC21,0.0009209950907394569,0.0034325807756365504,1.3247,1.3244063829787232,0.26830980854883574,-0.03844867937144768,0.8317694086423615,0.9378413100260756,33
all_genes_ridge,ENSG00000175928,LRRN1,0.0009923733539969589,0.0063071941007985495,0.1326,0.16808297872340425,0.1573399102893179,-0.004178505766337957,0.981587892699977,0.9940678510680262,33
all_genes_ridge,ENSG00000175946,KLHL38,0.0006359829742721584,0.002166758689736515,0.25765,0.36783297872340437,0.29351813715328684,0.30025991313385836,0.08445913478795235,0.3694782899369212,34
all_genes_ridge,ENSG00000176040,TMPRSS7,-0.003694018691102655,-0.11720472152091309,0.0486,0.05529574468085106,0.03151766109050072,-0.5336900258511037,0.0013813705350968067,0.05633920126897774,33
all_genes_ridge,ENSG00000176049,JAKMIP2,0.0009491699991664642,0.013093815574219531,0.0541,0.08008936170212767,0.07248994716523188,-0.1213945326540087,0.5009695070208988,0.788865450881409,33
all_genes_ridge,ENSG00000176055,MBLAC2,-0.00132378783461641,-0.0034715743904036415,1.4062,1.4178510638297872,0.3813220417444353,-0.12430701092240995,0.5205697467368281,0.7978689436438281,29
all_genes_ridge,ENSG00000176105,YES1,-0.0031249216795825267,-0.004559430902949017,1.7014,1.830817021276596,0.6853753782212914,-0.31332429672254586,0.0979126290849,0.39424766830471675,29
all_genes_ridge,ENSG00000176142,TMEM39A,0.0002408716705532731,0.0007223162724761103,2.76795,2.7387053191489357,0.33347119500376426,0.2993212584708048,0.10808183507435262,0.4129153699464898,30
all_genes_ridge,ENSG00000176148,TCP11L1,-0.0004563106309543635,-0.0010271383802031783,2.0312,1.9576617021276594,0.44425428914855725,-0.2554816534789381,0.18102146970432983,0.517009578572291,29
all_genes_ridge,ENSG00000176177,ENTHD1,-0.0004523140538501142,-0.010785465601840979,0.0369,0.044970212765957446,0.04193736928454052,0.03648015886022987,0.850976571656483,0.9419482668737303,29
all_genes_ridge,ENSG00000176225,RTTN,0.0032494145135986995,0.013713055086695751,0.8281,0.8345978723404255,0.2369577379406318,0.055258649296613005,0.7678033737162034,0.9148551972536868,31
all_genes_ridge,ENSG00000176386,CDC26,-0.0012855021923409223,-0.004403679278090645,2.2938,2.264540425531915,0.2919154895626942,-0.20616143101694284,0.2832904129091093,0.6294736114348495,29
all_genes_ridge,ENSG00000176399,DMRTA1,0.0012267321774985939,0.0031642279037592484,0.0973,0.24497021276595746,0.3876876807897369,0.16609167077378018,0.38918784970165315,0.7127270704897838,29
all_genes_ridge,ENSG00000176641,RNF152,0.0017866828180699017,0.006178579674167766,0.3831,0.4373404255319148,0.2891737118062756,0.14834895838204187,0.4424829235937188,0.751006651803924,29
all_genes_ridge,ENSG00000176658,MYO1D,-0.0003507913563828041,-0.0005457885173881817,2.6368,2.428395744680851,0.6427239584692662,0.00887355215519105,0.9635618219907176,0.9846427773691749,29
all_genes_ridge,ENSG00000176697,BDNF,0.0016456961346547035,0.0041722684047076596,0.48355000000000004,0.562658510638298,0.3944367847470765,0.32850596335665216,0.0664024629927981,0.32780142706688625,32
all_genes_ridge,ENSG00000176771,NCKAP5,0.002311134140765492,0.004073252890835313,0.1944,0.39807021276595755,0.5673927454800238,0.12353771933409094,0.5079029051348851,0.7936146268602734,31
all_genes_ridge,ENSG00000176853,FAM91A1,0.0017558227152767987,0.004585737241081133,2.7533,2.8100999999999994,0.38288777201348023,0.06192092703067066,0.7363695711407645,0.900109261316062,32
all_genes_ridge,ENSG00000176971,FIBIN,-0.0005380983109294962,-0.001824430301738102,0.1661,0.2501851063829787,0.2949404591761382,-0.24440411870185128,0.18514998024470766,0.5204771666879004,31
all_genes_ridge,ENSG00000177034,MTX3,0.0009890288337577233,0.002860033211558076,1.1475,1.2522063829787233,0.34581026183920593,-0.21061707266543034,0.27278304388703767,0.6245654860014576,29
all_genes_ridge,ENSG00000177054,ZDHHC13,0.00011812723552807804,0.0002750961425778568,1.68545,1.6696734042553192,0.42940346026351883,0.09835336003560302,0.6051074630879001,0.8443065740232789,30
all_genes_ridge,ENSG00000177103,DSCAML1,-0.00016543970644312397,-0.0017462961680897683,0.0743,0.09695319148936173,0.0947374846639528,-0.07241408777405736,0.6888074554921977,0.8797621381486848,33
all_genes_ridge,ENSG00000177150,FAM210A,0.00028795357493446784,0.0003602971185827078,2.2868,2.2843127659574467,0.7992114287984982,-0.06843218023893259,0.719360554002986,0.8954055632368252,30
all_genes_ridge,ENSG00000177189,RPS6KA3,0.002869692518353782,0.007322527354916034,2.4997499999999997,2.426394680851064,0.39189918716072697,0.6907207041995232,1.2104909461063895e-05,0.005250072160541427,32
all_genes_ridge,ENSG00000177272,KCNA3,-0.005992270872729747,-0.13014504942994357,0.1336,0.1395489361702128,0.046043018147650376,-0.4128157763937589,0.026039714414135967,0.21590591547540494,29
all_genes_ridge,ENSG00000177311,ZBTB38,0.002167740043468556,0.0032236771421717604,0.944,1.1398063829787235,0.6724432838234446,0.46106457782388804,0.011825479942279957,0.14576412046054452,29
all_genes_ridge,ENSG00000177463,NR2C2,-0.0006479933573161067,-0.001274858285207573,1.4597,1.4504382978723402,0.5082865796417522,-0.25756353892185163,0.16185710555307406,0.488953405431973,31
all_genes_ridge,ENSG00000177508,IRX3,-0.001363801677226073,-0.005858749330134067,0.6842,0.7348425531914893,0.23278034276214116,-0.08425720876547428,0.6638859106374766,0.8717809795395238,29
all_genes_ridge,ENSG00000177511,ST8SIA3,-0.002634056927635841,-0.013048550258565213,0.08760000000000001,0.1469872340425532,0.2018658682719804,-0.10303772179065299,0.5879384143858758,0.8344737124501076,30
all_genes_ridge,ENSG00000177551,NHLH2,-0.00021192065935280645,-0.01544384075108981,0.027549999999999998,0.03230106382978723,0.013722017907873859,-0.12871287128712872,0.482635369110937,0.7786794339058732,32
all_genes_ridge,ENSG00000177565,TBL1XR1,0.0002987037081844502,0.0005397037725877056,2.4069,2.361314893617021,0.5534586255572427,-0.22119531899307376,0.24885688001814502,0.598988083201137,29
all_genes_ridge,ENSG00000177669,MBOAT4,0.0012340328576230148,0.0014279554149481486,0.4179,0.7790638297872342,0.8641956497415044,0.4371447737442906,0.01096480789378474,0.14576412046054452,33
all_genes_ridge,ENSG00000177694,NAALADL2,-0.000999262605192082,-0.0014378788275339642,0.3126,0.5539382978723404,0.6949560603141147,-0.08590186302582205,0.6517392356972826,0.8673385846763304,30
all_genes_ridge,ENSG00000177752,YIPF7,0.000644124546937094,0.007670021994705586,0.0668,0.08841063829787235,0.08397949150363795,-0.033029333022100024,0.8649389109673914,0.9493689565065078,29
all_genes_ridge,ENSG00000177791,MYOZ1,-0.0005941103031442349,-0.002737133141949742,1.0134,1.0135234042553192,0.21705568283793178,0.023900766924228205,0.8984471128366277,0.9642676688632253,31
all_genes_ridge,ENSG00000177888,ZBTB41,0.0013749620123374529,0.005515588722808058,1.12025,1.1308244680851063,0.24928653702037482,-0.05909192222924517,0.7564255116397458,0.9069936229614014,30
all_genes_ridge,ENSG00000177917,ARL6IP6,0.002299412779313148,0.0051447818221908624,2.1475999999999997,2.215534042553191,0.4469407758741385,-0.19586023187094442,0.2996070605656766,0.6414206613475276,30
all_genes_ridge,ENSG00000178031,ADAMTSL1,-0.0013177274342963256,-0.0038934485194414194,0.38055,0.4604670212765957,0.33844737582028583,-0.4830848105407783,0.006848305498276435,0.11486991984954285,30
all_genes_ridge,ENSG00000178033,CALHM5,0.0026251115902942526,0.004345976548293138,0.6793,0.8839234042553192,0.6040326175541036,0.0771769032216242,0.6746052748292958,0.8757215788020579,32
all_genes_ridge,ENSG00000178053,MLF1,0.00019392150694934164,0.00026502408252512426,0.81445,0.9838053191489363,0.7317127753133827,-0.2308034777842834,0.21978609434992014,0.5659631742547562,30
all_genes_ridge,ENSG00000178074,C2orf69,0.00029767220961774213,0.0005999455297595006,2.3502,2.3485276595744677,0.4961653931100538,-0.17075274245635302,0.3758259672486053,0.7056324283035037,29
all_genes_ridge,ENSG00000178075,GRAMD1C,-0.0006382023286113262,-0.0010535474737709183,1.9268999999999998,1.9665595744680853,0.6057651358861271,-0.11783687621630833,0.5351518193072117,0.8083188673714898,30
all_genes_ridge,ENSG00000178175,ZNF366,-0.0015078357265261282,-0.008335328779216049,0.1501,0.2105851063829787,0.1808969707692733,0.029844727366232664,0.8733733573414245,0.9531134122532583,31
all_genes_ridge,ENSG00000178562,CD28,-0.0003146459742399409,-0.007608780114772734,0.0903,0.09521063829787235,0.04135301184864626,0.18836217773380273,0.293824147983788,0.6349111126539362,33
all_genes_ridge,ENSG00000178568,ERBB4,0.0014427021441029866,0.004950091113095876,0.3906,0.4518680851063829,0.29144961398512415,-0.009680347322034395,0.9587804059137047,0.9829430237610502,31
all_genes_ridge,ENSG00000178645,C10orf53,0.0006091906424456577,0.0048035000354465455,0.0342,0.07631702127659573,0.12682224168840373,0.06073672585207939,0.7542965438758021,0.9058719569647686,29
all_genes_ridge,ENSG00000178662,CSRNP3,0.0011423099054669982,0.00479692512739544,0.1112,0.19801276595744682,0.23813377843719483,0.15852889706148343,0.3630444923564381,0.6961224763224735,35
all_genes_ridge,ENSG00000179044,EXOC3L1,0.0004370889398387457,0.0023230326440233434,0.6838500000000001,0.7078840425531915,0.18815445446420234,0.015353805453550529,0.9358177694413256,0.9729940917889947,30
all_genes_ridge,ENSG00000179071,CCDC89,-0.0008158247742153202,-0.0020201602419027236,0.7733,0.7964680851063831,0.4038416147854297,0.07361097442796988,0.6939200990211329,0.879869016713684,31
all_genes_ridge,ENSG00000179104,TMTC2,0.0009007747126339427,0.0014250841367950636,0.6172,0.7938063829787231,0.6320852849149916,0.23311151915787137,0.2069320179296987,0.5486074023396299,31
all_genes_ridge,ENSG00000179241,LDLRAD3,-0.0012320254311983946,-0.0016218289905944028,2.4497,2.3430212765957448,0.7596518734979916,-0.12747075692921708,0.49438109712305295,0.7874675471453165,31
all_genes_ridge,ENSG00000179387,ELMOD2,-0.001032098481150086,-0.0026033552452330304,1.8113,1.8305957446808514,0.39644934475997773,-0.1578030441958555,0.3883705549719388,0.7127270704897838,32
all_genes_ridge,ENSG00000179454,KLHL28,0.0009393277199442806,0.0035938521146526106,1.3651,1.3745957446808512,0.26137072143689977,0.1292349399976294,0.5040384558662915,0.7900158761022514,29
all_genes_ridge,ENSG00000179520,SLC17A8,-0.0004513171541408005,-0.00260414167622568,0.04605,0.10573510638297876,0.1733074503054374,-0.37434675136708984,0.03478879737727278,0.25006235486326467,32
all_genes_ridge,ENSG00000179600,GPHB5,0.0005444672620204335,0.004115885908277772,0.0634,0.09917659574468086,0.13228434270381836,0.08765013625768892,0.6333499513607611,0.8599510073037883,32
all_genes_ridge,ENSG00000179776,CDH5,0.0008630305288182552,0.002708705468299165,0.2192,0.2835106382978724,0.31861364733765773,-0.22587800541186864,0.23872189404069974,0.589235504315093,29
all_genes_ridge,ENSG00000179796,LRRC3B,-0.004341000790824789,-0.034781860189731006,0.1298,0.16220638297872342,0.12480645851444211,-0.37915742793791574,0.04251291660634431,0.2712041174796473,29
all_genes_ridge,ENSG00000179902,CFAP276,0.001594931667123005,0.002990097592869895,0.3272,0.5290042553191491,0.5334045520541656,0.141677969514,0.46349189510934674,0.767263573365309,29
all_genes_ridge,ENSG00000179915,NRXN1,-0.002130321941783233,-0.026482937345550236,0.0629,0.08567872340425532,0.08044130127963989,-0.569245951241679,0.0012695910410130268,0.05633920126897774,29
all_genes_ridge,ENSG00000179941,BBS10,0.0005728338765275203,0.0018984401979263903,1.2207,1.2202808510638299,0.30173922631495564,0.12914356228676396,0.5043425957283293,0.7900846855682186,29
all_genes_ridge,ENSG00000180245,RRH,0.00027068739616814606,0.003189098457180455,0.1731,0.18323617021276595,0.0848789712210598,0.07296727503385841,0.6914612888741102,0.8797621381486848,32
all_genes_ridge,ENSG00000180251,SLC9A4,0.004639459677349668,0.011323370986478709,0.33825,0.4518563829787234,0.4097242493326121,0.2610223893919602,0.13594399561300743,0.45255040644856426,34
all_genes_ridge,ENSG00000180269,GPR139,0.0004991118695563517,0.005382225529164752,0.0151,0.03232765957446808,0.09273336222196678,-0.25338686816506906,0.15479037593593517,0.4783270738288972,33
all_genes_ridge,ENSG00000180316,PNPLA1,-0.0004225075519031043,-0.0016942994301010039,0.1145,0.17608510638297872,0.24937006080319402,-0.02661409561360276,0.8909984082781526,0.9606076589248832,29
all_genes_ridge,ENSG00000180318,ALX1,0.0020916040503778195,0.10504902504861799,0.03745,0.04183936170212766,0.019910742145486826,-0.04366717132736767,0.8187747915031636,0.9326418068732042,30
all_genes_ridge,ENSG00000180332,KCTD4,-0.00016229997751855856,-0.002701881852102268,0.071,0.08647234042553192,0.06006923559306523,-0.2479572594236654,0.17864173304937442,0.5140818024055932,31
all_genes_ridge,ENSG00000180347,ITPRID1,0.002906351544229402,0.008311191190008773,0.1661,0.2998659574468085,0.3496913351870966,0.5338753387533876,0.0028561826785599865,0.08104084684213195,29
all_genes_ridge,ENSG00000180353,HCLS1,0.0017542788412850258,0.010783804884888866,0.3566,0.37399787234042553,0.16267716821761696,0.09854563828767088,0.5853377343311391,0.8331650394196428,33
all_genes_ridge,ENSG00000180357,ZNF609,0.0005358608790433795,0.0017621572272149201,1.9704,2.0394680851063827,0.30409368174842416,0.0723000911208289,0.6991161104629398,0.8822849385888446,31
all_genes_ridge,ENSG00000180537,RNF182,0.0007763125352722633,0.0038536956898639436,0.1591,0.21525106382978726,0.2014462473812174,0.011599757918095623,0.9506164963147268,0.9829430237610502,31
all_genes_ridge,ENSG00000180611,MB21D2,-0.001468535929240619,-0.004457520678137664,1.2456,1.246863829787234,0.3294512881214873,-0.3598225163951318,0.046785284446371096,0.28126757144392606,31
all_genes_ridge,ENSG00000180660,MAB21L1,-0.005585785655545825,-0.18592017583785617,0.0668,0.07492553191489362,0.030043999422726852,-0.38064173430940995,0.020117960129006664,0.18684518396244826,37
all_genes_ridge,ENSG00000180667,YOD1,-0.003488741111411725,-0.011380092994941448,1.5266,1.5163595744680856,0.30656525504339033,-0.3864825958857722,0.034887333557822066,0.25006235486326467,30
all_genes_ridge,ENSG00000180773,SLC36A4,0.003394139290156585,0.00938596208782432,1.8309,1.7011361702127656,0.3616186873969519,0.49106816215896,0.006830149904226523,0.11486991984954285,29
all_genes_ridge,ENSG00000180801,ARSJ,0.002081093825573283,0.005563724715435508,0.36624999999999996,0.4528351063829787,0.37404687183743646,0.3455862146704098,0.05270686141022044,0.2979851605985647,32
all_genes_ridge,ENSG00000180806,HOXC9,0.000971360100953722,0.0613434745947093,0.0369,0.041923404255319145,0.015834774723332987,-0.10927253048271682,0.5584411162386926,0.8250254155234408,31
all_genes_ridge,ENSG00000180818,HOXC10,-0.00287088634969318,-0.6133933999441772,0.0259,0.026199999999999998,0.004680334594331223,0.3392401750519627,0.057506316746625055,0.3069057063523985,32
all_genes_ridge,ENSG00000180914,OXTR,-0.0009366155195541237,-0.0027429613264946433,0.33089999999999997,0.390636170212766,0.34146143822999786,0.0854662829982303,0.6533954133825391,0.8675193003678983,30
all_genes_ridge,ENSG00000181072,CHRM2,0.00022806422682877656,0.004157131001467608,0.0417,0.06100638297872342,0.054860967034298935,-0.2185351627231192,0.2295077783524284,0.5796617640416692,32
all_genes_ridge,ENSG00000181092,ADIPOQ,-0.00048112132216544053,-0.0005084843539605435,0.2519,0.5396787234042553,0.9461870722629427,-0.0763829053032,0.6937159741572813,0.879869016713684,29
all_genes_ridge,ENSG00000181264,TLCD5,0.0017825936188275114,0.006395722945917485,2.2378,2.189627659574468,0.27871651631898403,0.3193246241064826,0.09131379564587097,0.38167900682322,29
all_genes_ridge,ENSG00000181291,TMEM132E,-0.00506624799393549,-0.14242123837425488,0.0557,0.06549787234042552,0.03557227876801907,-0.3604295904495253,0.05476752367137162,0.30145807513110195,29
all_genes_ridge,ENSG00000181541,MAB21L2,0.0023019287636745376,0.029727403019183436,0.1079,0.11919148936170214,0.0774345731508762,-0.07651882358384811,0.6621893395782572,0.8710427238303289,35
all_genes_ridge,ENSG00000181631,P2RY13,-0.002519421623111449,-0.009851362304966305,0.1215,0.18109999999999998,0.2557434743661137,-0.43364831199729376,0.011696222651257462,0.14576412046054452,33
all_genes_ridge,ENSG00000181634,TNFSF15,-0.0003735283735516149,-0.0006478861776917571,1.2708,1.2781659574468083,0.5765339444073267,-0.1568506701148609,0.41647045175782516,0.7308300383045555,29
all_genes_ridge,ENSG00000181722,ZBTB20,0.0006822512033066498,0.0014997962957437072,0.2613,0.4217127659574468,0.4548959116933546,-0.10897142492882715,0.5395646269256377,0.8120970572758408,34
all_genes_ridge,ENSG00000181751,MACIR,-0.0020905187686109878,-0.003805617967279375,0.6887,0.8080297872340426,0.5493243900426226,-0.496181340507793,0.006189947317702297,0.11222798287685633,29
all_genes_ridge,ENSG00000181778,TMEM252,-0.0013119377576647725,-0.003534655431416515,0.09655,0.1785712765957447,0.3711642572014474,-0.4804674487186642,0.007201840475529145,0.11947971411861467,30
all_genes_ridge,ENSG00000181826,RELL1,0.0014822388657510185,0.0031465247005799915,2.4782,2.5026000000000006,0.47107174003045355,-0.012697240202408025,0.9478782151930604,0.9818349578048895,29
all_genes_ridge,ENSG00000181830,SLC35C1,-0.0010639777868430508,-0.002395451510937053,1.5632000000000001,1.5529510638297874,0.4441658626714777,-0.18927339607548674,0.31647175970840563,0.6516631240573012,30
all_genes_ridge,ENSG00000181915,ADO,-0.0013476198612555623,-0.0065962465016253195,2.0481999999999996,2.0513957446808506,0.20430101587675778,-0.3501781030672245,0.05781889959658494,0.3069057063523985,30
all_genes_ridge,ENSG00000181982,CCDC149,0.000454448817011271,0.0006007072585666859,1.9436,1.7142978723404263,0.7565229328102444,0.2069174240084852,0.2640523065931911,0.6200021676851726,31
all_genes_ridge,ENSG00000182022,CHST15,0.0005155864558606313,0.0007210877745468362,0.7504,0.9668361702127659,0.7150120610277284,0.007864488968128878,0.966507657265276,0.9846702172675765,31
all_genes_ridge,ENSG00000182050,MGAT4C,0.0024794040145555926,0.013717799666196302,0.043,0.10702340425531914,0.1807435649221058,0.33337442217816,0.07718506079967054,0.3572162265057923,29
all_genes_ridge,ENSG00000182134,TDRKH,-0.0010909571115390094,-0.00209455998358116,1.3885,1.3569021276595745,0.5208526468999722,-0.1920551920201588,0.3092789000754101,0.6440128536549692,30
all_genes_ridge,ENSG00000182158,CREB3L2,3.3967720690921825e-05,5.690318169104512e-05,3.0635,2.8788042553191495,0.596938864953967,0.40678186224971563,0.0285299362421172,0.22674577599755977,29
all_genes_ridge,ENSG00000182168,UNC5C,0.002982424260115797,0.030313620688878502,0.16494999999999999,0.1793095744680851,0.09838561650967653,0.18047066014669927,0.3070783007141926,0.6425406120273368,34
all_genes_ridge,ENSG00000182173,TSEN54,-0.003186683890281957,-0.008895170600633018,2.812,2.729995744680851,0.3582487659152011,-0.22412518482010843,0.24248293185487446,0.5918495788569219,29
all_genes_ridge,ENSG00000182185,RAD51B,0.003817554541966137,0.007976680659703325,0.90465,0.9961329787234042,0.47858936628260634,0.3414579876462501,0.06478773360840495,0.3232976837531768,30
all_genes_ridge,ENSG00000182263,FIGN,0.0029679903210142965,0.0050392876800827175,1.6508,1.4517106382978722,0.5889702095685037,0.2572256201016354,0.12989901609872712,0.44511671882137194,36
all_genes_ridge,ENSG00000182359,KBTBD3,0.0024769589340762127,0.0049181288460725696,0.8447,0.7983936170212769,0.5036384795112104,0.06653293584827466,0.7129675091564336,0.890769283044828,33
all_genes_ridge,ENSG00000182389,CACNB4,0.001261991964262853,0.00533007610283688,0.1336,0.18458936170212764,0.23676809484787098,0.04804730848338938,0.8045181636712482,0.9258657481263485,29
all_genes_ridge,ENSG00000182447,OTOL1,-0.0024502607059125776,-0.01906493150537502,0.061,0.08619148936170214,0.12852187301180548,-0.3968449593295539,0.03304975773110522,0.24697699908550388,29
all_genes_ridge,ENSG00000182463,TSHZ2,0.0017540602224005507,0.003919926222827615,0.7211,0.6788382978723405,0.4474727642030135,0.03943519939371292,0.8331801318416914,0.9378413100260756,31
all_genes_ridge,ENSG00000182473,EXOC7,-0.001064385496311333,-0.006773203005277632,3.258,3.2406148936170216,0.1571465517100213,-0.304374617221667,0.1084139894908261,0.4129153699464898,29
all_genes_ridge,ENSG00000182533,CAV3,0.0011998266445409841,0.048833253338358786,0.0566,0.06190638297872341,0.024569869146901867,0.09532569912782779,0.5977117457088559,0.8408956719055081,33
all_genes_ridge,ENSG00000182541,LIMK2,0.0010199432598919462,0.0019517756089693524,2.3503,2.3604787234042552,0.5225719878887788,0.05243237258359369,0.7831854545858042,0.9191869572703028,30
all_genes_ridge,ENSG00000182578,CSF1R,-0.003221144772087227,-0.011391702057439175,0.44179999999999997,0.512127659574468,0.282762378777604,-0.24143302180685358,0.19868522426631768,0.538578875779054,30
all_genes_ridge,ENSG00000182621,PLCB1,0.0010127486929805537,0.004525597674921537,0.3159,0.3627340425531915,0.22378230804577925,0.13989983392155686,0.4609149457845007,0.7655012758867693,30
all_genes_ridge,ENSG00000182645,CCDC172,-2.0464394956606048e-05,-0.0003460931511711297,0.0263,0.038085106382978726,0.05912973107776754,-0.31006657252370384,0.0895907518456565,0.37829975327317544,31
all_genes_ridge,ENSG00000182747,SLC35D3,-0.0012526894817517166,-0.009811056157729113,0.06995,0.10915638297872342,0.12768140979040798,-0.25061206941668573,0.18162603765357005,0.5176727509075375,30
all_genes_ridge,ENSG00000182836,PLCXD3,0.0008410868102448244,0.0031653280596667267,0.1128,0.16572340425531915,0.26571868520111036,0.13565305162287436,0.4668461429364926,0.7686252114724466,31
all_genes_ridge,ENSG00000182885,ADGRG3,0.0003613069094196289,0.0033315541086183366,0.1179,0.13966382978723402,0.10844995988057665,-0.062084259090349474,0.7490166068518475,0.9043761544679905,29
all_genes_ridge,ENSG00000182919,C11orf54,-0.0009049082717559457,-0.001445753058314818,3.4767,3.3865702127659576,0.6259079076828753,-0.06322351002612318,0.7399592341089036,0.9014912735343527,30
all_genes_ridge,ENSG00000182923,CEP63,0.0004547595954552335,0.0011600777579902802,2.0653,1.993889361702128,0.3920078566483849,0.0589006558719395,0.7529577868738593,0.9053385508709056,31
all_genes_ridge,ENSG00000182985,CADM1,0.0011322262135655486,0.00128493081476983,3.3935,3.141504255319148,0.8811573359055636,0.23046058761449667,0.19694689583550581,0.538578875779054,33
all_genes_ridge,ENSG00000183023,SLC8A1,-0.0007242196682436968,-0.0033242399199592296,0.3317,0.3800212765957447,0.2178602284075149,-0.22283357299611498,0.20525186298788772,0.5472686164755913,34
all_genes_ridge,ENSG00000183032,SLC25A21,0.0017255184647367982,0.002307811805038566,0.4875,0.7359957446808509,0.7476859512415757,0.0016132285062828468,0.9931279440804148,0.9970689279854958,31
all_genes_ridge,ENSG00000183036,PCP4,0.0006144109480657938,0.0028283834772192496,0.2865,0.3202936170212766,0.21723042614782112,0.2819628509163641,0.131152829673735,0.44711033835544395,30
all_genes_ridge,ENSG00000183091,NEB,0.0005959007471337688,0.012351780895964096,0.0876,0.09993829787234046,0.04824411573949449,0.019157088122605363,0.9185279677518692,0.9700806470771354,31
all_genes_ridge,ENSG00000183111,ARHGEF37,0.001075707622290393,0.0013822779106717458,1.0819,1.2448361702127657,0.7782137108503971,0.0962081504038553,0.6066588566472219,0.8455460544098786,31
all_genes_ridge,ENSG00000183273,CCDC60,0.0006197649904389087,0.0030529260395848303,0.0423,0.10719361702127658,0.20300688008910658,0.11096044519825482,0.5666241104067041,0.8273303505889018,29
all_genes_ridge,ENSG00000183324,REC114,4.605654378946538e-05,8.180724042235052e-05,0.2889,0.39164893617021274,0.5629886004183352,-0.4115327872613004,0.026553804150046323,0.2178847281068666,29
all_genes_ridge,ENSG00000183395,PMCH,-0.0004423220205891386,-0.01058031952107002,0.0398,0.05394468085106383,0.04180611178218985,-0.3850111032550116,0.03245315557324727,0.24565816585838574,31
all_genes_ridge,ENSG00000183423,LRIT3,0.0001496901458201267,0.0004118425647267267,0.1732,0.3069936170212766,0.3634644853172276,-0.2732331680806858,0.14403327309842145,0.46194966938393384,30
all_genes_ridge,ENSG00000183454,GRIN2A,0.0011584152440508137,0.004327041044676837,0.04045,0.11605,0.2677153352811169,0.028606412106890244,0.8807200567493779,0.9557822445158757,30
all_genes_ridge,ENSG00000183475,ASB7,0.0022829228911036654,0.0048790457612931356,1.9036,1.8702787234042548,0.46790356204787936,0.5031521483951551,0.0020640940553021004,0.0728673203708974,35
all_genes_ridge,ENSG00000183508,TENT5C,-0.0030700703210292408,-0.005217537668849633,1.2652,1.2875999999999999,0.5884136379807168,-0.2793499607127772,0.10412505481444556,0.407702743674865,35
all_genes_ridge,ENSG00000183513,COA5,-0.0003722347795207594,-0.0008896843433748667,2.84875,2.8064776595744676,0.4183897157375501,0.047963499963850596,0.8012816342922051,0.9257677313789362,30
all_genes_ridge,ENSG00000183607,GKN2,2.3214706847401437e-05,4.1816890595894165e-05,0.185,0.38407234042553173,0.5551514356182379,-0.07053317832098711,0.6965028961458617,0.8814434317210655,33
all_genes_ridge,ENSG00000183671,CMKLR2,-0.0009647829790213296,-0.0016910052980318314,1.508,1.3595191489361702,0.57053811726329,0.021562346637942386,0.9115990673917856,0.9686337264138741,29
all_genes_ridge,ENSG00000183715,OPCML,-0.0013091075478385106,-0.0135879061339321,0.06195,0.10034148936170215,0.09634358192756208,0.10115735839243664,0.5948047073726993,0.838749229718307,30
all_genes_ridge,ENSG00000183742,MACC1,0.0011964059555601072,0.005532015370849892,0.1591,0.20810212765957445,0.2162694561306509,-0.11103693813974187,0.5591239775942753,0.8254789830238418,30
all_genes_ridge,ENSG00000183775,KCTD16,0.0008191206173971202,0.03466707432667226,0.028,0.03698510638297872,0.023628201493972125,0.0937970239090453,0.6036256040003778,0.8437418663651689,33
all_genes_ridge,ENSG00000183780,SLC35F3,-0.0017442581620943473,-0.008062850472719972,0.0889,0.16805531914893615,0.21633269375339517,-0.2212912764908822,0.24864639052845483,0.598988083201137,29
all_genes_ridge,ENSG00000183826,BTBD9,0.0033689787424638507,0.006611793210576001,1.8936,1.7802255319148939,0.5095408515007618,0.2134193848752402,0.2574736109794853,0.612159357690338,30
all_genes_ridge,ENSG00000183833,CFAP91,0.0034355938169083576,0.014198278400047575,0.2351,0.276131914893617,0.24197256315926624,0.42823703663656787,0.02047076542988417,0.18719651760580822,29
all_genes_ridge,ENSG00000183853,KIRREL1,0.001146126755391177,0.00248738776625418,0.7493,0.7523085106382977,0.4607752642914853,0.0911666934264,0.6381165903521647,0.861632063349693,29
all_genes_ridge,ENSG00000183862,CNGA2,-0.0007498751206030456,-0.017134098012792538,0.0347,0.05291914893617022,0.04376507710199738,-0.2786743892036584,0.14322788998148148,0.46194966938393384,29
all_genes_ridge,ENSG00000183876,ARSI,0.0016223831356184687,0.022301092187556357,0.1673,0.17271489361702128,0.07274904394699251,0.5339411153000245,0.0028521083327948207,0.08104084684213195,29
all_genes_ridge,ENSG00000183891,TTC32,0.0010556959852537726,0.002791614141666462,1.98055,1.9790989361702123,0.37816687109328506,-0.12288512911843277,0.517678015323369,0.7977622290882296,30
all_genes_ridge,ENSG00000184144,CNTN2,-0.001270198683575262,-0.0366836712220722,0.0516,0.06179148936170213,0.03462572423261159,-0.26983967062669195,0.14208948505104665,0.46082734207843434,31
all_genes_ridge,ENSG00000184156,KCNQ3,0.0004642075243621528,0.0020221527197836365,0.1215,0.18558510638297868,0.22956106124952888,-0.08893816210889381,0.6463848762066272,0.86535437724312,29
all_genes_ridge,ENSG00000184220,CMSS1,0.002223104282652793,0.00295182788446489,1.041,1.128465957446808,0.7531280175083106,0.009669282511210762,0.9560365344693126,0.9829430237610502,35
all_genes_ridge,ENSG00000184226,PCDH9,7.823503965185007e-05,0.000603416451645983,0.0852,0.11191063829787234,0.12965347470796104,-0.101247250419173,0.5813772670968129,0.8331650394196428,32
all_genes_ridge,ENSG00000184254,ALDH1A3,0.002139953465292145,0.0039882969895914805,0.8638,0.8955212765957445,0.5365582028813104,0.39448074642072,0.03420599142040244,0.25006235486326467,29
all_genes_ridge,ENSG00000184304,PRKD1,0.0032333124720456395,0.006470592576568291,1.08805,1.0659308510638297,0.4996934104233838,0.22076333710263074,0.24106686176366635,0.5916903410877388,30
all_genes_ridge,ENSG00000184349,EFNA5,-0.003766858585497099,-0.01322928846922513,0.5205,0.5512723404255319,0.28473629509703574,-0.3669570576252419,0.03277898743351958,0.2463292223964491,34
all_genes_ridge,ENSG00000184374,COLEC10,-0.00259498516792592,-0.008911246783943495,0.1162,0.19598085106382976,0.291203378252483,-0.25871627644901973,0.17536970766983756,0.5079055553709277,29
all_genes_ridge,ENSG00000184384,MAML2,0.0010259269969035215,0.0031945466430714957,0.86615,0.8787542553191489,0.32114948114112124,0.3001669467672544,0.10704109256135047,0.41088462222057015,30
all_genes_ridge,ENSG00000184432,COPB2,-0.001742846434776717,-0.005543186105949498,3.1605,3.100565957446809,0.31441239775552926,-0.32613296552850096,0.07860276060608933,0.361008097047572,30
all_genes_ridge,ENSG00000184445,KNTC1,-0.0004242360089503572,-0.0018827573765820636,0.3093,0.35894042553191485,0.2253269668344152,-0.3634030069673634,0.04091194290857729,0.269433099068201,32
all_genes_ridge,ENSG00000184588,PDE4B,0.00266395118409638,0.004711846503144462,0.874,0.8522000000000002,0.565373082998053,0.04479732694092255,0.8044883735666845,0.9258657481263485,33
all_genes_ridge,ENSG00000184611,KCNH7,0.0018350459625494243,0.04854306074026517,0.0236,0.03775319148936171,0.037802436322835795,-0.002003561937447566,0.9916162660298821,0.9968152480043062,30
all_genes_ridge,ENSG00000184677,ZBTB40,-0.00013456719812917234,-0.0002193171361360634,1.3165499999999999,1.281677659574468,0.6135735697628636,0.0972031189711178,0.584458223721774,0.8331650394196428,34
all_genes_ridge,ENSG00000184828,ZBTB7C,0.0007542757891898592,0.00137678662673286,0.1405,0.338863829787234,0.5478523502075042,-0.18444376743468616,0.2963707154649621,0.6372390171045502,34
all_genes_ridge,ENSG00000185002,RFX6,0.000561187409262617,0.0014194340523616116,0.1063,0.20038936170212757,0.3953599734548641,-0.4077846143551354,0.02277742175901145,0.19999394700393577,31
all_genes_ridge,ENSG00000185008,ROBO2,0.0035312496578816482,0.011686710226280723,0.2792,0.3465021276595745,0.30215942634914317,0.25678265385266774,0.16317779205712624,0.49050274919350023,31
all_genes_ridge,ENSG00000185009,AP3M1,0.000457012857506168,0.0007668490738672887,2.3644,2.3563893617021274,0.5959619344669885,-0.016034691733975884,0.9317733239873547,0.9723398424243731,31
all_genes_ridge,ENSG00000185013,NT5C1B,0.0003539245139729903,0.0004467245259225657,1.5202,1.425227659574468,0.7922656882159607,0.04854608181370133,0.8025282824256234,0.9257677313789362,29
all_genes_ridge,ENSG00000185033,SEMA4B,-0.0017039836370834267,-0.0029262639270147407,1.9839,1.992034042553192,0.5823068867276656,-0.2397732873336619,0.21028088119836366,0.5513063517428601,29
all_genes_ridge,ENSG00000185052,SLC24A3,-0.0001692322272632289,-0.00035119531221260847,0.19235,0.3209202127659574,0.48187496067936747,-0.24279515005097713,0.19608620249775757,0.5385174191622067,30
all_genes_ridge,ENSG00000185053,SGCZ,0.0009895767558329995,0.03723937523443568,0.0243,0.03257872340425532,0.026573398441924623,0.16900714461690072,0.38079844550671726,0.7092656377576894,29
all_genes_ridge,ENSG00000185070,FLRT2,-0.0017396918431649734,-0.005861695982426069,0.5721499999999999,0.6266712765957447,0.29678984518827617,0.04064481637654768,0.8194694776248832,0.9326418068732042,34
all_genes_ridge,ENSG00000185133,INPP5J,6.768079736248033e-05,0.00024248788418043126,0.20085,0.2690989361702128,0.27911001653229056,-0.47507789338159967,0.007978761966181127,0.1268247190017063,30
all_genes_ridge,ENSG00000185238,PRMT3,0.0004156301724904004,0.0006261675448588392,1.9436,2.0746170212765964,0.6637683091417624,0.08349299565254666,0.6552021764065571,0.8678856053971673,31
all_genes_ridge,ENSG00000185261,KIAA0825,4.257529038563503e-05,0.00015131608173301565,0.5607,0.533023404255319,0.28136659301524547,-0.3041242450339139,0.09623770829073691,0.3916590916497014,31
all_genes_ridge,ENSG00000185278,ZBTB37,-0.0035231645557848744,-0.01733529003688188,0.8565,0.8865276595744678,0.20323655089064727,-0.2318973457846903,0.20156289890508428,0.5435274115086935,32
all_genes_ridge,ENSG00000185305,ARL15,0.00040302307288256676,0.0007581775044994334,1.6825,1.6436063829787233,0.531568228404049,0.22254367557376453,0.23719679486108702,0.5890540710335835,30
all_genes_ridge,ENSG00000185313,SCN10A,0.0006925232274212977,0.007415728335080391,0.0679,0.08171276595744681,0.09338573315115788,0.06394352024453706,0.7325450629334046,0.8983212793247178,31
all_genes_ridge,ENSG00000185480,PARPBP,-0.000537254345832283,-0.004297911384557355,0.2869,0.29358936170212757,0.1250035884319693,-0.09495946131571806,0.5991262983514273,0.8417722651524162,33
all_genes_ridge,ENSG00000185483,ROR1,-4.027878070097832e-05,-0.0001927221686355239,0.2581,0.27810212765957454,0.2089992084779491,-0.11374513147798815,0.5495178445573436,0.8187973152485528,30
all_genes_ridge,ENSG00000185518,SV2B,-0.0006795669324686645,-0.003556494272440262,0.11035,0.16395638297872345,0.1910777525313951,-0.2954267293241724,0.11297252281893372,0.42174600098691983,30
all_genes_ridge,ENSG00000185532,PRKG1,-0.0008312804103894067,-0.003695329526478363,0.4697,0.4834765957446807,0.2249543388304031,0.22588988963064283,0.23869652727207358,0.589235504315093,29
all_genes_ridge,ENSG00000185565,LSAMP,-0.003532504803472259,-0.054339951738268936,0.10095,0.1139414893617021,0.06500750719262216,-0.4887577916295637,0.006132308430167055,0.11222798287685633,30
all_genes_ridge,ENSG00000185630,PBX1,-0.0022474120985331116,-0.005559989760471705,1.07935,1.1154734042553192,0.4042115535015739,-0.24145988799753454,0.19863373301819404,0.538578875779054,30
all_genes_ridge,ENSG00000185652,NTF3,-0.0012006578010655472,-0.0031331607597967397,0.6574,0.6577489361702128,0.3832097658287532,-0.12019332057743262,0.49161105312403225,0.7851294883138148,35
all_genes_ridge,ENSG00000185753,CXorf38,-0.000625310210540602,-0.001977631412224164,2.5933,2.5766914893617026,0.31619148374941125,0.1523105372008018,0.430254342432528,0.7421887406961108,29
all_genes_ridge,ENSG00000185774,KCNIP4,0.004217226700863469,0.12134474287933107,0.0944,0.0976276595744681,0.03475409482763673,0.4605717241864493,0.011927918406676466,0.14576412046054452,29
all_genes_ridge,ENSG00000185909,KLHDC8B,0.0011773444234175132,0.0037346926672257963,0.6534,0.7185212765957448,0.31524533029168045,0.00936306581136,0.9615531226298617,0.9831567110192665,29
all_genes_ridge,ENSG00000185933,CALHM1,0.00024172610050147866,0.0007894061593866449,0.22225,0.3085989361702128,0.3062125847729586,-0.029820852526884448,0.8756943471297525,0.9542793183308982,30
all_genes_ridge,ENSG00000186073,CDIN1,0.0006138287221772864,0.0014508132771812688,1.5324,1.4938021276595743,0.4230928485641318,-0.032767700524077875,0.8563468285370437,0.9447198297378141,33
all_genes_ridge,ENSG00000186106,ANKRD46,-0.0003191185156233317,-0.0004067581612929859,2.0584,1.9538127659574471,0.7845411499770061,-0.08862135303942784,0.6238310285846328,0.8552920440785532,33
all_genes_ridge,ENSG00000186130,ZBTB6,-0.0038526285249123357,-0.023599008085659224,1.638,1.6450510638297877,0.1632538329970539,-0.3230257508806332,0.08741506339835681,0.37499421318934817,29
all_genes_ridge,ENSG00000186190,BPIFB3,0.0006828054146937454,0.018960880195104814,0.034949999999999995,0.0448159574468085,0.0360112720331426,-0.05462839341344014,0.7743327646707222,0.9179516882234723,30
all_genes_ridge,ENSG00000186231,KLHL32,0.00025175846679108147,0.0006040830882559825,0.36450000000000005,0.42257872340425523,0.4167613225490561,-0.08256370772689113,0.6644726122294677,0.8717972561489473,30
all_genes_ridge,ENSG00000186260,MRTFB,-0.00028813518216754035,-0.00045860700194176937,1.8244,1.644963829787234,0.628283434285911,0.039505899042150724,0.8357998263482168,0.9379121853639092,30
all_genes_ridge,ENSG00000186283,TOR3A,-0.0002500891347382589,-0.00036109374113748135,2.9595,2.8910127659574467,0.6925878414576037,-0.032274331984624385,0.8631576142828788,0.9488480206908709,31
all_genes_ridge,ENSG00000186329,TMEM212,0.0003052744992702907,0.001415180054929434,0.1298,0.20418510638297868,0.21571424654194465,0.020105078858438243,0.9087344542282014,0.967023415014658,35
all_genes_ridge,ENSG00000186350,RXRA,0.0011383097583750246,0.001679217323163184,1.067,1.1820978723404254,0.6778811430022421,0.05463447235335919,0.7743082968987869,0.9179516882234723,30
all_genes_ridge,ENSG00000186417,GLDN,0.005938796671592241,0.02426383908667683,0.3239,0.3493021276595744,0.2447591516897756,0.26093386037448,0.17156745482396366,0.5016200931866547,29
all_genes_ridge,ENSG00000186635,ARAP1,0.000366592267756005,0.0006743744786128386,2.5213,2.4723106382978717,0.5436034123208082,0.10772834460164948,0.5780472508974951,0.8313365484248201,29
all_genes_ridge,ENSG00000186638,KIF24,0.0008437004104029591,0.0047106497493221355,0.303,0.3441425531914894,0.17910489110857114,0.00489650579677361,0.9795127614446276,0.9935852802358468,30
all_genes_ridge,ENSG00000186889,TMEM17,0.0002771058231525158,0.000820682058696976,0.59325,0.6442074468085107,0.33765307796844723,-0.21962617366165757,0.24356067701574718,0.5939359159998462,30
all_genes_ridge,ENSG00000187003,ACTL7A,0.0010675467899318508,0.02091572537829258,0.0566,0.07066382978723404,0.051040390453768625,0.33920651596717366,0.0718400792709691,0.3413246958789705,29
all_genes_ridge,ENSG00000187045,TMPRSS6,-0.001900954464371091,-0.0022442504637826565,3.258,3.1477574468085114,0.8470331164227791,-0.39982750123213406,0.031636333548118546,0.24254522386890887,29
all_genes_ridge,ENSG00000187054,TMPRSS11A,-0.0030561420709031813,-0.027545121904545583,0.03995,0.06485,0.11095039192398154,-0.2930574171351601,0.11602740781277092,0.42338847370140925,30
all_genes_ridge,ENSG00000187079,TEAD1,-0.0012430595112617512,-0.0018551862265874586,1.5606499999999999,1.4320457446808512,0.6700456770576125,-0.17493353554358834,0.3382574482311088,0.6742242636603563,32
all_genes_ridge,ENSG00000187098,MITF,-0.0010612748641476567,-0.0017527804675681836,1.5817,1.4953446808510642,0.6054807682904378,-0.045592091991123664,0.8075864151650576,0.9258657481263485,31
all_genes_ridge,ENSG00000187164,SHTN1,0.0021011297452158276,0.0021904294791542677,2.2938,2.0026255319148945,0.9592318607888171,0.08147625331329116,0.6630368032845487,0.8710427238303289,31
all_genes_ridge,ENSG00000187231,SESTD1,-0.0015078348942693838,-0.0025772657555450827,1.7917,1.7757234042553192,0.5850521588723325,-0.372704017221939,0.0425208036628169,0.2712041174796473,30
all_genes_ridge,ENSG00000187239,FNBP1,-0.0006843755364965454,-0.0011079426588023078,2.2518,2.171393617021277,0.6176994188818031,-0.05496828786671984,0.7729650132622333,0.9177636997513259,30
all_genes_ridge,ENSG00000187323,DCC,-0.002200783366946466,-0.06111427022093665,0.0375,0.04781063829787234,0.03601095716254691,-0.13991728105086879,0.45282270488699083,0.7608022866834001,31
all_genes_ridge,ENSG00000187522,HSPA14,0.0024455372098699762,0.006986887969885062,2.4926,2.517082978723404,0.350018093951234,-0.030332930619408924,0.8758767526719634,0.9542793183308982,29
all_genes_ridge,ENSG00000187546,AGMO,-0.0021145101000781584,-0.0023947690385964673,2.7388500000000002,2.5496138297872344,0.8829703683314013,-0.396705263614618,0.02997169827331025,0.2351268112603874,30
all_genes_ridge,ENSG00000187715,KBTBD12,0.0010353177379805653,0.0017476333283094083,0.5466,0.7025340425531915,0.5924113034523615,0.009718529752421575,0.9578990968734482,0.9829430237610502,32
all_genes_ridge,ENSG00000187720,THSD4,0.0006281990046118932,0.0021697422692121783,0.51505,0.5442393617021276,0.2895270159621257,0.13997997886850277,0.46065561252176207,0.7654901147323863,30
all_genes_ridge,ENSG00000187783,TMEM72,0.0007138739276330991,0.0027712231636509302,0.17675000000000002,0.24326914893617024,0.2576024684683317,0.10265811354895381,0.5760948010897479,0.8297585372120764,32
all_genes_ridge,ENSG00000187796,CARD9,0.0019584421829853156,0.0035926742839451653,1.3535,1.3660042553191487,0.545120995726538,0.4555309327700642,0.013018885724798483,0.15408906291544106,29
all_genes_ridge,ENSG00000187821,HELT,0.001076380298481082,0.023576162986774972,0.0321,0.044785106382978716,0.04565544864467032,0.04658040700801219,0.8103773237286074,0.9273935988281214,29
all_genes_ridge,ENSG00000187955,COL14A1,0.001115493123397224,0.0028305839404863965,0.2107,0.3195212765957447,0.39408586597348605,-0.2643931104214263,0.14366035866888244,0.46194966938393384,32
all_genes_ridge,ENSG00000188001,TPRG1,0.001814408905014594,0.0054230297226798355,0.0944,0.17858297872340428,0.33457476683679116,0.12503781449069434,0.5027239853113645,0.7892992918535712,31
all_genes_ridge,ENSG00000188089,PLA2G4E,0.00013856287471429915,0.0016261009370849887,0.0973,0.11654042553191488,0.08521173043703689,0.15752319804069392,0.39737851081148284,0.7181197373950369,31
all_genes_ridge,ENSG00000188158,NHS,0.00013064082801331575,0.0003713013500508355,0.2554,0.31061914893617026,0.35184582010119136,0.21700111030965663,0.2409572156792906,0.5916903410877388,31
all_genes_ridge,ENSG00000188162,OTOG,-0.002233643704110161,-0.019271171978108355,0.0524,0.0788872340425532,0.11590596081273795,-0.4893102057281162,0.0052125191454605105,0.10475696166612286,31
all_genes_ridge,ENSG00000188175,HEPACAM2,0.0011109846643613448,0.005182070566699096,0.21395,0.27772659574468095,0.21439010720940954,-0.12431830906155848,0.5127686739429871,0.7959688980220405,30
all_genes_ridge,ENSG00000188316,ENO4,0.0003444381677872552,0.001928577978080269,0.2087,0.2514914893617021,0.1785969619595643,0.012871949360730547,0.9433218371400686,0.9787850641002215,33
all_genes_ridge,ENSG00000188467,SLC24A5,0.0008827888998985952,0.0038381855634461583,0.0973,0.17527021276595742,0.23000162063711513,-0.16277903242242076,0.3654145202032323,0.6976677210301527,33
all_genes_ridge,ENSG00000188517,COL25A1,-0.003996468208469276,-0.03748523080956545,0.10719999999999999,0.13569148936170214,0.10661447514548744,-0.022919448153093012,0.9043117559012005,0.965809547221835,30
all_genes_ridge,ENSG00000188641,DPYD,0.001248445257225129,0.0013574178791576756,3.7123,3.528355319148935,0.9197206522724102,0.020485415782836514,0.914434682247154,0.9693115163169992,30
all_genes_ridge,ENSG00000188647,PTAR1,0.0001826968637983486,0.0004166625533867698,1.6223,1.6752106382978722,0.4384768017027895,0.10281517811507922,0.5887492398116372,0.8344737124501076,30
all_genes_ridge,ENSG00000188687,SLC4A5,-0.006060966341879975,-0.012038409480480823,0.1215,0.2818063829787234,0.5034690298338228,-0.3326944433350867,0.06743964977059158,0.33056924035009755,31
all_genes_ridge,ENSG00000188716,DUSP29,0.0020063284012058202,0.007651134495901863,0.2928,0.356027659574468,0.262226262298808,0.1307110498562007,0.4833796307529617,0.7786794339058732,31
all_genes_ridge,ENSG00000188729,OSTN,0.0031543994913283357,0.05178604402189695,0.052500000000000005,0.06937234042553192,0.06091215405437313,0.03385555990016647,0.849246089488339,0.9416768180009485,34
all_genes_ridge,ENSG00000188760,TMEM198,-0.00760265255809217,-0.02531679896460089,0.6496999999999999,0.7111255319148936,0.30030070423684085,-0.5907877315822704,0.0005875120370920905,0.035673730892231734,30
all_genes_ridge,ENSG00000188811,NHLRC3,-0.00038847821575632767,-0.0006725794618675397,2.3926999999999996,2.4196085106382976,0.5775945264187029,-0.2662807673819827,0.1549286705169419,0.4783270738288972,30
all_genes_ridge,ENSG00000188816,HMX2,-0.0007602694349830606,-0.001846576654974687,2.1891499999999997,2.2217499999999997,0.4117183182917919,0.00018335167158212644,0.999205366183396,0.999205366183396,32
all_genes_ridge,ENSG00000188869,TMC3,0.0021645425892079695,0.0059996846358622066,0.0863,0.21026595744680848,0.3607760608398888,0.17768405685756064,0.33059623738554567,0.6648932682349441,32
all_genes_ridge,ENSG00000188906,LRRK2,-0.0010651211485202827,-0.002352607567799703,1.23325,1.283673404255319,0.4527406793630468,-0.42706131342605413,0.018586778156510244,0.17914113804179396,30
all_genes_ridge,ENSG00000188916,INSYN2A,0.002058260057184951,0.016677078806725823,0.1197,0.1472595744680851,0.12341850038838097,0.37062593535388966,0.04779164638476036,0.2842249225796222,29
all_genes_ridge,ENSG00000188981,MSANTD1,-0.0009893710388130875,-0.0036470192968586835,0.3112,0.3781872340425531,0.27128209594757846,-0.37955028458476525,0.035210174286242284,0.25006235486326467,31
all_genes_ridge,ENSG00000189007,ADAT2,0.0034228987683886593,0.004785332228782721,2.0211,1.9454276595744686,0.7152896820414424,0.291334251568806,0.10570982792089977,0.4088344427615945,32
all_genes_ridge,ENSG00000189046,ALKBH2,0.00043819927511078296,0.000771447096586797,2.0448,2.0061297872340424,0.5680224568211597,0.4291168895709704,0.020185196653596773,0.18684518396244826,29
all_genes_ridge,ENSG00000189091,SF3B3,-0.002164015421507976,-0.0059447794126723415,3.4086,3.318040425531916,0.3640194650275832,-0.1858058156727452,0.3345348311140761,0.6685122118854628,29
all_genes_ridge,ENSG00000189184,PCDH18,0.00020639568417994393,0.0004618333708550681,1.3739,1.3678553191489364,0.4469050900280542,0.16901925123595607,0.3550935987039814,0.6906240651283071,32
all_genes_ridge,ENSG00000189195,BTBD8,-0.0011176027459085043,-0.0021681060348017448,0.8436,0.9006106382978722,0.5154742101950285,-0.36314364245704417,0.05283703907968706,0.2980912188024585,29
all_genes_ridge,ENSG00000189320,FAM180A,0.001399131585661532,0.002587221252065281,1.0436,1.0439702127659576,0.5407854409608989,0.37158570119156736,0.036258677538558416,0.2530653178994142,32
all_genes_ridge,ENSG00000189367,KIAA0408,0.0008460318069932751,0.002387975202553634,0.7325,0.7162212765957447,0.3542883552930333,0.1830500178735304,0.34187972663580535,0.6779535271497746,29
all_genes_ridge,ENSG00000196090,PTPRT,2.269820135251186e-05,0.000393612396646411,0.071,0.08603404255319148,0.05766637825917372,-0.1554953178905865,0.42055935133266253,0.7361210634018969,29
all_genes_ridge,ENSG00000196091,MYBPC1,0.002647953109605666,0.012951764543166317,0.1162,0.17689574468085106,0.20444728598797712,0.014572969979016907,0.9337815298491311,0.9723398424243731,35
all_genes_ridge,ENSG00000196092,PAX5,0.0001323979170959617,0.0019299732714777812,0.0205,0.04062553191489362,0.06860090709680376,-0.08242976835879744,0.6707661512598833,0.8754529706250678,29
all_genes_ridge,ENSG00000196123,MATCAP1,0.001799044482597713,0.003797269365738725,1.8441,1.8042510638297873,0.4737732063018197,0.5672745194677181,0.0013314512694932255,0.05633920126897774,29
all_genes_ridge,ENSG00000196141,SPATS2L,0.00016451259821529743,0.00032412812995384713,0.5225,0.6342765957446809,0.5075542139422534,-0.24126868636210141,0.18342859840702025,0.5183422155778507,32
all_genes_ridge,ENSG00000196151,WDSUB1,-0.00021437025097329997,-0.00042041530383928077,2.2378,2.312572340425532,0.5099011596762684,0.1096329145109633,0.571303602971566,0.8273303505889018,29
all_genes_ridge,ENSG00000196159,FAT4,4.5829286163466646e-06,1.6700602868636763e-05,0.71,0.7071382978723405,0.27441695682455086,0.26360218129042856,0.13827349183110668,0.4567742424495284,33
all_genes_ridge,ENSG00000196220,SRGAP3,-0.0021254673928976673,-0.01152095721881105,0.2,0.24791489361702126,0.1844870484743466,-0.5271069492360769,0.0033031239614728196,0.08720247258288244,29
all_genes_ridge,ENSG00000196284,SUPT3H,-9.234853016092784e-05,-0.000138761238660548,0.8292,0.983663829787234,0.6655210853719771,-0.1268785453632142,0.511910502976809,0.7959688980220405,29
all_genes_ridge,ENSG00000196353,CPNE4,0.0010064786260803819,0.004918428727660003,0.1814,0.24191063829787238,0.20463417928986136,0.1945927903871829,0.3028072860199023,0.6422341133989153,30
all_genes_ridge,ENSG00000196376,SLC35F1,0.0002047107295343089,0.000829593988071766,0.1734,0.23618510638297868,0.2467601410783125,0.20308561986017992,0.27319506959441947,0.6245654860014576,31
all_genes_ridge,ENSG00000196396,PTPN1,0.00242319187296204,0.004416307736556461,2.4069,2.2837106382978725,0.5486918071636652,-0.041509015049921744,0.8275948947065688,0.9375291419138592,30
all_genes_ridge,ENSG00000196482,ESRRG,0.0016857876210734258,0.00521960496966648,0.1512,0.22750425531914895,0.3229722614777002,-0.11457260935872973,0.5058130622901736,0.7911635533812299,36
all_genes_ridge,ENSG00000196497,IPO4,-0.0021060315270395474,-0.006229368884007844,2.66585,2.7300542553191485,0.33808104259906524,-0.32650790117961276,0.07823974691337499,0.36044897060547265,30
all_genes_ridge,ENSG00000196504,PRPF40A,0.002795379996584052,0.021489006100846135,3.4843,3.4732999999999996,0.13008419204990515,0.6967569497023156,2.6821973770156943e-05,0.007622063047034964,29
all_genes_ridge,ENSG00000196505,GDAP2,-0.001675104133484976,-0.003028756431182008,1.8638,1.8829978723404253,0.553066636933643,-0.3308426738901572,0.04549085097520193,0.2791000805716083,37
all_genes_ridge,ENSG00000196510,ANAPC7,-0.0010924555350457887,-0.003270038856997853,2.746,2.764514893617021,0.334080291647894,0.02316000574596388,0.9033120700437269,0.9656450317667322,30
all_genes_ridge,ENSG00000196586,MYO6,0.0032556946947498184,0.0036793476327915157,1.6067,1.786540425531915,0.8848565070976258,-0.03684763581720737,0.8335523114517077,0.9378413100260756,35
all_genes_ridge,ENSG00000196611,MMP1,0.002243411877420681,0.0033809382628330834,0.6264000000000001,0.7981957446808511,0.6635471289383429,0.27722772277227725,0.12450645355140498,0.4377281470992198,32
all_genes_ridge,ENSG00000196639,HRH1,-0.00108012515468913,-0.0023379399368808943,1.2001499999999998,1.0288563829787234,0.46199867569316283,0.22866049422226845,0.20810511767771456,0.5489201887658918,32
all_genes_ridge,ENSG00000196689,TRPV1,0.00013960098135775312,0.0006422215177448955,0.15400000000000003,0.21022978723404254,0.2173720087236406,-0.07233474472506471,0.7040515114742064,0.8843736564211583,30
all_genes_ridge,ENSG00000196776,CD47,-0.0027305533664014857,-0.004309233754505683,3.3784,3.390512765957446,0.6336517167458025,-0.2713159191720059,0.15453965943020967,0.4783270738288972,29
all_genes_ridge,ENSG00000196811,CHRNG,-0.00020495933830691842,-0.0004265451756101715,1.7055500000000001,1.7211159574468085,0.48051027189259554,-0.14999541641845676,0.4125613025150565,0.7291490533360665,32
all_genes_ridge,ENSG00000196865,NHLRC2,-0.0005630887518431967,-0.001217103660224271,1.8309,1.8499234042553194,0.462646502714024,-0.45555789143057074,0.005958571551858004,0.11098296461006686,35
all_genes_ridge,ENSG00000196876,SCN8A,0.00013083423189596952,0.0006985000060559758,0.2662,0.28544893617021283,0.1873074169815896,-0.17757386396621994,0.3392317284512653,0.6744646546025157,31
all_genes_ridge,ENSG00000196878,LAMB3,-0.0024250471288765232,-0.0030743022330975323,1.74315,1.7513010638297868,0.7888122068054292,-0.2715189395913922,0.13277795725901212,0.4479043091537342,32
all_genes_ridge,ENSG00000196911,KPNA5,-0.0015313327755087248,-0.003287764613871607,1.9704,1.9628127659574472,0.46576715651959566,-0.14339013887561883,0.44157047846931946,0.7506203654159317,31
all_genes_ridge,ENSG00000196914,ARHGEF12,-0.0008465372362148223,-0.0011948716239205599,3.0114,2.8139404255319156,0.7084754707264717,0.13634696497340915,0.45681976554005416,0.763293785459331,32
all_genes_ridge,ENSG00000196932,TMEM26,0.002896439820342815,0.008060703944594294,0.3637,0.4723659574468086,0.35932839616138473,0.045110677029922205,0.7969341031581938,0.9240182501553971,35
all_genes_ridge,ENSG00000196943,NOP9,0.0010051911244112455,0.00353488953926234,2.2378,2.174151063829787,0.28436281056211127,0.4170379550037454,0.021862944702214077,0.19465073347777695,30
all_genes_ridge,ENSG00000196968,POFUT4,-0.0011766320796274534,-0.004037611971123181,2.3361,2.3718000000000004,0.2914178202468868,-0.6328240512567768,0.00022973688648300064,0.021796287105074686,29
all_genes_ridge,ENSG00000196990,FAM163B,-0.0031137337178201766,-0.02276624382550353,0.1958,0.226736170212766,0.1367697606019692,-0.18063085812127735,0.3484069170581277,0.6868593507717375,29
all_genes_ridge,ENSG00000197057,DTHD1,3.757288668554618e-05,0.0004820416851428082,0.0251,0.052689361702127666,0.07794530606707789,-0.48057715853109895,0.006210244111762801,0.11222798287685633,31
all_genes_ridge,ENSG00000197081,IGF2R,-2.2903795671065514e-05,-2.842299840059206e-05,3.3634,3.193423404255319,0.8058191239453618,0.09610645638245441,0.619940882670436,0.8540850592830622,29
all_genes_ridge,ENSG00000197106,SLC6A17,0.0006619131907275196,0.006408624957519633,0.07775,0.09731170212765955,0.10328474440540575,-0.27800045222686287,0.13689034411978804,0.45470359381583864,30
all_genes_ridge,ENSG00000197121,PGAP1,-0.0007182557910604356,-0.0013549871309063923,2.3079,2.317053191489362,0.5300831090402847,-0.09013914278855406,0.6296403767266814,0.8572144321713921,31
all_genes_ridge,ENSG00000197136,PCNX3,-0.0023268878871465794,-0.0072354507113471635,2.2938,2.341517021276596,0.3215954306063316,-0.6649809856895103,8.310225510346929e-05,0.013269905185751978,29
all_genes_ridge,ENSG00000197142,ACSL5,-0.001379603852899964,-0.0012794487905020354,4.2334,4.031329787234042,1.0782798523406547,-0.12580089095622385,0.5155306872867552,0.7961584872375733,29
all_genes_ridge,ENSG00000197147,LRRC8B,-0.0018914435209791422,-0.003323456883959388,1.4898,1.432189361702128,0.5691193197384821,-0.17937661833798701,0.35182020333714065,0.6884580970938526,29
all_genes_ridge,ENSG00000197150,ABCB8,-0.003205093544258838,-0.007063255035614986,2.1407,2.157378723404255,0.4537700434286776,-0.5906122996650479,0.0007434044793487364,0.04258445281703328,29
all_genes_ridge,ENSG00000197157,SND1,-0.0004085593441747919,-0.0008026363595120289,4.2334,4.153238297872339,0.5090217248857002,-0.24913918423219372,0.15534601277842314,0.4783270738288972,34
all_genes_ridge,ENSG00000197296,FITM2,0.0006243416226962159,0.0017044337779769303,2.65855,2.62685,0.366304417785756,0.20144685711855043,0.2857563031722926,0.6305333296075357,30
all_genes_ridge,ENSG00000197299,BLM,4.645872763460014e-05,6.710179783605759e-05,1.5386,1.5865914893617021,0.6923618909303684,0.1068871683474631,0.5671118962646853,0.8273303505889018,31
all_genes_ridge,ENSG00000197329,PELI1,-0.00021191894337458235,-0.00033249839025042494,1.7528,1.6880680851063832,0.6373532912895403,-0.3569876345433777,0.04140857329500689,0.2712041174796473,33
all_genes_ridge,ENSG00000197415,VEPH1,-0.0002510887855293731,-0.0006845238291873166,0.32830000000000004,0.4773893617021276,0.3668079544103992,-0.21159194702074682,0.26166724858579066,0.616837292517638,30
all_genes_ridge,ENSG00000197442,MAP3K5,-0.0002397695588688528,-0.00041362802873001503,1.32185,1.326177659574468,0.5796743504182502,-0.5589806503907693,0.001323127604006986,0.05633920126897774,30
all_genes_ridge,ENSG00000197506,SLC28A3,0.0006081579281152613,0.0008314788645510506,0.3473,0.5658595744680851,0.7314171821356285,0.17272392457272,0.3702566068654774,0.7030012873318258,29
all_genes_ridge,ENSG00000197535,MYO5A,-0.0005336201066636653,-0.0014843624379258795,0.8087500000000001,0.8700436170212767,0.3594944826341066,-0.19964389544117858,0.29018086176967267,0.6324401265848717,30
all_genes_ridge,ENSG00000197548,ATG7,0.00015317436160338746,0.0002868949880220834,1.64435,1.589626595744681,0.533903930003814,0.15765353152160763,0.3888259458042,0.7127270704897838,32
all_genes_ridge,ENSG00000197555,SIPA1L1,0.0003486451597046083,0.0005705726791653397,1.2962,1.340195744680851,0.6110442585765281,-0.20919060194327999,0.27611922500276986,0.6245654860014576,29
all_genes_ridge,ENSG00000197563,PIGN,-0.0008051176152877028,-0.0011865067963580808,1.4417,1.4454404255319149,0.6785613177766603,0.05385236091788127,0.7735576851392018,0.9179516882234723,31
all_genes_ridge,ENSG00000197580,BCO2,-0.0006011735869333158,-0.000673746272535204,2.89305,2.8361648936170205,0.8922848428848323,-0.017511689814135232,0.924213982935756,0.9708120479029481,32
all_genes_ridge,ENSG00000197584,KCNMB2,-0.0014354444207511122,-0.0184930752468201,0.0509,0.08070212765957448,0.07762064457061775,-0.12407590322518847,0.521351436156049,0.7978689436438281,29
all_genes_ridge,ENSG00000197632,SERPINB2,-0.0002032851421395331,-0.0002565788007790629,0.6033,0.8456702127659574,0.7922912630439006,-0.0052435212528355694,0.9776660682323364,0.9920435104122236,31
all_genes_ridge,ENSG00000197635,DPP4,0.0005394982001967104,0.00043430224937946485,4.43385,3.9646010638297873,1.2422182960543042,0.4364453485007647,0.012513113383994605,0.14897965581885342,32
all_genes_ridge,ENSG00000197702,PARVA,-0.002291815637461151,-0.0023534034020434736,3.5449,3.3413617021276605,0.9738303409739081,-0.3762356340427543,0.03697394251890127,0.25570134279586393,31
all_genes_ridge,ENSG00000197712,FAM114A1,-0.00021119815956717643,-0.00024546637454051553,2.6804,2.6310191489361703,0.860395481713187,0.06759484004801924,0.7178752655204739,0.8939578778179487,31
all_genes_ridge,ENSG00000197757,HOXC6,-0.0017054228124713106,-0.24639905022726738,0.0336,0.034531914893617024,0.006921385496000514,-0.18770027683827736,0.32954171065317983,0.6648932682349441,29
all_genes_ridge,ENSG00000197852,INKA2,0.003382481953937762,0.015154255402370042,0.4676,0.4866787234042554,0.22320344115414342,0.4042533704765271,0.021747353597515614,0.1941910750648747,32
all_genes_ridge,ENSG00000197872,CYRIA,-0.00021723692195297056,-0.0005273678962138615,0.56995,0.6040882978723405,0.41192670906322154,-0.3114859408276674,0.08267071852782051,0.3680180373173945,32
all_genes_ridge,ENSG00000197893,NRAP,0.0006976570975807427,0.001588785948122858,0.237,0.37031489361702125,0.43911333581784306,0.01905620296230028,0.9121619973047649,0.9686337264138741,36
all_genes_ridge,ENSG00000197959,DNM3,0.001963222086575225,0.006332134331475374,0.4711,0.552768085106383,0.3100411304947472,0.023287334368977775,0.9045577216538617,0.965809547221835,29
all_genes_ridge,ENSG00000197993,KEL,-0.0020358428666525804,-0.02004804548035444,0.0916,0.11632340425531915,0.10154819673805866,-0.21682887930965464,0.25855939997621835,0.6126214023607625,29
all_genes_ridge,ENSG00000198018,ENTPD7,0.00020228982359348383,0.0005543463923288643,1.6004,1.5601510638297873,0.36491591970797205,-0.0011093182960612248,0.995274479469709,0.9979040025330371,31
all_genes_ridge,ENSG00000198130,HIBCH,0.00332449742300995,0.005205275094957943,3.1381,3.044955319148937,0.6386785256038059,0.22624321015080448,0.20549612081099278,0.5472686164755913,33
all_genes_ridge,ENSG00000198146,ZNF770,0.0005895629675277408,0.0014583009782383185,1.7206,1.6962553191489365,0.4042807186757528,0.2746800239605428,0.14183747521883946,0.46076199493413217,30
all_genes_ridge,ENSG00000198160,MIER1,-0.0002886339083506778,-0.0012492018876878227,2.5645,2.590797872340425,0.23105465273104667,-0.3346457306761868,0.06575045082548035,0.32617380507542215,31
all_genes_ridge,ENSG00000198216,CACNA1E,-0.00012094562402068475,-0.001861346181576528,0.0282,0.045653191489361714,0.06497750134703363,0.1166220866989933,0.5112907287862745,0.7959688980220405,34
all_genes_ridge,ENSG00000198231,DDX42,-0.0002861035745311198,-0.0011924125954334394,3.004,3.0075404255319147,0.23993672628652649,-0.19696426886447985,0.3057858674321193,0.6423955480126771,29
all_genes_ridge,ENSG00000198246,SLC29A3,0.003447397068065142,0.007373173596233333,1.91025,1.8341797872340426,0.4675594603965764,-0.1869574894279991,0.3225384383129075,0.6583673224963261,30
all_genes_ridge,ENSG00000198315,ZKSCAN8,0.00047622060035599643,0.0021937304163460215,1.4239,1.4096659574468084,0.21708255344757055,-0.029324791427601644,0.8799720862795153,0.9557822445158757,29
all_genes_ridge,ENSG00000198353,HOXC4,0.00039827491395503996,0.018415972612500386,0.062,0.06441702127659574,0.02162660220751518,0.11659979939819458,0.5181512546175187,0.7977622290882296,33
all_genes_ridge,ENSG00000198369,SPRED2,0.0016780059813612561,0.0032925173420080235,0.9765,1.0920021276595744,0.509642260635105,-0.31436315317176955,0.09674516814783571,0.39214730373408435,29
all_genes_ridge,ENSG00000198382,UVRAG,0.0016380880442273095,0.0075239510113668095,2.0516,2.0647595744680847,0.21771646861503588,0.1117683311012356,0.5637848592748521,0.8272841144313442,29
all_genes_ridge,ENSG00000198471,RTP2,-0.00011096316054928609,-0.0007214403865400495,0.0668,0.10078297872340425,0.15380780258429042,0.27205208142306986,0.13198882498398554,0.44772969011327385,32
all_genes_ridge,ENSG00000198523,PLN,0.0012872322103540295,0.010855295746152623,0.0863,0.11955957446808507,0.11858103551073267,-0.26154466626335954,0.15524262450560436,0.4783270738288972,31
all_genes_ridge,ENSG00000198542,ITGBL1,0.0014415535977211121,0.008553204887866848,0.3261,0.3444319148936171,0.16853958447388867,0.11789027833803953,0.5276350602196892,0.8013506967618692,31
all_genes_ridge,ENSG00000198554,WDHD1,-0.0006816012133309835,-0.0014014674092294043,1.2736,1.2314595744680852,0.48634824387800885,-0.3314440711775144,0.079019869555937,0.3614700940097318,29
all_genes_ridge,ENSG00000198561,CTNND1,0.0008972605377132073,0.0013684943313919562,3.5145999999999997,3.2758531914893614,0.6556552826934722,-0.18891860964607565,0.28459943640942403,0.630228948897893,34
all_genes_ridge,ENSG00000198570,RD3,-0.00128367671508584,-0.012560738217034692,0.09509999999999999,0.11989148936170214,0.10219755343240385,-0.09460211522141872,0.6190074788957088,0.8540850592830622,30
all_genes_ridge,ENSG00000198597,ZNF536,-0.0016178498794398016,-0.005947422351323826,0.1386,0.22318510638297878,0.2720253891300804,-0.32575631409384803,0.06431389359932536,0.3232976837531768,33
all_genes_ridge,ENSG00000198624,CCDC69,0.003438679055784715,0.005242416716237939,1.5755,1.5581063829787236,0.6559339407593638,0.231830507158805,0.22624040834442066,0.5738227900866008,29
all_genes_ridge,ENSG00000198626,RYR2,0.002989637857773516,0.012932678041966681,0.1145,0.18109787234042551,0.2311692789437817,0.22345405950375782,0.24393331558755046,0.5943672119773702,29
all_genes_ridge,ENSG00000198648,STK39,-0.0022619974680250635,-0.0053615633607979616,1.2015,1.214208510638298,0.4218913991698888,-0.19760995591629887,0.30417111676298075,0.6423955480126771,29
all_genes_ridge,ENSG00000198677,SKIC3,0.0038406134109868553,0.007393223974249314,2.1269,2.119108510638298,0.5194774870021194,0.3525330261613572,0.044200630228686005,0.2773053694751085,33
all_genes_ridge,ENSG00000198682,PAPSS2,-0.0014876399762151318,-0.001162896777653903,3.7122,3.180597872340426,1.2792536747899372,0.05203711173860428,0.7810028236645055,0.9191869572703028,31
all_genes_ridge,ENSG00000198700,IPO9,-0.001991537166926725,-0.006534644346756034,2.6949,2.6621638297872345,0.30476596142762924,-0.28409250454216883,0.09813705538379378,0.3946279472121827,35
all_genes_ridge,ENSG00000198707,CEP290,0.0026917869001871577,0.009473322261199521,0.8447,0.8495702127659576,0.2841439176213901,0.20842572694617323,0.2779188493706962,0.6264006137263799,29
all_genes_ridge,ENSG00000198718,TOGARAM1,-0.0007671245948381558,-0.003516360327966891,1.6192,1.653117021276596,0.21815869913470906,-0.1794251143770212,0.334138262155941,0.6685122118854628,31
all_genes_ridge,ENSG00000198730,CTR9,0.002681408762558305,0.010411126641234704,2.7387,2.7652893617021275,0.25755221840624004,0.0022202041377275307,0.9905424388567531,0.996450246643175,31
all_genes_ridge,ENSG00000198734,F5,-0.0016955620289604155,-0.0034238728741554426,4.511,4.370882978723404,0.4952175770774361,0.09123019895353811,0.6254829196874663,0.8557756395543702,31
all_genes_ridge,ENSG00000198739,LRRTM3,-0.0023616929779349065,-0.09123460580630366,0.027950000000000003,0.033477659574468084,0.025885933928940487,-0.37270726965898465,0.0356556548094357,0.25006235486326467,32
all_genes_ridge,ENSG00000198742,SMURF1,-0.001321421463590015,-0.0038724879799722665,1.9704,1.9799276595744681,0.3412331995410038,-0.3953660460257346,0.03376927226587501,0.24944893089828843,29
all_genes_ridge,ENSG00000198774,RASSF9,-0.0005974464885732929,-0.001643866044270168,0.3589,0.46556808510638303,0.363439886513711,-0.3325810812100444,0.058611277290585954,0.307097976142292,33
all_genes_ridge,ENSG00000198785,GRIN3A,0.001712476247468119,0.01588617048716195,0.16025,0.18343085106382978,0.10779666810525657,0.06431512224081795,0.7356270746313516,0.900109261316062,30
all_genes_ridge,ENSG00000198797,BRINP2,-0.0018235917529507116,-0.006071914978615206,0.07155,0.18008617021276596,0.3003322278676916,-0.2485094138488222,0.15642731768712614,0.4799004598921785,34
all_genes_ridge,ENSG00000198799,LRIG2,-4.0928552106492006e-05,-0.00011944106790207655,1.508,1.4791021276595746,0.34266733231192453,-0.27430684126940513,0.1498671576635541,0.47444910392758105,29
all_genes_ridge,ENSG00000198807,PAX9,0.001273212521242415,0.015131178440095353,0.0639,0.0863191489361702,0.08414496770909745,-0.17210792295203836,0.3719918340585004,0.7038611257125721,29
all_genes_ridge,ENSG00000198815,FOXJ3,-0.0008406045119318909,-0.00160054712635397,2.1269,2.0069085106382984,0.5251982263382519,0.13085263676688025,0.49866929607697663,0.7885208244217192,29
all_genes_ridge,ENSG00000198821,CD247,0.001517231760519774,0.002451209691795321,0.2928,0.5648808510638297,0.6189726507684129,0.16797741480137124,0.36638437362806153,0.6982692770463244,31
all_genes_ridge,ENSG00000198822,GRM3,0.0007697145672010261,0.003744806212314154,0.0743,0.13779361702127663,0.20554189551116198,0.15638582413908392,0.38479588633953726,0.7119075630267124,33
all_genes_ridge,ENSG00000198836,OPA1,-0.0026557758494632528,-0.007207727005355299,2.8782,2.8316936170212763,0.3684623248757933,-0.12841091530287768,0.4692156632549568,0.7708543039188576,34
all_genes_ridge,ENSG00000198838,RYR3,0.0011828607587667564,0.007250482665392559,0.1876,0.2297808510638298,0.16314234697955982,-0.07415619835791742,0.7022355709748271,0.883682207431822,29
all_genes_ridge,ENSG00000198842,STYXL2,-0.00334298485172023,-0.09034167170989821,0.0557,0.06506595744680851,0.037003796680396814,-0.16495276372338785,0.35895919526309095,0.6950255847058316,33
all_genes_ridge,ENSG00000198855,FICD,-0.002109218337864305,-0.006640785610128155,1.63485,1.6434095744680859,0.31761578549493347,-0.45999780019267916,0.010538777798621592,0.1439229722051695,30
all_genes_ridge,ENSG00000198865,CCDC152,-0.0010939343520364854,-0.0021629724552616188,0.0679,0.2378382978723404,0.5057551007528528,-0.1180384461665646,0.5419719512246773,0.812957926837016,29
all_genes_ridge,ENSG00000198890,PRMT6,-9.346098744935434e-06,-3.686973367812311e-05,1.2373,1.19991914893617,0.25348972755073085,-0.11920129084308188,0.5230216215657836,0.7979365040571452,31
all_genes_ridge,ENSG00000198894,CIPC,7.474520419461012e-05,0.00016777377804867103,1.9974,2.045036170212766,0.44551183780892506,0.13552486250848153,0.4672712093894122,0.7689080713855043,31
all_genes_ridge,ENSG00000198909,MAP3K3,0.0013991237925455,0.005066043169833225,2.5645,2.5026148936170207,0.2761768397231324,0.17925002561365108,0.3521658184409595,0.6884580970938526,29
all_genes_ridge,ENSG00000198915,RASGEF1A,-0.005099450727019423,-0.013500810922336098,0.36245,0.4414797872340425,0.37771440222029606,-0.5389408233115852,0.002119968028805819,0.07292611976334734,30
all_genes_ridge,ENSG00000198919,DZIP3,0.0032555298179416056,0.008694883604213988,1.1184,1.0904148936170215,0.3744190222815413,0.3693482841876958,0.04862502073608782,0.28682773655110355,29
all_genes_ridge,ENSG00000198924,DCLRE1A,-0.0026130840021344227,-0.005968446711716575,1.2278,1.274527659574468,0.4378164250012845,-0.3674155586122574,0.03254509460293731,0.24565816585838574,34
all_genes_ridge,ENSG00000198948,MFAP3L,-0.0014435062193876515,-0.0023748929002085297,1.1609,1.2783531914893618,0.6078195017808605,-0.06392417956145781,0.7326230196337291,0.8983212793247178,31
all_genes_ridge,ENSG00000198961,PJA2,-0.0010014858790110153,-0.0015972432105648604,2.4782,2.5212234042553194,0.6270090067603685,-0.16950690819262676,0.36197295321958123,0.6957726649671303,31
all_genes_ridge,ENSG00000198963,RORB,9.944487076055537e-05,0.0008896049796535451,0.0486,0.07647872340425531,0.11178542503132567,-0.4053172939126811,0.01928227387605986,0.18237066507077174,33
all_genes_ridge,ENSG00000203740,NTMT2,-0.001337739449422071,-0.050631831471767884,0.037500000000000006,0.04379787234042553,0.026420917642846663,-0.20022259445097915,0.2887559825668208,0.6322312153771505,30
all_genes_ridge,ENSG00000203965,EFCAB7,-0.003508210986844682,-0.01570728566968861,0.837,0.8837531914893618,0.22334928265898343,-0.5488456525523118,0.0013875019592041338,0.05633920126897774,31
all_genes_ridge,ENSG00000204020,LIPN,0.000517605213143965,0.002877288880307397,0.0889,0.1491872340425532,0.17989337695166235,-0.09278609076971031,0.6075501926526616,0.8455460544098786,33
all_genes_ridge,ENSG00000204120,GIGYF2,-0.0012013543455720067,-0.0025482157780590165,2.4211,2.40393829787234,0.4714492218108319,0.10398729452028795,0.5646873719510394,0.8273303505889018,33
all_genes_ridge,ENSG00000204262,COL5A2,0.0012245984276864302,0.0018850866683836843,1.85395,1.6939393617021274,0.6496244699117354,0.18211692831173068,0.30261235689946964,0.6422341133989153,34
all_genes_ridge,ENSG00000204311,PJVK,0.0016857312259997,0.006789692665908619,0.4898,0.5064,0.24827798678780255,0.22083291430211338,0.23254590063872677,0.5850097999305804,31
all_genes_ridge,ENSG00000204351,SKIC2,-0.0002677392160543426,-0.00037871632712656506,4.9136,4.772927659574468,0.7069650735307895,0.0012324377618930244,0.9949375136609232,0.9978982041833055,29
all_genes_ridge,ENSG00000204356,NELFE,0.0015351687624761965,0.006567304553533459,3.5449,3.5450808510638296,0.23375933763422277,0.13869704537664648,0.47304623516827665,0.7721335322424129,29
all_genes_ridge,ENSG00000204381,LAYN,-0.0007943638936611824,-0.0013403167389249176,0.6369,0.8274021276595742,0.5926687853636373,-0.15976858428477217,0.39903746695209863,0.7204768058353975,30
all_genes_ridge,ENSG00000204406,MBD5,-0.0008391643435642367,-0.002007478053835081,0.4509,0.5631106382978722,0.41801918679065975,-0.22303166371852623,0.1977992255996599,0.538578875779054,35
all_genes_ridge,ENSG00000204438,GPANK1,0.0019043619650986317,0.0047343770286960105,3.6285,3.5062446808510637,0.40224129881416526,0.2675053026834885,0.15296798002455145,0.47680778989172296,30
all_genes_ridge,ENSG00000204463,BAG6,9.821998814661179e-05,0.0003172716640306476,3.6285499999999997,3.587205319148936,0.30957693132382597,0.11953255499741612,0.5292512755011199,0.8026008353753248,30
all_genes_ridge,ENSG00000204568,MRPS18B,0.001022943528591418,0.004161394361641152,3.198,3.2072744680851066,0.24581749281459453,-0.14521698017899665,0.4522818272496314,0.7608022866834001,29
all_genes_ridge,ENSG00000204569,PPP1R10,-0.0016248908487258638,-0.005606859134605229,2.5645,2.513857446808511,0.2898041148737135,-0.08415475603745688,0.6642709411589375,0.8717972561489473,29
all_genes_ridge,ENSG00000204624,DISP3,0.006122655243917111,0.02759231724624396,0.061,0.10807446808510639,0.22189710234469578,0.4661692067665161,0.008211593072581985,0.12784818753004568,31
all_genes_ridge,ENSG00000204673,AKT1S1,-0.0023755858186944876,-0.006732154112645629,3.1231,3.107417021276595,0.3528715740823884,-0.49470053265190106,0.006369886112793516,0.11243589673512276,29
all_genes_ridge,ENSG00000204767,INSYN2B,0.0026293822924497003,0.030696053561545446,0.0733,0.09688297872340425,0.08565864296456875,0.1533053154545282,0.3867024399124305,0.7127270704897838,34
all_genes_ridge,ENSG00000204843,DCTN1,-0.0019976067675705803,-0.004279521148026782,1.0368499999999998,1.088358510638298,0.4667827774356587,-0.27283854625343534,0.14463641651538311,0.4630303331113554,30
all_genes_ridge,ENSG00000204856,FAM216A,-0.000278735576956675,-0.00045260113675716073,1.3651,1.4353063829787234,0.6158525781746504,0.02864058146194435,0.8784439477967935,0.9545296440626575,31
all_genes_ridge,ENSG00000204889,KRT40,0.003297661858677697,0.20066751997376764,0.02285,0.027588297872340423,0.016433460976189796,0.4099966832223421,0.02443711190881465,0.20956523661069412,30
all_genes_ridge,ENSG00000204923,FBXO48,-0.002182076547693212,-0.005073457260359465,0.8134,0.8647723404255321,0.43009656644640926,-0.2744781813601836,0.1350977034664898,0.4512174122379131,31
all_genes_ridge,ENSG00000205038,PKHD1L1,0.0032352818680462156,0.0031744925729303803,0.4638,0.8996255319148935,1.019149295113871,0.18874773523509308,0.3092037676282547,0.6440128536549692,31
all_genes_ridge,ENSG00000205133,TRIQK,-0.0008048317914739083,-0.0018607504749706552,0.7195,0.7642680851063827,0.4325307462230264,-0.09608277900960828,0.6200274936297329,0.8540850592830622,29
all_genes_ridge,ENSG00000205213,LGR4,-0.0015873404705596904,-0.0028612405115384892,1.4358,1.495208510638298,0.5547735201422048,-0.36660617805277695,0.042505147135694296,0.2712041174796473,31
all_genes_ridge,ENSG00000205302,SNX2,-0.0005178371491771148,-0.0008398688341598426,3.83435,3.7136776595744685,0.6165690737829674,-0.2939866661362474,0.1148220477779854,0.42174600098691983,30
all_genes_ridge,ENSG00000205678,TECRL,0.00036558496596850306,0.010127058314455288,0.02185,0.03257127659574468,0.03609981838918314,-0.2765973740660537,0.11329125231684692,0.42174600098691983,34
all_genes_ridge,ENSG00000205726,ITSN1,-0.001277562880659058,-0.0017402360855336043,2.1822,2.0865000000000005,0.7341319326034559,-0.07722524271159037,0.6692637423816266,0.8743049577756533,33
all_genes_ridge,ENSG00000205765,RIMOC1,-0.002876054348771246,-0.009501511378521931,2.5213,2.4884212765957443,0.30269440662593294,-0.41307039664642237,0.025938659918545305,0.21583164202610294,29
all_genes_ridge,ENSG00000205835,GMNC,0.0002308477619887255,0.0005765152814052509,0.3305,0.42625531914893616,0.4004191552842036,0.13635905263503803,0.464508736480339,0.7676910854405603,31
all_genes_ridge,ENSG00000206052,DOK6,0.002321876766926667,0.005831111777597406,0.09584999999999999,0.23716489361702123,0.39818766223057217,0.443059136362998,0.014204238098784051,0.16058990750202842,30
all_genes_ridge,ENSG00000206075,SERPINB5,-0.0002917062824746574,-0.000781003706232759,0.2464,0.33747659574468086,0.3735017902561931,-0.018491633404019082,0.9173284902518178,0.9700485184272096,34
all_genes_ridge,ENSG00000206384,COL6A6,-0.00012575184844832035,-0.0003403372516683842,0.2502,0.3638340425531915,0.3694918726406409,0.06307749216280863,0.7451319743657513,0.9028578394321931,29
all_genes_ridge,ENSG00000206538,VGLL3,-0.004629952766602573,-0.014177786183223776,0.6082,0.6690063829787234,0.326563873003042,-0.19891350395409638,0.2671083140720645,0.620934794427862,33
all_genes_ridge,ENSG00000206560,ANKRD28,0.0008724848224003013,0.0023205870268812817,1.7528,1.7271148936170213,0.37597591139379255,0.036704960813166515,0.8341878541449007,0.9378413100260756,35
all_genes_ridge,ENSG00000213079,SCAF8,0.0013291112445652875,0.0029796712699805363,2.3644,2.312459574468085,0.44605969052887146,-0.1307455339563517,0.49902388304519624,0.7886707490500863,29
all_genes_ridge,ENSG00000213139,CRYGS,0.0013398978713206726,0.0015954798383880475,0.4538,0.6943212765957446,0.8398087140194791,0.13518246428580707,0.4387713475995016,0.747536369984336,35
all_genes_ridge,ENSG00000213380,COG8,-0.0023350907283589896,-0.008290513278815357,3.1231,3.0562297872340425,0.28165816154300327,-0.03574069509489771,0.8539649450130198,0.9431202521133242,29
all_genes_ridge,ENSG00000213533,STIMATE,0.000260966316290565,0.000378961010440252,2.3927,2.4757170212765964,0.688636321682253,-0.400356268091739,0.028358856677499763,0.22657233913918234,30
all_genes_ridge,ENSG00000213593,TMX2,0.003160728384727697,0.0053152870581353725,3.7275,3.644982978723404,0.5946486709292602,0.40919746401445306,0.02751076353240638,0.22240009146249543,29
all_genes_ridge,ENSG00000213694,S1PR3,-0.00046998948087395196,-0.0018374197331925534,0.2778,0.3442425531914894,0.2557877617093705,-0.15711583495507778,0.40701365383201665,0.7238082489307858,30
all_genes_ridge,ENSG00000213699,SLC35F6,-0.0015191490851497516,-0.002906137408497191,2.8340500000000004,2.754954255319149,0.5227382162687646,-0.42866312121767836,0.014369508034866764,0.16058990750202842,32
all_genes_ridge,ENSG00000213722,DDAH2,0.0005287450946352387,0.0009319541955085298,1.957,1.8685957446808508,0.5673509461982988,0.17223112117891884,0.37164441468817194,0.7038611257125721,29
all_genes_ridge,ENSG00000213918,DNASE1,0.0016884186677839695,0.003740257955722267,0.9863,1.0232829787234043,0.45141770641803913,0.4916861719768409,0.0067499100356444314,0.11486991984954285,29
all_genes_ridge,ENSG00000213949,ITGA1,0.0034033077745747294,0.004898054049406417,3.05605,2.96553085106383,0.694828546244231,0.1988649009570443,0.29210596097515745,0.6326711016431577,30
all_genes_ridge,ENSG00000213983,AP1G2,0.002601387181434539,0.004483439349708343,1.2234,1.3036063829787232,0.5802213386925296,0.29641493387444834,0.11844029697602677,0.42655366740120676,29
all_genes_ridge,ENSG00000214013,GANC,-0.0005515007946198245,-0.0010301519368127686,1.6887,1.6525893617021277,0.5353586931323321,-0.15272088994257724,0.39617048158036006,0.7167918704792162,33
all_genes_ridge,ENSG00000214338,MTCL3,0.0010704905737395761,0.0035114120389245895,0.0813,0.15260425531914892,0.3048604270512857,-0.18093797368880046,0.33001071425428546,0.6648932682349441,31
all_genes_ridge,ENSG00000214415,GNAT3,0.0009182186390429691,0.02431255391636251,0.0352,0.0474872340425532,0.03776726386712512,-0.10545768220969566,0.5861329635159307,0.8331650394196428,29
all_genes_ridge,ENSG00000214447,FAM187A,-0.00042595548521280076,-0.007056620707844181,0.07715,0.08909468085106381,0.06036253085549945,-0.12106376550789429,0.5239500650362044,0.7986190955289995,30
all_genes_ridge,ENSG00000214517,PPME1,-0.0009024081084830912,-0.0020762565907753872,2.9891,2.8809106382978724,0.43463226678841405,-0.36906962695501727,0.04880829971940605,0.28717441462813326,29
all_genes_ridge,ENSG00000214595,EML6,0.0013497246275538267,0.0027820275774887524,0.57535,0.7551414893617021,0.4851586082306848,-0.016021362212400553,0.9330333115863144,0.9723398424243731,30
all_genes_ridge,ENSG00000214654,B3GALT9,0.0020136423694205514,0.003281310247274562,0.837,0.9596148936170216,0.6136702163695346,0.22175680838487405,0.24762688080583659,0.598988083201137,29
all_genes_ridge,ENSG00000214814,FER1L6,0.001320931177128725,0.0041769530944360195,0.16385,0.29089042553191496,0.31624276051562406,0.09887674820643925,0.5779739329189267,0.8313365484248201,34
all_genes_ridge,ENSG00000214944,ARHGEF28,0.0022878787941893785,0.003422830107263691,0.74385,0.8970308510638298,0.6684172811657236,0.24495783323372095,0.17661470765385065,0.5092139149450053,32
all_genes_ridge,ENSG00000214960,CRPPA,0.0005427694006924633,0.0010364704438141142,1.374,1.3504127659574467,0.5236708908892015,-0.0033381552989309084,0.9860322054813581,0.9943548239615633,30
all_genes_ridge,ENSG00000215114,UBXN2B,0.001956296181253003,0.006490962167402825,2.2798,2.2193063829787225,0.3013877035175756,0.16115908248744892,0.4036205541963222,0.7224247134828145,29
all_genes_ridge,ENSG00000215203,GRXCR1,0.00017714873667044678,0.004886814413964314,0.0251,0.03361914893617021,0.03625035077334541,-0.19757824004749758,0.286690652687777,0.631176810413409,31
all_genes_ridge,ENSG00000215475,SIAH3,-0.001945432276832695,-0.012839958943632044,0.0699,0.1281191489361702,0.15151390167003057,-0.26247689663244966,0.16895635013970073,0.4980111446836228,29
all_genes_ridge,ENSG00000215883,CYB5RL,-0.00450031622884425,-0.00811327750120364,1.56335,1.4253202127659574,0.5546853572032522,-0.36083608967362485,0.04246672171166682,0.2712041174796473,32
all_genes_ridge,ENSG00000218336,TENM3,-0.0007094250566144752,-0.004664994000997711,0.1266,0.1776425531914894,0.1520741626811844,-0.0691299168578951,0.7069543940604875,0.8858083121616344,32
all_genes_ridge,ENSG00000221818,EBF2,-0.00199655000371392,-0.007638547746114819,0.3327,0.37506808510638295,0.261378218749686,-0.3625385116866981,0.05326274886609521,0.29930427328135484,29
all_genes_ridge,ENSG00000225526,MKRN2OS,-0.001177726266305004,-0.0014229634287127656,0.8548,1.0898212765957447,0.8276574383716896,-0.34786894379195815,0.06443436993061058,0.3232976837531768,29
all_genes_ridge,ENSG00000225830,ERCC6,-0.0006446357363069888,-0.0019706154218532804,1.756,1.702840425531915,0.32712406954611983,-0.10171952647205772,0.5670344334215967,0.8273303505889018,34
all_genes_ridge,ENSG00000227345,PARG,-0.002981292881389521,-0.00972016854773622,2.0789,2.141240425531915,0.3067120561488462,-0.5711583056618577,0.00033914915254441933,0.025332158136682124,35
all_genes_ridge,ENSG00000230873,STMND1,0.0026901971147690763,0.008713060660616345,0.1112,0.20226808510638294,0.30875454901042515,0.10579929453709681,0.5710864879801617,0.8273303505889018,31
all_genes_ridge,ENSG00000231213,PLSCR5,-0.00034346263713854743,-0.0016392532933243065,0.0601,0.11991702127659576,0.20952383535678368,-0.2135148775357807,0.24878414342407382,0.598988083201137,31
all_genes_ridge,ENSG00000233670,PIRT,0.0003894522604383419,0.0031473506900071635,0.1427,0.1689851063829787,0.12373970961509073,0.03646218391020525,0.8510491895356019,0.9419482668737303,29
all_genes_ridge,ENSG00000233932,CTXN2,-0.003493231318821947,-0.027814842484294087,0.0754,0.10578723404255318,0.12558875071086356,-0.5185154243644262,0.0019925648693654404,0.07116972874580561,33
all_genes_ridge,ENSG00000235750,KIAA0040,-0.00040717634696285296,-0.0005562320538880176,0.1649,0.4765510638297872,0.7320260386231302,-0.24590366085344922,0.19850110983336405,0.538578875779054,29
all_genes_ridge,ENSG00000237172,B3GNT9,0.0002741123119188813,0.0005149163403487774,1.268,1.3142510638297875,0.5323433933621372,-0.09276282930840722,0.6076406242691044,0.8455460544098786,33
all_genes_ridge,ENSG00000239388,ASB14,0.0009065650632827214,0.00522410259048303,0.18255,0.24615212765957448,0.17353508044314628,0.2872719181130396,0.12374425108844822,0.43735453586091827,30
all_genes_ridge,ENSG00000240303,ACAD11,-0.001146676108183324,-0.0020561133733116043,2.7095,2.7449276595744676,0.5576910899307423,-0.27701787024870744,0.1457204928029976,0.4644727176822267,29
all_genes_ridge,ENSG00000241399,CD302,-0.0015526159496385434,-0.0017352743902286855,4.0104500000000005,4.024694680851063,0.8947380070732962,-0.1712313897961608,0.3656091383922836,0.6976677210301527,30
all_genes_ridge,ENSG00000241945,PWP2,0.0009278753984920759,0.0018835966338944482,3.258,3.2555595744680854,0.4926083333317698,0.13996168267184173,0.45267788086481225,0.7608022866834001,31
all_genes_ridge,ENSG00000242120,MDFIC2,-0.001209750541905922,-0.003281595766857273,0.071,0.14126170212765954,0.3686470326796158,0.11919090771689454,0.5088302917766204,0.7938380091643471,33
all_genes_ridge,ENSG00000242550,SERPINB10,0.0027222302243111716,0.004418440941729694,0.8085,0.9100914893617023,0.6161065091085037,0.31239222431175845,0.09896909151939302,0.3969222745744745,29
all_genes_ridge,ENSG00000242802,AP5Z1,0.001408438031870118,0.005470301371260511,2.3502,2.348148936170213,0.25746991550953147,0.22144177617301034,0.24831649552030366,0.598988083201137,29
all_genes_ridge,ENSG00000243244,STON1,-0.0003917660935168263,-0.0007629909140904767,0.8134,0.8993361702127661,0.5134610206778558,-0.29345819424552,0.12233414005431663,0.4338860387907772,29
all_genes_ridge,ENSG00000243284,VSIG8,0.0002443571335746138,0.0034400868347281457,0.041999999999999996,0.06555744680851064,0.07103225741507313,0.1212065651009779,0.5087330382219736,0.7938380091643471,32
all_genes_ridge,ENSG00000243667,DNAAF10,-0.0006524411526738773,-0.0011746318133214828,3.12315,2.984781914893617,0.5554431144078947,-0.09916527607327538,0.6021164603236472,0.8424080984067248,30
all_genes_ridge,ENSG00000243708,PLA2G4B,0.0042685997672043145,0.007224880328040074,0.9878,1.0711702127659577,0.590819442453281,0.6046938433706011,0.0002466040796579404,0.022020293701220797,32
all_genes_ridge,ENSG00000244045,VMA12,-0.0007298930005957849,-0.002343612481304502,2.9891,3.0058382978723412,0.31143928717665464,-0.5017151030300524,0.004032620707690674,0.09595318404832676,31
all_genes_ridge,ENSG00000247626,MARS2,-0.0003416968804511175,-0.0005962439360373628,0.938,1.091140425531915,0.5730823574022991,-0.674963117954174,5.9112681031161416e-05,0.011216631225662878,29
all_genes_ridge,ENSG00000248905,FMN1,0.001322509359714964,0.0037726580576524804,0.426,0.5254808510638297,0.350551080830763,0.19118685183415843,0.3028776745805235,0.6422341133989153,31
all_genes_ridge,ENSG00000249581,CLRN2,-0.0011419041175302538,-0.0017874472005835376,0.29745,0.5431712765957447,0.6388463486683483,-0.32441103812163935,0.07006650606467237,0.33711872014634753,32
all_genes_ridge,ENSG00000250878,METTL21EP,0.0007097939584933335,0.0037823843188955447,0.3091,0.35741063829787245,0.18765781016684027,-0.09756097857054917,0.614629867201326,0.8512847978208146,29
all_genes_ridge,ENSG00000253148,RGS21,0.0005809875762009935,0.004602460562083024,0.019950000000000002,0.049943617021276594,0.12623412376140922,-0.3164603512690388,0.07762833389683704,0.3581757168857101,32
all_genes_ridge,ENSG00000254093,PINX1,0.0005172524993666853,0.0008280144419161499,3.0933,3.0170085106382984,0.6246901903905024,0.16392209369315489,0.3620114311343257,0.6957726649671303,33
all_genes_ridge,ENSG00000256043,CTSO,-0.005373529291197292,-0.006445880061589923,3.0486,2.891636170212766,0.8336378027288135,-0.37291342087691964,0.0423955596045049,0.2712041174796473,30
all_genes_ridge,ENSG00000256870,SLC5A8,-0.0022081998346431646,-0.008585879471337304,0.1346,0.20202127659574473,0.2571897080566895,-0.4598989809448527,0.01206894255770841,0.14576412046054452,29
all_genes_ridge,ENSG00000257365,FNTB,0.00032189409807534486,0.0005386064925015344,1.87045,1.9319351063829788,0.5976424394372257,-0.17658840656778216,0.3505718283354633,0.6875556013090869,30
all_genes_ridge,ENSG00000259494,MRPL46,0.0003266338243495102,0.0013801557349567728,2.3573,2.385442553191489,0.23666446914394088,-0.11373513539106815,0.549553159351667,0.8187973152485528,30
all_genes_ridge,ENSG00000260916,CCPG1,-0.00037510723635274213,-0.0008510241415717228,3.0188,2.960051063829787,0.44077155750243635,-0.04892071817631632,0.7938286422308386,0.9237220683171338,31
all_genes_ridge,ENSG00000261609,GAN,0.001158363566238794,0.005962849296588726,1.0085,1.0001148936170212,0.19426343156139797,0.1985710766198571,0.3017774330017289,0.6422341133989153,29
all_genes_ridge,ENSG00000262246,CORO7,0.00023984639168914864,0.0004816148385733152,2.2378,2.2401212765957443,0.4980045722836202,-0.0987928091080561,0.6101468253188862,0.8473951334254979,29
all_genes_ridge,ENSG00000263155,MYZAP,0.0008960604399025336,0.0015422334252758292,1.10405,1.1548968085106384,0.5810147966040049,0.0006674824827152897,0.9972069333123588,0.9988519463993142,30
all_genes_ridge,ENSG00000263528,IKBKE,-0.0010271272090325,-0.0018911754726535469,1.3019,1.4418234042553193,0.5431157625956923,-0.4641933017961235,0.011192187986748524,0.14576412046054452,29
all_genes_ridge,ENSG00000263761,GDF2,-0.0004053228924347002,-0.00041903790315886674,2.0789,2.19436170212766,0.9672702382749208,0.1708350141185962,0.3581680761692089,0.6943794886652097,31
all_genes_ridge,ENSG00000265107,GJA5,0.00012663806925776921,0.00038486263406621433,0.0721,0.17122978723404256,0.3290474523852621,-0.3470499261221641,0.05577140999967973,0.30398922936988804,31
all_genes_ridge,ENSG00000265203,RBP3,-0.0019076267973876348,-0.012407700541632358,0.1002,0.14795106382978723,0.15374539311187047,-0.09288316146066763,0.5956285870692172,0.8391315036390457,35
all_genes_ridge,ENSG00000266094,RASSF5,0.00024190722070969122,0.00036412132944100623,2.02785,1.8963180851063834,0.6643588308354901,0.15935900289338972,0.40026314006696095,0.7216145446812906,30
all_genes_ridge,ENSG00000266200,ENSG00000266200,-2.1437532942130265e-05,-7.594335247958106e-05,0.1972,0.25740212765957443,0.28228320507570676,-0.11297862867319679,0.5522288571620418,0.8191034576645789,30
all_genes_ridge,ENSG00000272573,MUSTN1,0.0012035571052714067,0.0012433631026069491,5.3485,5.183510638297872,0.9679852190787377,-0.13155638305589937,0.4963425383244908,0.7874675471453165,29
all_genes_ridge,ENSG00000273079,GRIN2B,-0.0006564645304148631,-0.00760709727554166,0.0501,0.07067446808510638,0.0862963238981481,0.04108961268532994,0.8233142478829046,0.9353715147395909,32
all_genes_ridge,ENSG00000273274,ZBTB8B,0.0015864826056875513,0.009255714793072587,0.1317,0.17649148936170217,0.1714057359324587,-0.1001848436442167,0.6050973061966115,0.8443065740232789,29
all_genes_ridge,ENSG00000273540,AGBL1,-0.0007529154622751694,-0.0073250283197856935,0.09734999999999999,0.12472021276595742,0.10278669643385041,0.13889816446627123,0.4641626486984344,0.7676910854405603,30
all_genes_ridge,ENSG00000275700,AATF,0.008866720560032485,0.03497120646882423,2.6804,2.6583148936170216,0.25354345632704717,0.5282486843512375,0.002253659343779909,0.07329162012141763,31
all_genes_ridge,ENSG00000276600,RAB7B,-0.0012811778422343884,-0.0023305790590452667,0.554,0.7330787234042552,0.5497251154222716,-0.5410866124590927,0.0024382258340787813,0.07329162012141763,29
all_genes_ridge,ENSG00000280165,PCDH20,-0.0002461772483498681,-0.0008268227304495389,0.2968,0.34971276595744677,0.29773884931298744,-0.0363858909563105,0.8486130476580438,0.9416768180009485,30
all_genes_ridge,ENSG00000284844,TOMT,0.0018911780647343371,0.005566958382307652,0.40355,0.46389680851063836,0.339714784063177,0.19984423056266373,0.28968708909745156,0.6324401265848717,30
all_genes_ridge,ENSG00000284862,CCDC39,-0.0017211421423819506,-0.008854843374511688,0.2028,0.24676382978723407,0.19437296286190553,-0.5406276320915783,0.0007998044045794812,0.04414920313278736,35
