human_gene_id,gene_name,n_observed,eligible,spearman_rho,spearman_p,q_bh,selected
ENSG00000100439,ABHD4,29,True,-0.7671064511887931,1.2081218205440415e-06,0.0020690970120254165,True
ENSG00000108231,LGI1,31,True,-0.7473281055355288,1.3630415098981662e-06,0.0020690970120254165,True
ENSG00000151790,TDO2,34,True,0.7054642741273965,3.1702196945201293e-06,0.003208262330854371,True
ENSG00000055813,CCDC85A,29,True,0.7326928037091244,6.202555701405232e-06,0.003570695921639684,True
ENSG00000164291,ARSK,34,True,-0.6893968371188041,6.506428953599553e-06,0.003570695921639684,True
ENSG00000154930,ACSS1,29,True,0.7297364104191078,7.056711307588309e-06,0.003570695921639684,True
ENSG00000177189,RPS6KA3,32,True,0.6907207041995232,1.2104909461063895e-05,0.005250072160541427,True
ENSG00000165695,AK8,33,True,0.6651065631252686,2.4152146777412393e-05,0.007622063047034964,True
ENSG00000164325,TMEM174,34,True,-0.6566822056307102,2.466338201551316e-05,0.007622063047034964,True
ENSG00000196504,PRPF40A,29,True,0.6967569497023156,2.6821973770156943e-05,0.007622063047034964,True
ENSG00000126775,ATG14,29,True,-0.6959842536914177,2.7616170460271608e-05,0.007622063047034964,True
ENSG00000106799,TGFBR1,30,True,-0.6760908951513811,4.118422626892343e-05,0.009854145987788368,True
ENSG00000166569,CPLX4,32,True,-0.6582615074271043,4.219495976325718e-05,0.009854145987788368,True
ENSG00000156471,PTDSS1,32,True,-0.6527917878358265,5.1328235714968005e-05,0.010557883248600543,True
ENSG00000119969,HELLS,29,True,-0.6785362453437069,5.2163454785575805e-05,0.010557883248600543,True
ENSG00000247626,MARS2,29,True,-0.674963117954174,5.9112681031161416e-05,0.011216631225662878,True
ENSG00000085449,WDFY1,32,True,0.644220226864422,6.924284774832595e-05,0.0123659579861128,True
ENSG00000074803,SLC12A1,34,True,-0.6249904489019444,7.76707775990705e-05,0.013100471155043224,True
ENSG00000197136,PCNX3,29,True,-0.6649809856895103,8.310225510346929e-05,0.013269905185751978,True
ENSG00000133059,DSTYK,33,True,-0.6279886306637686,9.13382907353484e-05,0.013269905185751978,True
ENSG00000170477,KRT4,30,True,-0.651907891451933,9.505135586839668e-05,0.013269905185751978,True
ENSG00000153162,BMP6,29,True,-0.6605888925331637,9.615873323008679e-05,0.013269905185751978,True
ENSG00000106113,CRHR2,30,True,-0.64418478827269,0.00012228712733706643,0.01614190080849277,True
ENSG00000138303,ASCC1,31,True,-0.6334846224857055,0.00013056224912302088,0.01651612451406214,True
ENSG00000152253,SPC25,31,True,-0.6318443366652866,0.00013758986533096514,0.016650139510699716,True
ENSG00000171722,SPATA46,30,True,-0.6383476583731293,0.0001472697228100341,0.016650139510699716,True
ENSG00000156469,MTERF3,30,True,-0.6381747396230764,0.00014807436323744806,0.016650139510699716,True
ENSG00000005884,ITGA3,29,True,-0.645232835546132,0.0001573228127078076,0.01705828783503228,True
ENSG00000101871,MID1,31,True,-0.6233740074044132,0.00017952617759694044,0.01823961149318746,True
ENSG00000139746,RBM26,31,True,-0.6232469766980785,0.0001802333151500737,0.01823961149318746,True
ENSG00000151962,RBM46,29,True,-0.6371027539985863,0.00020199276520474103,0.019782259198761087,True
ENSG00000196968,POFUT4,29,True,-0.6328240512567768,0.00022973688648300064,0.021796287105074686,True
ENSG00000052850,ALX4,31,True,-0.6135148795702192,0.0002423605902800867,0.022020293701220797,True
ENSG00000243708,PLA2G4B,32,True,0.6046938433706011,0.0002466040796579404,0.022020293701220797,True
ENSG00000090104,RGS1,31,True,0.6112735986059635,0.00025911298484706553,0.022476200628448312,True
ENSG00000146197,SCUBE3,29,True,-0.6258009061377678,0.0002826188604857428,0.02383419056763098,True
ENSG00000164600,NEUROD6,29,True,-0.623103356518983,0.0003056225625826816,0.025077570270297875,True
ENSG00000009790,TRAF3IP3,35,True,-0.571548657291288,0.00033526631190234236,0.025332158136682124,True
ENSG00000140285,FGF7,35,True,0.5711783718670729,0.00033894858027937045,0.025332158136682124,True
ENSG00000227345,PARG,35,True,-0.5711583056618577,0.00033914915254441933,0.025332158136682124,True
ENSG00000116745,RPE65,34,True,-0.5775756716820027,0.0003479356662324267,0.025332158136682124,True
ENSG00000152137,HSPB8,32,True,-0.5927556191818577,0.000350444875408646,0.025332158136682124,True
ENSG00000115827,DCAF17,29,True,-0.6174695131249938,0.00035905654105776425,0.025351061829101684,True
ENSG00000174307,PHLDA3,30,True,-0.6019806424270331,0.0004326027857324765,0.028747904373969003,True
ENSG00000148484,RSU1,33,True,-0.577318824364936,0.00043546685798672097,0.028747904373969003,True
ENSG00000114302,PRKAR2A,29,True,-0.6105704124196866,0.00043557430869650004,0.028747904373969003,True
ENSG00000170903,MSANTD4,29,True,-0.6091189202132388,0.0004533859725740688,0.02897111893972396,True
ENSG00000159387,IRX6,34,True,0.5680220182533604,0.00045804140616164367,0.02897111893972396,True
ENSG00000164953,TMEM67,33,True,0.5695895698241495,0.0005405939162967293,0.033494757752589185,True
ENSG00000188760,TMEM198,30,True,-0.5907877315822704,0.0005875120370920905,0.035673730892231734,True
ENSG00000104327,CALB1,33,True,-0.565279170845871,0.0006084840270134316,0.036222696196328986,True
ENSG00000135966,TGFBRAP1,29,True,-0.5929029798458352,0.0007003968691857273,0.04089240182399746,True
ENSG00000197150,ABCB8,29,True,-0.5906122996650479,0.0007434044793487364,0.04258445281703328,True
ENSG00000135272,MDFIC,30,True,-0.5797617758287812,0.0007858033657079648,0.04414920313278736,True
ENSG00000284862,CCDC39,35,True,-0.5406276320915783,0.0007998044045794812,0.04414920313278736,True
ENSG00000170464,ENSG00000170464,30,True,-0.5779806336603364,0.000822808936748438,0.044607998785147464,True
ENSG00000104419,NDRG1,30,True,0.5764522590696639,0.0008557708308138142,0.04558105688334631,True
ENSG00000112992,NNT,29,True,-0.580549739403301,0.0009608885885403777,0.05029754749669977,False
ENSG00000138182,KIF20B,33,True,-0.5469742637442903,0.0009881574049295674,0.050848235277392656,False
ENSG00000154928,EPHB1,29,True,0.57730692621096,0.0010419062726166664,0.05272045739440332,False
ENSG00000083782,EPYC,39,True,-0.5029621914196478,0.0011008238987810415,0.05478854683113511,False
ENSG00000135823,STX6,29,True,-0.5730475660482257,0.0011573281564517643,0.05633920126897774,False
ENSG00000106952,TNFSF8,29,True,-0.5715342002729115,0.0012009374236433773,0.05633920126897774,False
ENSG00000158816,VWA5B1,32,True,-0.5462046296431547,0.001220708744851653,0.05633920126897774,False
ENSG00000179915,NRXN1,29,True,-0.569245951241679,0.0012695910410130268,0.05633920126897774,False
ENSG00000122035,RASL11A,33,True,0.5363651563283732,0.0012926764472393282,0.05633920126897774,False
ENSG00000119689,DLST,30,True,-0.5594655343441315,0.0013076417959034436,0.05633920126897774,False
ENSG00000197442,MAP3K5,30,True,-0.5589806503907693,0.001323127604006986,0.05633920126897774,False
ENSG00000196123,MATCAP1,29,True,0.5672745194677181,0.0013314512694932255,0.05633920126897774,False
ENSG00000126950,TMEM35A,30,True,-0.5579170222946525,0.0013576575807536025,0.05633920126897774,False
ENSG00000119285,HEATR1,30,True,-0.5578057228256408,0.0013613158016590953,0.05633920126897774,False
ENSG00000145331,TRMT10A,31,True,-0.5493596881816958,0.001370262560870433,0.05633920126897774,False
ENSG00000176040,TMPRSS7,33,True,-0.5336900258511037,0.0013813705350968067,0.05633920126897774,False
ENSG00000203965,EFCAB7,31,True,-0.5488456525523118,0.0013875019592041338,0.05633920126897774,False
ENSG00000163848,ZNF148,31,True,-0.5487189944216041,0.0013917786874747466,0.05633920126897774,False
ENSG00000171408,PDE7B,34,True,-0.5230887094749189,0.0015024743076891486,0.059689976131245624,False
ENSG00000165698,SPACA9,29,True,0.5618918628653177,0.001513876206227244,0.059689976131245624,False
ENSG00000042429,MED17,35,True,-0.5151366553748108,0.0015421401417136606,0.05992276804873267,False
ENSG00000145685,LHFPL2,32,True,0.5362186042852197,0.0015592551633234128,0.05992276804873267,False
ENSG00000085719,CPNE3,30,True,-0.5509681727131093,0.0016031795066503475,0.060840662277380685,False
ENSG00000148798,INA,30,True,-0.546911522585943,0.0017636557073934561,0.06610442873637694,False
ENSG00000071967,CYBRD1,29,True,0.5521744528783364,0.0018985514608730095,0.07029271018549338,False
ENSG00000064102,INTS13,33,True,-0.5196856993831432,0.0019382138865146961,0.0708965946922725,False
ENSG00000163285,GABRG1,32,True,-0.526412334606932,0.0019687478304163375,0.07115617158504763,False
ENSG00000233932,CTXN2,33,True,-0.5185154243644262,0.0019925648693654404,0.07116972874580561,False
ENSG00000183475,ASB7,35,True,0.5031521483951551,0.0020640940553021004,0.0728673203708974,False
ENSG00000173714,WFIKKN2,30,True,-0.5390181754446323,0.0021162311884475975,0.07292611976334734,False
ENSG00000198915,RASGEF1A,30,True,-0.5389408233115852,0.002119968028805819,0.07292611976334734,False
ENSG00000103591,AAGAB,30,True,-0.5385728898804483,0.0021378210339057686,0.07292611976334734,False
ENSG00000018625,ATP1A2,29,True,-0.5449168579386346,0.002238505909452841,0.07329162012141763,False
ENSG00000275700,AATF,31,True,0.5282486843512375,0.002253659343779909,0.07329162012141763,False
ENSG00000135956,TMEM127,33,True,-0.5126682994322037,0.0022844987699384488,0.07329162012141763,False
ENSG00000174448,STARD6,29,True,-0.54379700646504,0.0022953813349246566,0.07329162012141763,False
ENSG00000164294,GPX8,31,True,-0.5274304262182005,0.0022960772643711613,0.07329162012141763,False
ENSG00000145358,DDIT4L,30,True,-0.533600369240785,0.0023921783934400245,0.07329162012141763,False
ENSG00000156876,SASS6,32,True,-0.5177851466581496,0.002403396736087033,0.07329162012141763,False
ENSG00000164283,ESM1,32,True,-0.5176934447121341,0.0024084313666045787,0.07329162012141763,False
ENSG00000164332,UBLCP1,32,True,-0.517563992810641,0.0024155541294925004,0.07329162012141763,False
ENSG00000134253,TRIM45,30,True,-0.5329921293959684,0.0024250177736771733,0.07329162012141763,False
ENSG00000163106,HPGDS,30,True,-0.532940142289746,0.002427842588998563,0.07329162012141763,False
ENSG00000276600,RAB7B,29,True,-0.5410866124590927,0.0024382258340787813,0.07329162012141763,False
ENSG00000160838,LRRC71,29,True,-0.54034745590296,0.002478486532134419,0.07377142266235387,False
ENSG00000027075,PRKCH,31,True,0.5233965415052506,0.00251546040235818,0.07414502700543141,False
ENSG00000002745,WNT16,35,True,-0.49194339841169943,0.002685869584178376,0.07784893743033673,False
ENSG00000072840,EVC,29,True,0.5365853821380204,0.002692403962511646,0.07784893743033673,False
ENSG00000183876,ARSI,29,True,0.5339411153000245,0.0028521083327948207,0.08104084684213195,False
ENSG00000180347,ITPRID1,29,True,0.5338753387533876,0.0028561826785599865,0.08104084684213195,False
ENSG00000044524,EPHA3,36,True,-0.48145289529227403,0.0029504423818372447,0.08158811563014691,False
ENSG00000155886,SLC24A2,29,True,-0.5323315719649064,0.0029532553735720636,0.08158811563014691,False
ENSG00000143702,CEP170,31,True,-0.5161387936251766,0.0029560911460198157,0.08158811563014691,False
ENSG00000079134,THOC1,29,True,-0.5308338897961408,0.0030501276840770907,0.08342511395367609,False
ENSG00000081277,PKP1,30,True,-0.5221505026981406,0.0030792919696920247,0.08347080732129453,False
ENSG00000134709,HOOK1,31,True,0.5137179745814,0.0031171787016969162,0.08375004016240564,False
ENSG00000016402,IL20RA,31,True,0.513210982605052,0.003151857970353781,0.08393895436836911,False
ENSG00000196220,SRGAP3,29,True,-0.5271069492360769,0.0033031239614728196,0.08720247258288244,False
ENSG00000164532,TBX20,29,True,-0.52606927553573,0.003376690554037528,0.08735208989990072,False
ENSG00000165475,CRYL1,29,True,0.5258748151798915,0.003390632215158187,0.08735208989990072,False
ENSG00000112367,FIG4,31,True,-0.5097841436352633,0.003395107578454639,0.08735208989990072,False
ENSG00000128815,WDFY4,29,True,-0.5248891079349434,0.003462063730267718,0.08799998195657495,False
ENSG00000013016,EHD3,30,True,-0.5164811843277359,0.0034782601563863617,0.08799998195657495,False
ENSG00000172399,MYOZ2,32,True,-0.5002292547396401,0.0035508576809229002,0.08909424726679277,False
ENSG00000143228,NUF2,31,True,-0.5060508269463493,0.0036783580832221467,0.09153684541526588,False
ENSG00000122692,SMU1,30,True,-0.5124151017178189,0.0037910622129455522,0.093574511207339,False
ENSG00000088356,PDRG1,29,True,-0.5194725324184761,0.0038780589127562514,0.09494989402522563,False
ENSG00000167131,DNAAF19,31,True,-0.5030254237048536,0.0039225918968543985,0.09524774379307412,False
ENSG00000106546,AHR,29,True,0.5185505099990153,0.003952969604060388,0.09524774379307412,False
ENSG00000244045,VMA12,31,True,-0.5017151030300524,0.004032620707690674,0.09595318404832676,False
ENSG00000110768,GTF2H1,29,True,-0.5174325528980395,0.004045457034975568,0.09595318404832676,False
ENSG00000072571,HMMR,33,True,-0.48645484949832773,0.004098049714276798,0.09639567807729063,False
ENSG00000133107,TRPC4,30,True,-0.5083500838089855,0.004127614673928782,0.09639567807729063,False
ENSG00000122735,DNAI1,32,True,-0.4925263661240343,0.004187478172953451,0.09704720406936394,False
ENSG00000147454,SLC25A37,31,True,-0.4990922030143561,0.004260854547354317,0.09799965458914929,False
ENSG00000171681,ATF7IP,32,True,0.4910141289239658,0.004323366351263007,0.09806157964311282,False
ENSG00000171503,ETFDH,30,True,-0.5058471299976711,0.004347322933619745,0.09806157964311282,False
ENSG00000144824,PHLDB2,32,True,0.4903758102561632,0.0043818529379646455,0.09806157964311282,False
ENSG00000171819,ANGPTL7,33,True,-0.48319960554794344,0.004392745333156569,0.09806157964311282,False
ENSG00000146038,DCDC2,29,True,0.51028708671912,0.0046814458708739366,0.10374357418958592,False
ENSG00000158987,RAPGEF6,29,True,-0.5093014699239274,0.004775529877480847,0.10389046051165161,False
ENSG00000167139,TBC1D21,30,True,-0.5010573456813494,0.004795779324368503,0.10389046051165161,False
ENSG00000106993,CDC37L1,34,True,0.4722434843919646,0.0048030706713166295,0.10389046051165161,False
ENSG00000163251,FZD5,31,True,-0.493092691716127,0.0048249522174383655,0.10389046051165161,False
ENSG00000129295,DNAAF11,32,True,0.4852873957450474,0.004872895422557093,0.10409705806380284,False
ENSG00000136935,GOLGA1,29,True,-0.5073946419850216,0.004962133594258835,0.10409705806380284,False
ENSG00000132600,PRMT7,30,True,0.4992764388412176,0.004972316902795031,0.10409705806380284,False
ENSG00000141665,FBXO15,32,True,-0.4841429962192625,0.004989612070363744,0.10409705806380284,False
ENSG00000151418,ATP6V1G3,30,True,-0.4989429453468731,0.005005985005703299,0.10409705806380284,False
ENSG00000109667,SLC2A9,29,True,-0.50585195028216,0.005117616369872065,0.10475696166612286,False
ENSG00000100652,SLC10A1,30,True,-0.49716257123179,0.005189037060896011,0.10475696166612286,False
ENSG00000147684,NDUFB9,33,True,-0.47517967574795256,0.00519775060120929,0.10475696166612286,False
ENSG00000129170,CSRP3,33,True,-0.4750919424941491,0.005207213586839145,0.10475696166612286,False
ENSG00000188162,OTOG,31,True,-0.4893102057281162,0.0052125191454605105,0.10475696166612286,False
ENSG00000129009,ISLR,29,True,-0.504619937302469,0.0052447490689231475,0.10475696166612286,False
ENSG00000109133,TMEM33,29,True,-0.5040660576904131,0.005302774677836434,0.10522368576412688,False
ENSG00000150722,PPP1R1C,32,True,-0.48047304730473045,0.005380220823374382,0.1060672105179521,False
ENSG00000143476,DTL,31,True,-0.4870915691811214,0.005452004121413742,0.10675387917276283,False
ENSG00000165887,ANKRD2,31,True,-0.4867890377352302,0.005485377190695323,0.10675387917276283,False
ENSG00000145864,GABRB2,30,True,0.493766696349065,0.005554063063357898,0.10685998898878743,False
ENSG00000150756,ATPSCKMT,29,True,-0.5014785608674224,0.0055811399531192595,0.10685998898878743,False
ENSG00000120526,NUDCD1,34,True,-0.46480703230883175,0.005612564593143335,0.10685998898878743,False
ENSG00000137801,THBS1,34,True,0.4646433881081078,0.005631619973058627,0.10685998898878743,False
ENSG00000005175,RPAP3,29,True,-0.4996920082272495,0.005780507998227474,0.10898626689531772,False
ENSG00000135363,LMO2,29,True,-0.4993840999053111,0.005815472739473475,0.10898626689531772,False
ENSG00000196865,NHLRC2,35,True,-0.45555789143057074,0.005958571551858004,0.11098296461006686,False
ENSG00000185565,LSAMP,30,True,-0.4887577916295637,0.006132308430167055,0.11222798287685633,False
ENSG00000162695,SLC30A7,36,True,-0.4478630426505851,0.006161064763229697,0.11222798287685633,False
ENSG00000181751,MACIR,29,True,-0.496181340507793,0.006189947317702297,0.11222798287685633,False
ENSG00000088756,ARHGAP28,31,True,-0.48074209487228836,0.006189992426128968,0.11222798287685633,False
ENSG00000197057,DTHD1,31,True,-0.48057715853109895,0.006210244111762801,0.11222798287685633,False
ENSG00000162763,LRRC52,31,True,-0.4799838880508721,0.00628355623720075,0.11243589673512276,False
ENSG00000154736,ADAMTS5,31,True,-0.47987087255383304,0.006297605167923012,0.11243589673512276,False
ENSG00000126500,FLRT1,32,True,-0.4722273223251875,0.006354382882312318,0.11243589673512276,False
ENSG00000204673,AKT1S1,29,True,-0.49470053265190106,0.006369886112793516,0.11243589673512276,False
ENSG00000101438,SLC32A1,30,True,-0.4862038393624334,0.006446345293470714,0.11312777058368259,False
ENSG00000091129,NRCAM,33,True,-0.4641424337671216,0.006510552956140085,0.1135979239933408,False
ENSG00000155975,VPS37A,30,True,0.4850879265485493,0.006587789532151869,0.11396850713089614,False
ENSG00000168710,AHCYL1,31,True,-0.4774358356548272,0.006606869978602674,0.11396850713089614,False
ENSG00000132915,PDE6A,29,True,-0.49205374803384,0.006702565229857132,0.11486991984954285,False
ENSG00000213918,DNASE1,29,True,0.4916861719768409,0.0067499100356444314,0.11486991984954285,False
ENSG00000105851,PIK3CG,34,True,-0.4552261666842834,0.006825987323401561,0.11486991984954285,False
ENSG00000180773,SLC36A4,29,True,0.49106816215896,0.006830149904226523,0.11486991984954285,False
ENSG00000178031,ADAMTSL1,30,True,-0.4830848105407783,0.006848305498276435,0.11486991984954285,False
ENSG00000158636,EMSY,35,True,-0.4464999222962838,0.007172810424362217,0.11947971411861467,False
ENSG00000181778,TMEM252,30,True,-0.4804674487186642,0.007201840475529145,0.11947971411861467,False
ENSG00000031081,ARHGAP31,33,True,-0.458002521709432,0.00735655237983767,0.12138311426732154,False
ENSG00000168269,FOXI1,32,True,-0.46405648267008986,0.007464362467110596,0.12249624027106902,False
ENSG00000162631,NTNG1,37,True,0.4321631878557875,0.0075598219535609,0.12339580350005856,False
ENSG00000174132,FAM174A,29,True,-0.4837318362378455,0.007846063684416694,0.1268247190017063,False
ENSG00000144747,TMF1,30,True,-0.4758513360682718,0.007863092359398634,0.1268247190017063,False
ENSG00000122417,ODF2L,33,True,-0.454233889407753,0.007920874363556592,0.1268247190017063,False
ENSG00000114742,WDR48,30,True,-0.4751781061646477,0.00796369430353901,0.1268247190017063,False
ENSG00000185133,INPP5J,30,True,-0.47507789338159967,0.007978761966181127,0.1268247190017063,False
ENSG00000006576,PHTF2,29,True,0.4822572842337514,0.00806494202510113,0.1271470536167581,False
ENSG00000085840,ORC1,29,True,-0.48213847238021396,0.00808280018051196,0.1271470536167581,False
ENSG00000143341,HMCN1,31,True,0.46627004371368597,0.008195885914258327,0.12784818753004568,False
ENSG00000204624,DISP3,31,True,0.4661692067665161,0.008211593072581985,0.12784818753004568,False
ENSG00000135914,HTR2B,33,True,-0.451604820753423,0.008336014537844392,0.12850824633669033,False
ENSG00000144278,GALNT13,32,True,0.45811182401466544,0.008371958560066804,0.12850824633669033,False
ENSG00000170989,S1PR1,30,True,-0.47246024664202124,0.008380972587175456,0.12850824633669033,False
ENSG00000160563,MED27,33,True,-0.45092793847182744,0.00844584183103396,0.12885213969356332,False
ENSG00000119397,CNTRL,30,True,-0.4711249611896595,0.008592656058385323,0.12999020987850446,False
ENSG00000171759,PAH,35,True,0.43725037754017815,0.008625264402053166,0.12999020987850446,False
ENSG00000119203,CPSF3,32,True,-0.45630444941969733,0.008665798972847286,0.12999020987850446,False
ENSG00000167910,CYP7A1,30,True,0.47050969338088244,0.00869170375669842,0.12999020987850446,False
ENSG00000010818,HIVEP2,35,True,-0.4361955498739579,0.008805801796411305,0.13023842080176054,False
ENSG00000108406,DHX40,30,True,0.4697561860373501,0.008814317075757963,0.13023842080176054,False
ENSG00000110107,PRPF19,29,True,-0.4773120185990166,0.00883699429682565,0.13023842080176054,False
ENSG00000152910,CNTNAP4,31,True,-0.46124347723264747,0.009010542084723547,0.13149958207546675,False
ENSG00000153266,FEZF2,35,True,-0.4348861742271079,0.009034374095214747,0.13149958207546675,False
ENSG00000138675,FGF5,31,True,-0.4609951136881527,0.009052507461716914,0.13149958207546675,False
ENSG00000080854,IGSF9B,29,True,0.4752987593049134,0.009168654863540014,0.1320800574218339,False
ENSG00000141376,BCAS3,29,True,-0.4752341054706752,0.009179476981556967,0.1320800574218339,False
ENSG00000089101,CFAP61,33,True,-0.44613457315418764,0.009259335952673553,0.13260067902036277,False
ENSG00000082701,GSK3B,34,True,-0.43859174020292974,0.009467304712581873,0.13481148440589025,False
ENSG00000107796,ACTA2,36,True,-0.42642894277134336,0.009502522286844702,0.13481148440589025,False
ENSG00000077498,TYR,30,True,-0.4640392009938184,0.009793032065351221,0.13828672256002933,False
ENSG00000160183,TMPRSS3,29,True,0.4708056314351502,0.009946760084795342,0.1398072389696234,False
ENSG00000137265,IRF4,31,True,-0.45466465183339605,0.010179298699824306,0.1418284818049282,False
ENSG00000138615,CILP,30,True,-0.4618893986533483,0.010183995070314344,0.1418284818049282,False
ENSG00000138379,MSTN,31,True,0.45324323673453865,0.010447927524059916,0.1439229722051695,False
ENSG00000036565,SLC18A1,29,True,-0.4680221846995511,0.010456043292537527,0.1439229722051695,False
ENSG00000198855,FICD,30,True,-0.45999780019267916,0.010538777798621592,0.1439229722051695,False
ENSG00000151320,AKAP6,29,True,0.467545267741505,0.010545460854900993,0.1439229722051695,False
ENSG00000115414,FN1,34,True,-0.43279590559603703,0.010571417260129381,0.1439229722051695,False
ENSG00000145375,AFG2A,29,True,-0.4666091812450732,0.010722833255594108,0.14533268644635583,False
ENSG00000145794,MEGF10,31,True,-0.45113464677257775,0.010857405695568922,0.14545722684751317,False
ENSG00000157551,KCNJ15,33,True,-0.43760970869901206,0.010870523683997086,0.14545722684751317,False
ENSG00000115504,EHBP1,29,True,-0.465812495835116,0.010875754444791006,0.14545722684751317,False
ENSG00000177669,MBOAT4,33,True,0.4371447737442906,0.01096480789378474,0.14576412046054452,False
ENSG00000172137,CALB2,29,True,0.4648841935140378,0.011056239456199983,0.14576412046054452,False
ENSG00000070540,WIPI1,29,True,0.464514539181863,0.01112880425182829,0.14576412046054452,False
ENSG00000165072,MAMDC2,31,True,-0.4495311287669722,0.011177766016461414,0.14576412046054452,False
ENSG00000263528,IKBKE,29,True,-0.4641933017961235,0.011192187986748524,0.14576412046054452,False
ENSG00000172348,RCAN2,31,True,0.4493294548644298,0.011218614500978746,0.14576412046054452,False
ENSG00000118900,UBN1,29,True,-0.46330360361644635,0.011369314807742394,0.14576412046054452,False
ENSG00000164122,ASB5,32,True,-0.44132746607994133,0.011454711798573962,0.14576412046054452,False
ENSG00000166793,YPEL4,29,True,-0.46284658392088307,0.011461209252590655,0.14576412046054452,False
ENSG00000082898,XPO1,30,True,-0.45484915130895404,0.011557434398040222,0.14576412046054452,False
ENSG00000169860,P2RY1,33,True,-0.4342666124653048,0.01156396907825443,0.14576412046054452,False
ENSG00000134013,LOXL2,32,True,-0.44073700799345633,0.011578568321840942,0.14576412046054452,False
ENSG00000118514,ALDH8A1,29,True,-0.4621258810764296,0.011607385449961174,0.14576412046054452,False
ENSG00000137252,HCRTR2,31,True,-0.4473711337520974,0.011621834191056765,0.14576412046054452,False
ENSG00000165282,PIGO,29,True,0.4619270576638738,0.011647984984275824,0.14576412046054452,False
ENSG00000181631,P2RY13,33,True,-0.43364831199729376,0.011696222651257462,0.14576412046054452,False
ENSG00000134744,TUT4,30,True,-0.4535635193836878,0.011824287862463827,0.14576412046054452,False
ENSG00000177311,ZBTB38,29,True,0.46106457782388804,0.011825479942279957,0.14576412046054452,False
ENSG00000029364,SLC39A9,30,True,0.4531997802136671,0.011900717743803356,0.14576412046054452,False
ENSG00000185774,KCNIP4,29,True,0.4605717241864493,0.011927918406676466,0.14576412046054452,False
ENSG00000129493,HEATR5A,29,True,0.4603722735551039,0.011969583988432982,0.14576412046054452,False
ENSG00000162374,ELAVL4,37,True,-0.4086327522826989,0.012038777370720333,0.14576412046054452,False
ENSG00000256870,SLC5A8,29,True,-0.4598989809448527,0.01206894255770841,0.14576412046054452,False
ENSG00000135913,USP37,36,True,-0.4137732147560083,0.012121487481634014,0.14576412046054452,False
ENSG00000123219,CENPK,30,True,-0.45215844466108224,0.012121817662978332,0.14576412046054452,False
ENSG00000132965,ALOX5AP,29,True,0.45952938626421125,0.012147010038378708,0.14576412046054452,False
ENSG00000127325,BEST3,30,True,-0.4514190345153815,0.012280890938114936,0.1467904916854998,False
ENSG00000197635,DPP4,32,True,0.4364453485007647,0.012513113383994605,0.14897965581885342,False
ENSG00000187796,CARD9,29,True,0.4555309327700642,0.013018885724798483,0.15408906291544106,False
ENSG00000132394,EEFSEC,31,True,-0.44089167731927054,0.013043771136122645,0.15408906291544106,False
ENSG00000111834,RSPH4A,32,True,-0.4333791856827753,0.013218917841326073,0.1549704391210002,False
ENSG00000144771,LRTM1,35,True,-0.41482209529689335,0.0132204689500458,0.1549704391210002,False
ENSG00000108960,MMD,30,True,-0.4459158691297574,0.013520587075695596,0.1578788552377378,False
ENSG00000171540,OTP,29,True,0.45276282747249835,0.013652546557683927,0.15822807146959142,False
ENSG00000141298,SSH2,29,True,0.4527534837857845,0.013654728170300709,0.15822807146959142,False
ENSG00000140274,DUOXA2,30,True,-0.44435789005119075,0.013889941996251237,0.1603145458950113,False
ENSG00000101445,PPP1R16B,30,True,-0.44414776355488195,0.013940395295218374,0.1603145458950113,False
ENSG00000048342,CC2D2A,29,True,-0.45107223455554507,0.01405202824698959,0.16058990750202842,False
ENSG00000117593,DARS2,30,True,-0.44334373315853637,0.014134863852060345,0.16058990750202842,False
ENSG00000172673,THEMIS,29,True,-0.4506348692604366,0.014156944655676375,0.16058990750202842,False
ENSG00000206052,DOK6,30,True,0.443059136362998,0.014204238098784051,0.16058990750202842,False
ENSG00000136044,APPL2,30,True,-0.4426393707162177,0.014307079373421136,0.16058990750202842,False
ENSG00000014919,COX15,31,True,-0.4355896319954228,0.014313112804047736,0.16058990750202842,False
ENSG00000213699,SLC35F6,32,True,-0.42866312121767836,0.014369508034866764,0.16058990750202842,False
ENSG00000153820,SPHKAP,30,True,-0.4419717396894964,0.01447192475159099,0.16058990750202842,False
ENSG00000174145,NWD2,33,True,-0.42184888586757835,0.014475237484094681,0.16058990750202842,False
ENSG00000164484,TMEM200A,31,True,0.43480891619667256,0.01450845282743452,0.16058990750202842,False
ENSG00000138758,SEPTIN11,29,True,-0.4488790342448879,0.014584720073505189,0.16058990750202842,False
ENSG00000105856,HBP1,30,True,-0.44135322704554864,0.014626051219898588,0.16058990750202842,False
ENSG00000084754,HADHA,32,True,-0.4274831136257012,0.014670146519898406,0.16058990750202842,False
ENSG00000104219,ZDHHC2,31,True,0.434032681057091,0.014704872953084288,0.16058990750202842,False
ENSG00000113838,TBCCD1,30,True,-0.4390786936527122,0.015204646241698113,0.1650727455779021,False
ENSG00000107854,TNKS2,29,True,-0.4463075141921297,0.015230565033940099,0.1650727455779021,False
ENSG00000150750,POU2AF2,30,True,-0.43879367905630984,0.015278472169759715,0.1650727455779021,False
ENSG00000090273,NUDC,30,True,-0.43839143971625927,0.015383169334487383,0.16561454645214077,False
ENSG00000169490,TM2D2,32,True,-0.424484197630942,0.015457947190270433,0.1658315465359047,False
ENSG00000107960,STN1,29,True,0.4444855240156084,0.01570238507178823,0.16706682349740054,False
ENSG00000138750,NUP54,29,True,-0.44389647815976746,0.01585749130030201,0.16706682349740054,False
ENSG00000165066,NKX6-3,29,True,-0.4437323118603411,0.015900944783385742,0.16706682349740054,False
ENSG00000150681,RGS18,32,True,-0.4227948202950135,0.015917078011254054,0.16706682349740054,False
ENSG00000081320,STK17B,35,True,-0.40452508102213847,0.0159383609808775,0.16706682349740054,False
ENSG00000172572,PDE3A,30,True,0.43618562572697206,0.01596797399930587,0.16706682349740054,False
ENSG00000074695,LMAN1,32,True,0.42256535060537564,0.01598031057507849,0.16706682349740054,False
ENSG00000138796,HADH,30,True,-0.4360173982089967,0.01601332201506705,0.16706682349740054,False
ENSG00000168263,KCNV2,29,True,0.4425280309547042,0.016222735213269904,0.16827311386178123,False
ENSG00000131730,CKMT2,32,True,0.42163153779034596,0.016239796561759518,0.16827311386178123,False
ENSG00000147647,DPYS,36,True,0.3975407271724619,0.01635237713890631,0.16886332310788968,False
ENSG00000006555,TTC22,33,True,0.41284173708367417,0.016951568664986386,0.1744574998877921,False
ENSG00000138160,KIF11,31,True,-0.4252143238974263,0.017096399202276263,0.1750228599019233,False
ENSG00000108375,RNF43,33,True,-0.4122220364487544,0.01713418906622557,0.1750228599019233,False
ENSG00000111897,SERINC1,31,True,-0.42476806027362535,0.017225538389476176,0.1750228599019233,False
ENSG00000162782,TDRD5,29,True,-0.438693780287099,0.01728340026615691,0.1750228599019233,False
ENSG00000148677,ANKRD1,36,True,0.3943353790940801,0.0173196658477311,0.1750228599019233,False
ENSG00000126785,RHOJ,29,True,-0.43823131259859716,0.017415119632285134,0.1750228599019233,False
ENSG00000169435,RASSF6,33,True,-0.4111501227625556,0.017453944147136576,0.1750228599019233,False
ENSG00000107669,ATE1,29,True,-0.43795440874728925,0.01749438332623768,0.1750228599019233,False
ENSG00000156671,SAMD8,29,True,-0.43784652491544,0.01752534565552855,0.1750228599019233,False
ENSG00000162601,MYSM1,34,True,-0.4046763976053341,0.017599307573497407,0.17518523866602664,False
ENSG00000014257,ACP3,29,True,-0.43699963381108003,0.01776997724344203,0.17593554866542713,False
ENSG00000132437,DDC,30,True,-0.42971619631752667,0.017790584137116643,0.17593554866542713,False
ENSG00000111046,MYF6,35,True,-0.39800810701366596,0.01788943636715139,0.176338729904778,False
ENSG00000156103,MMP16,32,True,0.4145044484277769,0.018338278152733905,0.17914113804179396,False
ENSG00000113048,MRPS27,35,True,-0.3964538753453989,0.01838309501468802,0.17914113804179396,False
ENSG00000112984,KIF20A,29,True,-0.43476654266123366,0.018428578884117766,0.17914113804179396,False
ENSG00000013523,ANGEL1,32,True,0.41415994130594275,0.01844516386575942,0.17914113804179396,False
ENSG00000115840,SLC25A12,33,True,-0.4077077468790465,0.018514621094094068,0.17914113804179396,False
ENSG00000115392,FANCL,33,True,0.4076550282580274,0.018531272447440583,0.17914113804179396,False
ENSG00000188906,LRRK2,30,True,-0.42706131342605413,0.018586778156510244,0.17914113804179396,False
ENSG00000108848,LUC7L3,29,True,0.43362504951609615,0.01877293735278054,0.1799288604845926,False
ENSG00000136305,CIDEB,30,True,-0.42640838287099914,0.018787038462982825,0.1799288604845926,False
ENSG00000116205,TCEANC2,29,True,-0.43327172232849437,0.01888059583114493,0.18025625453885538,False
ENSG00000009765,IYD,29,True,-0.43279537103114585,0.019026544794596194,0.18108021942443273,False
ENSG00000174453,VWC2L,36,True,-0.3884559372534221,0.01921854974895812,0.18233599074324017,False
ENSG00000198963,RORB,33,True,-0.4053172939126811,0.01928227387605986,0.18237066507077174,False
ENSG00000114812,VIPR1,30,True,-0.42385137652420896,0.019588540381429882,0.1837110718776264,False
ENSG00000116668,SWT1,31,True,-0.41700283220119677,0.01960552666896281,0.1837110718776264,False
ENSG00000116991,SIPA1L2,31,True,-0.41700282371924163,0.019605529409865267,0.1837110718776264,False
ENSG00000180660,MAB21L1,37,True,-0.38064173430940995,0.020117960129006664,0.18684518396244826,False
ENSG00000165029,ABCA1,33,True,-0.40274178858420207,0.020138746596162146,0.18684518396244826,False
ENSG00000189046,ALKBH2,29,True,0.4291168895709704,0.020185196653596773,0.18684518396244826,False
ENSG00000159377,PSMB4,30,True,-0.42198469623127777,0.020191303487385036,0.18684518396244826,False
ENSG00000156510,HKDC1,29,True,-0.4289233931599144,0.020247715916879273,0.18684518396244826,False
ENSG00000092978,GPATCH2,32,True,-0.40810341629334174,0.02041034201635877,0.18719651760580822,False
ENSG00000173372,C1QA,29,True,-0.4283602348634484,0.020430580868448702,0.18719651760580822,False
ENSG00000183833,CFAP91,29,True,0.42823703663656787,0.02047076542988417,0.18719651760580822,False
ENSG00000115556,PLCD4,32,True,-0.40722405573890724,0.020709563384298815,0.18874871370311064,False
ENSG00000113966,ARL6,30,True,-0.4200689757888223,0.020825717019049002,0.18874871370311064,False
ENSG00000069018,TRPC7,34,True,-0.39486161810234865,0.02082701551071873,0.18874871370311064,False
ENSG00000163914,RHO,32,True,-0.40605227130836413,0.02111391716508541,0.19077932295595032,False
ENSG00000113263,ITK,35,True,0.38742906048391745,0.021479475968012154,0.19346491004186223,False
ENSG00000159082,SYNJ1,29,True,-0.425033908542,0.02153858352903473,0.19346491004186223,False
ENSG00000091664,SLC17A6,32,True,-0.40429447487039294,0.02173270659743722,0.1941910750648747,False
ENSG00000197852,INKA2,32,True,0.4042533704765271,0.021747353597515614,0.1941910750648747,False
ENSG00000196943,NOP9,30,True,0.4170379550037454,0.021862944702214077,0.19465073347777695,False
ENSG00000169604,ANTXR1,37,True,-0.375540933732355,0.02199365597306812,0.1952419284626749,False
ENSG00000153707,PTPRD,36,True,-0.3787976344466952,0.022713616024249247,0.19999394700393577,False
ENSG00000185002,RFX6,31,True,-0.4077846143551354,0.02277742175901145,0.19999394700393577,False
ENSG00000155229,MMS19,29,True,0.42145510917536466,0.022785272230524314,0.19999394700393577,False
ENSG00000091138,SLC26A3,31,True,-0.4077435049629895,0.022792459045903088,0.19999394700393577,False
ENSG00000132821,VSTM2L,29,True,0.4201577131591917,0.023251567496729523,0.20343446374660182,False
ENSG00000162736,NCSTN,34,True,-0.38699822491010016,0.023754407384784453,0.20723672649484368,False
ENSG00000163482,STK36,29,True,-0.41855595159480163,0.023837997791450984,0.2073700896700435,False
ENSG00000117528,ABCD3,30,True,-0.4113064869289833,0.023940351821558504,0.2076654518007189,False
ENSG00000117222,RBBP5,29,True,-0.41757023164120255,0.024204857847173637,0.20857262071764307,False
ENSG00000164692,COL1A2,31,True,0.40391208726056776,0.024230228629448656,0.20857262071764307,False
ENSG00000171109,MFN1,29,True,-0.41744703091056456,0.024251032646023716,0.20857262071764307,False
ENSG00000204889,KRT40,30,True,0.4099966832223421,0.02443711190881465,0.20956523661069412,False
ENSG00000163873,GRIK3,34,True,-0.3850798757713677,0.024517896278440577,0.20956523661069412,False
ENSG00000118434,SPACA1,29,True,-0.41644073239431334,0.024630887927099752,0.20956523661069412,False
ENSG00000143479,DYRK3,29,True,-0.4164100321368,0.024642552526356325,0.20956523661069412,False
ENSG00000128059,PPAT,29,True,-0.41561962335483954,0.024944425993660008,0.2115398807730497,False
ENSG00000172020,GAP43,33,True,-0.3893161678649055,0.025129972671720256,0.212519768889534,False
ENSG00000165091,TMC1,30,True,-0.4077907649073861,0.025292792454521606,0.21301120394044684,False
ENSG00000174948,GPR149,31,True,-0.40110943219640993,0.025328407319664462,0.21301120394044684,False
ENSG00000103978,TMEM87A,32,True,0.39423708041014716,0.025567690155404135,0.21442957820941144,False
ENSG00000047410,TPR,33,True,-0.38775515086761997,0.025771168954673906,0.21554068580272723,False
ENSG00000205765,RIMOC1,29,True,-0.41307039664642237,0.025938659918545305,0.21583164202610294,False
ENSG00000157827,FMNL2,30,True,0.4061422079221203,0.025948138781135565,0.21583164202610294,False
ENSG00000177272,KCNA3,29,True,-0.4128157763937589,0.026039714414135967,0.21590591547540494,False
ENSG00000144285,SCN1A,34,True,-0.38125812233973444,0.0260992987415921,0.21590591547540494,False
ENSG00000086189,DIMT1,31,True,0.3986888572975631,0.02630938841018633,0.21705245438403722,False
ENSG00000119408,NEK6,31,True,-0.39850761521550326,0.026384073445616295,0.21707871810539586,False
ENSG00000183324,REC114,29,True,-0.4115327872613004,0.026553804150046323,0.2178847281068666,False
ENSG00000136404,TM6SF1,29,True,0.41089474981513435,0.02681252369171985,0.21941461436135162,False
ENSG00000137821,LRRC49,32,True,-0.3910532735641051,0.02689146202912322,0.21946902881832822,False
ENSG00000136770,DNAJC1,32,True,0.3907381951321002,0.02702546306581561,0.21997132940433295,False
ENSG00000091039,OSBPL8,31,True,-0.3959657105363604,0.02744992266691,0.22240009146249543,False
ENSG00000213593,TMX2,29,True,0.40919746401445306,0.02751076353240638,0.22240009146249543,False
ENSG00000152763,DNAI4,30,True,-0.40211465791797324,0.02760768853442015,0.22240009146249543,False
ENSG00000118454,ANKRD13C,32,True,-0.3893626924046186,0.02761687565262213,0.22240009146249543,False
ENSG00000163001,CFAP36,29,True,-0.40837954715490055,0.02785248357167797,0.22370407440109608,False
ENSG00000143171,RXRG,33,True,-0.38248079703731763,0.028037853133163305,0.22459873908254296,False
ENSG00000213533,STIMATE,30,True,-0.400356268091739,0.028358856677499763,0.22657233913918234,False
ENSG00000164265,SCGB3A2,30,True,-0.4000890794192499,0.028474439528454413,0.22674577599755977,False
ENSG00000182158,CREB3L2,29,True,0.40678186224971563,0.0285299362421172,0.22674577599755977,False
ENSG00000162670,BRINP3,30,True,-0.39946589765490736,0.028745511417073856,0.2278625918074053,False
ENSG00000172331,BPGM,29,True,-0.4050757699830366,0.02926806554942185,0.23140064325011653,False
ENSG00000145555,MYO10,30,True,-0.39759573558681693,0.029571623362101798,0.23319337279828847,False
ENSG00000148584,A1CF,33,True,-0.3786675596277367,0.02977627876553276,0.23419891795895711,False
ENSG00000187546,AGMO,30,True,-0.396705263614618,0.02997169827331025,0.2351268112603874,False
ENSG00000065135,GNAI3,30,True,-0.396415453864495,0.03010284925245874,0.23554703693418746,False
ENSG00000120659,TNFSF11,31,True,-0.38966804758938167,0.030242736547167817,0.23603328575116064,False
ENSG00000112874,NUDT12,35,True,-0.3664961825011415,0.030352801964140783,0.2362848891362344,False
ENSG00000127954,STEAP4,32,True,-0.38280320450157124,0.03058463076464384,0.2369406273283999,False
ENSG00000101447,FAM83D,29,True,-0.4019704433497537,0.030651287575741554,0.2369406273283999,False
ENSG00000135362,PRR5L,32,True,-0.3826198696335149,0.030671168162075484,0.2369406273283999,False
ENSG00000172954,LCLAT1,34,True,0.3709307700360109,0.030796743093179105,0.23730688332713645,False
ENSG00000154319,FAM167A,31,True,0.38701220323813296,0.03148780051990065,0.24201762627447687,False
ENSG00000187045,TMPRSS6,29,True,-0.39982750123213406,0.031636333548118546,0.24254522386890887,False
ENSG00000079819,EPB41L2,32,True,0.380419838430292,0.03172526722523618,0.2426143861355593,False
ENSG00000086062,B4GALT1,29,True,0.3989893037477567,0.032028522953077274,0.2443180796119161,False
ENSG00000154611,PSMA8,29,True,-0.3984721658691753,0.032272442992045375,0.2453906654407144,False
ENSG00000158486,DNAH3,29,True,0.3983489403647117,0.03233078596056843,0.2453906654407144,False
ENSG00000183395,PMCH,31,True,-0.3850111032550116,0.03245315557324727,0.24565816585838574,False
ENSG00000198924,DCLRE1A,34,True,-0.3674155586122574,0.03254509460293731,0.24565816585838574,False
ENSG00000102908,NFAT5,32,True,-0.37862120181709114,0.0326087749805433,0.24565816585838574,False
ENSG00000184349,EFNA5,34,True,-0.3669570576252419,0.03277898743351958,0.2463292223964491,False
ENSG00000067221,STOML1,29,True,-0.3970425168778182,0.0329545867281735,0.24697699908550388,False
ENSG00000182447,OTOL1,29,True,-0.3968449593295539,0.03304975773110522,0.24697699908550388,False
ENSG00000111725,PRKAB1,29,True,-0.3967217276049999,0.03310923538465088,0.24697699908550388,False
ENSG00000046653,GPM6B,33,True,0.3713855976996051,0.033340638525293204,0.2480935749087994,False
ENSG00000147416,ATP6V1B2,34,True,-0.3656802884856493,0.03343752744776734,0.2482061939643561,False
ENSG00000163235,TGFA,30,True,-0.3887405525703301,0.033749180758461596,0.24944893089828843,False
ENSG00000198742,SMURF1,29,True,-0.3953660460257346,0.03376927226587501,0.24944893089828843,False
ENSG00000166147,FBN1,30,True,-0.38851803365071336,0.03385999399396113,0.2495119945768592,False
ENSG00000034533,ASTE1,32,True,0.3758253915016041,0.03402170060795186,0.25006235486326467,False
ENSG00000184254,ALDH1A3,29,True,0.39448074642072,0.03420599142040244,0.25006235486326467,False
ENSG00000112290,WASF1,30,True,-0.3877823546872847,0.03422845224519248,0.25006235486326467,False
ENSG00000102890,ELMO3,30,True,-0.38767110204917615,0.03428445287548929,0.25006235486326467,False
ENSG00000170222,ADPRM,29,True,-0.39403647116806306,0.03442686125078497,0.25006235486326467,False
ENSG00000147655,RSPO2,30,True,-0.38700347098939,0.034622070582447546,0.25006235486326467,False
ENSG00000164830,OXR1,33,True,-0.3688784942047833,0.03464523756234456,0.25006235486326467,False
ENSG00000104356,POP1,29,True,-0.3933456591787696,0.03477257635611114,0.25006235486326467,False
ENSG00000179520,SLC17A8,32,True,-0.37434675136708984,0.03478879737727278,0.25006235486326467,False
ENSG00000105792,CFAP69,35,True,0.3578033202932339,0.03482849740392163,0.25006235486326467,False
ENSG00000180667,YOD1,30,True,-0.3864825958857722,0.034887333557822066,0.25006235486326467,False
ENSG00000112837,TBX18,32,True,-0.37385405207187383,0.035047492709179826,0.25006235486326467,False
ENSG00000109321,AREG,29,True,0.3925095508412271,0.03519473748736184,0.25006235486326467,False
ENSG00000113742,CPEB4,39,True,-0.33822636334482536,0.03520321693481502,0.25006235486326467,False
ENSG00000188981,MSANTD1,31,True,-0.37955028458476525,0.035210174286242284,0.25006235486326467,False
ENSG00000099219,ERMP1,29,True,-0.39231149540119176,0.035295339741697476,0.25006235486326467,False
ENSG00000138075,ABCG5,32,True,0.37317811138547435,0.0354049327110241,0.25006235486326467,False
ENSG00000082269,FAM135A,30,True,-0.3852231024181864,0.03553552796638739,0.25006235486326467,False
ENSG00000129467,ADCY4,30,True,0.38512912797603205,0.035584278173876716,0.25006235486326467,False
ENSG00000198739,LRRTM3,32,True,-0.37270726965898465,0.0356556548094357,0.25006235486326467,False
ENSG00000139826,ABHD13,30,True,-0.3849749797227427,0.03566436088794256,0.25006235486326467,False
ENSG00000189320,FAM180A,32,True,0.37158570119156736,0.036258677538558416,0.2530653178994142,False
ENSG00000147113,DIPK2B,29,True,-0.39043629482840625,0.03625935878993583,0.2530653178994142,False
ENSG00000083097,DOP1A,30,True,-0.38255257831130124,0.0369420285554631,0.25570134279586393,False
ENSG00000112078,KCTD20,29,True,-0.3891012944952136,0.03695847288881471,0.25570134279586393,False
ENSG00000166128,RAB8B,29,True,-0.3890806014296278,0.03696939400355248,0.25570134279586393,False
ENSG00000197702,PARVA,31,True,-0.3762356340427543,0.03697394251890127,0.25570134279586393,False
ENSG00000134324,LPIN1,30,True,-0.38161994714259645,0.03744364607108197,0.2583611578904656,False
ENSG00000022355,GABRA1,31,True,-0.3751891093212585,0.03754537421445529,0.25847563744917523,False
ENSG00000162600,OMA1,30,True,-0.3811749093033631,0.03768493327021214,0.2588494511501449,False
ENSG00000108395,TRIM37,32,True,0.3688118811881188,0.03778551788457607,0.2589544747123543,False
ENSG00000138152,BTBD16,34,True,0.35717561169104134,0.038104055010935174,0.2598396485597838,False
ENSG00000151379,MSGN1,29,True,-0.38689010538936625,0.038140202015528084,0.2598396485597838,False
ENSG00000113360,DROSHA,30,True,-0.380231532128938,0.03820053956250801,0.2598396485597838,False
ENSG00000089916,GPATCH2L,33,True,0.36229826701942264,0.038267348017072676,0.2598396485597838,False
ENSG00000170091,NSG2,30,True,-0.3799243267304696,0.038369661712082545,0.2598396485597838,False
ENSG00000112333,NR2E1,31,True,-0.37349888698770867,0.03848329052965952,0.2598396485597838,False
ENSG00000155511,GRIA1,34,True,-0.3562691298089919,0.038631072344770326,0.2598396485597838,False
ENSG00000167549,CORO6,29,True,-0.38585684658968084,0.03870269487051831,0.2598396485597838,False
ENSG00000171806,METTL18,32,True,-0.3671860739974187,0.038704285731296896,0.2598396485597838,False
ENSG00000132321,DRC11,32,True,0.36707004033736707,0.03877054044716142,0.2598396485597838,False
ENSG00000005156,LIG3,29,True,-0.38501356851134505,0.039166672745818816,0.26191634021212756,False
ENSG00000172497,ACOT12,32,True,-0.36590525366374815,0.039440706165776385,0.26304988339380575,False
ENSG00000115816,CEBPZ,30,True,0.3778817826109067,0.039509468652034065,0.26304988339380575,False
ENSG00000091164,TXNL1,32,True,-0.36530544591608344,0.03978942952725538,0.26349496164462727,False
ENSG00000170962,PDGFD,29,True,-0.3838856749595931,0.039794198049118226,0.26349496164462727,False
ENSG00000078401,EDN1,31,True,-0.37111741623729133,0.03983668886524503,0.26349496164462727,False
ENSG00000048540,LMO3,32,True,0.3641030357217156,0.040495975419915786,0.2672734377714442,False
ENSG00000184445,KNTC1,32,True,-0.3634030069673634,0.04091194290857729,0.269433099068201,False
ENSG00000047617,ANO2,29,True,0.3816210889381621,0.04107842433972335,0.26994393137532485,False
ENSG00000197329,PELI1,33,True,-0.3569876345433777,0.04140857329500689,0.2712041174796473,False
ENSG00000124602,UNC5CL,30,True,0.37436012500787336,0.04153832162341547,0.2712041174796473,False
ENSG00000101146,RAE1,29,True,-0.38074702164810964,0.041582865835812825,0.2712041174796473,False
ENSG00000169282,KCNAB1,32,True,0.3621195452878621,0.0416835126341237,0.2712041174796473,False
ENSG00000168827,GFM1,31,True,-0.36743344396251654,0.04200537892048627,0.2712041174796473,False
ENSG00000122707,RECK,32,True,-0.36116969007092686,0.04226202061737169,0.2712041174796473,False
ENSG00000112769,LAMA4,32,True,0.3611111111111111,0.042297907917906594,0.2712041174796473,False
ENSG00000116675,DNAJC6,29,True,-0.3794675984143506,0.0423301494956661,0.2712041174796473,False
ENSG00000256043,CTSO,30,True,-0.37291342087691964,0.0423955596045049,0.2712041174796473,False
ENSG00000215883,CYB5RL,32,True,-0.36083608967362485,0.04246672171166682,0.2712041174796473,False
ENSG00000205213,LGR4,31,True,-0.36660617805277695,0.042505147135694296,0.2712041174796473,False
ENSG00000179796,LRRC3B,29,True,-0.37915742793791574,0.04251291660634431,0.2712041174796473,False
ENSG00000163376,KBTBD8,29,True,-0.3791446086895581,0.04252048383134827,0.2712041174796473,False
ENSG00000187231,SESTD1,30,True,-0.372704017221939,0.0425208036628169,0.2712041174796473,False
ENSG00000153140,CETN3,30,True,-0.3724682839973292,0.042662148982006744,0.27153518723138886,False
ENSG00000120129,DUSP1,31,True,0.3646372036417353,0.04371380971473259,0.2773053694751085,False
ENSG00000129173,E2F8,33,True,-0.35289201429223616,0.04397017379472803,0.2773053694751085,False
ENSG00000078687,TNRC6C,30,True,-0.3701725120311043,0.044058411745324884,0.2773053694751085,False
ENSG00000092140,G2E3,33,True,0.3527248609041697,0.04407735954349411,0.2773053694751085,False
ENSG00000077092,RARB,33,True,-0.35264126203196217,0.04413104521720252,0.2773053694751085,False
ENSG00000198677,SKIC3,33,True,0.3525330261613572,0.044200630228686005,0.2773053694751085,False
ENSG00000171517,LPAR3,32,True,-0.357994132746608,0.044243020882570386,0.2773053694751085,False
ENSG00000164136,IL15,31,True,-0.3636547290629545,0.044327099083601586,0.2773053694751085,False
ENSG00000085511,MAP3K4,29,True,0.37593985247984457,0.04444622131684324,0.2773053694751085,False
ENSG00000124134,KCNS1,30,True,-0.3694636192110997,0.04449683998172726,0.2773053694751085,False
ENSG00000173250,GPR151,30,True,-0.3693403071024603,0.044573458598107026,0.2773053694751085,False
ENSG00000175662,TOM1L2,31,True,-0.3626096620230136,0.044986986579090185,0.2791000805716083,False
ENSG00000122176,FMOD,29,True,0.3747228495096093,0.04519543996422652,0.2791000805716083,False
ENSG00000120800,UTP20,31,True,-0.362105477287164,0.04530813682657864,0.2791000805716083,False
ENSG00000138769,CDKL2,32,True,-0.3563239610259331,0.04531436220311166,0.2791000805716083,False
ENSG00000196505,GDAP2,37,True,-0.3308426738901572,0.04549085097520193,0.2791000805716083,False
ENSG00000136169,SETDB2,32,True,-0.35588561248706385,0.045598952669117634,0.2791000805716083,False
ENSG00000134871,COL4A2,29,True,0.3739987705537487,0.045645942404178984,0.2791000805716083,False
ENSG00000150893,FREM2,32,True,-0.35545980990696646,0.04587676410943995,0.2791000805716083,False
ENSG00000100351,GRAP2,37,True,-0.3302295382727944,0.04591680991903733,0.2791000805716083,False
ENSG00000111490,TBC1D30,29,True,-0.37353704657951997,0.045935072251891605,0.2791000805716083,False
ENSG00000155087,ODF1,31,True,-0.3610326744655103,0.045997568286642636,0.2791000805716083,False
ENSG00000109323,MANBA,29,True,-0.37335143684027033,0.04605170940428873,0.2791000805716083,False
ENSG00000160588,MPZL3,30,True,0.3669336893635959,0.04608995286656604,0.2791000805716083,False
ENSG00000105402,NAPA,29,True,-0.37319696401679703,0.0461489593040011,0.2791000805716083,False
ENSG00000017427,IGF1,34,True,-0.3441708473411224,0.046246134273010386,0.27913173688441256,False
ENSG00000110315,RNF141,35,True,-0.3387266240710701,0.046543039579637596,0.2803664050868646,False
ENSG00000180611,MB21D2,31,True,-0.3598225163951318,0.046785284446371096,0.28126757144392606,False
ENSG00000117543,DPH5,31,True,-0.3595483033377895,0.04696526015930845,0.2817029149025692,False
ENSG00000172568,FNDC9,37,True,0.32862986955248713,0.047043273338472524,0.2817029149025692,False
ENSG00000095383,TBC1D2,29,True,0.3711327527268236,0.04746421659781328,0.283512059316384,False
ENSG00000112414,ADGRG6,29,True,-0.3710273578970885,0.047532160142305484,0.283512059316384,False
ENSG00000188916,INSYN2A,29,True,0.37062593535388966,0.04779164638476036,0.2842249225796222,False
ENSG00000122965,RBM19,34,True,0.3418457318382464,0.047838911540904784,0.2842249225796222,False
ENSG00000135655,USP15,29,True,0.37037503974391517,0.04795439869875603,0.2843545985340299,False
ENSG00000168917,SLC35G2,31,True,0.35760387252924564,0.04825733329498566,0.2855931069855292,False
ENSG00000198919,DZIP3,29,True,0.3693482841876958,0.04862502073608782,0.28682773655110355,False
ENSG00000008311,AASS,29,True,-0.3693027951445788,0.048654902609953345,0.28682773655110355,False
ENSG00000214517,PPME1,29,True,-0.36906962695501727,0.04880829971940605,0.28717441462813326,False
ENSG00000151689,INPP1,30,True,0.36252366546389664,0.0489752059525038,0.2874186707620262,False
ENSG00000065534,MYLK,34,True,0.3400321018507641,0.04911152563337324,0.2874186707620262,False
ENSG00000126602,TRAP1,29,True,-0.3685767349829164,0.04913382415200645,0.2874186707620262,False
ENSG00000144580,CNOT9,32,True,-0.3502157944799666,0.0494103310177862,0.28848031724999784,False
ENSG00000154080,CHST9,31,True,0.35508270185741564,0.04997457132818775,0.2908974277728246,False
ENSG00000140332,TLE3,29,True,-0.3672539143307275,0.05001596090165166,0.2908974277728246,False
ENSG00000100884,CPNE6,30,True,0.3607433159711335,0.05017981512503352,0.29104604609013124,False
ENSG00000162616,DNAJB4,29,True,-0.3669295219319862,0.05023418505372477,0.29104604609013124,False
ENSG00000111049,MYF5,35,True,-0.3333333464324665,0.05037359828390623,0.29104604609013124,False
ENSG00000008197,TFAP2D,35,True,0.33326327589242244,0.050424973729713114,0.29104604609013124,False
ENSG00000170876,TMEM43,31,True,-0.3542107935312526,0.050579613846077634,0.29119075233243497,False
ENSG00000125869,LAMP5,33,True,-0.3430577626296316,0.050641869970858254,0.29119075233243497,False
ENSG00000104412,EMC2,30,True,-0.35986198576488776,0.05078475644577174,0.29146034134095083,False
ENSG00000114541,FRMD4B,31,True,-0.3535343511567978,0.05105300801336343,0.29244704212937994,False
ENSG00000120332,TNN,29,True,-0.3654509610645638,0.051238384564842844,0.29295618745548563,False
ENSG00000145725,PPIP5K2,35,True,-0.3318621302016833,0.05146110526313621,0.29354848178810483,False
ENSG00000119943,PYROXD2,32,True,-0.3472044054673545,0.05153535599244397,0.29354848178810483,False
ENSG00000146151,HMGCLL1,32,True,-0.3466862238417745,0.051908226326924954,0.2951186800160003,False
ENSG00000137207,YIPF3,31,True,0.3519493596359981,0.0521759944324534,0.2960865777512683,False
ENSG00000163512,AZI2,31,True,-0.3517902186324058,0.052289819847375435,0.29617890495640264,False
ENSG00000180801,ARSJ,32,True,0.3455862146704098,0.05270686141022044,0.2979851605985647,False
ENSG00000189195,BTBD8,29,True,-0.36314364245704417,0.05283703907968706,0.2980912188024585,False
ENSG00000100629,CEP128,35,True,-0.32992435179467916,0.05292199174391473,0.2980912188024585,False
ENSG00000221818,EBF2,29,True,-0.3625385116866981,0.05326274886609521,0.29930427328135484,False
ENSG00000136986,DERL1,35,True,-0.32917602189712103,0.05349492240007816,0.29930427328135484,False
ENSG00000135341,MAP3K7,32,True,-0.34449237778147157,0.053510645800209575,0.29930427328135484,False
ENSG00000120334,CENPL,29,True,-0.3621581780270386,0.05353169314617117,0.29930427328135484,False
ENSG00000103647,CORO2B,29,True,-0.3616654458120358,0.05388170603212331,0.3001247277323786,False
ENSG00000008196,TFAP2B,29,True,-0.36159725032403534,0.053930290330237274,0.3001247277323786,False
ENSG00000109099,PMP22,31,True,-0.3494656251735217,0.05397500044198904,0.3001247277323786,False
ENSG00000115661,STK16,31,True,-0.3491327432101909,0.05421979176625969,0.3007540224086164,False
ENSG00000155099,PIP4P2,30,True,-0.35491767678859554,0.0542862991699347,0.3007540224086164,False
ENSG00000138663,COPS4,31,True,-0.3484313545419616,0.054738442746685476,0.30145807513110195,False
ENSG00000181291,TMEM132E,29,True,-0.3604295904495253,0.05476752367137162,0.30145807513110195,False
ENSG00000148175,STOM,29,True,0.36039921143420406,0.05478944157560881,0.30145807513110195,False
ENSG00000055955,ITIH4,30,True,-0.35419923258347386,0.05481055911474581,0.30145807513110195,False
ENSG00000137558,PI15,32,True,-0.3425059852627437,0.05499511235871043,0.3019261503093036,False
ENSG00000120279,MYCT1,30,True,-0.35376571583910355,0.05512882775853923,0.30211393695834854,False
ENSG00000109618,SEPSECS,29,True,-0.35913237472537113,0.055709597861084606,0.30398922936988804,False
ENSG00000118492,ADGB,31,True,-0.3471158007306404,0.05572180550280899,0.30398922936988804,False
ENSG00000265107,GJA5,31,True,-0.3470499261221641,0.05577140999967973,0.30398922936988804,False
ENSG00000131067,GGT7,30,True,0.35210328047708417,0.056362829711938185,0.30616526024731594,False
ENSG00000116218,NPHS2,32,True,-0.34070068323219244,0.056372325585721215,0.30616526024731594,False
ENSG00000154153,RETREG1,29,True,-0.3579790538578715,0.05655781754179676,0.30636122434135343,False
ENSG00000136141,LRCH1,32,True,-0.3403923725705904,0.05661022623698922,0.30636122434135343,False
ENSG00000077097,TOP2B,32,True,0.3398752979969058,0.05701099350165438,0.3069057063523985,False
ENSG00000124491,F13A1,35,True,-0.32457799337165816,0.05712445606595097,0.3069057063523985,False
ENSG00000164619,BMPER,29,True,0.3570724603243259,0.05723166677834978,0.3069057063523985,False
ENSG00000170624,SGCD,30,True,-0.3507288500743408,0.05739936926136734,0.3069057063523985,False
ENSG00000180818,HOXC10,32,True,0.3392401750519627,0.057506316746625055,0.3069057063523985,False
ENSG00000135334,AKIRIN2,30,True,-0.35047877000234046,0.05758956974823342,0.3069057063523985,False
ENSG00000104164,BLOC1S6,29,True,-0.3564917575545067,0.057666586122807686,0.3069057063523985,False
ENSG00000168530,MYL1,30,True,-0.35021144869196713,0.05779343034315955,0.3069057063523985,False
ENSG00000181915,ADO,30,True,-0.3501781030672245,0.05781889959658494,0.3069057063523985,False
ENSG00000164338,UTP15,29,True,-0.35621841759565603,0.05787219961099328,0.3069057063523985,False
ENSG00000086570,FAT2,30,True,-0.3501001644693132,0.05787846316454395,0.3069057063523985,False
ENSG00000165383,LRRC18,35,True,0.32359535136195383,0.0579248785509434,0.3069057063523985,False
ENSG00000111052,LIN7A,29,True,0.35601578991310373,0.05802499191247587,0.3069057063523985,False
ENSG00000102794,ACOD1,29,True,-0.35575264843557525,0.058223886437711474,0.30692320945989854,False
ENSG00000118271,TTR,29,True,-0.35571711282136953,0.05825078678003554,0.30692320945989854,False
ENSG00000100982,PCIF1,29,True,-0.3556104549039648,0.05833158493358414,0.30692320945989854,False
ENSG00000148156,ACTL7B,29,True,-0.35534746180384424,0.05853118908101535,0.307097976142292,False
ENSG00000198774,RASSF9,33,True,-0.3325810812100444,0.058611277290585954,0.307097976142292,False
ENSG00000118113,MMP8,31,True,-0.34308188785800725,0.058824209034332435,0.307097976142292,False
ENSG00000139323,POC1B,29,True,-0.354942075425191,0.058839912779955636,0.307097976142292,False
ENSG00000171448,ZBTB26,31,True,-0.342949364535001,0.05892838694729588,0.307097976142292,False
ENSG00000170417,TMEM182,37,True,-0.3133372873234901,0.05897171280993288,0.307097976142292,False
ENSG00000117595,IRF6,34,True,-0.32691427478648144,0.05914095523706242,0.3073481274571608,False
ENSG00000112280,COL9A1,30,True,-0.34835837722710655,0.059222218235322484,0.3073481274571608,False
ENSG00000149571,KIRREL3,31,True,-0.3422778187495297,0.05945852728709939,0.30804793318026236,False
ENSG00000134014,ELP3,34,True,-0.3261733717983473,0.05975238832609083,0.3090430169642449,False
ENSG00000121879,PIK3CA,30,True,-0.3471681338950727,0.0601544526445516,0.3102042824896779,False
ENSG00000148700,ADD3,30,True,-0.34713411455953525,0.06018126560817532,0.3102042824896779,False
ENSG00000080493,SLC4A4,32,True,-0.33525853148791823,0.06068935302582781,0.31229300980748004,False
ENSG00000154265,ABCA5,29,True,0.3518176243594572,0.0612623281394848,0.31470800039166813,False
ENSG00000078725,BRINP1,30,True,0.3451652408149088,0.061749087969774796,0.3166726876287775,False
ENSG00000006042,TMEM98,30,True,0.3445435067507579,0.062250757553242844,0.31870708251542207,False
ENSG00000137809,ITGA11,29,True,0.34959350654446786,0.06303363867028625,0.3221719309814631,False
ENSG00000170807,LMOD2,33,True,-0.3271192154065427,0.06314163674021384,0.3221815279719146,False
ENSG00000135299,ANKRD6,31,True,-0.33756806493968566,0.06328260832450404,0.32235905851207086,False
ENSG00000136167,LCP1,33,True,-0.32675915549177675,0.06344968681069536,0.32266875905740555,False
ENSG00000122482,ZNF644,29,True,-0.3487741802986547,0.06369612582584942,0.3232976837531768,False
ENSG00000129988,LBP,31,True,-0.33642597821702297,0.06423829704179139,0.3232976837531768,False
ENSG00000105223,PLD3,29,True,0.3480349909373718,0.06429845782730341,0.3232976837531768,False
ENSG00000198597,ZNF536,33,True,-0.32575631409384803,0.06431389359932536,0.3232976837531768,False
ENSG00000081138,CDH7,32,True,-0.3308270676691729,0.06439311764037295,0.3232976837531768,False
ENSG00000225526,MKRN2OS,29,True,-0.34786894379195815,0.06443436993061058,0.3232976837531768,False
ENSG00000162729,IGSF8,30,True,0.3418270856813023,0.06448007736584671,0.3232976837531768,False
ENSG00000104537,ANXA13,33,True,0.32544923714170226,0.06458035823459081,0.3232976837531768,False
ENSG00000106144,CASP2,30,True,0.3415720414225132,0.06469254382379688,0.3232976837531768,False
ENSG00000164106,SCRG1,33,True,0.32525489339488367,0.06474944606391672,0.3232976837531768,False
ENSG00000182185,RAD51B,30,True,0.3414579876462501,0.06478773360840495,0.3232976837531768,False
ENSG00000136193,SCRN1,30,True,0.3413819983301548,0.06485121521926372,0.3232976837531768,False
ENSG00000164850,GPER1,30,True,0.34115945465458103,0.06503740760280431,0.323481523493979,False
ENSG00000137872,SEMA6D,32,True,-0.3300027514094099,0.06510118934612029,0.323481523493979,False
ENSG00000198160,MIER1,31,True,-0.3346457306761868,0.06575045082548035,0.32617380507542215,False
ENSG00000161850,KRT82,31,True,-0.33444345058852354,0.06592401165871443,0.3265013040715449,False
ENSG00000058272,PPP1R12A,36,True,-0.3095407592873455,0.06619341336199135,0.32730163349675195,False
ENSG00000176697,BDNF,32,True,0.32850596335665216,0.0664024629927981,0.32780142706688625,False
ENSG00000109674,NEIL3,29,True,-0.3451589166094429,0.06668432139650915,0.3286584411685094,False
ENSG00000188687,SLC4A5,31,True,-0.3326944433350867,0.06743964977059158,0.33056924035009755,False
ENSG00000155561,NUP205,29,True,-0.3442582657509201,0.06744542211214302,0.33056924035009755,False
ENSG00000106771,TMEM245,30,True,-0.3383057073887314,0.0674621233737815,0.33056924035009755,False
ENSG00000136504,KAT7,30,True,-0.3381943692334557,0.06755812791293934,0.33056924035009755,False
ENSG00000109861,CTSC,31,True,0.33249243865816447,0.06761643552615632,0.33056924035009755,False
ENSG00000139263,LRIG3,30,True,-0.3378619488853692,0.06784539904907723,0.3311553561302226,False
ENSG00000146857,STRA8,32,True,-0.3266409974330766,0.06805216291603203,0.3316314070835847,False
ENSG00000173482,PTPRM,29,True,0.3429416216419304,0.06857016743969657,0.33362023773544675,False
ENSG00000157152,SYN2,30,True,-0.33607834409080795,0.06940300183956717,0.33662996712351245,False
ENSG00000116748,AMPD1,31,True,0.33040847369259213,0.06946137647725549,0.33662996712351245,False
ENSG00000133800,LYVE1,31,True,-0.33030853666141285,0.06955082465179357,0.33662996712351245,False
ENSG00000138780,GSTCD,30,True,-0.3358184230724494,0.06963228568958031,0.33662996712351245,False
ENSG00000157087,ATP2B2,32,True,-0.3245324587003638,0.06995564435504639,0.33711872014634753,False
ENSG00000172995,ARPP21,31,True,-0.329803343387173,0.07000436693071081,0.33711872014634753,False
ENSG00000249581,CLRN2,32,True,-0.32441103812163935,0.07006650606467237,0.33711872014634753,False
ENSG00000106123,EPHB6,29,True,0.34047796056691654,0.07071374267327006,0.33969449803172136,False
ENSG00000135443,KRT85,29,True,-0.34027606605866406,0.07089167734276101,0.34001126763447465,False
ENSG00000145390,USP53,29,True,-0.3399433453547297,0.07118566745428732,0.3403875674322366,False
ENSG00000151498,ACAD8,32,True,-0.32318417434999896,0.07119436934106398,0.3403875674322366,False
ENSG00000138193,PLCE1,29,True,-0.33978070973637925,0.07132971379653093,0.3404984451041948,False
ENSG00000100372,SLC25A17,30,True,-0.33374172260246326,0.07148537056364518,0.34070578497837795,False
ENSG00000134242,PTPN22,29,True,-0.33937153677266024,0.07169311450531791,0.3411603379908232,False
ENSG00000187003,ACTL7A,29,True,0.33920651596717366,0.0718400792709691,0.3413246958789705,False
ENSG00000075884,ARHGAP15,32,True,-0.3218443500551217,0.07244215339848839,0.3435689726762672,False
ENSG00000164438,TLX3,29,True,-0.3384255292406939,0.0725387718990406,0.3435689726762672,False
ENSG00000070190,DAPP1,34,True,-0.3108665785963107,0.07353750124246591,0.3470367089884499,False
ENSG00000139908,TSSK4,29,True,0.33731676567768,0.0735396975135122,0.3470367089884499,False
ENSG00000006283,CACNA1G,29,True,-0.33723509117792017,0.07361384736118634,0.3470367089884499,False
ENSG00000103494,RPGRIP1L,37,True,-0.2969944916252713,0.07425108083699261,0.3491986106226064,False
ENSG00000116703,PDC,30,True,-0.33066311455037806,0.07430247116673377,0.3491986106226064,False
ENSG00000136352,NKX2-1,29,True,-0.33633464817695696,0.0744351590093389,0.34928151893717607,False
ENSG00000125266,EFNB2,29,True,-0.33620796115684515,0.07455127691909234,0.3492865381579697,False
ENSG00000139053,PDE6H,31,True,-0.32455875102037895,0.07484966959055919,0.35014421706770066,False
ENSG00000087111,PIGS,31,True,0.3238499053046892,0.07552396259691814,0.3527550006834515,False
ENSG00000157423,HYDIN,29,True,0.3349759788880403,0.0756877678061101,0.352977055390707,False
ENSG00000134882,UBAC2,29,True,0.33460638420739885,0.07603130126644499,0.3538074781586862,False
ENSG00000136925,TSTD2,35,True,-0.30372654596543897,0.07609890752227341,0.3538074781586862,False
ENSG00000153234,NR4A2,30,True,0.32799288751497796,0.07681463488771713,0.3565890390200447,False
ENSG00000007402,CACNA2D2,30,True,0.3277703685953613,0.07702689869014989,0.35702849530274056,False
ENSG00000182050,MGAT4C,29,True,0.33337442217816,0.07718506079967054,0.3572162265057923,False
ENSG00000101247,NDUFAF5,36,True,-0.2980682648773023,0.07745022860057475,0.3578978600172678,False
ENSG00000253148,RGS21,32,True,-0.3164603512690388,0.07762833389683704,0.3581757168857101,False
ENSG00000196497,IPO4,30,True,-0.32650790117961276,0.07823974691337499,0.36044897060547265,False
ENSG00000184432,COPB2,30,True,-0.32613296552850096,0.07860276060608933,0.361008097047572,False
ENSG00000137807,KIF23,32,True,-0.3153937851341634,0.07868893091727555,0.361008097047572,False
ENSG00000163491,NEK10,32,True,-0.31536486982031536,0.07871783934304764,0.361008097047572,False
ENSG00000198554,WDHD1,29,True,-0.3314440711775144,0.079019869555937,0.3614700940097318,False
ENSG00000153391,INO80C,29,True,-0.3313624145893653,0.07909821546159046,0.3614700940097318,False
ENSG00000112186,CAP2,30,True,0.32535886980246587,0.07935633824641466,0.3614700940097318,False
ENSG00000164694,FNDC1,29,True,0.3310752580846063,0.07937420265873138,0.3614700940097318,False
ENSG00000113492,AGXT2,30,True,-0.3252475818510569,0.07946513125453783,0.3614700940097318,False
ENSG00000168246,UBTD2,29,True,-0.3309104374009843,0.07953294558580397,0.3614700940097318,False
ENSG00000139436,GIT2,29,True,-0.33025046217748694,0.08017102358807772,0.36291130591621407,False
ENSG00000165474,GJB2,29,True,0.3301712680848,0.08024785286980138,0.36291130591621407,False
ENSG00000163689,CFAP20DC,29,True,-0.3301712480397014,0.08024787232347132,0.36291130591621407,False
ENSG00000105887,MTPN,30,True,-0.3243514105397667,0.08034539321857838,0.36291130591621407,False
ENSG00000170955,CAVIN3,29,True,-0.3299655102651983,0.08044773019815944,0.36291130591621407,False
ENSG00000071282,LMCD1,30,True,0.3239875469618778,0.08070492629615593,0.36351916585557964,False
ENSG00000153002,CPB1,32,True,-0.313164655062272,0.08094167646472167,0.36351916585557964,False
ENSG00000134765,DSC1,34,True,-0.3035536883148109,0.08094168515097887,0.36351916585557964,False
ENSG00000103375,AQP8,31,True,-0.31766841468334006,0.08160486655432377,0.36517971175916153,False
ENSG00000091409,ITGA6,31,True,-0.3176636755798023,0.08160966857082017,0.36517971175916153,False
ENSG00000150347,ARID5B,33,True,0.3075443464188785,0.08167227413849495,0.36517971175916153,False
ENSG00000113749,HRH2,30,True,0.32279960141974545,0.08188733319443856,0.3656028582034051,False
ENSG00000100592,DAAM1,33,True,0.30702341566402247,0.08221717164474882,0.36653646565852777,False
ENSG00000197872,CYRIA,32,True,-0.3114859408276674,0.08267071852782051,0.3680180373173945,False
ENSG00000115896,PLCL1,32,True,-0.3111192606343159,0.08305214334030829,0.3684325177980318,False
ENSG00000005812,FBXL3,30,True,-0.3215398388460944,0.08315568198134625,0.3684325177980318,False
ENSG00000134690,CDCA8,29,True,-0.3271741907618417,0.08319710282999988,0.3684325177980318,False
ENSG00000163681,SLMAP,30,True,0.3213808782080341,0.08331678869219082,0.3684325177980318,False
ENSG00000149257,SERPINH1,29,True,0.3269278246543403,0.08344317056547801,0.3684325177980318,False
ENSG00000144445,KANSL1L,32,True,-0.3105407934855853,0.08365661990301514,0.3684325177980318,False
ENSG00000139899,CBLN3,29,True,0.3264753012332868,0.08389659346305105,0.3684325177980318,False
ENSG00000077942,FBLN1,29,True,0.3264753012332868,0.08389659346305105,0.3684325177980318,False
ENSG00000173114,LRRN3,31,True,-0.31541797074749345,0.08390971561266237,0.3684325177980318,False
ENSG00000108384,RAD51C,29,True,0.3263948786920412,0.08397737230442623,0.3684325177980318,False
ENSG00000157379,DHRS1,29,True,-0.32626650819286745,0.08410643452087496,0.3684662845676427,False
ENSG00000175946,KLHL38,34,True,0.30025991313385836,0.08445913478795235,0.3694782899369212,False
ENSG00000106366,SERPINE1,29,True,0.3256530310497782,0.08472530876169783,0.37010940633167566,False
ENSG00000115317,HTRA2,30,True,-0.31959918047016,0.08513892846376454,0.37070578451258374,False
ENSG00000099250,NRP1,33,True,0.30419522403838045,0.08522452548953234,0.37070578451258374,False
ENSG00000124151,NCOA3,31,True,-0.3141012773214844,0.08528119027566328,0.37070578451258374,False
ENSG00000093183,SEC22C,29,True,0.32503700349819475,0.08535024485319369,0.37070578451258374,False
ENSG00000123454,DBH,29,True,-0.32475052605696,0.08564205931302017,0.3714418458204704,False
ENSG00000109072,VTN,30,True,-0.3189665267897544,0.08579321589375816,0.3715666240420111,False
ENSG00000136237,RAPGEF5,30,True,0.31842457397146096,0.08635674840049862,0.37347448453548976,False
ENSG00000169507,SLC38A11,30,True,0.31823747183141327,0.08655195526155943,0.373786253448214,False
ENSG00000150394,CDH8,34,True,0.2982268419443595,0.0866883162540103,0.37384336384541944,False
ENSG00000163328,GPR155,32,True,-0.30748075324322605,0.0869106494102241,0.37427054128998627,False
ENSG00000186130,ZBTB6,29,True,-0.3230257508806332,0.08741506339835681,0.37499421318934817,False
ENSG00000138190,EXOC6,29,True,-0.32289870342500765,0.08754675919039959,0.37499421318934817,False
ENSG00000066405,CLDN18,34,True,0.29736339406669915,0.08764862144931937,0.37499421318934817,False
ENSG00000100109,TFIP11,31,True,-0.31178131934637887,0.0877393470143612,0.37499421318934817,False
ENSG00000124496,TRERF1,30,True,-0.31693746611843737,0.08791758468028994,0.37499421318934817,False
ENSG00000169218,RSPO1,29,True,-0.3224932249322493,0.08796808273256097,0.37499421318934817,False
ENSG00000130224,LRCH2,29,True,-0.32232630824536673,0.08814196937252021,0.37499421318934817,False
ENSG00000156463,SH3RF2,31,True,0.31138449286069686,0.08816517724560795,0.37499421318934817,False
ENSG00000139174,PRICKLE1,30,True,-0.3166796660252455,0.08819033867496529,0.37499421318934817,False
ENSG00000035664,DAPK2,29,True,-0.32150777028930977,0.08899847239268885,0.37790120585203263,False
ENSG00000106927,AMBP,30,True,-0.31574847162725284,0.08918092047762066,0.378147031522425,False
ENSG00000116906,GNPAT,30,True,-0.31556099732858417,0.08938137120579817,0.37829975327317544,False
ENSG00000110844,PRPF40B,30,True,-0.3153794791898509,0.08957578005666496,0.37829975327317544,False
ENSG00000182645,CCDC172,31,True,-0.31006657252370384,0.0895907518456565,0.37829975327317544,False
ENSG00000113302,IL12B,33,True,-0.3000585245834967,0.08977463439139155,0.3785444753162772,False
ENSG00000155890,TRIM42,29,True,-0.3206012911538633,0.08995435729495789,0.3785444753162772,False
ENSG00000119321,FKBP15,30,True,-0.3149632676611114,0.09002276389273788,0.3785444753162772,False
ENSG00000072201,LNX1,29,True,0.32010843751642465,0.09047733215909547,0.37992971014524735,False
ENSG00000125998,FAM83C,32,True,0.3040608684513924,0.09066108982233652,0.3801755092549913,False
ENSG00000134640,MTNR1B,29,True,-0.3196549817939435,0.09096053556262568,0.3809050840939746,False
ENSG00000181264,TLCD5,29,True,0.3193246241064826,0.09131379564587097,0.38167900682322,False
ENSG00000103544,VPS35L,32,True,-0.3034027446779374,0.09139678457196342,0.38167900682322,False
ENSG00000092108,SCFD1,29,True,-0.31874230315718394,0.0919390174397938,0.3827964839240717,False
ENSG00000023318,ERP44,34,True,-0.2935646625553226,0.09197080923491596,0.3827964839240717,False
ENSG00000151876,FBXO4,30,True,-0.31307735307982454,0.09206940016626167,0.3827964839240717,False
ENSG00000121578,B4GALT4,31,True,0.30772333131679774,0.09216871862598697,0.3827964839240717,False
ENSG00000136267,DGKB,33,True,-0.2975235311797388,0.0926534235735656,0.38334787242692275,False
ENSG00000146648,EGFR,29,True,-0.31796328151975206,0.09278049572971481,0.38334787242692275,False
ENSG00000106025,TSPAN12,31,True,0.30707152380594416,0.09289575128253627,0.38334787242692275,False
ENSG00000106100,NOD1,29,True,-0.3178514253516528,0.0929017968112339,0.38334787242692275,False
ENSG00000113460,BRIX1,30,True,-0.3122912801323269,0.09293281755804188,0.38334787242692275,False
ENSG00000084652,TXLNA,30,True,-0.3119360418158722,0.0933250179497041,0.3844433575241542,False
ENSG00000120709,FAM53C,31,True,0.30650529656647973,0.09353085787612503,0.3847692202058477,False
ENSG00000118729,CASQ2,34,True,-0.29199144464515814,0.09380781046471968,0.38499253287945806,False
ENSG00000117069,ST6GALNAC5,32,True,0.30124679640943375,0.09383875966100097,0.38499253287945806,False
ENSG00000172461,FUT9,30,True,-0.31126197076308615,0.09407267373858613,0.38523924438177043,False
ENSG00000030304,MUSK,36,True,-0.28323141352532427,0.09415267435153941,0.38523924438177043,False
ENSG00000163918,RFC4,29,True,-0.31551065904092357,0.09546784399252703,0.3896468131051751,False
ENSG00000151065,DCP1B,29,True,0.31542632796075715,0.09556127971425386,0.3896468131051751,False
ENSG00000152785,BMP3,30,True,-0.3098842386464826,0.0956149129655321,0.3896468131051751,False
ENSG00000185261,KIAA0825,31,True,-0.3041242450339139,0.09623770829073691,0.3916590916497014,False
ENSG00000102359,SRPX2,29,True,0.31457076233187664,0.09651312220236462,0.39214730373408435,False
ENSG00000082684,SEMA5B,29,True,0.3144018749989992,0.09670185665169093,0.39214730373408435,False
ENSG00000198369,SPRED2,29,True,-0.31436315317176955,0.09674516814783571,0.39214730373408435,False
ENSG00000164978,NUDT2,32,True,-0.29857863490967335,0.09692926797226385,0.3922593566993161,False
ENSG00000146350,TBC1D32,30,True,-0.3086337415083273,0.0970312176815502,0.3922593566993161,False
ENSG00000163646,CLRN1,30,True,-0.3082229906696639,0.09749987289746515,0.39357253185431124,False
ENSG00000103051,COG4,29,True,-0.3135879637383117,0.0976153216358025,0.39357253185431124,False
ENSG00000176105,YES1,29,True,-0.31332429672254586,0.0979126290849,0.39424766830471675,False
ENSG00000198700,IPO9,35,True,-0.28409250454216883,0.09813705538379378,0.3946279472121827,False
ENSG00000120075,HOXB5,29,True,0.31284979192692286,0.09844939223195952,0.39536025769342475,False
ENSG00000242550,SERPINB10,29,True,0.31239222431175845,0.09896909151939302,0.3969222745744745,False
ENSG00000139668,WDFY2,33,True,0.29142283899013544,0.0998699323421093,0.4000067474810604,False
ENSG00000070193,FGF10,31,True,0.30052442945302393,0.10044224886941283,0.40104736998838214,False
ENSG00000120727,PAIP2,31,True,-0.3005152543903873,0.10045313947624163,0.40104736998838214,False
ENSG00000139428,MMAB,31,True,0.30045385931936264,0.1005260370754805,0.40104736998838214,False
ENSG00000109452,INPP4B,31,True,-0.30031272219786326,0.10069376799617631,0.4011893433548442,False
ENSG00000104221,BRF2,29,True,-0.31065927531004955,0.10095608369230875,0.4015329997862831,False
ENSG00000126822,PLEKHG3,29,True,-0.3105827299657042,0.10104453617810286,0.4015329997862831,False
ENSG00000132874,SLC14A2,32,True,0.2939127295461487,0.10251852200524857,0.40588771444986027,False
ENSG00000164494,PDSS2,29,True,-0.3093037608203984,0.10253108441154245,0.40588771444986027,False
ENSG00000147588,PMP2,34,True,-0.28477531138193657,0.10259485135670499,0.40588771444986027,False
ENSG00000036257,CUL3,29,True,-0.3091805510104103,0.10267515306241524,0.40588771444986027,False
ENSG00000165813,CCDC186,29,True,-0.30905730364046186,0.10281941748732597,0.4059294557757109,False
ENSG00000117597,UTP25,34,True,-0.28444784187002164,0.10300789860551299,0.40614542878745125,False
ENSG00000116147,TNR,34,True,-0.28429499509846334,0.10320111929058991,0.4063795047551634,False
ENSG00000146352,CLVS2,31,True,0.29795178440947623,0.10353098281461365,0.40715034174244435,False
ENSG00000152601,MBNL1,32,True,0.29281261951665594,0.1038710799888323,0.407702743674865,False
ENSG00000183508,TENT5C,35,True,-0.2793499607127772,0.10412505481444556,0.407702743674865,False
ENSG00000168685,IL7R,33,True,0.28788765460439847,0.10424225743976334,0.407702743674865,False
ENSG00000157890,MEGF11,30,True,-0.3024705096817271,0.10424428649897317,0.407702743674865,False
ENSG00000133858,ZFC3H1,32,True,-0.2922893566882886,0.10451912017197,0.407702743674865,False
ENSG00000173064,HECTD4,30,True,-0.30217028567782567,0.1046056531265633,0.407702743674865,False
ENSG00000174944,P2RY14,34,True,-0.283148644311776,0.10465903026837696,0.407702743674865,False
ENSG00000006468,ETV1,36,True,-0.2748101451520565,0.1047876858467016,0.407702743674865,False
ENSG00000121742,GJB6,30,True,0.30180281183750074,0.10504924395513202,0.407702743674865,False
ENSG00000073737,DHRS9,31,True,-0.29663239159275845,0.10514252470857223,0.407702743674865,False
ENSG00000119919,NKX2-3,29,True,-0.3070851289109567,0.10514863250903138,0.407702743674865,False
ENSG00000167419,LPO,30,True,-0.3015131286159324,0.10539992435279605,0.4081558295090419,False
ENSG00000189007,ADAT2,32,True,0.291334251568806,0.10570982792089977,0.4088344427615945,False
ENSG00000151893,CACUL1,33,True,-0.28652674580067916,0.10596341354031179,0.4088927007966101,False
ENSG00000101463,SYNDIG1,30,True,0.3010238222789231,0.10599425412613049,0.4088927007966101,False
ENSG00000109670,FBXW7,37,True,-0.26974152430534937,0.10640912096031209,0.409972196999375,False
ENSG00000174842,GLMN,29,True,-0.3055692552119835,0.106965608496797,0.41088462222057015,False
ENSG00000184384,MAML2,30,True,0.3001669467672544,0.10704109256135047,0.41088462222057015,False
ENSG00000127743,IL17B,34,True,0.281292984869326,0.10705195526234222,0.41088462222057015,False
ENSG00000124155,PIGT,30,True,-0.29982189568497547,0.10746481807661247,0.4119484692936812,False
ENSG00000169252,ADRB2,29,True,0.30503882827536,0.1076069038083912,0.411972963382441,False
ENSG00000176142,TMEM39A,30,True,0.2993212584708048,0.10808183507435262,0.4129153699464898,False
ENSG00000130227,XPO7,34,True,-0.280430962842065,0.10817749399858621,0.4129153699464898,False
ENSG00000182473,EXOC7,29,True,-0.304374617221667,0.1084139894908261,0.4129153699464898,False
ENSG00000147687,TATDN1,35,True,0.27600700593117306,0.10850940923420273,0.4129153699464898,False
ENSG00000155755,TMEM237,30,True,0.29890942204849813,0.10859139186899201,0.4129153699464898,False
ENSG00000132911,NMUR2,31,True,-0.2937972783475339,0.10866909769013353,0.4129153699464898,False
ENSG00000165124,SVEP1,32,True,-0.28875240748323366,0.10897964418296792,0.4135777496743633,False
ENSG00000151892,GFRA1,31,True,-0.29333467931728213,0.10925282947063955,0.4140968667576301,False
ENSG00000131951,LRRC9,30,True,-0.2981636078566832,0.10951874118924733,0.41423028225401637,False
ENSG00000074410,CA12,31,True,-0.2930912773353702,0.10956090798747535,0.41423028225401637,False
ENSG00000109118,PHF12,30,True,-0.2979291991025571,0.10981142467458817,0.414510407337179,False
ENSG00000152380,FAM151B,29,True,0.3030676381259945,0.11001528102332664,0.414510407337179,False
ENSG00000137055,PLAA,31,True,-0.29271016536121564,0.11004459430624712,0.414510407337179,False
ENSG00000165646,SLC18A2,32,True,0.28746907311229103,0.11063290847439401,0.4162100497252295,False
ENSG00000131747,TOP2A,29,True,-0.3024516469915921,0.11077606523725268,0.41623283918353854,False
ENSG00000135374,ELF5,34,True,-0.2778541985683839,0.11159514443870926,0.4187921613299398,False
ENSG00000057704,TMCC3,30,True,-0.2961726820097935,0.11202323708128165,0.41987968861576674,False
ENSG00000135048,CEMIP2,34,True,0.27684781858751367,0.11295173971909797,0.42174600098691983,False
ENSG00000185518,SV2B,30,True,-0.2954267293241724,0.11297252281893372,0.42174600098691983,False
ENSG00000205678,TECRL,34,True,-0.2765973740660537,0.11329125231684692,0.42174600098691983,False
ENSG00000138722,MMRN1,29,True,0.30027106949236076,0.11350069555254289,0.42174600098691983,False
ENSG00000166828,SCNN1G,29,True,-0.2999753603574308,0.11387398239190417,0.42174600098691983,False
ENSG00000148843,PDCD11,31,True,-0.2896913455719185,0.11393253124044747,0.42174600098691983,False
ENSG00000017260,ATP2C1,32,True,-0.28469294703843795,0.11427347241084762,0.42174600098691983,False
ENSG00000156475,PPP2R2B,32,True,-0.28461397395928845,0.11437832904597169,0.42174600098691983,False
ENSG00000135740,SLC9A5,30,True,-0.2941896705253785,0.11455996771475259,0.42174600098691983,False
ENSG00000152527,PLEKHH2,30,True,-0.2941700117332435,0.11458532787864374,0.42174600098691983,False
ENSG00000104635,SLC39A14,29,True,0.29940857565303103,0.1145920068221171,0.42174600098691983,False
ENSG00000103507,BCKDK,29,True,0.29935856946952344,0.11465551745310498,0.42174600098691983,False
ENSG00000205302,SNX2,30,True,-0.2939866661362474,0.1148220477779854,0.42174600098691983,False
ENSG00000171962,DRC3,30,True,0.2939474928136268,0.11487267207520094,0.42174600098691983,False
ENSG00000137573,SULF1,32,True,-0.2841690454872775,0.11497042667929534,0.42174600098691983,False
ENSG00000011465,DCN,33,True,-0.279648977157219,0.1149911106328114,0.42174600098691983,False
ENSG00000101323,HAO1,29,True,-0.2990757878530307,0.11501515734463741,0.42174600098691983,False
ENSG00000138623,SEMA7A,31,True,-0.2887679026246296,0.11514204570259233,0.42174600098691983,False
ENSG00000089723,OTUB2,30,True,-0.2937249738940101,0.11516055165288423,0.42174600098691983,False
ENSG00000090402,SI,31,True,0.2885662490613442,0.11540743658454101,0.42214093671164643,False
ENSG00000112893,MAN2A1,31,True,-0.28833739232423733,0.11570918035074505,0.42273534481932845,False
ENSG00000187054,TMPRSS11A,30,True,-0.2930574171351601,0.11602740781277092,0.42338847370140925,False
ENSG00000059728,MXD1,29,True,0.297756972318633,0.11670347662597186,0.4253442437412372,False
ENSG00000121316,PLBD1,30,True,-0.29219984602835286,0.11714810714994275,0.426040076477769,False
ENSG00000148702,HABP2,34,True,-0.2737717069601001,0.11717505397198191,0.426040076477769,False
ENSG00000113946,CLDN16,33,True,-0.2777731347997724,0.11755030112824509,0.4262273475561957,False
ENSG00000170759,KIF5B,30,True,-0.2918245756450506,0.1176410398893238,0.4262273475561957,False
ENSG00000122033,MTIF3,32,True,-0.2820465846069316,0.11782645834751772,0.4262273475561957,False
ENSG00000126773,PCNX4,33,True,0.2774991680365287,0.11792759817071362,0.4262273475561957,False
ENSG00000124701,APOBEC2,32,True,0.2819690270706018,0.11793181251940084,0.4262273475561957,False
ENSG00000164113,ADAD1,30,True,-0.2914997846978434,0.11806890622357068,0.4262273475561957,False
ENSG00000137975,CLCA2,31,True,0.2864346963635414,0.1182406330264014,0.4263403347602787,False
ENSG00000213983,AP1G2,29,True,0.29641493387444834,0.11844029697602677,0.42655366740120676,False
ENSG00000166206,GABRB3,29,True,0.29629173564756783,0.11860068848377119,0.42662522539896836,False
ENSG00000162971,TYW5,32,True,-0.2811440107146278,0.119056859028189,0.4269155200215953,False
ENSG00000120903,CHRNA2,33,True,0.27666333876606675,0.11908425214309255,0.4269155200215953,False
ENSG00000164116,GUCY1A1,29,True,-0.29584924476161617,0.11917809076084832,0.4269155200215953,False
ENSG00000114124,GRK7,29,True,0.29579894274004587,0.11924386066479341,0.4269155200215953,False
ENSG00000145817,YIPF5,31,True,-0.2855125159008744,0.11948225012673437,0.4272651488630925,False
ENSG00000132837,DMGDH,31,True,0.2853540505916761,0.1196965769276671,0.4275280088851733,False
ENSG00000139163,ETNK1,33,True,-0.27572945502267265,0.12038657079373967,0.4289221982546046,False
ENSG00000175497,DPP10,32,True,0.28016134946828014,0.12040727203466892,0.4289221982546046,False
ENSG00000101577,LPIN2,34,True,-0.27140018343014366,0.12051074937785827,0.4289221982546046,False
ENSG00000168216,LMBRD1,33,True,-0.2744688585187817,0.12216126487662597,0.4338108784038415,False
ENSG00000125485,DDX31,29,True,-0.29358137465619716,0.12217005962954035,0.4338108784038415,False
ENSG00000243244,STON1,29,True,-0.29345819424552,0.12233414005431663,0.4338860387907772,False
ENSG00000122218,COPA,33,True,-0.2738765642054447,0.12300178869077162,0.4356297798732276,False
ENSG00000075539,FRYL,33,True,0.27379858779563854,0.12311276387721651,0.4356297798732276,False
ENSG00000239388,ASB14,30,True,0.2872719181130396,0.12374425108844822,0.43735453586091827,False
ENSG00000131634,TMEM204,30,True,-0.2870494063055099,0.12404841856712694,0.4374529057031224,False
ENSG00000133110,POSTN,32,True,-0.27754354270199294,0.1240602608071108,0.4374529057031224,False
ENSG00000094880,CDC23,30,True,-0.286890726001872,0.12426566668085513,0.43766886779939235,False
ENSG00000196611,MMP1,32,True,0.27722772277227725,0.12450645355140498,0.4377281470992198,False
ENSG00000005700,IBTK,30,True,-0.2866681575565641,0.12457085609147758,0.4377281470992198,False
ENSG00000152611,CAPSL,32,True,-0.27704437576059304,0.12476603181636896,0.4379071359473944,False
ENSG00000157510,AFAP1L1,34,True,-0.2681696606990613,0.12516786723069537,0.4385722676892458,False
ENSG00000139330,KERA,41,True,-0.24318082881011893,0.12550647921789948,0.4385722676892458,False
ENSG00000106302,HYAL4,31,True,0.2811334087097224,0.1255105679645388,0.4385722676892458,False
ENSG00000135373,EHF,34,True,-0.26791992692879946,0.12553336647626964,0.4385722676892458,False
ENSG00000111860,CEP85L,32,True,-0.27633629895185124,0.12577226969468264,0.4389018514862718,False
ENSG00000001460,STPG1,32,True,0.27603593692702605,0.12620091715870352,0.4390102412755059,False
ENSG00000162032,SPSB3,30,True,-0.2854757841237918,0.12621527162470267,0.4390102412755059,False
ENSG00000155974,GRIP1,30,True,-0.2854600084412389,0.12623713459601998,0.4390102412755059,False
ENSG00000064313,TAF2,29,True,0.2901675702316412,0.1267777037254115,0.44012793847106674,False
ENSG00000160185,UBASH3A,29,True,-0.29011585796277406,0.12684846711534367,0.44012793847106674,False
ENSG00000153767,GTF2E1,30,True,-0.28463336105884485,0.12738666014146954,0.4403654759265783,False
ENSG00000168237,GLYCTK,31,True,-0.2797054670163405,0.12752399218261978,0.4403654759265783,False
ENSG00000174705,SH3PXD2B,29,True,-0.28962287404486076,0.12752452550468832,0.4403654759265783,False
ENSG00000164327,RICTOR,29,True,-0.2894639578355043,0.12774301910678945,0.4403654759265783,False
ENSG00000145757,SPATA9,31,True,0.27954820492133925,0.12774718059061896,0.4403654759265783,False
ENSG00000138074,SLC5A6,31,True,0.2795200175550038,0.12778721485221195,0.4403654759265783,False
ENSG00000112038,OPRM1,30,True,-0.2839796771260828,0.12830109980014223,0.44141621474533843,False
ENSG00000114019,AMOTL2,29,True,-0.28899027990783205,0.12839590668657824,0.44141621474533843,False
ENSG00000168538,TRAPPC11,31,True,-0.2789994004724553,0.1285283049522,0.44141621474533843,False
ENSG00000134769,DTNA,29,True,-0.28849471188412396,0.12908158065384312,0.4428154563447093,False
ENSG00000182263,FIGN,36,True,0.2572256201016354,0.12989901609872712,0.44511671882137194,False
ENSG00000164087,POC1A,29,True,-0.2874399134370484,0.1305499366011025,0.4468428495162877,False
ENSG00000164124,TMEM144,30,True,-0.28215399007394304,0.1308805896714725,0.44711033835544395,False
ENSG00000133794,BMAL1,34,True,-0.2642316872359421,0.13102389979331464,0.44711033835544395,False
ENSG00000183036,PCP4,30,True,0.2819628509163641,0.131152829673735,0.44711033835544395,False
ENSG00000113525,IL5,31,True,0.27707199595407894,0.1312994769196958,0.44711033835544395,False
ENSG00000147679,UTP23,34,True,0.2640067270572259,0.1313644340622714,0.44711033835544395,False
ENSG00000107371,EXOSC3,30,True,-0.2814659798988771,0.13186246548441155,0.44772969011327385,False
ENSG00000151148,UBE3B,35,True,0.25966928251121074,0.13196239730009157,0.44772969011327385,False
ENSG00000198471,RTP2,32,True,0.27205208142306986,0.13198882498398554,0.44772969011327385,False
ENSG00000125124,BBS2,36,True,0.2557630583671229,0.1321726439068897,0.44785284252379143,False
ENSG00000143921,ABCG8,31,True,-0.27629323524556654,0.1324315128341886,0.4479043091537342,False
ENSG00000041353,RAB27B,30,True,-0.28101012522313695,0.13251599102816358,0.4479043091537342,False
ENSG00000118263,KLF7,30,True,-0.28088137797855894,0.13270099512588698,0.4479043091537342,False
ENSG00000196878,LAMB3,32,True,-0.2715189395913922,0.13277795725901212,0.4479043091537342,False
ENSG00000145860,RNF145,29,True,-0.2856262414226667,0.1331032085951559,0.4484335449199628,False
ENSG00000121691,CAT,29,True,-0.28548546948635717,0.13330289941997958,0.4484335449199628,False
ENSG00000166200,COPS2,29,True,-0.28543259432531215,0.13337796148311146,0.4484335449199628,False
ENSG00000135211,TMEM60,29,True,-0.28532711077776,0.13352779903067236,0.4484407055941607,False
ENSG00000113555,PCDH12,30,True,-0.2801023814823058,0.1338244120697791,0.44853442293624246,False
ENSG00000128595,CALU,29,True,-0.2849926071956629,0.13400376784300722,0.44853442293624246,False
ENSG00000152254,G6PC2,32,True,-0.27065187608024716,0.13406873916545473,0.44853442293624246,False
ENSG00000145819,ARHGAP26,30,True,-0.2798798130425106,0.13414665877012785,0.44853442293624246,False
ENSG00000204923,FBXO48,31,True,-0.2744781813601836,0.1350977034664898,0.4512174122379131,False
ENSG00000163630,SYNPR,34,True,0.2611951704111264,0.13567569939146265,0.4523868975190595,False
ENSG00000092098,RNF31,29,True,-0.2837756222089128,0.13574587076411831,0.4523868975190595,False
ENSG00000180251,SLC9A4,34,True,0.2610223893919602,0.13594399561300743,0.45255040644856426,False
ENSG00000168077,SCARA3,30,True,-0.2781177011313707,0.13671798481411218,0.45462847962283087,False
ENSG00000197106,SLC6A17,30,True,-0.27800045222686287,0.13689034411978804,0.45470359381583864,False
ENSG00000123737,EXOSC9,29,True,-0.28286070024958515,0.13706639181128594,0.4547907820099061,False
ENSG00000133935,ERG28,31,True,0.2726906232352271,0.13776168879825676,0.45659878514356717,False
ENSG00000162407,PLPP3,30,True,0.27720899863097875,0.13805795013771946,0.4567742424495284,False
ENSG00000126860,EVI2A,29,True,-0.282123939556312,0.13813654245829732,0.4567742424495284,False
ENSG00000196159,FAT4,33,True,0.26360218129042856,0.13827349183110668,0.4567742424495284,False
ENSG00000151687,ANKAR,29,True,0.28180810658392086,0.13859714678089857,0.4567742424495284,False
ENSG00000140557,ST8SIA2,31,True,-0.2720580834644301,0.13871348320518365,0.4567742424495284,False
ENSG00000114738,MAPKAPK3,33,True,-0.2633163390820436,0.13871734240397404,0.4567742424495284,False
ENSG00000080802,CNOT4,32,True,-0.2672168831057604,0.13927291616350798,0.45810679682818006,False
ENSG00000132464,ENAM,29,True,-0.2808033514046328,0.1400698805342588,0.46022960746970754,False
ENSG00000151702,FLI1,30,True,-0.275731627691693,0.14025684711466546,0.4603457165839182,False
ENSG00000061676,NCKAP1,30,True,-0.2754204681393375,0.1407231998162329,0.46076199493413217,False
ENSG00000011376,LARS2,30,True,-0.27528652668474674,0.14092429209901225,0.46076199493413217,False
ENSG00000109572,CLCN3,33,True,0.2616619294432369,0.1413067879209364,0.46076199493413217,False
ENSG00000102580,DNAJC3,29,True,-0.2799211163874515,0.1413723612559793,0.46076199493413217,False
ENSG00000123124,WWP1,29,True,-0.2799063714724633,0.14139420410052658,0.46076199493413217,False
ENSG00000165675,ENOX2,29,True,-0.2798718896279872,0.14144529441422982,0.46076199493413217,False
ENSG00000151023,ENKUR,33,True,-0.26153460746575247,0.14150752263760358,0.46076199493413217,False
ENSG00000198146,ZNF770,30,True,0.2746800239605428,0.14183747521883946,0.46076199493413217,False
ENSG00000141425,RPRD1A,30,True,0.27465194867708004,0.14187985065202532,0.46076199493413217,False
ENSG00000138459,SLC35A5,32,True,0.2655175675755932,0.1419013390195697,0.46076199493413217,False
ENSG00000184144,CNTN2,31,True,-0.26983967062669195,0.14208948505104665,0.46082734207843434,False
ENSG00000150656,CNDP1,32,True,0.2653098821580533,0.14222503937005698,0.46082734207843434,False
ENSG00000070915,SLC12A3,30,True,-0.274062536469091,0.14277160308030515,0.46194966938393384,False
ENSG00000153246,PLA2R1,35,True,0.25271416121408913,0.14300966136965407,0.46194966938393384,False
ENSG00000113739,STC2,31,True,0.26916095747158264,0.14313419518297124,0.46194966938393384,False
ENSG00000183862,CNGA2,29,True,-0.2786743892036584,0.14322788998148148,0.46194966938393384,False
ENSG00000010671,BTK,29,True,0.2784280096536,0.14359665676738978,0.46194966938393384,False
ENSG00000187955,COL14A1,32,True,-0.2643931104214263,0.14366035866888244,0.46194966938393384,False
ENSG00000183423,LRIT3,30,True,-0.2732331680806858,0.14403327309842145,0.46194966938393384,False
ENSG00000116857,TMEM9,31,True,-0.26856336301347267,0.144058654220301,0.46194966938393384,False
ENSG00000100483,VCPKMT,31,True,-0.26855587476464016,0.14407026572931278,0.46194966938393384,False
ENSG00000171766,GATM,32,True,0.26411808291405314,0.1440929963460426,0.46194966938393384,False
ENSG00000204843,DCTN1,30,True,-0.27283854625343534,0.14463641651538311,0.4630303331113554,False
ENSG00000004142,POLDIP2,31,True,-0.268127847871901,0.14473510741853632,0.4630303331113554,False
ENSG00000072858,SIDT1,31,True,-0.26793100106063983,0.14504161002634183,0.4635224505683935,False
ENSG00000240303,ACAD11,29,True,-0.27701787024870744,0.1457204928029976,0.4644727176822267,False
ENSG00000153930,ANKFN1,32,True,0.26304208417148683,0.1457947267522721,0.4644727176822267,False
ENSG00000128463,EMC4,31,True,-0.2674465564685789,0.1457979248850995,0.4644727176822267,False
ENSG00000171509,RXFP1,30,True,0.27181656951371974,0.14620691302386873,0.4652874087426263,False
ENSG00000132823,OSER1,34,True,-0.2533812187423127,0.14820295170962972,0.4709112515787452,False
ENSG00000090989,EXOC1,32,True,0.26139599994312246,0.14842624279835936,0.4709112515787452,False
ENSG00000163581,SLC2A2,35,True,0.2494393439471459,0.1484394162585175,0.4709112515787452,False
ENSG00000164181,ELOVL7,31,True,-0.2653760892835283,0.14906257200212056,0.4723945392468038,False
ENSG00000198799,LRIG2,29,True,-0.27430684126940513,0.1498671576635541,0.47444910392758105,False
ENSG00000134982,APC,29,True,-0.27399285658219996,0.1503528414540458,0.47536645613938855,False
ENSG00000174429,ABRA,33,True,-0.25597927506708795,0.15047008048417404,0.47536645613938855,False
ENSG00000154415,PPP1R3A,36,True,-0.2444287509441921,0.15079977650049162,0.4758584866827145,False
ENSG00000141469,SLC14A1,32,True,0.2597854993039632,0.15103401910656172,0.4758584866827145,False
ENSG00000111530,CAND1,30,True,-0.26867833588947515,0.15110654404092322,0.4758584866827145,False
ENSG00000164120,HPGD,32,True,-0.25962596696029105,0.15129413080354023,0.4758584866827145,False
ENSG00000136936,XPA,31,True,0.2638958956229796,0.1514286670683863,0.4758584866827145,False
ENSG00000144045,DQX1,30,True,-0.26838767274196,0.1515662571219318,0.4758584866827145,False
ENSG00000113196,HAND1,29,True,0.27300728734176,0.15188470835822698,0.47611893287092805,False
ENSG00000150628,SPATA4,30,True,0.268083685733363,0.1520481193689639,0.47611893287092805,False
ENSG00000091181,IL5RA,34,True,-0.25097439889875095,0.15222580836749475,0.47611893287092805,False
ENSG00000164761,TNFRSF11B,33,True,-0.2548888553068847,0.1522765098213673,0.47611893287092805,False
ENSG00000132792,CTNNBL1,30,True,0.26778759299789356,0.15251852684926515,0.476385028306964,False
ENSG00000115232,ITGA4,30,True,-0.26766833777354354,0.1527082850023499,0.4764875162046601,False
ENSG00000204438,GPANK1,30,True,0.2675053026834885,0.15296798002455145,0.47680778989172296,False
ENSG00000105974,CAV1,32,True,-0.25850216395939435,0.15313563130648628,0.47684079656050493,False
ENSG00000173926,MARCHF3,32,True,0.25777166545795205,0.15434129211786476,0.4783270738288972,False
ENSG00000196776,CD47,29,True,-0.2713159191720059,0.15453965943020967,0.4783270738288972,False
ENSG00000042088,TDP1,30,True,-0.266414429033546,0.1547137827602588,0.4783270738288972,False
ENSG00000180269,GPR139,33,True,-0.25338686816506906,0.15479037593593517,0.4783270738288972,False
ENSG00000156804,FBXO32,32,True,-0.25742574257425743,0.15491460647816824,0.4783270738288972,False
ENSG00000188811,NHLRC3,30,True,-0.2662807673819827,0.1549286705169419,0.4783270738288972,False
ENSG00000165606,DRGX,36,True,-0.24195004382197347,0.1551160334127993,0.4783270738288972,False
ENSG00000198523,PLN,31,True,-0.26154466626335954,0.15524262450560436,0.4783270738288972,False
ENSG00000139209,SLC38A4,35,True,-0.24542971754272955,0.1552900643001807,0.4783270738288972,False
ENSG00000106524,ANKMY2,30,True,-0.26602850169442677,0.15533482143879684,0.4783270738288972,False
ENSG00000197157,SND1,34,True,-0.24913918423219372,0.15534601277842314,0.4783270738288972,False
ENSG00000110442,COMMD9,30,True,0.26585800792027625,0.15560975081998787,0.47865370161041865,False
ENSG00000172456,FGGY,31,True,-0.2611722100836235,0.1558530695993636,0.47891692237213346,False
ENSG00000198797,BRINP2,34,True,-0.2485094138488222,0.15642731768712614,0.4799004598921785,False
ENSG00000168386,FILIP1L,33,True,0.2523817518120629,0.15648928039962343,0.4799004598921785,False
ENSG00000038295,TLL1,30,True,-0.26507901836169867,0.15687035009038944,0.48058363559477535,False
ENSG00000152133,GPATCH11,30,True,-0.2647451656937368,0.15741284075279158,0.48175946020713234,False
ENSG00000034693,PEX3,31,True,-0.26004038445223115,0.15771868202778355,0.48189703154366315,False
ENSG00000145283,SLC10A6,30,True,-0.2645225972484289,0.1577752468229253,0.48189703154366315,False
ENSG00000109458,GAB1,29,True,-0.2684489363725781,0.15911563684528457,0.485259947006291,False
ENSG00000142623,PADI1,31,True,-0.259150954226681,0.1591959509941587,0.485259947006291,False
ENSG00000168702,LRP1B,32,True,-0.2545837959917826,0.15968288829531174,0.4857709041586872,False
ENSG00000113643,RARS1,29,True,-0.26809722694181004,0.1596835844368807,0.4857709041586872,False
ENSG00000163393,SLC22A15,32,True,-0.2542854619940993,0.16018947956418808,0.4868220820389139,False
ENSG00000152952,PLOD2,29,True,0.2676195251292049,0.160457300513921,0.4871483643602641,False
ENSG00000152242,ARK2N,29,True,0.2673072266390047,0.16096456102907788,0.48820020707720324,False
ENSG00000112182,BACH2,33,True,-0.24949849897260182,0.16143722677438307,0.488953405431973,False
ENSG00000137502,RAB30,33,True,0.24943576810396362,0.16154611262432095,0.488953405431973,False
ENSG00000123607,TTC21B,33,True,-0.24931048979676754,0.16176372365943809,0.488953405431973,False
ENSG00000177463,NR2C2,31,True,-0.25756353892185163,0.16185710555307406,0.488953405431973,False
ENSG00000165023,DIRAS2,32,True,0.25318544427577505,0.16206734501446057,0.48910184837366033,False
ENSG00000163092,XIRP2,35,True,0.24124404595124685,0.16268267135878486,0.490347878343013,False
ENSG00000156687,UNC5D,31,True,0.25698436842757166,0.1628359037957795,0.490347878343013,False
ENSG00000120156,TEK,35,True,0.2410870684309575,0.1629647593043808,0.490347878343013,False
ENSG00000185008,ROBO2,31,True,0.25678265385266774,0.16317779205712624,0.49050274919350023,False
ENSG00000167780,SOAT2,30,True,-0.2611308993766696,0.16337201603724597,0.4906008315421155,False
ENSG00000171217,CLDN20,29,True,-0.2656481105794502,0.1636785954764557,0.49103578642936707,False
ENSG00000145088,EAF2,30,True,0.2607631565807732,0.16398723232985105,0.4911869464810174,False
ENSG00000109906,ZBTB16,30,True,0.2606856634016029,0.1641170849204539,0.4911869464810174,False
ENSG00000048740,CELF2,30,True,-0.26062764945554084,0.16421434475567612,0.4911869464810174,False
ENSG00000113494,PRLR,34,True,-0.24388753340990812,0.16452973772794674,0.49145728834544844,False
ENSG00000163017,ACTG2,31,True,0.25592418232628433,0.16463855798163893,0.49145728834544844,False
ENSG00000091732,ZC3HC1,29,True,-0.26497412685639943,0.16479035557828278,0.49145728834544844,False
ENSG00000066136,NFYC,31,True,-0.25565201921888314,0.16510360868592636,0.49190829830272076,False
ENSG00000135775,COG2,30,True,-0.25968390819693316,0.16580228561391855,0.4930865860683995,False
ENSG00000169302,STK32A,29,True,-0.26416954966713413,0.1661245422256158,0.4930865860683995,False
ENSG00000119328,ABITRAM,31,True,0.25504439582947364,0.16614524480660126,0.4930865860683995,False
ENSG00000101384,JAG1,31,True,0.25504236097625793,0.16614874095783028,0.4930865860683995,False
ENSG00000034152,MAP2K3,29,True,0.2637999014292755,0.16674007115364267,0.49435825783443277,False
ENSG00000113272,THG1L,31,True,-0.254538120209762,0.16701671038377727,0.4945440833055139,False
ENSG00000135336,ORC3,35,True,-0.23879237881759596,0.16712853408150768,0.4945440833055139,False
ENSG00000128271,ADORA2A,29,True,-0.2633653689189825,0.1674657088352709,0.4947942384475547,False
ENSG00000021776,AQR,31,True,-0.25423558403366797,0.1675390240856674,0.4947942384475547,False
ENSG00000123700,KCNJ2,34,True,-0.24182207276062367,0.16824624476937847,0.4963999991446385,False
ENSG00000215475,SIAH3,29,True,-0.26247689663244966,0.16895635013970073,0.4980111446836228,False
ENSG00000140691,ARMC5,29,True,-0.2621335383814756,0.1695349292620202,0.49910305063573934,False
ENSG00000024526,DEPDC1,32,True,-0.24883102699247656,0.16965558242953985,0.49910305063573934,False
ENSG00000136937,NCBP1,37,True,-0.23038583619760972,0.1701197008581903,0.4999839417284277,False
ENSG00000166199,ALKBH3,33,True,0.24442029676633598,0.17042320211577908,0.5003915296165428,False
ENSG00000139687,RB1,29,True,0.2614588467225234,0.1706759033414665,0.5006493164683018,False
ENSG00000110675,ELMOD1,29,True,0.26118024098662945,0.17114863356308957,0.5014302792658625,False
ENSG00000013293,SLC7A14,31,True,0.252092378177979,0.1712724636359352,0.5014302792658625,False
ENSG00000186417,GLDN,29,True,0.26093386037448,0.17156745482396366,0.5016200931866547,False
ENSG00000164938,TP53INP1,29,True,0.26087492496286196,0.17166774598845003,0.5016200931866547,False
ENSG00000157005,SST,30,True,0.2557880676758682,0.17247298631975733,0.5032672209453442,False
ENSG00000175471,MCTP1,29,True,0.2603499260719566,0.172562970027702,0.5032672209453442,False
ENSG00000150625,GPM6A,32,True,0.24709009360489242,0.1727590429775169,0.5033555225333409,False
ENSG00000128652,HOXD3,31,True,0.2508324403547714,0.17349459531642486,0.5050139898184716,False
ENSG00000102452,NALCN,30,True,0.2550066818807088,0.17383343799520545,0.5055156300320343,False
ENSG00000160703,NLRX1,29,True,0.2594235111989603,0.17415070717398357,0.5059536334738891,False
ENSG00000151617,EDNRA,30,True,-0.2545616440414754,0.17461166022775362,0.5068078398197514,False
ENSG00000123892,RAB38,29,True,-0.25871627644901973,0.17536970766983756,0.5079055553709277,False
ENSG00000184374,COLEC10,29,True,-0.25871627644901973,0.17536970766983756,0.5079055553709277,False
ENSG00000115806,GORASP2,32,True,-0.24557542514990946,0.17549174162849246,0.5079055553709277,False
ENSG00000014641,MDH1,30,True,0.2539240803889113,0.17573082413513288,0.5081131257850128,False
ENSG00000166833,NAV2,30,True,0.253728046504277,0.1760759513619742,0.5086266301950083,False
ENSG00000170584,NUDCD2,29,True,-0.25816389598355965,0.17632596524177643,0.5088646677509822,False
ENSG00000214944,ARHGEF28,32,True,0.24495783323372095,0.17661470765385065,0.5092139149450053,False
ENSG00000162813,BPNT1,29,True,-0.25773069063397586,0.1770784721083357,0.5100666426194564,False
ENSG00000180332,KCTD4,31,True,-0.2479572594236654,0.17864173304937442,0.5140818024055932,False
ENSG00000106299,WASL,35,True,-0.23235439851242662,0.1792161796557799,0.5152465165103672,False
ENSG00000158716,DUSP23,29,True,0.25640710487747487,0.1793915992318253,0.5152629094302948,False
ENSG00000114331,ACAP2,29,True,-0.25606900995409876,0.17998584217032415,0.516440847326061,False
ENSG00000154174,TOMM70,29,True,-0.255980341324768,0.18014191611274658,0.516440847326061,False
ENSG00000133048,CHI3L1,32,True,0.24291870017460818,0.18035852322809517,0.516574034453299,False
ENSG00000147573,TRIM55,31,True,0.24689863968237655,0.1805636925897614,0.5166742419439356,False
ENSG00000075391,RASAL2,34,True,0.23504240918315855,0.18086629282344507,0.517009578572291,False
ENSG00000176148,TCP11L1,29,True,-0.2554816534789381,0.18102146970432983,0.517009578572291,False
ENSG00000106278,PTPRZ1,33,True,-0.23840173952721963,0.1815276227855836,0.5176727509075375,False
ENSG00000182747,SLC35D3,30,True,-0.25061206941668573,0.18162603765357005,0.5176727509075375,False
ENSG00000083067,TRPM3,32,True,-0.24213807748236205,0.1818064318270747,0.5176727509075375,False
ENSG00000165478,HEPACAM,32,True,0.24206859016979826,0.18193571318127222,0.5176727509075375,False
ENSG00000092421,SEMA6A,35,True,-0.23068842412479104,0.182442591109442,0.5182675868744389,False
ENSG00000140848,CPNE2,30,True,0.2500556421099488,0.18262989350821937,0.5182675868744389,False
ENSG00000164151,ICE1,29,True,0.25455889600788567,0.18265688997221657,0.5182675868744389,False
ENSG00000086589,RBM22,29,True,-0.2543146265783277,0.18309153677168677,0.5183422155778507,False
ENSG00000127955,GNAI1,32,True,0.2414046035634454,0.18317432658467328,0.5183422155778507,False
ENSG00000162944,RFTN2,32,True,-0.2412907998020784,0.18338721203016956,0.5183422155778507,False
ENSG00000196141,SPATS2L,32,True,-0.24126868636210141,0.18342859840702025,0.5183422155778507,False
ENSG00000150593,PDCD4,30,True,-0.2495547640249332,0.1835368516950558,0.5183422155778507,False
ENSG00000039139,DNAH5,31,True,0.24513461857006286,0.1837985588541322,0.5185989076962317,False
ENSG00000075188,NUP37,31,True,-0.2449803361145304,0.18408340269453594,0.5187813871823208,False
ENSG00000009830,POMT2,32,True,-0.24085449812425788,0.18420498530386753,0.5187813871823208,False
ENSG00000168566,SNRNP48,32,True,-0.24057601355718847,0.1847282947128702,0.5197730331309304,False
ENSG00000176971,FIBIN,31,True,-0.24440411870185128,0.18514998024470766,0.5204771666879004,False
ENSG00000134444,RELCH,32,True,-0.2399816607981005,0.18584865173671516,0.5214900567051745,False
ENSG00000146618,FERD3L,29,True,-0.25277161862527714,0.1858538344384054,0.5214900567051745,False
ENSG00000083937,CHMP2B,31,True,0.24364663666217445,0.1865586544469786,0.522463635391466,False
ENSG00000152620,NADK2,31,True,-0.24362207427119895,0.18660445780753565,0.522463635391466,False
ENSG00000169247,SH3TC2,31,True,-0.24349405377458683,0.18684331475662305,0.522463635391466,False
ENSG00000121454,LHX4,31,True,-0.2434694919090102,0.18688916601947694,0.522463635391466,False
ENSG00000091137,SLC26A4,31,True,-0.24326777733410632,0.18726601775967644,0.5230355381033833,False
ENSG00000137968,SLC44A5,30,True,-0.2473285841495993,0.18760602589471728,0.5235035796106265,False
ENSG00000078246,TULP3,29,True,0.25098570724494823,0.18908709619089134,0.5271519045321819,False
ENSG00000124818,OPN5,32,True,-0.23810397092832042,0.18941939551475387,0.5275938392502686,False
ENSG00000166912,MTMR10,29,True,-0.2503387970211467,0.19026786915315144,0.5293122545251902,False
ENSG00000171914,TLN2,35,True,0.2266741406385524,0.19038504016518695,0.5293122545251902,False
ENSG00000107807,TLX1,29,True,0.250061659885017,0.19077527717855164,0.5299119318518599,False
ENSG00000066382,MPPED2,30,True,-0.24524314262812408,0.19147466103164468,0.5311889626951541,False
ENSG00000164142,FHIP1A,31,True,-0.24097600812600023,0.19158495196020875,0.5311889626951541,False
ENSG00000149187,CELF1,29,True,-0.24938393297190733,0.19202007695915976,0.5319096292408841,False
ENSG00000174720,LARP7,30,True,0.24451864369583168,0.19283154449358614,0.5336705278783296,False
ENSG00000088325,TPX2,29,True,-0.24861403693848,0.193440986612658,0.5345395677047934,False
ENSG00000172380,GNG12,29,True,-0.24858339492485834,0.19349768936349404,0.5345395677047934,False
ENSG00000164440,TXLNB,33,True,-0.2320294248401818,0.19383074833170633,0.5348268113103745,False
ENSG00000119508,NR4A3,29,True,-0.2483370363613979,0.19395399184872272,0.5348268113103745,False
ENSG00000127580,WDR24,29,True,-0.24793592301619188,0.19469852218404332,0.5362433673158145,False
ENSG00000166348,USP54,30,True,-0.24346278107769842,0.1948209598647376,0.5362433673158145,False
ENSG00000140287,HDC,29,True,-0.2474125259942189,0.19567300063043458,0.5381007517336951,False
ENSG00000185052,SLC24A3,30,True,-0.24279515005097713,0.19608620249775757,0.5385174191622067,False
ENSG00000095906,NUBP2,29,True,-0.24698059500848607,0.19647971958461216,0.5385174191622067,False
ENSG00000162981,LRATD1,29,True,-0.2469196948485149,0.19659364753699005,0.5385174191622067,False
ENSG00000122592,HOXA7,31,True,-0.2383118280783985,0.19669235445820862,0.5385174191622067,False
ENSG00000113721,PDGFRB,32,True,0.23434492497348627,0.19671140245417898,0.5385174191622067,False
ENSG00000182985,CADM1,33,True,0.23046058761449667,0.19694689583550581,0.538578875779054,False
ENSG00000120725,SIL1,32,True,0.23411862650790538,0.19715652620096072,0.538578875779054,False
ENSG00000118705,RPN2,30,True,-0.24208003136631168,0.1974477397090273,0.538578875779054,False
ENSG00000164211,STARD4,29,True,-0.24642681871934155,0.19751736640448733,0.538578875779054,False
ENSG00000113140,SPARC,33,True,-0.23004263225066915,0.19778291974189177,0.538578875779054,False
ENSG00000204406,MBD5,35,True,-0.22303166371852623,0.1977992255996599,0.538578875779054,False
ENSG00000134028,ADAMDEC1,29,True,-0.24593395761458847,0.19844404796986997,0.538578875779054,False
ENSG00000171320,ESCO2,29,True,-0.24590367578256,0.19850108171262595,0.538578875779054,False
ENSG00000235750,KIAA0040,29,True,-0.24590366085344922,0.19850110983336405,0.538578875779054,False
ENSG00000185630,PBX1,30,True,-0.24145988799753454,0.19863373301819404,0.538578875779054,False
ENSG00000182578,CSF1R,30,True,-0.24143302180685358,0.19868522426631768,0.538578875779054,False
ENSG00000153233,PTPRR,30,True,0.2409035288086001,0.19970192339857254,0.5408519531115668,False
ENSG00000158966,CACHD1,32,True,-0.23256027231268692,0.2002407750741918,0.541827979612519,False
ENSG00000112357,PEX7,32,True,-0.23221489205876314,0.2009288409954974,0.5432056645256723,False
ENSG00000112249,ASCC3,33,True,0.2282227052332386,0.2014520308506981,0.5435274115086935,False
ENSG00000185278,ZBTB37,32,True,-0.2318973457846903,0.20156289890508428,0.5435274115086935,False
ENSG00000067596,DHX8,29,True,-0.2441430629878721,0.20183652699726523,0.5435274115086935,False
ENSG00000164597,COG5,32,True,0.2317218847547696,0.20191384249404706,0.5435274115086935,False
ENSG00000162643,DNAI3,32,True,-0.23170732096934857,0.2019429908372221,0.5435274115086935,False
ENSG00000171492,LRRC8D,29,True,-0.24396254312469196,0.20218068276949985,0.5436851664200191,False
ENSG00000114423,CBLB,31,True,0.23540090891285412,0.20237987708950947,0.5437392095962396,False
ENSG00000138411,HECW2,30,True,0.23898531966830824,0.20341520157237888,0.5460376233189587,False
ENSG00000095261,PSMD5,30,True,0.23886910062333036,0.20364169489381576,0.5461627082134494,False
ENSG00000115446,UNC50,34,True,-0.2233432757640193,0.20419045717727716,0.5469487462267126,False
ENSG00000169313,P2RY12,33,True,-0.22682825618967126,0.20429508505306065,0.5469487462267126,False
ENSG00000170881,RNF139,30,True,-0.2383073733074127,0.20473886209177916,0.5472686164755913,False
ENSG00000116221,MRPL37,34,True,0.22305520469842258,0.20478986858327247,0.5472686164755913,False
ENSG00000183023,SLC8A1,34,True,-0.22283357299611498,0.20525186298788772,0.5472686164755913,False
ENSG00000175048,ZDHHC14,30,True,0.238036946361006,0.20526850677295103,0.5472686164755913,False
ENSG00000119844,AFTPH,30,True,-0.23799460772252448,0.2053515142512554,0.5472686164755913,False
ENSG00000198130,HIBCH,33,True,0.22624321015080448,0.20549612081099278,0.5472686164755913,False
ENSG00000144583,MARCHF4,30,True,-0.23761825411497525,0.206090391983373,0.5483702279242073,False
ENSG00000163297,ANTXR2,31,True,0.2334073028041154,0.20633996694348317,0.5485535373383668,False
ENSG00000119681,LTBP2,30,True,0.237231558161633,0.20685147326117992,0.5486074023396299,False
ENSG00000164609,SLU7,30,True,0.2372258843189821,0.20686265465089385,0.5486074023396299,False
ENSG00000179104,TMTC2,31,True,0.23311151915787137,0.2069320179296987,0.5486074023396299,False
ENSG00000146674,IGFBP3,31,True,0.23298033401400728,0.2071949761759489,0.5486074023396299,False
ENSG00000114686,MRPL3,30,True,-0.23695047447811818,0.20740590092403804,0.5486074023396299,False
ENSG00000174175,SELP,31,True,-0.23285599031867688,0.20744443276874014,0.5486074023396299,False
ENSG00000175595,ERCC4,29,True,-0.24112428966903007,0.20764481187445222,0.5486593984776649,False
ENSG00000173239,LIPM,35,True,0.21823785057919926,0.20786066129498063,0.5487521458187489,False
ENSG00000196639,HRH1,32,True,0.22866049422226845,0.20810511767771456,0.5489201887658918,False
ENSG00000116747,RO60,30,True,0.23647896728243936,0.20833821890966422,0.5490580144181776,False
ENSG00000150627,WDR17,31,True,0.23227433300184364,0.20861408576328658,0.5493082084799116,False
ENSG00000163349,HIPK1,30,True,-0.2359750726327133,0.20933774666011776,0.5507360475390967,False
ENSG00000162144,CYB561A3,29,True,0.239891547901806,0.2100492240333061,0.5513063517428601,False
ENSG00000173369,C1QB,31,True,-0.2314982906515885,0.2101816640768375,0.5513063517428601,False
ENSG00000120051,CFAP58,29,True,0.2397732873336619,0.21028088119836366,0.5513063517428601,False
ENSG00000185033,SEMA4B,29,True,-0.2397732873336619,0.21028088119836366,0.5513063517428601,False
ENSG00000146281,PM20D2,29,True,0.2394036543858403,0.2110060683204652,0.5527303049360934,False
ENSG00000170921,TANC2,30,True,0.23480970979982543,0.21166192633689282,0.5535556338615367,False
ENSG00000110756,HPS5,32,True,-0.22691849366484138,0.21168580069606194,0.5535556338615367,False
ENSG00000129595,EPB41L4A,29,True,0.23869934902082104,0.21239257028834874,0.5549258549014,False
ENSG00000152661,GJA1,30,True,-0.2341159467036003,0.2130538950256482,0.5561750862406432,False
ENSG00000065325,GLP2R,29,True,0.23798965984633966,0.2137959353314447,0.5576326973077887,False
ENSG00000148948,LRRC4C,32,True,0.22543087642097542,0.2147768634317873,0.5597103496814646,False
ENSG00000152689,RASGRP3,30,True,0.2328065937920544,0.21569797373474084,0.5616286863281931,False
ENSG00000119929,CUTC,30,True,-0.23249861023240434,0.21632313952299928,0.5619759328569122,False
ENSG00000156958,GALK2,32,True,0.2246469833119384,0.21641804293030845,0.5619759328569122,False
ENSG00000091157,WDR7,34,True,-0.21748433694324,0.216621822415789,0.5619759328569122,False
ENSG00000082516,GEMIN5,31,True,0.22830040520352515,0.2167263862060938,0.5619759328569122,False
ENSG00000120451,SNX19,30,True,0.23228390398492083,0.2167596932874783,0.5619759328569122,False
ENSG00000136541,ERMN,33,True,-0.22078247784651395,0.21694196090523749,0.5619759328569122,False
ENSG00000151552,QDPR,29,True,-0.2360768923331292,0.21760968068667177,0.562854959362794,False
ENSG00000140543,DET1,34,True,-0.21700925151824046,0.2176520824413439,0.562854959362794,False
ENSG00000154165,GPR15,32,True,-0.22391344214194023,0.2179615429505023,0.5631074808681649,False
ENSG00000111181,SLC6A12,30,True,0.23161642150220552,0.2181206842888544,0.5631074808681649,False
ENSG00000149090,PAMR1,31,True,-0.2274652193858814,0.21845827906859053,0.5634998600273924,False
ENSG00000018236,CNTN1,34,True,-0.21655078126855407,0.21864948690358502,0.5635142973168795,False
ENSG00000178053,MLF1,30,True,-0.2308034777842834,0.21978609434992014,0.5659631742547562,False
ENSG00000143105,KCNA10,32,True,-0.2229351920632458,0.2200316121090307,0.5661152325110316,False
ENSG00000019505,SYT13,30,True,0.23055525931282808,0.2202963129313646,0.5663163472139059,False
ENSG00000152127,MGAT5,32,True,0.2225889293007015,0.2207675332946643,0.5665266184629141,False
ENSG00000163811,WDR43,29,True,-0.23444622575356408,0.22089717740099352,0.5665266184629141,False
ENSG00000122584,NXPH1,29,True,0.2343807781196804,0.22102981974227437,0.5665266184629141,False
ENSG00000079102,RUNX1T1,33,True,-0.2188231391324193,0.22115303237829104,0.5665266184629141,False
ENSG00000092439,TRPM7,31,True,-0.22609923356192013,0.2213111230227326,0.5665266184629141,False
ENSG00000168026,TTC21A,29,True,-0.2335550628233555,0.22270791800474074,0.5696219368680647,False
ENSG00000140632,GLYR1,29,True,0.2334156002542321,0.22299219389204675,0.5698689399463417,False
ENSG00000122012,SV2C,29,True,-0.23311976343026122,0.22359602830991213,0.5707510801292807,False
ENSG00000156127,BATF,29,True,0.2330623376963119,0.22371336803486297,0.5707510801292807,False
ENSG00000103037,SETD6,29,True,0.2327788064500927,0.2242933246285669,0.5713925773625593,False
ENSG00000163281,GNPDA2,32,True,0.2209185160078512,0.22434122273259907,0.5713925773625593,False
ENSG00000138039,LHCGR,33,True,-0.21716960704478142,0.22474991565514146,0.5719536830922125,False
ENSG00000165259,HDX,31,True,0.22418313836224285,0.22535531054063554,0.5730140056962894,False
ENSG00000165929,TC2N,29,True,0.23210545944283484,0.22567469908720603,0.5731425239526868,False
ENSG00000066557,LRRC40,30,True,-0.22791008799528079,0.22578341852681605,0.5731425239526868,False
ENSG00000198624,CCDC69,29,True,0.231830507158805,0.22624040834442066,0.5738227900866008,False
ENSG00000128683,GAD1,30,True,0.22741433021806853,0.2268219797231633,0.5748176380964305,False
ENSG00000117009,KMO,29,True,-0.23136627008155192,0.22719773181730993,0.5752896695557572,False
ENSG00000141378,PTRH2,30,True,-0.2270703529107241,0.22754446584892987,0.5756874985977926,False
ENSG00000006740,ARHGAP44,29,True,-0.23035231051379665,0.2292981220086748,0.5796412143366667,False
ENSG00000181072,CHRM2,32,True,-0.2185351627231192,0.2295077783524284,0.5796617640416692,False
ENSG00000088543,C3orf18,30,True,0.22605406747957812,0.2296881100599895,0.5796617640416692,False
ENSG00000166436,TRIM66,33,True,0.214661880861588,0.23028036586381695,0.5806737464805218,False
ENSG00000204311,PJVK,31,True,0.22083291430211338,0.23254590063872677,0.5850097999305804,False
ENSG00000163002,NUP35,32,True,0.21712818997048572,0.23259517973407554,0.5850097999305804,False
ENSG00000132855,ANGPTL3,33,True,0.21357519091586472,0.232705232963116,0.5850097999305804,False
ENSG00000169641,LUZP1,32,True,-0.21704858293207374,0.23277069773258932,0.5850097999305804,False
ENSG00000117394,SLC2A1,31,True,-0.22063124938136724,0.23298359691011752,0.5850605460869452,False
ENSG00000111276,CDKN1B,30,True,0.2243375695783455,0.23333945584556018,0.5853698988285156,False
ENSG00000152766,ANKRD22,32,True,-0.21672167216721672,0.23349240694378537,0.5853698988285156,False
ENSG00000115956,PLEK,35,True,0.20651488667134474,0.233939953573322,0.5855293840334025,False
ENSG00000154553,PDLIM3,32,True,0.21651847917449982,0.23394174665102674,0.5855293840334025,False
ENSG00000166073,GPR176,29,True,-0.22794480731539093,0.23433727519658626,0.5860362170484644,False
ENSG00000175065,DSG4,30,True,0.22368128753443087,0.2347457253196306,0.5864701279983683,False
ENSG00000171988,JMJD1C,32,True,-0.2160873235977087,0.23489712636561785,0.5864701279983683,False
ENSG00000163599,CTLA4,33,True,-0.2120629553017713,0.23610823632724576,0.5887105467726866,False
ENSG00000104047,DTWD1,30,True,0.22301357667482752,0.23618229445623592,0.5887105467726866,False
ENSG00000138795,LEF1,31,True,0.21896117105818608,0.2366296260361106,0.5890540710335835,False
ENSG00000148053,NTRK2,31,True,0.218917012305885,0.23672654659878284,0.5890540710335835,False
ENSG00000185305,ARL15,30,True,0.22254367557376453,0.23719679486108702,0.5890540710335835,False
ENSG00000077380,DYNC1I2,31,True,0.21865547180011774,0.23730112607002476,0.5890540710335835,False
ENSG00000012232,EXTL3,31,True,0.21863654699475596,0.2373427382315627,0.5890540710335835,False
ENSG00000134198,TSPAN2,32,True,-0.2148881590942522,0.23756807569044328,0.5890540710335835,False
ENSG00000145431,PDGFC,30,True,0.22232113189819078,0.23767827306196965,0.5890540710335835,False
ENSG00000154133,ROBO4,32,True,-0.21450178841611642,0.23843297386329423,0.589235504315093,False
ENSG00000115474,KCNJ13,35,True,0.20452476461894128,0.23857738833636333,0.589235504315093,False
ENSG00000185532,PRKG1,29,True,0.22588988963064283,0.23869652727207358,0.589235504315093,False
ENSG00000152092,ASTN1,35,True,-0.2044690389464836,0.23870812577263256,0.589235504315093,False
ENSG00000179776,CDH5,29,True,-0.22587800541186864,0.23872189404069974,0.589235504315093,False
ENSG00000166444,DENND2B,32,True,-0.2141351186923282,0.23925571909713939,0.5900734063191838,False
ENSG00000159216,RUNX1,29,True,0.22545275519128863,0.23963076794210883,0.5905186781430539,False
ENSG00000169760,NLGN1,32,True,0.21378804906475943,0.24003623342465089,0.5910381222037633,False
ENSG00000118245,TNP1,29,True,-0.22504313532166625,0.24050840841836987,0.5916903410877388,False
ENSG00000188158,NHS,31,True,0.21700111030965663,0.2409572156792906,0.5916903410877388,False
ENSG00000184304,PRKD1,30,True,0.22076333710263074,0.24106686176366635,0.5916903410877388,False
ENSG00000131095,GFAP,29,True,-0.2247135658300057,0.24121608357790653,0.5916903410877388,False
ENSG00000107779,BMPR1A,29,True,-0.22468589004126477,0.24127557386911086,0.5916903410877388,False
ENSG00000118557,PMFBP1,30,True,0.2203672801628342,0.24193348377339058,0.5918495788569219,False
ENSG00000153823,PID1,30,True,-0.22028049866429208,0.24212364888705257,0.5918495788569219,False
ENSG00000166106,ADAMTS15,31,True,-0.21641791484976258,0.24225496784424294,0.5918495788569219,False
ENSG00000040731,CDH10,31,True,-0.21639608862663715,0.24230362672976608,0.5918495788569219,False
ENSG00000182173,TSEN54,29,True,-0.22412518482010843,0.24248293185487446,0.5918495788569219,False
ENSG00000004766,VPS50,31,True,-0.216303474943984,0.2425101699927572,0.5918495788569219,False
ENSG00000186889,TMEM17,30,True,-0.21962617366165757,0.24356067701574718,0.5939359159998462,False
ENSG00000198626,RYR2,29,True,0.22345405950375782,0.24393331558755046,0.5943672119773702,False
ENSG00000143995,MEIS1,32,True,-0.21160722560745612,0.2449795740794109,0.5964378403408913,False
ENSG00000173376,NDNF,30,True,0.21887170492679742,0.2452246573130605,0.5965561375019645,False
ENSG00000088387,DOCK9,29,True,-0.22252341730356542,0.24595403764683846,0.5975840012450292,False
ENSG00000165899,OTOGL,34,True,-0.20447943739489374,0.24604084372736706,0.5975840012450292,False
ENSG00000162687,KCNT2,29,True,0.222249601292396,0.24655068078020964,0.5983436185841059,False
ENSG00000163072,NOSTRIN,30,True,-0.21809280206228926,0.2469504169886545,0.5985466735814975,False
ENSG00000068912,ERLEC1,29,True,-0.22203056366612672,0.24702865019684336,0.5985466735814975,False
ENSG00000116774,OLFML3,31,True,0.21413449045207755,0.24738089725906673,0.5989221723114247,False
ENSG00000214654,B3GALT9,29,True,0.22175680838487405,0.24762688080583659,0.598988083201137,False
ENSG00000111817,DSE,30,True,0.21751223854027593,0.24824194758354928,0.598988083201137,False
ENSG00000242802,AP5Z1,29,True,0.22144177617301034,0.24831649552030366,0.598988083201137,False
ENSG00000183780,SLC35F3,29,True,-0.2212912764908822,0.24864639052845483,0.598988083201137,False
ENSG00000140955,ADAD2,29,True,-0.2212640154773521,0.24870617752482477,0.598988083201137,False
ENSG00000231213,PLSCR5,31,True,-0.2135148775357807,0.24878414342407382,0.598988083201137,False
ENSG00000177565,TBL1XR1,29,True,-0.22119531899307376,0.24885688001814502,0.598988083201137,False
ENSG00000143322,ABL2,30,True,0.21717846554587414,0.2489864825427651,0.598988083201137,False
ENSG00000141367,CLTC,30,True,-0.21687306835229975,0.24966901213281634,0.6001544899724707,False
ENSG00000144229,THSD7B,32,True,0.20931511961084157,0.25024772835834774,0.601069701974639,False
ENSG00000115271,GCA,35,True,-0.19949565900451088,0.25057063454879486,0.6013695229171077,False
ENSG00000169918,OTUD7A,30,True,-0.21626432439975388,0.25103317184452384,0.6020037201579577,False
ENSG00000151694,ADAM17,29,True,-0.2200591424346969,0.25135809531294867,0.6023071644594413,False
ENSG00000164920,OSR2,31,True,-0.21210288414165898,0.2520015668624206,0.6033728367463004,False
ENSG00000175105,ZNF654,29,True,0.2194821809046662,0.25263454661341184,0.604411728540834,False
ENSG00000109943,CRTAM,31,True,-0.21127471184075144,0.25390139940139744,0.6063209139313778,False
ENSG00000113722,CDX1,30,True,0.21491374646183475,0.25407726305904593,0.6063209139313778,False
ENSG00000137869,CYP19A1,29,True,-0.2188000509397424,0.25414915533921506,0.6063209139313778,False
ENSG00000112339,HBS1L,31,True,-0.21113127646702964,0.2542313977057457,0.6063209139313778,False
ENSG00000107099,DOCK8,30,True,-0.21411084438619152,0.2558983970267601,0.6098175301202854,False
ENSG00000146166,LGSN,32,True,-0.2064161319890009,0.25701750152011005,0.6120040271490621,False
ENSG00000183826,BTBD9,30,True,0.2134193848752402,0.2574736109794853,0.612159357690338,False
ENSG00000116701,NCF2,36,True,-0.19376850939536916,0.2574860012419505,0.612159357690338,False
ENSG00000153956,CACNA2D1,31,True,0.20948058603770264,0.25804944447883543,0.6126214023607625,False
ENSG00000137747,TMPRSS13,32,True,-0.20586618127763415,0.2583152363672509,0.6126214023607625,False
ENSG00000197993,KEL,29,True,-0.21682887930965464,0.25855939997621835,0.6126214023607625,False
ENSG00000157103,SLC6A1,32,True,0.20566400966223242,0.25879338828252724,0.6126214023607625,False
ENSG00000144642,RBMS3,29,True,0.21670568108277413,0.25883669072642884,0.6126214023607625,False
ENSG00000163380,LMOD3,30,True,-0.21271148708815674,0.25909284605771377,0.6126214023607625,False
ENSG00000081181,ARG2,30,True,0.21271148708815674,0.25909284605771377,0.6126214023607625,False
ENSG00000125447,GGA3,29,True,-0.2161163134549039,0.26016590896486036,0.6146799218811798,False
ENSG00000106070,GRB10,30,True,0.21186157914622383,0.2610457027279261,0.6162789684929889,False
ENSG00000197415,VEPH1,30,True,-0.21159194702074682,0.26166724858579066,0.616837292517638,False
ENSG00000069424,KCNAB2,30,True,-0.2115513020253728,0.2617610256782982,0.616837292517638,False
ENSG00000144331,ZNF385B,33,True,-0.20105289616447772,0.26189172267959004,0.616837292517638,False
ENSG00000145675,PIK3R1,32,True,0.20407229514477482,0.2625782414339111,0.6179748379793443,False
ENSG00000101605,MYOM1,33,True,0.20056827958574533,0.2630674828983074,0.6186466909986532,False
ENSG00000164023,SGMS2,32,True,-0.20372238782906357,0.26341510504332133,0.6189847205197551,False
ENSG00000181982,CCDC149,31,True,0.2069174240084852,0.2640523065931911,0.6200021676851726,False
ENSG00000111596,CNOT2,30,True,-0.21026841579018796,0.2647322136840505,0.620231093604285,False
ENSG00000110693,SOX6,34,True,0.1966837371154757,0.26489778129866626,0.620231093604285,False
ENSG00000148459,PDSS1,29,True,-0.2138457748213846,0.2653283055776468,0.620231093604285,False
ENSG00000152208,GRID2,30,True,-0.20997551177407425,0.26541365264129546,0.620231093604285,False
ENSG00000085433,WDR47,30,True,-0.20985869645945646,0.26568574080296276,0.620231093604285,False
ENSG00000147862,NFIB,29,True,-0.213625725410762,0.26583213119758625,0.620231093604285,False
ENSG00000164961,WASHC5,36,True,-0.19045779764238183,0.2658631701059875,0.620231093604285,False
ENSG00000118402,ELOVL4,29,True,-0.21359941520370235,0.2658924126548983,0.620231093604285,False
ENSG00000072422,RHOBTB1,33,True,-0.19926447118377738,0.2662479087851199,0.620231093604285,False
ENSG00000139719,VPS33A,30,True,-0.20959483526268924,0.26630099858904455,0.620231093604285,False
ENSG00000075891,PAX2,29,True,0.21337932895700104,0.26639701780632,0.620231093604285,False
ENSG00000171522,PTGER4,31,True,0.20572812036044533,0.26686834928891634,0.6208523436330651,False
ENSG00000206538,VGLL3,33,True,-0.19891350395409638,0.2671083140720645,0.620934794427862,False
ENSG00000102802,MEDAG,31,True,-0.20542557900697406,0.2675878186685804,0.6215735405339021,False
ENSG00000109511,ANXA10,29,True,0.21258775872545776,0.2682170334725222,0.6222536449621996,False
ENSG00000137692,DCUN1D5,30,True,-0.20872759786462458,0.26832970168500647,0.6222536449621996,False
ENSG00000164418,GRIK2,32,True,0.20161364346221664,0.26849547921623235,0.6222536449621996,False
ENSG00000116117,PARD3B,32,True,-0.20148501322163415,0.2688074263920952,0.6225014084869573,False
ENSG00000144021,CIAO1,33,True,0.1979097017638184,0.2695791848595404,0.6238128088670463,False
ENSG00000011114,BTBD7,30,True,0.20801335688097833,0.270008019515189,0.6241279251337496,False
ENSG00000140279,DUOX2,29,True,-0.21173281392525312,0.2701917907569971,0.6241279251337496,False
ENSG00000087502,ERGIC2,30,True,-0.20783703708284354,0.2704233793082204,0.6241279251337496,False
ENSG00000009413,REV3L,29,True,-0.21158348897554746,0.2705376645177913,0.6241279251337496,False
ENSG00000077063,CTTNBP2,30,True,0.20741070563474856,0.27142940620350997,0.6245654860014576,False
ENSG00000164219,PGGT1B,30,True,-0.2072152437174941,0.27189145246015783,0.6245654860014576,False
ENSG00000145416,MARCHF1,29,True,-0.2108893880211871,0.2721491313096726,0.6245654860014576,False
ENSG00000175267,VWA3A,31,True,-0.20330778953267536,0.2726594390226281,0.6245654860014576,False
ENSG00000177034,MTX3,29,True,-0.21061707266543034,0.27278304388703767,0.6245654860014576,False
ENSG00000138696,BMPR1B,32,True,0.19983500618137578,0.2728298738486943,0.6245654860014576,False
ENSG00000041982,TNC,33,True,0.1965733450840482,0.2728917036390186,0.6245654860014576,False
ENSG00000133773,CCDC59,30,True,0.20672381292512418,0.2730553774630281,0.6245654860014576,False
ENSG00000196376,SLC35F1,31,True,0.20308561986017992,0.27319506959441947,0.6245654860014576,False
ENSG00000055917,PUM2,30,True,-0.2064552043949785,0.27369292028675074,0.6245654860014576,False
ENSG00000162814,SPATA17,30,True,0.20632094369018472,0.27401194848002225,0.6245654860014576,False
ENSG00000087253,LPCAT2,33,True,0.19590472826403443,0.27455894018916693,0.6245654860014576,False
ENSG00000136824,SMC2,30,True,0.20607545378733474,0.2745958985707399,0.6245654860014576,False
ENSG00000130234,ACE2,31,True,0.20248059815255276,0.27465717377757215,0.6245654860014576,False
ENSG00000117151,CTBS,29,True,-0.20970922273015966,0.27490326994147024,0.6245654860014576,False
ENSG00000164326,CARTPT,29,True,0.20970921636274026,0.27490328484928195,0.6245654860014576,False
ENSG00000105880,DLX5,30,True,0.2056335095915892,0.27564918041088676,0.6245654860014576,False
ENSG00000132466,ANKRD17,31,True,0.20199778949806008,0.2758275601024419,0.6245654860014576,False
ENSG00000144895,EIF2A,30,True,0.2055419592418377,0.2758676968840724,0.6245654860014576,False
ENSG00000140025,EFCAB11,31,True,0.20197640518133933,0.27587947266518215,0.6245654860014576,False
ENSG00000197555,SIPA1L1,29,True,-0.20919060194327999,0.27611922500276986,0.6245654860014576,False
ENSG00000166159,LRTM2,33,True,-0.19526874598021918,0.27615092414374814,0.6245654860014576,False
ENSG00000163536,SERPINI1,30,True,-0.2053849628061904,0.27624268291684,0.6245654860014576,False
ENSG00000172985,SH3RF3,29,True,0.2090931556833613,0.27634808232709895,0.6245654860014576,False
ENSG00000146282,RARS2,32,True,-0.19840469506695627,0.27634818736042754,0.6245654860014576,False
ENSG00000112796,ENPP5,32,True,-0.19836832723692532,0.2764380267155416,0.6245654860014576,False
ENSG00000145721,LIX1,32,True,-0.19835013748854263,0.27648296789104265,0.6245654860014576,False
ENSG00000112200,ZNF451,30,True,0.2052309417274072,0.2766108813962904,0.6245654860014576,False
ENSG00000157570,TSPAN18,33,True,0.19505265189713733,0.27669320773121225,0.6245654860014576,False
ENSG00000145715,RASA1,30,True,-0.20499415569191204,0.2771775518959564,0.6251939432066297,False
ENSG00000198707,CEP290,29,True,0.20842572694617323,0.2779188493706962,0.6264006137263799,False
ENSG00000158089,GALNT14,31,True,-0.20104860259549978,0.27813788419836855,0.62642924067229,False
ENSG00000163625,WDFY3,32,True,-0.1974697502939502,0.2786637798013471,0.626719958998468,False
ENSG00000114861,FOXP1,38,True,-0.1803108252016055,0.2786798236653267,0.626719958998468,False
ENSG00000154188,ANGPT1,38,True,0.17991792308085555,0.27974611402226385,0.6286522591943694,False
ENSG00000175097,RAG2,31,True,0.20006050318511093,0.2805561355395153,0.6293800079374976,False
ENSG00000155666,KDM8,30,True,0.20356149263526452,0.2806221006653976,0.6293800079374976,False
ENSG00000132259,CNGA4,31,True,-0.19991931009993003,0.2809027890593757,0.6293800079374976,False
ENSG00000146021,KLHL3,30,True,-0.20340492954819003,0.28100018289240164,0.6293800079374976,False
ENSG00000168675,LDLRAD4,29,True,0.20690080255675258,0.28152916824594415,0.6293800079374976,False
ENSG00000163214,DHX57,32,True,-0.1961503241024653,0.2819528740453637,0.6293800079374976,False
ENSG00000163545,NUAK2,30,True,-0.20295983212327326,0.2820768277097644,0.6293800079374976,False
ENSG00000146263,MMS22L,31,True,-0.19943537408921694,0.2820930248581947,0.6293800079374976,False
ENSG00000162434,JAK1,31,True,-0.19941497278888076,0.28214327270318335,0.6293800079374976,False
ENSG00000101782,RIOK3,30,True,-0.20289708832524206,0.28222881084800233,0.6293800079374976,False
ENSG00000112146,FBXO9,29,True,-0.206509692340281,0.2824599504350689,0.6293800079374976,False
ENSG00000145321,GC,30,True,0.20276141656929902,0.2825576254343904,0.6293800079374976,False
ENSG00000165970,SLC6A5,33,True,0.1926229939404258,0.2828378536574745,0.6294736114348495,False
ENSG00000176386,CDC26,29,True,-0.20616143101694284,0.2832904129091093,0.6294736114348495,False
ENSG00000173905,GOLIM4,29,True,-0.20610067395740797,0.28343545357375655,0.6294736114348495,False
ENSG00000140265,ZSCAN29,29,True,0.20608900706402508,0.2834633104808211,0.6294736114348495,False
ENSG00000115524,SF3B1,29,True,-0.20601655991809312,0.2836363308441614,0.6294736114348495,False
ENSG00000165195,PIGA,32,True,0.19519574667169587,0.2843479776670342,0.630228948897893,False
ENSG00000155097,ATP6V1C1,29,True,-0.2056685166570697,0.28446847795605607,0.630228948897893,False
ENSG00000198561,CTNND1,34,True,-0.18891860964607565,0.28459943640942403,0.630228948897893,False
ENSG00000120217,CD274,29,True,0.20551996681193085,0.28482412415861197,0.6302667936920889,False
ENSG00000146005,PSD2,29,True,-0.20529883088716486,0.285354075361593,0.6305333296075357,False
ENSG00000066926,FECH,29,True,0.20517560229719656,0.2856496647194656,0.6305333296075357,False
ENSG00000197296,FITM2,30,True,0.20144685711855043,0.2857563031722926,0.6305333296075357,False
ENSG00000109689,STIM2,30,True,0.20140202639425692,0.2858657946264848,0.6305333296075357,False
ENSG00000004948,CALCR,36,True,0.18277216590163878,0.28599415707975784,0.6305333296075357,False
ENSG00000163946,TASOR,30,True,0.20126906503426198,0.286190687812643,0.6305333296075357,False
ENSG00000215203,GRXCR1,31,True,-0.19757824004749758,0.286690652687777,0.631176810413409,False
ENSG00000105852,PON3,31,True,-0.19729541314806012,0.28739501549047103,0.6319206107597429,False
ENSG00000133636,NTS,30,True,0.2007567326953038,0.28744478374809124,0.6319206107597429,False
ENSG00000166387,PPFIBP2,32,True,0.1937849555355176,0.28791160666945176,0.6322312153771505,False
ENSG00000138315,OIT3,29,True,-0.20401626371408413,0.2884401318193885,0.6322312153771505,False
ENSG00000068024,HDAC4,30,True,-0.200333891057122,0.28848245872849865,0.6322312153771505,False
ENSG00000071051,NCK2,30,True,-0.2002670276550069,0.28864676320139215,0.6322312153771505,False
ENSG00000203740,NTMT2,30,True,-0.20022259445097915,0.2887559825668208,0.6322312153771505,False
ENSG00000162630,B3GALT2,37,True,-0.1791071325848933,0.2888355387773741,0.6322312153771505,False
ENSG00000284844,TOMT,30,True,0.19984423056266373,0.28968708909745156,0.6324401265848717,False
ENSG00000164758,MED30,29,True,-0.20349839862034985,0.2896921860852753,0.6324401265848717,False
ENSG00000171956,FOXB1,31,True,0.19636734174281423,0.28971408213982436,0.6324401265848717,False
ENSG00000157483,MYO1E,30,True,0.19977740802640775,0.28985172936448406,0.6324401265848717,False
ENSG00000153006,SREK1IP1,31,True,-0.19618721000605205,0.29016557457551573,0.6324401265848717,False
ENSG00000197535,MYO5A,30,True,-0.19964389544117858,0.29018086176967267,0.6324401265848717,False
ENSG00000105976,MET,29,True,0.203203944857704,0.2904056303651044,0.6324759639802418,False
ENSG00000121281,ADCY7,29,True,-0.20300567258114272,0.29088666015102205,0.6326160068918376,False
ENSG00000135324,MRAP2,29,True,-0.20300566642030057,0.29088667510573296,0.6326160068918376,False
ENSG00000132623,ANKEF1,29,True,-0.20275930647364135,0.2914850744772202,0.6326711016431577,False
ENSG00000079215,SLC1A3,31,True,-0.1956236775096347,0.2915809393145374,0.6326711016431577,False
ENSG00000097046,CDC7,30,True,0.1989761901052549,0.2918304410336322,0.6326711016431577,False
ENSG00000140836,ZFHX3,32,True,0.19224422442244224,0.29183597016620816,0.6326711016431577,False
ENSG00000213949,ITGA1,30,True,0.1988649009570443,0.29210596097515745,0.6326711016431577,False
ENSG00000033800,PIAS1,30,True,0.19884213363122832,0.2921623466744753,0.6326711016431577,False
ENSG00000138604,GLCE,31,True,-0.19505800186874392,0.29300609905382624,0.634045984837788,False
ENSG00000134775,FHOD3,29,True,-0.20182355840315427,0.2937650787400981,0.6349111126539362,False
ENSG00000178562,CD28,33,True,0.18836217773380273,0.293824147983788,0.6349111126539362,False
ENSG00000137601,NEK1,29,True,-0.2013555160081797,0.2949097117774358,0.6364335365809044,False
ENSG00000054690,PLEKHH1,30,True,-0.197640794119121,0.29514739379279753,0.6364335365809044,False
ENSG00000159479,MED8,33,True,-0.187844844625224,0.2951763328772156,0.6364335365809044,False
ENSG00000117016,RIMS3,32,True,0.19086909011699363,0.2953672111470666,0.6364335365809044,False
ENSG00000116679,IVNS1ABP,31,True,-0.19382815651472368,0.2961198165790287,0.6372390171045502,False
ENSG00000164118,CEP44,30,True,-0.19715176278037347,0.29636803186035976,0.6372390171045502,False
ENSG00000184828,ZBTB7C,34,True,-0.18444376743468616,0.2963707154649621,0.6372390171045502,False
ENSG00000162694,EXTL2,35,True,-0.18115587090066063,0.29766291083084934,0.6395644708297655,False
ENSG00000149380,P4HA3,29,True,-0.2000739204539086,0.2980583532190306,0.6399612166711294,False
ENSG00000163607,GTPBP8,30,True,-0.19623775601068566,0.2986579688445036,0.640299799935474,False
ENSG00000171564,FGB,32,True,0.1895761200822133,0.29871212151650484,0.640299799935474,False
ENSG00000130935,NOL11,29,True,0.19975354433859197,0.29884875379070047,0.640299799935474,False
ENSG00000177917,ARL6IP6,30,True,-0.19586023187094442,0.2996070605656766,0.6414206613475276,False
ENSG00000170820,FSHR,33,True,-0.1860892827286407,0.29979443954286616,0.6414206613475276,False
ENSG00000129083,COPB1,32,True,-0.1890032356480378,0.30020181248136285,0.6415612515316832,False
ENSG00000145996,CDKAL1,30,True,-0.19552637436011575,0.3004479573284031,0.6415612515316832,False
ENSG00000090861,AARS1,29,True,-0.19908833463886472,0.3004941039782785,0.6415612515316832,False
ENSG00000116717,GADD45A,29,True,0.1987903150166525,0.3012330780359966,0.6422341133989153,False
ENSG00000159556,ISL2,29,True,0.19862000985707245,0.30165588139284955,0.6422341133989153,False
ENSG00000261609,GAN,29,True,0.1985710766198571,0.3017774330017289,0.6422341133989153,False
ENSG00000167258,CDK12,32,True,0.1882569314386215,0.3021494887909788,0.6422341133989153,False
ENSG00000131378,RFTN1,31,True,0.1913885335127217,0.3023582686777544,0.6422341133989153,False
ENSG00000204262,COL5A2,34,True,0.18211692831173068,0.30261235689946964,0.6422341133989153,False
ENSG00000018510,AGPS,29,True,-0.19817601619320885,0.30275990077970777,0.6422341133989153,False
ENSG00000196353,CPNE4,30,True,0.1945927903871829,0.3028072860199023,0.6422341133989153,False
ENSG00000248905,FMN1,31,True,0.19118685183415843,0.3028776745805235,0.6422341133989153,False
ENSG00000115325,DOK1,30,True,0.19454646753769403,0.3029246542777493,0.6422341133989153,False
ENSG00000089048,ESF1,36,True,0.17637592569531557,0.3034783253701183,0.6423955480126771,False
ENSG00000117475,BLZF1,31,True,0.19072113057163972,0.3040792269297258,0.6423955480126771,False
ENSG00000198648,STK39,29,True,-0.19760995591629887,0.30417111676298075,0.6423955480126771,False
ENSG00000163751,CPA3,35,True,0.17862146434743778,0.3045867689727115,0.6423955480126771,False
ENSG00000100353,EIF3D,31,True,0.19041373902264655,0.30487393180927097,0.6423955480126771,False
ENSG00000127329,PTPRB,31,True,0.19039935845123565,0.30491114209408876,0.6423955480126771,False
ENSG00000111799,COL12A1,30,True,-0.1936130073379927,0.30529585489742217,0.6423955480126771,False
ENSG00000067248,DHX29,32,True,-0.18699560109120808,0.30545935454990886,0.6423955480126771,False
ENSG00000198231,DDX42,29,True,-0.19696426886447985,0.3057858674321193,0.6423955480126771,False
ENSG00000053108,FSTL4,30,True,-0.19340833639806282,0.30581731677542645,0.6423955480126771,False
ENSG00000118946,PCDH17,32,True,-0.18685248084401887,0.3058363533487059,0.6423955480126771,False
ENSG00000137513,NARS2,32,True,0.18683535020168685,0.30588149747126053,0.6423955480126771,False
ENSG00000134200,TSHB,30,True,-0.1933652466617882,0.3059271721569484,0.6423955480126771,False
ENSG00000174502,SLC26A9,34,True,0.18088033012379642,0.3059630969783699,0.6423955480126771,False
ENSG00000138271,GPR87,30,True,0.1931679103980276,0.30643058815398666,0.6425406120273368,False
ENSG00000157657,ZNF618,33,True,0.1835659957930485,0.30651186187069557,0.6425406120273368,False
ENSG00000121542,SEC22A,31,True,-0.18969342476805162,0.3067412818837376,0.6425406120273368,False
ENSG00000182168,UNC5C,34,True,0.18047066014669927,0.3070783007141926,0.6425406120273368,False
ENSG00000071909,MYO3B,29,True,-0.19637797364749401,0.307256724027256,0.6425406120273368,False
ENSG00000101310,SEC23B,31,True,0.18942909017550938,0.30742834155075804,0.6425406120273368,False
ENSG00000165832,TRUB1,30,True,-0.19263298941398,0.3077978097019524,0.6425406120273368,False
ENSG00000174485,DENND4A,31,True,0.189265540575986,0.30785392321938065,0.6425406120273368,False
ENSG00000076003,MCM6,29,True,-0.1961074215711039,0.3079369533925478,0.6425406120273368,False
ENSG00000135521,LTV1,37,True,-0.17208254390466504,0.30847212704355736,0.6432152319397254,False
ENSG00000205038,PKHD1L1,31,True,0.18874773523509308,0.3092037676282547,0.6440128536549692,False
ENSG00000182134,TDRKH,30,True,-0.1920551920201588,0.3092789000754101,0.6440128536549692,False
ENSG00000140396,NCOA2,31,True,-0.1885841103304082,0.3096310834170986,0.6443042969529207,False
ENSG00000159200,RCAN1,30,True,0.191806747264399,0.3099171142837278,0.644457780113286,False
ENSG00000122547,EEPD1,31,True,0.1883195481137785,0.3103227840461736,0.644744951187059,False
ENSG00000067715,SYT1,33,True,-0.18209179898101305,0.31047994684963115,0.644744951187059,False
ENSG00000079156,OSBPL6,36,True,-0.17352127216220187,0.3114958032176593,0.6459960481671058,False
ENSG00000121361,KCNJ8,33,True,0.18171180461187147,0.31150797579599565,0.6459960481671058,False
ENSG00000133055,MYBPH,31,True,0.18775839563038133,0.31179311815607236,0.6461460114142222,False
ENSG00000143093,STRIP1,30,True,-0.1905822120235932,0.3130747470439419,0.6483594352151484,False
ENSG00000152495,CAMK4,31,True,0.18678769636101364,0.3143467995389358,0.6505500227676954,False
ENSG00000065183,WDR3,36,True,-0.17231165629045797,0.3149329444709635,0.6509070190598033,False
ENSG00000115252,PDE1A,32,True,-0.18342652932506368,0.31494809321437783,0.6509070190598033,False
ENSG00000163833,FBXO40,31,True,-0.18634667837000252,0.3155113048467226,0.6513740739816013,False
ENSG00000149403,GRIK4,30,True,0.18960721158884739,0.31560318274932,0.6513740739816013,False
ENSG00000138378,STAT4,29,True,0.19290029668373163,0.3160719015760354,0.6514783817360448,False
ENSG00000119718,EIF2B2,29,True,-0.192895999174463,0.31608289074347623,0.6514783817360448,False
ENSG00000181830,SLC35C1,30,True,-0.18927339607548674,0.31647175970840563,0.6516631240573012,False
ENSG00000132669,RIN2,32,True,-0.18278486345213912,0.31667330708291336,0.6516631240573012,False
ENSG00000124232,RBPJL,30,True,-0.18914107699154428,0.31681645952192905,0.6516631240573012,False
ENSG00000120756,PLS1,30,True,-0.18896062410713257,0.3172869260761864,0.6521889692398795,False
ENSG00000138639,ARHGAP24,31,True,-0.18491631753267132,0.31930660197103244,0.655896375902608,False
ENSG00000113532,ST8SIA4,32,True,0.1817015065378873,0.31959939661207076,0.6560539338162589,False
ENSG00000148123,PLPPR1,31,True,-0.18471466396938596,0.3198439324159518,0.6561122829829931,False
ENSG00000116981,NT5C1A,29,True,-0.19118009942107617,0.3204895168443399,0.6569926894931911,False
ENSG00000146414,SHPRH,33,True,0.17803411225731788,0.3215675900274683,0.6583673224963261,False
ENSG00000069122,ADGRF5,34,True,-0.17514902239612332,0.3217973044610393,0.6583673224963261,False
ENSG00000066629,EML1,30,True,0.1871384113976231,0.3220619359236952,0.6583673224963261,False
ENSG00000136960,ENPP2,34,True,0.1750458435207824,0.3220869464060486,0.6583673224963261,False
ENSG00000151465,CDC123,30,True,-0.18697106531922705,0.3225026677961051,0.6583673224963261,False
ENSG00000198246,SLC29A3,30,True,-0.1869574894279991,0.3225384383129075,0.6583673224963261,False
ENSG00000123600,METTL8,32,True,-0.18056828901021338,0.32267805529464205,0.6583673224963261,False
ENSG00000085741,WNT11,32,True,0.18040150410381073,0.32313271088719225,0.6587041999065392,False
ENSG00000096401,CDC5L,31,True,-0.1833686781023147,0.3234448097334987,0.6587041999065392,False
ENSG00000034677,RNF19A,29,True,0.19001848573109736,0.32349405864975295,0.6587041999065392,False
ENSG00000087301,TXNDC16,29,True,0.18970190277606783,0.32431589998308935,0.6595536966429942,False
ENSG00000106819,ASPN,33,True,-0.17703109575342402,0.32434574080632095,0.6595536966429942,False
ENSG00000132275,RRP8,31,True,-0.1829182221662254,0.3246554674604012,0.6597416326705342,False
ENSG00000170153,RNF150,29,True,-0.18893952600512873,0.3263002668703596,0.662640541952115,False
ENSG00000107816,LZTS2,30,True,-0.18513574112107303,0.32736066047979284,0.6635514907894459,False
ENSG00000101442,ACTR5,29,True,-0.18851651632029628,0.3274045084952887,0.6635514907894459,False
ENSG00000143258,USP21,29,True,-0.18851651059635288,0.3274045234527635,0.6635514907894459,False
ENSG00000014824,SLC30A9,31,True,-0.1816530658140707,0.3280706544752188,0.6644579766422711,False
ENSG00000146070,PLA2G7,33,True,-0.17549724463752717,0.32862282835159196,0.6648932682349441,False
ENSG00000197757,HOXC6,29,True,-0.18770027683827736,0.32954171065317983,0.6648932682349441,False
ENSG00000138674,SEC31A,32,True,0.17805079381701897,0.32958285663200537,0.6648932682349441,False
ENSG00000139344,AMDHD1,30,True,-0.1842779303344722,0.32964654748775923,0.6648932682349441,False
ENSG00000170633,RNF34,29,True,0.18765402245477858,0.32966307549632873,0.6648932682349441,False
ENSG00000103266,STUB1,29,True,-0.18757703305834414,0.3298651451251401,0.6648932682349441,False
ENSG00000214338,MTCL3,31,True,-0.18093797368880046,0.33001071425428546,0.6648932682349441,False
ENSG00000188869,TMC3,32,True,0.17768405685756064,0.33059623738554567,0.6648932682349441,False
ENSG00000113845,TIMMDC1,29,True,0.18728438222669958,0.3306339389651405,0.6648932682349441,False
ENSG00000119913,TECTB,32,True,0.17766776976308052,0.3306412867957133,0.6648932682349441,False
ENSG00000122420,PTGFR,29,True,-0.18726130485833808,0.33069460969524556,0.6648932682349441,False
ENSG00000134533,RERG,31,True,-0.18051635191976942,0.3311578726492109,0.6653840511998705,False
ENSG00000124145,SDC4,29,True,-0.18666830951207491,0.3322559325438241,0.6671488169332341,False
ENSG00000054967,RELT,30,True,-0.18315345406800917,0.33265780259817956,0.6675142687958183,False
ENSG00000163166,IWS1,30,True,-0.18301235780770284,0.33303682850374083,0.6677708654159028,False
ENSG00000158055,GRHL3,32,True,-0.17669172932330826,0.3333478522151446,0.6677708654159028,False
ENSG00000089169,RPH3A,30,True,0.18286032389269524,0.33344553095207796,0.6677708654159028,False
ENSG00000198718,TOGARAM1,31,True,-0.1794251143770212,0.334138262155941,0.6685122118854628,False
ENSG00000157426,AASDH,33,True,-0.17343698002283042,0.3344222243746237,0.6685122118854628,False
ENSG00000189091,SF3B3,29,True,-0.1858058156727452,0.3345348311140761,0.6685122118854628,False
ENSG00000163161,ERCC3,30,True,0.1823956801693692,0.3346964960691382,0.6685122118854628,False
ENSG00000131459,GFPT2,31,True,0.179068364197396,0.33511616032793623,0.66891036341592,False
ENSG00000164796,CSMD3,29,True,0.18542723286463916,0.3355381233459184,0.6693125771867335,False
ENSG00000187079,TEAD1,32,True,-0.17493353554358834,0.3382574482311088,0.6742242636603563,False
ENSG00000164794,KCNV1,31,True,0.17784303778143165,0.33848821721735595,0.6742242636603563,False
ENSG00000070182,SPTB,30,True,-0.18092800824147057,0.33866666735245166,0.6742242636603563,False
ENSG00000170471,RALGAPB,30,True,-0.18076581035638037,0.33910717168502447,0.6744646546025157,False
ENSG00000196876,SCN8A,31,True,-0.17757386396621994,0.3392317284512653,0.6744646546025157,False
ENSG00000164066,INTU,30,True,-0.18050300914469994,0.3398216362336346,0.6751953452914362,False
ENSG00000048052,HDAC9,33,True,0.17116590592352496,0.3408871967727057,0.6768695417932862,False
ENSG00000134852,CLOCK,33,True,0.17101303911735205,0.3413250710646907,0.6772960233675823,False
ENSG00000189367,KIAA0408,29,True,0.1830500178735304,0.34187972663580535,0.6779535271497746,False
ENSG00000134245,WNT2B,29,True,0.1827254805322819,0.3427510552523752,0.6789586738605852,False
ENSG00000171566,PLRG1,30,True,0.17939868149450552,0.3428338758327658,0.6789586738605852,False
ENSG00000143797,MBOAT2,30,True,0.17914765883688047,0.34352082535019773,0.6798756360907433,False
ENSG00000108984,MAP2K6,34,True,0.16748166454715496,0.34376124789499,0.6799082401362799,False
ENSG00000010319,SEMA3G,32,True,-0.17286893049404184,0.3440785911156492,0.6800928402520254,False
ENSG00000175161,CADM2,29,True,-0.18179578903752935,0.3452545233734865,0.6819731509186109,False
ENSG00000137478,FCHSD2,29,True,-0.1810111469483427,0.34737593491224106,0.6857173851713679,False
ENSG00000114023,FAM162A,31,True,0.1743341439847035,0.34825816721079883,0.6868593507717375,False
ENSG00000196990,FAM163B,29,True,-0.18063085812127735,0.3484069170581277,0.6868593507717375,False
ENSG00000116678,LEPR,31,True,-0.17404457081527291,0.3490719443763085,0.6869183374003242,False
ENSG00000072310,SREBF1,29,True,-0.1803622041530309,0.3491363556927719,0.6869183374003242,False
ENSG00000120370,GORAB,33,True,-0.16821416518026105,0.34940262498965513,0.6869183374003242,False
ENSG00000106004,HOXA5,29,True,-0.18022684636816053,0.34950422004744724,0.6869183374003242,False
ENSG00000144369,FAM171B,29,True,-0.18011581863432,0.34980613533863936,0.6869183374003242,False
ENSG00000169933,FRMPD4,29,True,0.18003698087931824,0.35002061186431566,0.6869183374003242,False
ENSG00000063015,SEZ6,29,True,-0.18003696994366616,0.3500206416199939,0.6869183374003242,False
ENSG00000257365,FNTB,30,True,-0.17658840656778216,0.3505718283354633,0.6875556013090869,False
ENSG00000145832,SLC25A48,29,True,0.17962301479174797,0.3511480891470632,0.6882411869919199,False
ENSG00000101474,APMAP,30,True,0.17614331921663465,0.35180688041940883,0.6884580970938526,False
ENSG00000197147,LRRC8B,29,True,-0.17937661833798701,0.35182020333714065,0.6884580970938526,False
ENSG00000053770,AP5M1,31,True,0.17297024798009633,0.3521010566289206,0.6884580970938526,False
ENSG00000198909,MAP3K3,29,True,0.17925002561365108,0.3521658184409595,0.6884580970938526,False
ENSG00000156150,ALX3,30,True,0.17578994649717272,0.35278929010289983,0.6889008183898336,False
ENSG00000164970,FAM219A,30,True,0.17564559216384684,0.3531910803125535,0.6889008183898336,False
ENSG00000112234,FBXL4,31,True,0.17254941508672852,0.35329190083465334,0.6889008183898336,False
ENSG00000136842,TMOD1,30,True,0.17560650334792632,0.35329992563668344,0.6889008183898336,False
ENSG00000114956,DGUOK,29,True,0.17865943814687038,0.3537808786162389,0.6893958584588583,False
ENSG00000144827,ABHD10,35,True,-0.1613762179002166,0.3543773615839142,0.6901152468048515,False
ENSG00000151090,THRB,32,True,0.169172935175484,0.35464986250192626,0.6902031939460564,False
ENSG00000189184,PCDH18,32,True,0.16901925123595607,0.3550935987039814,0.6906240651283071,False
ENSG00000174417,TRHR,29,True,0.17778329108431495,0.3561849661956593,0.6923031737324081,False
ENSG00000064999,ANKS1A,31,True,-0.17140840782326075,0.3565327608096297,0.692535804106229,False
ENSG00000140015,KCNH5,29,True,-0.1772245501602169,0.3577231723331826,0.6940769187608286,False
ENSG00000147488,ST18,37,True,-0.1555977229601518,0.3577833919172256,0.6940769187608286,False
ENSG00000263761,GDF2,31,True,0.1708350141185962,0.3581680761692089,0.6943794886652097,False
ENSG00000172469,MANEA,29,True,-0.1769780679840882,0.358402985865321,0.6943914901640807,False
ENSG00000198842,STYXL2,33,True,-0.16495276372338785,0.35895919526309095,0.6950255847058316,False
ENSG00000057657,PRDM1,31,True,-0.170414440717156,0.3593703853053181,0.6953782599024511,False
ENSG00000006611,USH1C,33,True,-0.16456331022790321,0.3601107140660501,0.6957726649671303,False
ENSG00000079246,XRCC5,30,True,-0.17299344168545197,0.36062157041263126,0.6957726649671303,False
ENSG00000109832,DDX25,31,True,-0.16982654641519113,0.36105504054200926,0.6957726649671303,False
ENSG00000143842,SOX13,29,True,-0.1759921177446225,0.3611299546495987,0.6957726649671303,False
ENSG00000095464,PDE6C,31,True,-0.16979230028626963,0.3611533197668365,0.6957726649671303,False
ENSG00000064199,SPA17,32,True,-0.16680414330894072,0.36152622690587477,0.6957726649671303,False
ENSG00000005421,PON1,31,True,-0.1695735465821066,0.3617814719952976,0.6957726649671303,False
ENSG00000148935,GAS2,31,True,0.16950863454382664,0.3619679918991103,0.6957726649671303,False
ENSG00000198961,PJA2,31,True,-0.16950690819262676,0.36197295321958123,0.6957726649671303,False
ENSG00000254093,PINX1,33,True,0.16392209369315489,0.3620114311343257,0.6957726649671303,False
ENSG00000102524,TNFSF13B,30,True,0.17247135711143027,0.3620951286719585,0.6957726649671303,False
ENSG00000164342,TLR3,30,True,0.17223335986982655,0.3627680457490918,0.6961224763224735,False
ENSG00000178662,CSRNP3,35,True,0.15852889706148343,0.3630444923564381,0.6961224763224735,False
ENSG00000155252,PI4K2A,29,True,-0.17521580429584155,0.3632857144281987,0.6961224763224735,False
ENSG00000134259,NGF,29,True,-0.17518788925992,0.36336337339730435,0.6961224763224735,False
ENSG00000109927,TECTA,31,True,0.16900273033051716,0.3634236248257972,0.6961224763224735,False
ENSG00000139350,NEDD1,35,True,-0.15813073674346712,0.36426647527365874,0.6969700951993005,False
ENSG00000113119,TMCO6,30,True,0.17168359818250686,0.364325277035998,0.6969700951993005,False
ENSG00000135049,AGTPBP1,29,True,-0.17461491198506157,0.36495954604557446,0.6976677210301527,False
ENSG00000070269,TMEM260,30,True,0.1713236208197623,0.365347069550774,0.6976677210301527,False
ENSG00000188467,SLC24A5,33,True,-0.16277903242242076,0.3654145202032323,0.6976677210301527,False
ENSG00000241399,CD302,30,True,-0.1712313897961608,0.3656091383922836,0.6976677210301527,False
ENSG00000123104,ITPR2,29,True,0.17420229280900662,0.36611155482015506,0.698187613337934,False
ENSG00000198821,CD247,31,True,0.16797741480137124,0.36638437362806153,0.6982692770463244,False
ENSG00000115263,GCG,38,True,-0.15048995659235667,0.36713968657335283,0.6992698170870132,False
ENSG00000172175,MALT1,31,True,-0.1674062121823316,0.3680399661349492,0.7005450389879033,False
ENSG00000162618,ADGRL4,33,True,0.1617216888222411,0.3685792543746441,0.7010155972444146,False
ENSG00000100505,TRIM9,33,True,-0.16166513472848626,0.36874898181796123,0.7010155972444146,False
ENSG00000067141,NEO1,29,True,-0.17309350876708224,0.36921779785379116,0.7014676059349875,False
ENSG00000197506,SLC28A3,29,True,0.17272392457272,0.3702566068654774,0.7030012873318258,False
ENSG00000148541,FAM13C,29,True,0.17262198127156234,0.37054344503741965,0.7031061869585038,False
ENSG00000078018,MAP2,32,True,-0.16364136688704786,0.37083008659734296,0.7032105827042681,False
ENSG00000213722,DDAH2,29,True,0.17223112117891884,0.37164441468817194,0.7038611257125721,False
ENSG00000198807,PAX9,29,True,-0.17210792295203836,0.3719918340585004,0.7038611257125721,False
ENSG00000172197,MBOAT1,31,True,0.16599435593788872,0.37215102155274926,0.7038611257125721,False
ENSG00000135945,REV1,29,True,-0.1720483167867598,0.3721599917684608,0.7038611257125721,False
ENSG00000101333,PLCB4,33,True,-0.16045462366859628,0.37239298396868536,0.7038611257125721,False
ENSG00000143498,TAF1A,29,True,-0.17186152649827738,0.37268724226406214,0.7038611257125721,False
ENSG00000138395,CDK15,29,True,-0.17182301187036542,0.3727960112469749,0.7038611257125721,False
ENSG00000136574,GATA4,29,True,-0.1712455457604,0.37442905331402293,0.7056324283035037,False
ENSG00000114737,CISH,31,True,-0.16517092618221185,0.3745610865619498,0.7056324283035037,False
ENSG00000162398,CIMAP2,29,True,0.17116451146594958,0.374658547093025,0.7056324283035037,False
ENSG00000107593,PKD2L1,29,True,-0.17104128287598128,0.37500769468925876,0.7056324283035037,False
ENSG00000102385,DRP2,31,True,-0.16498588475965123,0.3751039320919536,0.7056324283035037,False
ENSG00000163554,SPTA1,29,True,0.17097807860596245,0.3751868469695792,0.7056324283035037,False
ENSG00000172878,METAP1D,30,True,-0.167797939692927,0.37544382838483387,0.7056324283035037,False
ENSG00000138207,RBP4,29,True,0.1707834302201424,0.37573889035997754,0.7056324283035037,False
ENSG00000178074,C2orf69,29,True,-0.17075274245635302,0.3758259672486053,0.7056324283035037,False
ENSG00000118526,TCF21,33,True,-0.1591574025455211,0.37632146174853753,0.7061260555429912,False
ENSG00000090975,PITPNM2,31,True,-0.16436423057204233,0.37693101272981117,0.7068329553105045,False
ENSG00000130348,QRSL1,29,True,-0.16982992874796204,0.37844994843551893,0.7092432366976762,False
ENSG00000025434,NR1H3,30,True,-0.16653679274958846,0.3790946367816757,0.7092656377576894,False
ENSG00000170145,SIK2,33,True,0.15811037673574016,0.37950990991844596,0.7092656377576894,False
ENSG00000149294,NCAM1,37,True,-0.1487608205857939,0.37955154888755094,0.7092656377576894,False
ENSG00000151665,PIGF,31,True,0.16338880567216096,0.37980830170467955,0.7092656377576894,False
ENSG00000118690,ARMC2,31,True,0.16337233087447128,0.3798570082851312,0.7092656377576894,False
ENSG00000163219,ARHGAP25,33,True,0.15780675579908618,0.3804374545760962,0.7092656377576894,False
ENSG00000149564,ESAM,31,True,-0.16315418052092212,0.38050229732157376,0.7092656377576894,False
ENSG00000147419,CCDC25,29,True,0.16902796728002623,0.3807389068662165,0.7092656377576894,False
ENSG00000185053,SGCZ,29,True,0.16900714461690072,0.38079844550671726,0.7092656377576894,False
ENSG00000122477,LRRC39,32,True,0.1602346692954579,0.3810075941055249,0.7092656377576894,False
ENSG00000172292,CERS6,29,True,0.16892558423210863,0.3810317046056625,0.7092656377576894,False
ENSG00000008086,CDKL5,31,True,0.16254916544916087,0.3822952670214023,0.7111816364442263,False
ENSG00000062598,ELMO2,34,True,-0.15456352420348213,0.3827700875872106,0.7113575127891449,False
ENSG00000145246,ATP10D,32,True,-0.15950133520898802,0.3832195136578867,0.7113575127891449,False
ENSG00000079112,CDH17,30,True,0.16510903835557236,0.38325255953214765,0.7113575127891449,False
ENSG00000146072,TNFRSF21,29,True,-0.16804239166704,0.3835628912949834,0.7113575127891449,False
ENSG00000143850,PLEKHA6,29,True,0.1680216853159458,0.3836223509192213,0.7113575127891449,False
ENSG00000122008,POLK,30,True,0.16492321388827064,0.3837956541332739,0.7113575127891449,False
ENSG00000113407,TARS1,32,True,-0.15914103618510433,0.38430899439578564,0.7117411561005763,False
ENSG00000105855,ITGB8,36,True,-0.14940457063460857,0.38447150724800566,0.7117411561005763,False
ENSG00000198822,GRM3,33,True,0.15638582413908392,0.38479588633953726,0.7119075630267124,False
ENSG00000136872,ALDOB,29,True,-0.1672624196115243,0.3858063051788773,0.7126905634140545,False
ENSG00000107105,ELAVL2,34,True,0.15352284884609507,0.3860208974129247,0.7126905634140545,False
ENSG00000108469,RECQL5,30,True,0.1641624940606972,0.3860235885414177,0.7126905634140545,False
ENSG00000112996,MRPS30,31,True,-0.16125127448764665,0.38615809513047417,0.7126905634140545,False
ENSG00000070882,OSBPL3,31,True,-0.16112119706499933,0.38654647621936733,0.7127270704897838,False
ENSG00000204767,INSYN2B,34,True,0.1533053154545282,0.3867024399124305,0.7127270704897838,False
ENSG00000106341,PPP1R17,29,True,0.16687207802956502,0.386931866522123,0.7127270704897838,False
ENSG00000128510,CPA4,33,True,0.15562056051008422,0.38715515691875624,0.7127270704897838,False
ENSG00000137819,PAQR5,29,True,0.1665640027424165,0.3878215430283902,0.7127270704897838,False
ENSG00000179387,ELMOD2,32,True,-0.1578030441958555,0.3883705549719388,0.7127270704897838,False
ENSG00000135312,HTR1B,31,True,-0.160480129110349,0.3884638527451156,0.7127270704897838,False
ENSG00000145868,FBXO38,31,True,0.16042409449260317,0.38863170752096593,0.7127270704897838,False
ENSG00000146374,RSPO3,30,True,0.1632721212115544,0.38864069794929185,0.7127270704897838,False
ENSG00000197548,ATG7,32,True,0.15765353152160763,0.3888259458042,0.7127270704897838,False
ENSG00000118407,FILIP1,35,True,-0.15025217295108,0.3889477628129887,0.7127270704897838,False
ENSG00000176399,DMRTA1,29,True,0.16609167077378018,0.38918784970165315,0.7127270704897838,False
ENSG00000152377,SPOCK1,29,True,0.16607121991728,0.38924706987049945,0.7127270704897838,False
ENSG00000173545,ZNF622,29,True,-0.16594754053254376,0.38960532222828403,0.7127270704897838,False
ENSG00000141424,SLC39A6,32,True,0.15720964407420498,0.39017976953938927,0.7127270704897838,False
ENSG00000139055,ERP27,29,True,-0.16555802424093194,0.39073483868492287,0.7127270704897838,False
ENSG00000149295,DRD2,32,True,0.15702100933755403,0.3907559136713608,0.7127270704897838,False
ENSG00000111961,SASH1,30,True,-0.16247496507476072,0.3909924514958502,0.7127270704897838,False
ENSG00000151276,MAGI1,30,True,-0.16247496105052303,0.39099246338865207,0.7127270704897838,False
ENSG00000164220,F2RL2,30,True,-0.16243881132017227,0.3910993048158967,0.7127270704897838,False
ENSG00000124882,EREG,32,True,0.15690587546423435,0.3911078061383333,0.7127270704897838,False
ENSG00000135269,TES,29,True,0.16522917693445047,0.3916898865303731,0.7127845613806901,False
ENSG00000083535,PIBF1,31,True,0.15938666478757943,0.3917469346964735,0.7127845613806901,False
ENSG00000143036,SLC44A3,31,True,-0.15935452065802244,0.3918436867405704,0.7127845613806901,False
ENSG00000128052,KDR,31,True,-0.1589350673885791,0.39310747603722573,0.7146552678137829,False
ENSG00000113441,LNPEP,32,True,0.15612394835218069,0.3935024969236732,0.7149452906404977,False
ENSG00000151376,ME3,32,True,0.156003668982428,0.393871604719388,0.715187913832573,False
ENSG00000139155,SLCO1C1,33,True,0.15330603173681948,0.3943415896721385,0.7156133091719142,False
ENSG00000138650,PCDH10,29,True,-0.16414048183775726,0.39486122451688493,0.716128242313777,False
ENSG00000065548,ZC3H15,29,True,-0.16399508776458077,0.3952858587241602,0.7164703684098809,False
ENSG00000075420,FNDC3B,32,True,0.15539054166585217,0.39575623032081764,0.7167918704792162,False
ENSG00000214013,GANC,33,True,-0.15272088994257724,0.39617048158036006,0.7167918704792162,False
ENSG00000003756,RBM5,31,True,0.15792130448884042,0.3961715278867341,0.7167918704792162,False
ENSG00000125484,GTF3C4,29,True,-0.16358709041635872,0.39647883460437267,0.7169206324353039,False
ENSG00000188089,PLA2G4E,31,True,0.15752319804069392,0.39737851081148284,0.7181197373950369,False
ENSG00000204381,LAYN,30,True,-0.15976858428477217,0.39903746695209863,0.7204768058353975,False
ENSG00000140829,DHX38,33,True,-0.15176855578512022,0.39915743986005886,0.7204768058353975,False
ENSG00000138448,ITGAV,31,True,-0.15676384625310028,0.3996865350865595,0.7210031613326171,False
ENSG00000266094,RASSF5,30,True,0.15935900289338972,0.40026314006696095,0.7216145446812906,False
ENSG00000038532,CLEC16A,32,True,0.15376857810339137,0.4007666644026683,0.7218863389017895,False
ENSG00000021826,CPS1,33,True,-0.15112002885844694,0.4011988712118859,0.7218863389017895,False
ENSG00000137509,PRCP,33,True,0.15110739710109142,0.4012386924928596,0.7218863389017895,False
ENSG00000100897,DCAF11,29,True,-0.1618589940365217,0.40155442759676385,0.7218863389017895,False
ENSG00000165185,KIAA1958,29,True,-0.16184259267975173,0.40160277549575846,0.7218863389017895,False
ENSG00000163378,EOGT,29,True,-0.16165599307988804,0.4021530655124968,0.7222010548201785,False
ENSG00000169344,UMOD,33,True,0.15078569251141496,0.40225361781980296,0.7222010548201785,False
ENSG00000113282,CLINT1,29,True,-0.1615252957277849,0.40253875132988176,0.7222858445848233,False
ENSG00000118246,FASTKD2,34,True,-0.14809720484750497,0.4032275224827122,0.7223458080203505,False
ENSG00000135525,MAP7,30,True,-0.15835744491431114,0.4032692981594019,0.7223458080203505,False
ENSG00000071189,SNX13,30,True,-0.158351908805206,0.4032859501299388,0.7223458080203505,False
ENSG00000215114,UBXN2B,29,True,0.16115908248744892,0.4036205541963222,0.7224247134828145,False
ENSG00000157625,TAB3,31,True,-0.1554054085663952,0.4038344547487664,0.7224247134828145,False
ENSG00000107643,MAPK8,29,True,0.16101593492102312,0.40404386149335275,0.7224247134828145,False
ENSG00000135900,MRPL44,31,True,-0.15523502118216664,0.40435644056317743,0.7224315683578805,False
ENSG00000143033,MTF2,29,True,0.16081330990861353,0.4046434800878079,0.7224315683578805,False
ENSG00000133392,MYH11,31,True,0.15510286721292396,0.4047615605325279,0.7224315683578805,False
ENSG00000159388,BTG2,32,True,-0.15202640748211993,0.4061884906393413,0.7234586176548898,False
ENSG00000113851,CRBN,30,True,0.15738478068185363,0.4062009286741691,0.7234586176548898,False
ENSG00000164081,TEX264,30,True,-0.15730337175990328,0.4064468410013124,0.7234586176548898,False
ENSG00000102547,CAB39L,33,True,-0.14943585927307745,0.40652804400198367,0.7234586176548898,False
ENSG00000173230,GOLGB1,29,True,-0.160177432167572,0.40652845906430896,0.7234586176548898,False
ENSG00000213694,S1PR3,30,True,-0.15711583495507778,0.40701365383201665,0.7238082489307858,False
ENSG00000116698,SMG7,29,True,0.15995070977883552,0.40720174215210214,0.7238082489307858,False
ENSG00000100605,ITPK1,29,True,0.15956136512077365,0.408359416317218,0.7254413036507161,False
ENSG00000138375,SMARCAL1,33,True,-0.1486249273770675,0.40910830766657913,0.7263466795764527,False
ENSG00000132170,PPARG,34,True,-0.14594635940826814,0.41016777055032155,0.7278020756228967,False
ENSG00000170242,USP47,30,True,-0.15586010612229542,0.4108204448668028,0.7282948482605083,False
ENSG00000002587,HS3ST1,31,True,-0.15310136235206193,0.41092525529323143,0.7282948482605083,False
ENSG00000111348,ARHGDIB,32,True,-0.15032080659945005,0.41153653303731913,0.7288614990665379,False
ENSG00000075651,PLD1,29,True,-0.15843292938696,0.41172512216703305,0.7288614990665379,False
ENSG00000156831,NSMCE2,36,True,0.14090762822884884,0.41238140901887826,0.7291490533360665,False
ENSG00000196811,CHRNG,32,True,-0.14999541641845676,0.4125613025150565,0.7291490533360665,False
ENSG00000102104,RS1,32,True,-0.1499312298826075,0.41276361809583756,0.7291490533360665,False
ENSG00000073282,TP63,33,True,-0.14745465235835042,0.41284822881577676,0.7291490533360665,False
ENSG00000088035,ALG6,30,True,0.15503617235698386,0.41332905162154193,0.7294078224190448,False
ENSG00000101194,SLC17A9,29,True,0.15771315919172005,0.413880011486183,0.7294078224190448,False
ENSG00000073803,MAP3K13,29,True,0.1576937399808,0.4139382368971589,0.7294078224190448,False
ENSG00000134748,PRPF38A,31,True,0.15212348119200628,0.4139557569262234,0.7294078224190448,False
ENSG00000137831,UACA,31,True,-0.1518910749026385,0.4146778329806578,0.7302563230448244,False
ENSG00000101138,CSTF1,30,True,-0.1544453108481926,0.4151332962868058,0.7303036866733561,False
ENSG00000170927,PKHD1,30,True,-0.15442813021397198,0.4151858245053401,0.7303036866733561,False
ENSG00000008118,CAMK1G,31,True,-0.15153349475383374,0.4157901949861901,0.7308300383045555,False
ENSG00000181634,TNFSF15,29,True,-0.1568506701148609,0.41647045175782516,0.7308300383045555,False
ENSG00000038002,AGA,31,True,-0.15130119023602986,0.41651374228268084,0.7308300383045555,False
ENSG00000102239,BRS3,31,True,0.15125542690678742,0.41665636194996386,0.7308300383045555,False
ENSG00000147677,EIF3H,29,True,0.15677815144889043,0.41668866808471194,0.7308300383045555,False
ENSG00000148848,ADAM12,30,True,0.1535551437508218,0.41785978358449744,0.7324609139506548,False
ENSG00000114439,BBX,33,True,0.14537702928494195,0.41953503245580964,0.7349730862872694,False
ENSG00000196090,PTPRT,29,True,-0.1554953178905865,0.42055935133266253,0.7361210634018969,False
ENSG00000043462,LCP2,29,True,0.1554570091155457,0.42067524538942397,0.7361210634018969,False
ENSG00000174953,DHX36,33,True,-0.14487666171470515,0.42115445331734386,0.7362665592686379,False
ENSG00000149089,APIP,31,True,-0.14978818138163275,0.4212434168147642,0.7362665592686379,False
ENSG00000143924,EML4,29,True,0.15511718178543263,0.4217040858528707,0.7366476436417235,False
ENSG00000151012,SLC7A11,30,True,-0.1521424681355852,0.4222070571300967,0.7371021422926817,False
ENSG00000116106,EPHA4,31,True,-0.14922363683116333,0.4230158011451375,0.7373131031145052,False
ENSG00000119720,NRDE2,30,True,0.15177478674130743,0.4233426296705086,0.7373131031145052,False
ENSG00000134247,PTGFRN,29,True,0.15450961064563826,0.4235469949072546,0.7373131031145052,False
ENSG00000134343,ANO3,31,True,0.14892544320636197,0.4239536447930862,0.7373131031145052,False
ENSG00000066084,DIP2B,30,True,-0.15150840570333549,0.42416639361835967,0.7373131031145052,False
ENSG00000116132,PRRX1,32,True,-0.14634146341463414,0.4241670457285792,0.7373131031145052,False
ENSG00000175077,RTP1,32,True,-0.1463146339225369,0.4242529260627862,0.7373131031145052,False
ENSG00000127993,RBM48,30,True,-0.15147468096041278,0.42427074807017146,0.7373131031145052,False
ENSG00000151577,DRD3,37,True,0.1350533893348231,0.4254724877553361,0.7389785313645311,False
ENSG00000116984,MTR,30,True,0.15088461951167706,0.42609886918916745,0.7396433201019511,False
ENSG00000005981,ASB4,36,True,-0.1367235300678789,0.42653534703919854,0.7399778934920038,False
ENSG00000110436,SLC1A2,38,True,0.13274965979140985,0.42689665507801927,0.7400323009588798,False
ENSG00000139116,KIF21A,32,True,-0.14542453695213645,0.42710756173575454,0.7400323009588798,False
ENSG00000139874,SSTR1,29,True,0.15327747658945293,0.4272979656063624,0.7400323009588798,False
ENSG00000122042,UBL3,29,True,-0.1530499087406115,0.4279927385276379,0.7408129727308488,False
ENSG00000013392,RWDD2A,32,True,0.1446909982151294,0.42946805910325336,0.7419621962500219,False
ENSG00000136051,WASHC4,32,True,0.1446909982151294,0.42946805910325336,0.7419621962500219,False
ENSG00000001561,ENPP4,30,True,0.14975523290202183,0.4296100049732811,0.7419621962500219,False
ENSG00000105810,CDK6,29,True,0.15250062054335842,0.429672287882305,0.7419621962500219,False
ENSG00000164062,APEH,31,True,-0.14704993108822575,0.4298786242436721,0.7419621962500219,False
ENSG00000185753,CXorf38,29,True,0.1523105372008018,0.430254342432528,0.7421887406961108,False
ENSG00000115207,GTF3C2,29,True,-0.15204534253326762,0.43106711632202255,0.7423545437668178,False
ENSG00000156931,VPS8,31,True,-0.14664649595513704,0.43115905145868205,0.7423545437668178,False
ENSG00000066827,ZFAT,31,True,-0.1466021405084537,0.43129995499409185,0.7423545437668178,False
ENSG00000136160,EDNRB,32,True,0.14411441144114412,0.4313285293823012,0.7423545437668178,False
ENSG00000120457,KCNJ5,32,True,-0.14391786658688155,0.43196373172871333,0.7427474283933794,False
ENSG00000164331,ANKRA2,29,True,-0.151589844712842,0.43246509314657505,0.7427474283933794,False
ENSG00000155016,CYP2U1,31,True,-0.14622832084443416,0.4324884685942534,0.7427474283933794,False
ENSG00000138134,STAMBPL1,31,True,-0.14621357339637645,0.4325353930828375,0.7427474283933794,False
ENSG00000164303,ENPP6,31,True,0.14602663551945594,0.43313044736898393,0.7433488062251188,False
ENSG00000003436,TFPI,30,True,0.14846967259455596,0.433625928642951,0.7437787115028244,False
ENSG00000117569,PTBP2,30,True,-0.14837926583687178,0.43390911746655375,0.743841871948487,False
ENSG00000145439,CBR4,29,True,-0.15104102615547532,0.4341527658408166,0.743841871948487,False
ENSG00000028528,SNX1,30,True,0.14797908985205843,0.4351638356718877,0.7444786105386137,False
ENSG00000114062,UBE3A,32,True,-0.1428571452592976,0.4354006810526235,0.7444786105386137,False
ENSG00000138246,DNAJC13,32,True,-0.14281786221586398,0.4355282527670589,0.7444786105386137,False
ENSG00000113578,FGF1,32,True,-0.14280476626947755,0.4355707864105147,0.7444786105386137,False
ENSG00000089225,TBX5,31,True,0.14520520983051594,0.43575049108271297,0.7444786105386137,False
ENSG00000168434,COG7,32,True,-0.14241149001335676,0.4368491468563048,0.7457343056631205,False
ENSG00000172269,DPAGT1,29,True,-0.1500616933488645,0.43717321066046894,0.7457343056631205,False
ENSG00000140470,ADAMTS17,30,True,-0.14732391322983213,0.43722235312264646,0.7457343056631205,False
ENSG00000163171,CDC42EP3,30,True,-0.14708500586662174,0.4379742988683656,0.7465974011029523,False
ENSG00000213139,CRYGS,35,True,0.13518246428580707,0.4387713475995016,0.747536369984336,False
ENSG00000121966,CXCR4,32,True,-0.1417438395966392,0.43902405957310764,0.7475474171979556,False
ENSG00000029363,BCLAF1,30,True,-0.1463251815541777,0.44037046518027595,0.7494196929861646,False
ENSG00000162924,REL,31,True,-0.14362077733157852,0.4408286116375973,0.7497790839953756,False
ENSG00000196911,KPNA5,31,True,-0.14339013887561883,0.44157047846931946,0.7506203654159317,False
ENSG00000115590,IL1R2,29,True,0.14855876282333624,0.4418306376975763,0.7506423145214558,False
ENSG00000176641,RNF152,29,True,0.14834895838204187,0.4424829235937188,0.751006651803924,False
ENSG00000135829,DHX9,29,True,-0.14833066516410465,0.4425398221598222,0.751006651803924,False
ENSG00000012822,CALCOCO1,29,True,0.14813902347971727,0.44313613475560193,0.7515984944793338,False
ENSG00000047932,GOPC,32,True,-0.14032836475123842,0.4436545186995695,0.7520575760870425,False
ENSG00000081800,SLC13A1,32,True,0.13987167971044956,0.44515410497820296,0.7539193758507242,False
ENSG00000092067,CEBPE,30,True,0.14478077367278336,0.44526270658161854,0.7539193758507242,False
ENSG00000128617,OPN1SW,29,True,0.14738139360207034,0.44549781300270064,0.7539193758507242,False
ENSG00000077522,ACTN2,29,True,-0.14715306877002712,0.4462108696309544,0.7543901457236809,False
ENSG00000124120,TTPAL,30,True,-0.1444629947734135,0.44627295840570846,0.7543901457236809,False
ENSG00000112282,MED23,33,True,0.13712374773665492,0.44668804429376396,0.7546716207433876,False
ENSG00000119723,COQ6,29,True,-0.1469101682394003,0.4469701183977341,0.7547281865714798,False
ENSG00000164188,RANBP3L,30,True,-0.143651942582865,0.44885695973926143,0.7574929014832672,False
ENSG00000170802,FOXN2,33,True,-0.13599130915525065,0.4504863813613715,0.7595395706121516,False
ENSG00000171385,KCND3,29,True,-0.14576145884672254,0.45057008124917164,0.7595395706121516,False
ENSG00000204568,MRPS18B,29,True,-0.14521698017899665,0.4522818272496314,0.7608022866834001,False
ENSG00000170044,ZPLD1,32,True,-0.13763067127799072,0.4525523580666147,0.7608022866834001,False
ENSG00000166407,LMO1,31,True,-0.13998992067932603,0.452585790322113,0.7608022866834001,False
ENSG00000241945,PWP2,31,True,0.13996168267184173,0.45267788086481225,0.7608022866834001,False
ENSG00000111231,GPN3,30,True,-0.1424435013142793,0.4527218793947262,0.7608022866834001,False
ENSG00000187323,DCC,31,True,-0.13991728105086879,0.45282270488699083,0.7608022866834001,False
ENSG00000049130,KITLG,32,True,-0.13710933977482162,0.45428283055326746,0.761980749530821,False
ENSG00000090905,TNRC6A,31,True,0.13928391397114462,0.4548912435494186,0.761980749530821,False
ENSG00000115657,ABCB6,29,True,-0.1443883219039291,0.454893622222455,0.761980749530821,False
ENSG00000138670,RASGEF1B,30,True,0.14176032836126592,0.454914684722677,0.761980749530821,False
ENSG00000054219,LY75,30,True,-0.14176032134048802,0.4549147072865404,0.761980749530821,False
ENSG00000103569,AQP9,32,True,-0.13688457011782149,0.45503000622509165,0.761980749530821,False
ENSG00000011143,MKS1,30,True,-0.1415377846746705,0.45563021032699497,0.7621451168078974,False
ENSG00000127824,TUBA4A,30,True,0.14153777766491424,0.4556302328742865,0.7621451168078974,False
ENSG00000169271,HSPB3,30,True,-0.14134668980141385,0.4562450986621045,0.7627533697897297,False
ENSG00000196914,ARHGEF12,32,True,0.13634696497340915,0.45681976554005416,0.763293785459331,False
ENSG00000145348,TBCK,31,True,0.13859189025620336,0.4571571018308952,0.7632977587933225,False
ENSG00000130150,MOSPD2,30,True,-0.14101141708650156,0.45732497471839706,0.7632977587933225,False
ENSG00000158125,XDH,30,True,-0.14088582239038505,0.4577298502404201,0.7635537501812723,False
ENSG00000135372,NAT10,30,True,-0.14066325395058982,0.4584478036908871,0.7643314288882666,False
ENSG00000120942,UBIAD1,29,True,-0.14315633963512425,0.4587913927420122,0.7643543195354545,False
ENSG00000157542,KCNJ6,31,True,0.13797277484821183,0.45918931749612785,0.7643543195354545,False
ENSG00000135924,DNAJB2,30,True,-0.14042505928704543,0.4592168243849371,0.7643543195354545,False
ENSG00000147408,CSGALNACT1,30,True,-0.14021811707099932,0.45988549945145074,0.7647594574787497,False
ENSG00000135960,EDAR,32,True,-0.13540520946340037,0.4599640215270741,0.7647594574787497,False
ENSG00000187720,THSD4,30,True,0.13997997886850277,0.46065561252176207,0.7654901147323863,False
ENSG00000182621,PLCB1,30,True,0.13989983392155686,0.4609149457845007,0.7655012758867693,False
ENSG00000005381,MPO,30,True,-0.13975742826032414,0.4613759327009198,0.7655012758867693,False
ENSG00000151500,THYN1,29,True,0.1423290214133706,0.4614187532519064,0.7655012758867693,False
ENSG00000089057,SLC23A2,29,True,0.1419243573663194,0.4627067481985958,0.7666927936910494,False
ENSG00000113593,PPWD1,30,True,0.1393123409091766,0.46281831066979207,0.7666927936910494,False
ENSG00000166333,ILK,34,True,-0.13022867655605622,0.462894562198845,0.7666927936910494,False
ENSG00000179902,CFAP276,29,True,0.141677969514,0.46349189510934674,0.767263573365309,False
ENSG00000273540,AGBL1,30,True,0.13889816446627123,0.4641626486984344,0.7676910854405603,False
ENSG00000144476,ACKR3,30,True,-0.13886725355802906,0.4642630619559037,0.7676910854405603,False
ENSG00000205835,GMNC,31,True,0.13635905263503803,0.464508736480339,0.7676910854405603,False
ENSG00000154227,CERS3,30,True,-0.13819962253130777,0.46643463010670105,0.7686252114724466,False
ENSG00000125046,SSUH2,35,True,-0.1272154118708148,0.4664603248472389,0.7686252114724466,False
ENSG00000112159,MDN1,30,True,0.13818424908195476,0.4664846971960576,0.7686252114724466,False
ENSG00000100889,PCK2,31,True,0.13574890084855817,0.46652844618011147,0.7686252114724466,False
ENSG00000143493,INTS7,32,True,0.13343727970466757,0.4665713202831073,0.7686252114724466,False
ENSG00000132639,SNAP25,37,True,-0.12344288360453168,0.46667914706734975,0.7686252114724466,False
ENSG00000182836,PLCXD3,31,True,0.13565305162287436,0.4668461429364926,0.7686252114724466,False
ENSG00000198894,CIPC,31,True,0.13552486250848153,0.4672712093894122,0.7689080713855043,False
ENSG00000164620,RELL2,29,True,-0.1401995821899926,0.4682176372182801,0.7700480750783848,False
ENSG00000131023,LATS1,29,True,0.14009364644194566,0.46855722964457575,0.7701893606935203,False
ENSG00000198836,OPA1,34,True,-0.12841091530287768,0.4692156632549568,0.7708543039188576,False
ENSG00000136982,DSCC1,29,True,0.13968958295328632,0.4698536935849226,0.7710485663349042,False
ENSG00000124479,NDP,29,True,-0.13946040129552,0.47058986786788237,0.7710485663349042,False
ENSG00000171316,CHD7,30,True,-0.13691006233303651,0.4706441568556462,0.7710485663349042,False
ENSG00000162998,FRZB,30,True,-0.1368491355642547,0.47084352994235423,0.7710485663349042,False
ENSG00000144452,ABCA12,34,True,-0.12785632440852934,0.4711532110262141,0.7710485663349042,False
ENSG00000168356,SCN11A,30,True,-0.1366722391152148,0.47142264480197354,0.7710485663349042,False
ENSG00000171208,NETO2,29,True,-0.13919685073828356,0.4714371833376286,0.7710485663349042,False
ENSG00000131389,SLC6A6,30,True,0.13664181680229143,0.4715222772712719,0.7710485663349042,False
ENSG00000169306,IL1RAPL1,34,True,0.1277229996851837,0.4716196270368633,0.7710485663349042,False
ENSG00000168769,TET2,31,True,-0.13409961958476163,0.4720108819259753,0.7712158053359413,False
ENSG00000148655,LRMDA,29,True,-0.13895048463078216,0.47222996776005094,0.7712158053359413,False
ENSG00000204356,NELFE,29,True,0.13869704537664648,0.47304623516827665,0.7721335322424129,False
ENSG00000068305,MEF2A,34,True,-0.1270350840674897,0.47403004109268027,0.7727154249521978,False
ENSG00000103174,NAGPA,29,True,0.13836865450961064,0.47410499205480244,0.7727154249521978,False
ENSG00000116874,WARS2,34,True,0.12699625619714222,0.47416628349339407,0.7727154249521978,False
ENSG00000143079,CTTNBP2NL,31,True,-0.1332190426451707,0.47495174709951654,0.7733488690183041,False
ENSG00000105875,WDR91,31,True,-0.13318535571300663,0.4750644402895709,0.7733488690183041,False
ENSG00000149260,CAPN5,31,True,0.1328896982050495,0.4760541020337644,0.7745446161706906,False
ENSG00000174839,DENND6A,31,True,0.132714807056052,0.47664002296647484,0.7748090333687816,False
ENSG00000096872,IFT74,29,True,0.13755701667670575,0.4767270337064835,0.7748090333687816,False
ENSG00000115170,ACVR1,35,True,-0.12415919404421177,0.4773220661340499,0.7753610448277023,False
ENSG00000110013,SIAE,35,True,-0.12405435696273466,0.47769698102937386,0.7755550986123952,False
ENSG00000175115,PACS1,30,True,0.1344014274484713,0.4788895799372507,0.7770437501800685,False
ENSG00000101974,ATP11C,34,True,-0.12542994762620374,0.47967931937680064,0.7770437501800685,False
ENSG00000091986,CCDC80,32,True,0.12957359064108367,0.4796876619670854,0.7770437501800685,False
ENSG00000137841,PLCB2,30,True,0.13409748829800458,0.47989360943981274,0.7770437501800685,False
ENSG00000091428,RAPGEF4,30,True,-0.13409748497663032,0.4798936204175324,0.7770437501800685,False
ENSG00000132640,BTBD3,33,True,-0.1268594350660204,0.4817424907193719,0.7786794339058732,False
ENSG00000127863,TNFRSF19,32,True,-0.12888441224358457,0.4820471483287657,0.7786794339058732,False
ENSG00000139329,LUM,36,True,0.12099369388427779,0.4820989134832235,0.7786794339058732,False
ENSG00000139354,GAS2L3,34,True,-0.1247134356610568,0.4822123238277899,0.7786794339058732,False
ENSG00000136011,STAB2,29,True,0.13578117299162148,0.48249001596919583,0.7786794339058732,False
ENSG00000177551,NHLH2,32,True,-0.12871287128712872,0.482635369110937,0.7786794339058732,False
ENSG00000137672,TRPC6,30,True,-0.13311074094684328,0.4831606859733444,0.7786794339058732,False
ENSG00000115866,DARS1,31,True,0.13072531899624246,0.48333146417447187,0.7786794339058732,False
ENSG00000188716,DUSP29,31,True,0.1307110498562007,0.4833796307529617,0.7786794339058732,False
ENSG00000110328,GALNT18,31,True,-0.13068468884746434,0.48346862085394304,0.7786794339058732,False
ENSG00000139793,MBNL2,33,True,-0.1260237356730433,0.48465775615510404,0.7787099466422448,False
ENSG00000170381,SEMA3E,33,True,-0.12601320341480982,0.4846945549240332,0.7787099466422448,False
ENSG00000123407,HOXC12,29,True,-0.13507217492421458,0.4848007933066575,0.7787099466422448,False
ENSG00000112079,STK38,29,True,-0.1350585346052417,0.48484530541431725,0.7787099466422448,False
ENSG00000162992,NEUROD1,32,True,0.12798168584643127,0.4851467783294491,0.7787099466422448,False
ENSG00000144366,GULP1,29,True,-0.13477886838984,0.4857583932356263,0.7787099466422448,False
ENSG00000104043,ATP8B4,29,True,-0.13477886020725124,0.4857584199639558,0.7787099466422448,False
ENSG00000116754,SRSF11,34,True,-0.12368140006379401,0.48587289702335074,0.7787099466422448,False
ENSG00000113456,RAD1,29,True,0.13472205205261314,0.48594400122000375,0.7787099466422448,False
ENSG00000076321,KLHL20,29,True,0.13468884883533686,0.4860524864581864,0.7787099466422448,False
ENSG00000049759,NEDD4L,32,True,0.1276244661827437,0.486376161076009,0.7788175237482929,False
ENSG00000113805,CNTN3,31,True,-0.12967631406051042,0.4868790292493848,0.7792117726943238,False
ENSG00000079931,MOXD1,29,True,0.1342860754524,0.4873694557147893,0.7792617407236143,False
ENSG00000070950,RAD18,29,True,-0.1342695285882558,0.4874235986937232,0.7792617407236143,False
ENSG00000081019,RSBN1,34,True,-0.12253478061458492,0.48995661603822593,0.7828990980484495,False
ENSG00000185652,NTF3,35,True,-0.12019332057743262,0.49161105312403225,0.7851294883138148,False
ENSG00000040933,INPP4A,34,True,-0.12179095496722857,0.49261514422319036,0.7863194415676161,False
ENSG00000064933,PMS1,32,True,0.12532086752638344,0.4943422963421991,0.7874675471453165,False
ENSG00000174640,SLCO2A1,31,True,0.12747076470759136,0.49438107056257014,0.7874675471453165,False
ENSG00000179241,LDLRAD3,31,True,-0.12747075692921708,0.49438109712305295,0.7874675471453165,False
ENSG00000168918,INPP5D,29,True,-0.13203596602183704,0.49476005456282107,0.7874675471453165,False
ENSG00000149084,HSD17B12,31,True,-0.127269060104881,0.49507006559671546,0.7874675471453165,False
ENSG00000111816,FRK,30,True,-0.12943795294412938,0.49542072917633856,0.7874675471453165,False
ENSG00000078114,NEBL,32,True,0.12497707893993751,0.4955368111367089,0.7874675471453165,False
ENSG00000272573,MUSTN1,29,True,-0.13155638305589937,0.4963425383244908,0.7874675471453165,False
ENSG00000111785,RIC8B,32,True,-0.12470200099656274,0.49649363864244594,0.7874675471453165,False
ENSG00000111790,FGFR1OP2,30,True,-0.12911843276936777,0.4964946821084588,0.7874675471453165,False
ENSG00000168907,PLA2G4F,32,True,0.12469057040842775,0.49653341887024366,0.7874675471453165,False
ENSG00000124302,CHST8,30,True,-0.12910406312570083,0.4965430080882197,0.7874675471453165,False
ENSG00000105989,WNT2,30,True,-0.12897841405592306,0.496965674472379,0.7874675471453165,False
ENSG00000144191,CNGA3,30,True,-0.12897841086133985,0.49696568522082557,0.7874675471453165,False
ENSG00000154143,PANX3,29,True,-0.13106676521310667,0.4979607566107927,0.7885208244217192,False
ENSG00000127720,METTL25,32,True,0.12419739706332167,0.4982512735533664,0.7885208244217192,False
ENSG00000036054,TBC1D23,29,True,0.13088489031303918,0.4985625385084147,0.7885208244217192,False
ENSG00000198815,FOXJ3,29,True,0.13085263676688025,0.49866929607697663,0.7885208244217192,False
ENSG00000213079,SCAF8,29,True,-0.1307455339563517,0.49902388304519624,0.7886707490500863,False
ENSG00000136535,TBR1,29,True,0.13047794247271924,0.4999103543092708,0.788865450881409,False
ENSG00000108018,SORCS1,30,True,0.1280881371021589,0.4999656277408448,0.788865450881409,False
ENSG00000132429,POPDC3,29,True,-0.13023656973878758,0.5007106442568817,0.788865450881409,False
ENSG00000151834,GABRA2,30,True,-0.12782542900689473,0.5008526035973039,0.788865450881409,False
ENSG00000176049,JAKMIP2,33,True,-0.1213945326540087,0.5009695070208988,0.788865450881409,False
ENSG00000091704,CPA1,32,True,0.12339567497477111,0.5010502745820054,0.788865450881409,False
ENSG00000149968,MMP3,29,True,-0.13012939891071873,0.5010661826415973,0.788865450881409,False
ENSG00000150773,PIH1D2,29,True,-0.13008130476073224,0.5012257756094328,0.788865450881409,False
ENSG00000072952,IRAG1,32,True,-0.1230628157397978,0.502214682694598,0.7892992918535712,False
ENSG00000100473,COCH,30,True,0.1272949887325653,0.5026459177063349,0.7892992918535712,False
ENSG00000110344,UBE4A,32,True,0.12293729579581579,0.5026541289614699,0.7892992918535712,False
ENSG00000188001,TPRG1,31,True,0.12503781449069434,0.5027239853113645,0.7892992918535712,False
ENSG00000164070,HSPA4L,29,True,-0.12958857254572945,0.5028622926571112,0.7892992918535712,False
ENSG00000107521,HPS1,35,True,0.11705779363223101,0.5030613075548946,0.7892992918535712,False
ENSG00000152104,PTPN14,32,True,0.12265102672967008,0.5036570803017262,0.7898258759277069,False
ENSG00000179454,KLHL28,29,True,0.1292349399976294,0.5040384558662915,0.7900158761022514,False
ENSG00000179941,BBS10,29,True,0.12914356228676396,0.5043425957283293,0.7900846855682186,False
ENSG00000123552,USP45,29,True,-0.12903623759006985,0.5046999297800079,0.7902367131573512,False
ENSG00000037749,MFAP3,32,True,0.12210102212550117,0.5055868456748412,0.7911635533812299,False
ENSG00000196482,ESRRG,36,True,-0.11457260935872973,0.5058130622901736,0.7911635533812299,False
ENSG00000101868,POLA1,32,True,0.12147048242315878,0.5078037151714463,0.7936146268602734,False
ENSG00000176771,NCKAP5,31,True,0.12353771933409094,0.5079029051348851,0.7936146268602734,False
ENSG00000162873,KLHDC8A,29,True,-0.12787975950194405,0.5085583556051521,0.7938380091643471,False
ENSG00000243284,VSIG8,32,True,0.1212065651009779,0.5087330382219736,0.7938380091643471,False
ENSG00000242120,MDFIC2,33,True,0.11919090771689454,0.5088302917766204,0.7938380091643471,False
ENSG00000166689,PLEKHA7,31,True,-0.12281940165295621,0.5103921740416413,0.7958657629123898,False
ENSG00000198216,CACNA1E,34,True,0.1166220866989933,0.5112907287862745,0.7959688980220405,False
ENSG00000196284,SUPT3H,29,True,-0.1268785453632142,0.511910502976809,0.7959688980220405,False
ENSG00000120694,HSPH1,30,True,0.12455476402493322,0.5119609104525582,0.7959688980220405,False
ENSG00000008869,HEATR5B,30,True,-0.12444345503116652,0.5123410794766954,0.7959688980220405,False
ENSG00000145451,GLRA3,29,True,-0.12672587292856288,0.5124226164674234,0.7959688980220405,False
ENSG00000115310,RTN4,29,True,0.12667899048739825,0.5125799261171583,0.7959688980220405,False
ENSG00000070961,ATP2B1,36,True,-0.11272774117225605,0.5127331884751091,0.7959688980220405,False
ENSG00000188175,HEPACAM2,30,True,-0.12431830906155848,0.5127686739429871,0.7959688980220405,False
ENSG00000115155,OTOF,30,True,-0.12430390321369332,0.5128179066308008,0.7959688980220405,False
ENSG00000112077,RHAG,30,True,-0.12408190518584465,0.5135768900057918,0.7961584872375733,False
ENSG00000138311,ZNF365,30,True,-0.12398441924312995,0.5139103567473683,0.7961584872375733,False
ENSG00000133641,RLIG1,29,True,-0.1262171909291637,0.5141307190899663,0.7961584872375733,False
ENSG00000059691,GATB,33,True,0.11755853007179073,0.5146926704037075,0.7961584872375733,False
ENSG00000120158,RCL1,31,True,0.12148118808974243,0.5150456973999799,0.7961584872375733,False
ENSG00000117594,HSD11B1,32,True,0.1193797529559698,0.5151888403744157,0.7961584872375733,False
ENSG00000075336,TIMM21,33,True,0.11736186616276871,0.5154011968659026,0.7961584872375733,False
ENSG00000162972,MAIP1,32,True,-0.11931401521317397,0.5154219021301842,0.7961584872375733,False
ENSG00000197142,ACSL5,29,True,-0.12580089095622385,0.5155306872867552,0.7961584872375733,False
ENSG00000135622,SEMA4F,30,True,0.12349800038725425,0.5155758222434568,0.7961584872375733,False
ENSG00000145901,TNIP1,32,True,0.119200440124702,0.5158246852425252,0.7961584872375733,False
ENSG00000006116,CACNG3,31,True,-0.12078710589216271,0.5174675011698524,0.7977622290882296,False
ENSG00000128805,ARHGAP22,32,True,-0.11872020734942687,0.5175294957684815,0.7977622290882296,False
ENSG00000183891,TTC32,30,True,-0.12288512911843277,0.517678015323369,0.7977622290882296,False
ENSG00000198353,HOXC4,33,True,0.11659979939819458,0.5181512546175187,0.7977622290882296,False
ENSG00000125810,CD93,29,True,0.12493839709070616,0.5184370793418697,0.7977622290882296,False
ENSG00000144591,GMPPA,31,True,-0.12050874123321921,0.5184403418942941,0.7977622290882296,False
ENSG00000111241,FGF6,30,True,0.12252392610727798,0.5189189282273144,0.7978689436438281,False
ENSG00000115942,ORC2,29,True,-0.12470733304790566,0.5192170624570062,0.7978689436438281,False
ENSG00000132294,EFR3A,31,True,0.12018552371807209,0.5195710585474622,0.7978689436438281,False
ENSG00000100280,AP1B1,29,True,-0.12443020914929044,0.5201532788686539,0.7978689436438281,False
ENSG00000100697,DICER1,31,True,0.11995561912999236,0.5203760700794647,0.7978689436438281,False
ENSG00000136261,BZW2,31,True,-0.11993141256751605,0.5204608648374889,0.7978689436438281,False
ENSG00000176055,MBLAC2,29,True,-0.12430701092240995,0.5205697467368281,0.7978689436438281,False
ENSG00000172209,GPR22,30,True,-0.12200823853846855,0.5206930858145796,0.7978689436438281,False
ENSG00000197584,KCNMB2,29,True,-0.12407590322518847,0.521351436156049,0.7978689436438281,False
ENSG00000173769,TOPAZ1,30,True,-0.12173139656768046,0.5216467423142741,0.7978689436438281,False
ENSG00000104112,SCG3,32,True,-0.11754997249220613,0.521695345207738,0.7978689436438281,False
ENSG00000136161,RCBTB2,34,True,0.11371800069608072,0.5219356619285852,0.7978689436438281,False
ENSG00000156017,CARNMT1,32,True,-0.11738811642802666,0.5222728126316556,0.7978689436438281,False
ENSG00000109220,CHIC2,30,True,-0.12150884686327544,0.5224139898329324,0.7978689436438281,False
ENSG00000158560,DYNC1I1,30,True,-0.12142459730184449,0.5227045859580519,0.7978689436438281,False
ENSG00000077147,TM9SF3,29,True,-0.12367330277060971,0.5227145352132985,0.7978689436438281,False
ENSG00000198890,PRMT6,31,True,-0.11920129084308188,0.5230216215657836,0.7979365040571452,False
ENSG00000214447,FAM187A,30,True,-0.12106376550789429,0.5239500650362044,0.7986190955289995,False
ENSG00000129152,MYOD1,31,True,-0.11883385997624894,0.5243126253963745,0.7986190955289995,False
ENSG00000133105,RXFP2,33,True,-0.11477054290703806,0.5247817634755385,0.7986190955289995,False
ENSG00000118855,MFSD1,29,True,0.1230124500901262,0.524955744508264,0.7986190955289995,False
ENSG00000076043,REXO2,31,True,0.11864407021181211,0.5249800752631505,0.7986190955289995,False
ENSG00000134602,STK26,32,True,0.11661166900658043,0.5250473368497638,0.7986190955289995,False
ENSG00000103479,RBL2,32,True,0.1160231172967324,0.5271552015350099,0.8013506967618692,False
ENSG00000110060,PUS3,31,True,0.11789028073596107,0.5276350517634941,0.8013506967618692,False
ENSG00000198542,ITGBL1,31,True,0.11789027833803953,0.5276350602196892,0.8013506967618692,False
ENSG00000103995,CEP152,30,True,-0.11974182357564557,0.5285252475707758,0.80195986827427,False
ENSG00000163947,ARHGEF3,29,True,-0.12195122321318647,0.5285644586353143,0.80195986827427,False
ENSG00000204463,BAG6,30,True,0.11953255499741612,0.5292512755011199,0.8026008353753248,False
ENSG00000172345,STARD5,29,True,-0.1216266182986985,0.5296706554465976,0.8028358012660362,False
ENSG00000079101,CLUL1,29,True,-0.1215183633226522,0.5300398161267715,0.80288670668534,False
ENSG00000115415,STAT1,31,True,0.11715441097811272,0.5302331511541853,0.80288670668534,False
ENSG00000169764,UGP2,29,True,0.12136520453425333,0.530562313975206,0.802984638698268,False
ENSG00000120729,MYOT,29,True,-0.12099556799119669,0.531824335854473,0.8044936141774688,False
ENSG00000128512,DOCK4,32,True,0.11449262125287582,0.532655696035073,0.8053499467940646,False
ENSG00000166025,AMOTL1,29,True,0.12027110380904736,0.5343019722266081,0.8074369276654965,False
ENSG00000178075,GRAMD1C,30,True,-0.11783687621630833,0.5351518193072117,0.8083188673714898,False
ENSG00000137145,DENND4C,29,True,-0.1197781894491742,0.5359908534743729,0.8086085760664029,False
ENSG00000164715,LMTK2,29,True,-0.11973392824567398,0.5361426303654109,0.8086085760664029,False
ENSG00000171617,ENC1,29,True,-0.1197339246119734,0.5361426428266367,0.8086085760664029,False
ENSG00000124664,SPDEF,30,True,-0.11728051702737391,0.537094617304295,0.8096421341290166,False
ENSG00000165934,CPSF2,32,True,0.11295498351316548,0.5382094634530462,0.8109200650339694,False
ENSG00000145863,GABRA6,35,True,0.10742817204320297,0.5390476058987307,0.8117800255498742,False
ENSG00000181722,ZBTB20,34,True,-0.10897142492882715,0.5395646269256377,0.8120970572758408,False
ENSG00000151692,RNF144A,31,True,-0.11446147872995364,0.5397931032880918,0.8120970572758408,False
ENSG00000143156,NME7,33,True,-0.11053512323884108,0.5402906785548233,0.8121192904280378,False
ENSG00000163521,GLB1L,31,True,0.11429436152172626,0.5403890530591534,0.8121192904280378,False
ENSG00000054965,FAM168A,32,True,-0.11229260291014642,0.5406103708679395,0.8121192904280378,False
ENSG00000118596,SLC16A7,30,True,0.116154876039904,0.5410355573478255,0.8123560594005925,False
ENSG00000143196,DPT,31,True,0.11393426325622605,0.5416742429236848,0.8129130012438494,False
ENSG00000198865,CCDC152,29,True,-0.1180384461665646,0.5419719512246773,0.812957926837016,False
ENSG00000144290,SLC4A10,30,True,-0.1157871412968342,0.5423259721990568,0.8130532263133602,False
ENSG00000125814,NAPB,29,True,-0.11786467217616035,0.542571092394884,0.8130532263133602,False
ENSG00000070061,ELP1,32,True,-0.11156949028236157,0.5432371987635765,0.8136497954840741,False
ENSG00000111913,RIPOR2,34,True,-0.1077405061600304,0.5441821926539265,0.814663282493748,False
ENSG00000159579,RSPRY1,32,True,0.11107035181529086,0.545053913809247,0.815566132244886,False
ENSG00000019991,HGF,35,True,-0.10560617093234631,0.5459921303940973,0.8165675408258519,False
ENSG00000110169,HPX,32,True,-0.11047950903682176,0.5472080977947941,0.8179831535721294,False
ENSG00000101542,CDH20,31,True,0.11194030761505254,0.54881670231239,0.8187973152485528,False
ENSG00000152818,UTRN,29,True,-0.11603843663315318,0.5488863810509947,0.8187973152485528,False
ENSG00000164168,TMEM184C,29,True,0.11594381468703795,0.549214522101008,0.8187973152485528,False
ENSG00000185483,ROR1,30,True,-0.11374513147798815,0.5495178445573436,0.8187973152485528,False
ENSG00000259494,MRPL46,30,True,-0.11373513539106815,0.549553159351667,0.8187973152485528,False
ENSG00000147869,CER1,29,True,-0.11580634029839999,0.5496914344239808,0.8187973152485528,False
ENSG00000139514,SLC7A1,29,True,0.11577780602661084,0.5497904467712696,0.8187973152485528,False
ENSG00000161405,IKZF3,34,True,-0.10622038944170892,0.5499103181132409,0.8187973152485528,False
ENSG00000166292,TMEM100,29,True,0.11557417447018235,0.5504972775898962,0.8188629083547141,False
ENSG00000144810,COL8A1,32,True,0.10946094609460946,0.5509310876158229,0.8188629083547141,False
ENSG00000129151,BBOX1,31,True,0.11133521807741746,0.5509928383543398,0.8188629083547141,False
ENSG00000139517,LNX2,31,True,0.11132399420339555,0.5510332416892888,0.8188629083547141,False
ENSG00000173406,DAB1,33,True,-0.10748913557077586,0.5515772290459032,0.819024451224892,False
ENSG00000013375,PGM3,32,True,0.10925603569411667,0.5516814897084664,0.819024451224892,False
ENSG00000266200,ENSG00000266200,30,True,-0.11297862867319679,0.5522288571620418,0.8191034576645789,False
ENSG00000114251,WNT5A,32,True,0.10909425009263421,0.5522743010011176,0.8191034576645789,False
ENSG00000133835,HSD17B4,29,True,-0.11471168063085263,0.5534957713003874,0.8199847876382151,False
ENSG00000165376,CLDN2,31,True,0.11052844113482749,0.5539005579020142,0.8199847876382151,False
ENSG00000135931,ARMC9,29,True,0.11458846722523411,0.5539247427412056,0.8199847876382151,False
ENSG00000144460,NYAP2,31,True,-0.11048331544186434,0.5540634061207216,0.8199847876382151,False
ENSG00000162267,ITIH3,32,True,-0.10856409315972859,0.5542189671388726,0.8199847876382151,False
ENSG00000171763,AFG2B,29,True,-0.11423290290060133,0.5551635113696709,0.8209821824249005,False
ENSG00000127980,PEX1,34,True,-0.10438175388553565,0.5568762573460164,0.8231140785309181,False
ENSG00000180806,HOXC9,31,True,-0.10927253048271682,0.5584411162386926,0.8250254155234408,False
ENSG00000183742,MACC1,30,True,-0.11103693813974187,0.5591239775942753,0.8254789830238418,False
ENSG00000157181,ODR4,31,True,-0.10903772443009885,0.5592919196574581,0.8254789830238418,False
ENSG00000148143,ZNF462,36,True,-0.10041841191426135,0.5600798140710692,0.8260643894593872,False
ENSG00000131386,GALNT15,30,True,0.11036938412987046,0.5615036126863349,0.8260643894593872,False
ENSG00000064309,CDON,29,True,-0.11235678291500285,0.5617208708218356,0.8260643894593872,False
ENSG00000112175,BMP5,32,True,-0.10651755834071498,0.5617555297974487,0.8260643894593872,False
ENSG00000115137,DNAJC27,29,True,0.11234294502063238,0.5617693675011356,0.8260643894593872,False
ENSG00000076641,PAG1,31,True,-0.1082879634842361,0.5620126080287522,0.8260643894593872,False
ENSG00000101654,RNMT,30,True,0.11019590382902938,0.562122776267202,0.8260643894593872,False
ENSG00000137171,KLC4,29,True,-0.11216566090382248,0.5623908513052437,0.8260643894593872,False
ENSG00000155957,TMBIM4,32,True,-0.10630102209242122,0.5625556868752025,0.8260643894593872,False
ENSG00000109805,NCAPG,29,True,-0.11209657891313099,0.5626331085669046,0.8260643894593872,False
ENSG00000143199,ADCY10,29,True,-0.11208276966405942,0.5626815406462492,0.8260643894593872,False
ENSG00000198382,UVRAG,29,True,0.1117683311012356,0.5637848592748521,0.8272841144313442,False
ENSG00000082213,C5orf22,29,True,-0.11167263181818585,0.5641208489942755,0.8273303505889018,False
ENSG00000204120,GIGYF2,33,True,0.10398729452028795,0.5646873719510394,0.8273303505889018,False
ENSG00000115514,TXNDC9,29,True,0.11135748059062683,0.5652279528645049,0.8273303505889018,False
ENSG00000131043,AAR2,35,True,-0.10045534175261477,0.5658500800880308,0.8273303505889018,False
ENSG00000006747,SCIN,29,True,0.11111111448312545,0.5660941048549398,0.8273303505889018,False
ENSG00000175104,TRAF6,29,True,0.1111111111111111,0.5660941167140777,0.8273303505889018,False
ENSG00000105821,DNAJC2,31,True,0.10711043927397218,0.5662977224407022,0.8273303505889018,False
ENSG00000183273,CCDC60,29,True,0.11096044519825482,0.5666241104067041,0.8273303505889018,False
ENSG00000225830,ERCC6,34,True,-0.10171952647205772,0.5670344334215967,0.8273303505889018,False
ENSG00000197299,BLM,31,True,0.1068871683474631,0.5671118962646853,0.8273303505889018,False
ENSG00000111224,PARP11,30,True,0.1087367842015601,0.5673427769316698,0.8273303505889018,False
ENSG00000120708,TGFBI,30,True,0.10852626892252894,0.5680977027920416,0.8273303505889018,False
ENSG00000111144,LTA4H,30,True,0.10841495992876224,0.5684970498905357,0.8273303505889018,False
ENSG00000167566,NCKAP5L,30,True,0.10837877537195682,0.5686268977837772,0.8273303505889018,False
ENSG00000168542,COL3A1,32,True,-0.10451045280181208,0.5691922270400849,0.8273303505889018,False
ENSG00000137507,LRRC32,32,True,-0.10449129414804226,0.5692634277706263,0.8273303505889018,False
ENSG00000173930,SLCO4C1,30,True,0.10815623168536144,0.569425787876865,0.8273303505889018,False
ENSG00000130347,RTN4IP1,29,True,0.1101256500531199,0.5695647069957014,0.8273303505889018,False
ENSG00000144481,TRPM8,32,True,-0.10430797608813341,0.5699449102678164,0.8273303505889018,False
ENSG00000070718,AP3M2,32,True,0.10406161224630099,0.570861345702711,0.8273303505889018,False
ENSG00000145147,SLIT2,34,True,-0.10071063151445103,0.5709060036308724,0.8273303505889018,False
ENSG00000128641,MYO1B,29,True,0.10971401728294314,0.5710172222432581,0.8273303505889018,False
ENSG00000230873,STMND1,31,True,0.10579929453709681,0.5710864879801617,0.8273303505889018,False
ENSG00000196151,WDSUB1,29,True,0.1096329145109633,0.571303602971566,0.8273303505889018,False
ENSG00000140694,PARN,32,True,-0.10392589215390696,0.5713664877588374,0.8273303505889018,False
ENSG00000065491,TBC1D22B,30,True,-0.10753645841985458,0.5716533223082598,0.8273303505889018,False
ENSG00000101349,PAK5,33,True,0.102122682355742,0.5717257012268352,0.8273303505889018,False
ENSG00000147421,HMBOX1,30,True,-0.10750055908371155,0.5717824684488834,0.8273303505889018,False
ENSG00000138614,INTS14,32,True,-0.10376753183206999,0.5719561503776798,0.8273303505889018,False
ENSG00000144847,IGSF11,32,True,-0.10375802190840688,0.5719915697912071,0.8273303505889018,False
ENSG00000134909,ARHGAP32,30,True,-0.10704350795098075,0.5734278329153294,0.8290128098718762,False
ENSG00000151532,VTI1A,32,True,-0.10318261419669877,0.574136496165964,0.8296422667110265,False
ENSG00000134258,VTCN1,29,True,-0.10855101034992608,0.5751300478177056,0.8297585372120764,False
ENSG00000080298,RFX3,32,True,0.10285086097958882,0.5753748008799088,0.8297585372120764,False
ENSG00000073849,ST6GAL1,30,True,0.10649900107982603,0.5753907991866217,0.8297585372120764,False
ENSG00000094975,SUCO,30,True,-0.1064661274443468,0.575509405795325,0.8297585372120764,False
ENSG00000103043,VAC14,31,True,-0.10451979316040527,0.5757772025810151,0.8297585372120764,False
ENSG00000187783,TMEM72,32,True,0.10265811354895381,0.5760948010897479,0.8297585372120764,False
ENSG00000133121,STARD13,33,True,0.10096113982207917,0.5761301042302559,0.8297585372120764,False
ENSG00000058866,DGKG,31,True,-0.10427591982975512,0.5766732053327814,0.8301469186298361,False
ENSG00000214814,FER1L6,34,True,0.09887674820643925,0.5779739329189267,0.8313365484248201,False
ENSG00000186635,ARAP1,29,True,0.10772834460164948,0.5780472508974951,0.8313365484248201,False
ENSG00000109079,TNFAIP1,29,True,-0.1074553304523456,0.579016817734463,0.8323366754932906,False
ENSG00000106692,FKTN,31,True,-0.10346914288716515,0.5796417719390486,0.8327043840281938,False
ENSG00000113658,SMAD5,31,True,0.1034204466710847,0.5798211685888016,0.8327043840281938,False
ENSG00000143919,CAMKMT,33,True,-0.09979939958904073,0.5805504196938446,0.833019384113587,False
ENSG00000140030,GPR65,29,True,0.10698879074854892,0.5806753251152843,0.833019384113587,False
ENSG00000135824,RGS8,32,True,0.10138417862744649,0.5808636482768326,0.833019384113587,False
ENSG00000184226,PCDH9,32,True,-0.101247250419173,0.5813772670968129,0.8331650394196428,False
ENSG00000138231,DBR1,29,True,-0.10644327448704,0.5826172435192711,0.8331650394196428,False
ENSG00000120057,SFRP5,29,True,0.10644327448704,0.5826172435192711,0.8331650394196428,False
ENSG00000079689,SCGN,30,True,-0.10430813823954839,0.5833190996255,0.8331650394196428,False
ENSG00000118520,ARG1,29,True,0.10618378911061838,0.5835419567323521,0.8331650394196428,False
ENSG00000164117,FBXO8,29,True,0.1061128912989894,0.5837947233583316,0.8331650394196428,False
ENSG00000101413,RPRD1B,35,True,-0.09586545576340395,0.5838191046347008,0.8331650394196428,False
ENSG00000109063,MYH3,29,True,-0.10607367334409809,0.5839345648361244,0.8331650394196428,False
ENSG00000114904,NEK4,32,True,-0.10048592689158228,0.5842366666967733,0.8331650394196428,False
ENSG00000136828,RALGPS1,29,True,-0.10596353204931687,0.5843273799660753,0.8331650394196428,False
ENSG00000184677,ZBTB40,34,True,0.0972031189711178,0.584458223721774,0.8331650394196428,False
ENSG00000025156,HSF2,32,True,-0.10028416945608179,0.5849954724393346,0.8331650394196428,False
ENSG00000118491,ZC2HC1B,34,True,0.09705028387839591,0.5850519683137142,0.8331650394196428,False
ENSG00000124813,RUNX2,29,True,-0.10569106011809494,0.5852996396686055,0.8331650394196428,False
ENSG00000180353,HCLS1,33,True,0.09854563828767088,0.5853377343311391,0.8331650394196428,False
ENSG00000102174,PHEX,32,True,-0.1000825650229062,0.5857541366241054,0.8331650394196428,False
ENSG00000050628,PTGER3,32,True,-0.10001833684804998,0.5859959267470617,0.8331650394196428,False
ENSG00000214415,GNAT3,29,True,-0.10545768220969566,0.5861329635159307,0.8331650394196428,False
ENSG00000163617,CCDC191,29,True,-0.10544469401059355,0.586179355797219,0.8331650394196428,False
ENSG00000100647,SUSD6,29,True,0.10525018486566429,0.5868743110834933,0.8337624747072933,False
ENSG00000177511,ST8SIA3,30,True,-0.10303772179065299,0.5879384143858758,0.8344737124501076,False
ENSG00000169508,GPR183,32,True,-0.09947740025307188,0.5880340503144064,0.8344737124501076,False
ENSG00000151690,MFSD6,30,True,-0.10294936068213213,0.5882602947153369,0.8344737124501076,False
ENSG00000166446,CDYL2,30,True,-0.10281518320707198,0.5887492212536646,0.8344737124501076,False
ENSG00000188647,PTAR1,30,True,0.10281517811507922,0.5887492398116372,0.8344737124501076,False
ENSG00000108883,EFTUD2,31,True,-0.10079798608826611,0.5895185024767344,0.8351741360333018,False
ENSG00000157168,NRG1,33,True,-0.09724080403520101,0.5903384889629142,0.8359457334381565,False
ENSG00000100234,TIMP3,34,True,0.09546740072219893,0.5912168973009018,0.8367993007951224,False
ENSG00000160584,SIK3,29,True,-0.10389450332758196,0.5917279451955892,0.8371323586271244,False
ENSG00000140043,PTGR2,29,True,-0.10374569068084279,0.5922617840351321,0.8371913357891226,False
ENSG00000060140,STYK1,30,True,0.10183639966646706,0.5923211427124623,0.8371913357891226,False
ENSG00000070761,CFAP20,30,True,0.10153641621414691,0.5934177649461463,0.8383510164618428,False
ENSG00000101343,CRNKL1,31,True,-0.09966710836717653,0.5937219963897479,0.8383906888554765,False
ENSG00000052795,FNIP2,29,True,0.10324012039368,0.5940769821061694,0.8385019607969922,False
ENSG00000104299,INTS9,31,True,-0.0994753853986792,0.5944359201944389,0.8386187052557232,False
ENSG00000183715,OPCML,30,True,0.10115735839243664,0.5948047073726993,0.838749229718307,False
ENSG00000029559,IBSP,30,True,-0.10094602677320834,0.5955785600659633,0.8391315036390457,False
ENSG00000265203,RBP3,35,True,-0.09288316146066763,0.5956285870692172,0.8391315036390457,False
ENSG00000123094,RASSF8,30,True,0.10081229002771344,0.5960685005242173,0.8393617660443061,False
ENSG00000103540,CCP110,31,True,-0.09884014170291218,0.5968040446213038,0.8400079181596097,False
ENSG00000182533,CAV3,33,True,0.09532569912782779,0.5977117457088559,0.8408956719055081,False
ENSG00000102468,HTR2A,29,True,-0.10199556850557413,0.5985556067427341,0.8416928309731082,False
ENSG00000185480,PARPBP,33,True,-0.09495946131571806,0.5991262983514273,0.8417722651524162,False
ENSG00000145982,FARS2,31,True,-0.09820528531996829,0.5991747791526789,0.8417722651524162,False
ENSG00000013297,CLDN11,29,True,-0.10174920239807275,0.599443885790357,0.8417722651524162,False
ENSG00000124214,STAU1,30,True,-0.09972175910398962,0.6000700886253519,0.842179558165424,False
ENSG00000073910,FRY,32,True,0.09624198145214419,0.6002887232773312,0.842179558165424,False
ENSG00000081051,AFP,31,True,-0.09781183875481735,0.600646046163632,0.84229163794586,False
ENSG00000155897,ADCY8,30,True,-0.09930973303418571,0.6015849587368672,0.8424080984067248,False
ENSG00000158296,SLC13A3,33,True,-0.0942670914053003,0.6018044318049728,0.8424080984067248,False
ENSG00000102245,CD40LG,33,True,0.09425441988247676,0.6018534938999284,0.8424080984067248,False
ENSG00000133119,RFC3,29,True,-0.10102254604199817,0.6020671365134662,0.8424080984067248,False
ENSG00000243667,DNAAF10,30,True,-0.09916527607327538,0.6021164603236472,0.8424080984067248,False
ENSG00000113163,CERT1,29,True,0.10059172820548494,0.6036247020324979,0.8437418663651689,False
ENSG00000183775,KCTD16,33,True,0.0937970239090453,0.6036256040003778,0.8437418663651689,False
ENSG00000157450,RNF111,33,True,-0.09345481935183435,0.6049528787329007,0.8443065740232789,False
ENSG00000273274,ZBTB8B,29,True,-0.1001848436442167,0.6050973061966115,0.8443065740232789,False
ENSG00000177054,ZDHHC13,30,True,0.09835336003560302,0.6051074630879001,0.8443065740232789,False
ENSG00000163312,HELQ,29,True,0.10017250180941234,0.6051419977189245,0.8443065740232789,False
ENSG00000120860,WASHC3,30,True,0.09808506873318358,0.606097198336681,0.8452508471061844,False
ENSG00000183111,ARHGEF37,31,True,0.0962081504038553,0.6066588566472219,0.8455460544098786,False
ENSG00000104447,TRPS1,32,True,0.09441745704899865,0.6072473469072837,0.8455460544098786,False
ENSG00000204020,LIPN,33,True,-0.09278609076971031,0.6075501926526616,0.8455460544098786,False
ENSG00000237172,B3GNT9,33,True,-0.09276282930840722,0.6076406242691044,0.8455460544098786,False
ENSG00000135837,CEP350,30,True,-0.09765060115004962,0.6077014132814081,0.8455460544098786,False
ENSG00000095585,BLNK,31,True,0.09539175590254727,0.6097295683112128,0.8473951334254979,False
ENSG00000139508,SLC46A3,32,True,-0.09370988446726572,0.6099551486182706,0.8473951334254979,False
ENSG00000081791,DELE1,31,True,0.09532936596472313,0.6099645049599,0.8473951334254979,False
ENSG00000262246,CORO7,29,True,-0.0987928091080561,0.6101468253188862,0.8473951334254979,False
ENSG00000140522,RLBP1,30,True,-0.09663772227990268,0.611448267529616,0.8486574871996969,False
ENSG00000152932,RAB3C,35,True,-0.08883906698746845,0.6118062941114643,0.8486574871996969,False
ENSG00000110171,TRIM3,29,True,-0.0983121850506275,0.611894347654854,0.8486574871996969,False
ENSG00000012174,MBTPS2,30,True,0.09637213443133763,0.6124323315038254,0.8490157801121524,False
ENSG00000144644,GADL1,30,True,-0.09591632892261477,0.6141227360110947,0.8509706191372357,False
ENSG00000250878,METTL21EP,29,True,-0.09756097857054917,0.614629867201326,0.8512847978208146,False
ENSG00000138029,HADHB,33,True,-0.09056699584609877,0.6162027280048316,0.8530740913008066,False
ENSG00000138592,USP8,30,True,-0.09526989485827579,0.6165234330593761,0.8531290532216343,False
ENSG00000138823,MTTP,36,True,-0.08593910550383903,0.6182298542123066,0.8540850592830622,False
ENSG00000112246,SIM1,33,True,-0.09002758536844865,0.618313700154665,0.8540850592830622,False
ENSG00000143167,GPA33,29,True,-0.09636475735519982,0.6189963504594646,0.8540850592830622,False
ENSG00000198570,RD3,30,True,-0.09460211522141872,0.6190074788957088,0.8540850592830622,False
ENSG00000130762,ARHGEF16,29,True,-0.09632914803304224,0.6191265282701831,0.8540850592830622,False
ENSG00000073331,ALPK1,32,True,0.09130076122327006,0.6192124846122106,0.8540850592830622,False
ENSG00000107020,PLGRKT,31,True,-0.09276999516949629,0.6196347134474438,0.8540850592830622,False
ENSG00000197081,IGF2R,29,True,0.09610645638245441,0.619940882670436,0.8540850592830622,False
ENSG00000137976,DNASE2B,30,True,-0.09434802191746991,0.6199537534762479,0.8540850592830622,False
ENSG00000205133,TRIQK,29,True,-0.09608277900960828,0.6200274936297329,0.8540850592830622,False
ENSG00000164307,ERAP1,30,True,-0.09392388391993017,0.6215346208813356,0.8547664308725309,False
ENSG00000064692,SNCAIP,30,True,-0.09390298407823656,0.6216125625467379,0.8547664308725309,False
ENSG00000166747,AP1G1,29,True,0.0955492606350554,0.621980400627518,0.8547664308725309,False
ENSG00000073734,ABCB11,31,True,-0.09208270344363145,0.6222422861718467,0.8547664308725309,False
ENSG00000125885,MCM8,29,True,0.09536717884438518,0.6226474742126363,0.8547664308725309,False
ENSG00000144468,RHBDD1,32,True,0.09038408995175988,0.6227501118206684,0.8547664308725309,False
ENSG00000119487,MAPKAP1,30,True,0.09359002893389717,0.6227801439604853,0.8547664308725309,False
ENSG00000116783,TNNI3K,33,True,0.08885731034973159,0.6229038415327568,0.8547664308725309,False
ENSG00000094804,CDC6,29,True,0.09525570004548525,0.6230560314627506,0.8547664308725309,False
ENSG00000186106,ANKRD46,33,True,-0.08862135303942784,0.6238310285846328,0.8552920440785532,False
ENSG00000114648,KLHL18,29,True,0.09499753573188763,0.6240025947411052,0.8552920440785532,False
ENSG00000145050,MANF,30,True,-0.0930466621941468,0.6248094812811658,0.8557756395543702,False
ENSG00000117155,SSX2IP,29,True,0.09463955709564383,0.6253160978043399,0.8557756395543702,False
ENSG00000151611,MMAA,35,True,0.08547008547008547,0.6254230435874686,0.8557756395543702,False
ENSG00000198734,F5,31,True,0.09123019895353811,0.6254829196874663,0.8557756395543702,False
ENSG00000136634,IL10,33,True,0.08801404212637914,0.6262200426201117,0.8561165736614558,False
ENSG00000155926,SLA,36,True,0.08393949303602359,0.6264544803711809,0.8561165736614558,False
ENSG00000173531,MST1,33,True,0.08792310937519258,0.6265780720275872,0.8561165736614558,False
ENSG00000115966,ATF2,33,True,0.08770903132667744,0.6274212914910033,0.8568830593642314,False
ENSG00000078328,RBFOX1,29,True,-0.09388861793206912,0.6280751050766918,0.8571762202337009,False
ENSG00000175426,PCSK1,34,True,0.08607904820824767,0.6283512041828112,0.8571762202337009,False
ENSG00000124788,ATXN1,34,True,0.08604615720242031,0.62848295989467,0.8571762202337009,False
ENSG00000144320,LNPK,29,True,-0.09364219111334979,0.6289815675188046,0.8572144321713921,False
ENSG00000173273,TNKS,30,True,-0.09177996337027096,0.6295507148056132,0.8572144321713921,False
ENSG00000122122,SASH3,31,True,0.09015732150060508,0.6295710153557862,0.8572144321713921,False
ENSG00000197121,PGAP1,31,True,-0.09013914278855406,0.6296403767266814,0.8572144321713921,False
ENSG00000101844,ATG4A,30,True,-0.09165832805445806,0.6300067581020745,0.8573287842213797,False
ENSG00000172318,B3GALT1,34,True,0.08542828985823692,0.6309601209170829,0.858241454795817,False
ENSG00000120820,GLT8D2,30,True,0.09123275704283648,0.6316033859308279,0.858731697127628,False
ENSG00000092529,CAPN3,30,True,0.0910102381232198,0.6324388647855431,0.8594827186611051,False
ENSG00000168280,KIF5C,30,True,0.09090909147188282,0.6328187809730893,0.8596142367043843,False
ENSG00000179600,GPHB5,32,True,0.08765013625768892,0.6333499513607611,0.8599510073037883,False
ENSG00000023697,DERA,29,True,-0.09192852811634153,0.6352996812543064,0.861632063349693,False
ENSG00000070214,SLC44A1,33,True,-0.08558295296176248,0.6358205551879557,0.861632063349693,False
ENSG00000132970,WASF3,32,True,0.087000368165719,0.6358798176510955,0.861632063349693,False
ENSG00000134061,CD180,29,True,-0.09154756315423539,0.6367076927338854,0.861632063349693,False
ENSG00000102755,FLT1,32,True,-0.0867094423368842,0.6370138449970967,0.861632063349693,False
ENSG00000103671,TRIP4,29,True,0.0914468847104411,0.6370799980895704,0.861632063349693,False
ENSG00000161940,BCL6B,31,True,-0.0881226071557005,0.6373536172150436,0.861632063349693,False
ENSG00000151806,GUF1,33,True,-0.08517930314804938,0.637420293624876,0.861632063349693,False
ENSG00000170166,HOXD4,32,True,0.08657374023450597,0.637543087332265,0.861632063349693,False
ENSG00000095587,TLL2,33,True,-0.08511706161659624,0.6376671114640097,0.861632063349693,False
ENSG00000183853,KIRREL1,29,True,0.0911666934264,0.6381165903521647,0.861632063349693,False
ENSG00000111262,KCNA1,31,True,-0.08785555779705467,0.6383778982981924,0.861632063349693,False
ENSG00000168955,TM4SF20,30,True,-0.08938112199465717,0.6385690722333776,0.861632063349693,False
ENSG00000067704,IARS2,30,True,0.08938112199465717,0.6385690722333776,0.861632063349693,False
ENSG00000110921,MVK,30,True,0.08924001390507959,0.6391011564244824,0.861632063349693,False
ENSG00000039537,C6,32,True,0.08616738798646478,0.6391289218259251,0.861632063349693,False
ENSG00000009694,TENM1,31,True,-0.087535298271013,0.6396071320688455,0.8618940314962339,False
ENSG00000164841,TMEM74,31,True,-0.08713190979971802,0.6411567693309037,0.8629443085929409,False
ENSG00000158850,B4GALT3,30,True,-0.08869352325840196,0.6411634946123865,0.8629443085929409,False
ENSG00000145103,ILDR1,29,True,-0.09016999534550757,0.6418093632567882,0.8629443085929409,False
ENSG00000057252,SOAT1,30,True,-0.08840887685668503,0.642238727988752,0.8629443085929409,False
ENSG00000115306,SPTBN1,33,True,-0.08391842662269819,0.6424277047693912,0.8629443085929409,False
ENSG00000084676,NCOA1,30,True,-0.08834984357837138,0.6424618112466927,0.8629443085929409,False
ENSG00000153071,DAB2,29,True,-0.08993470562275448,0.6426823378293686,0.8629443085929409,False
ENSG00000139505,MTMR6,29,True,0.08993470562275448,0.6426823378293686,0.8629443085929409,False
ENSG00000146411,SLC2A12,30,True,-0.08814691206513367,0.6432289098635788,0.8629443085929409,False
ENSG00000169375,SIN3A,30,True,-0.08814691206513367,0.6432289098635788,0.8629443085929409,False
ENSG00000172340,SUCLG2,29,True,0.08971041349691238,0.6435149425750942,0.8629467162800292,False
ENSG00000138172,CALHM2,30,True,0.08744020523570295,0.6459031253093147,0.86535437724312,False
ENSG00000184156,KCNQ3,29,True,-0.08893816210889381,0.6463848762066272,0.86535437724312,False
ENSG00000151490,PTPRO,33,True,-0.08292234650104957,0.6463944777114139,0.86535437724312,False
ENSG00000137996,RTCA,32,True,-0.08429647213168742,0.6464505031579039,0.86535437724312,False
ENSG00000088930,XRN2,30,True,0.08711157258370217,0.6471481661248552,0.8659064928845572,False
ENSG00000134256,CD101,33,True,0.08250438881955321,0.6480618037986228,0.8667469763579818,False
ENSG00000135472,FAIM2,30,True,0.08656948979819441,0.6492039131004078,0.8670661246730623,False
ENSG00000139304,PTPRQ,35,True,0.07964415880903401,0.6492583005170538,0.8670661246730623,False
ENSG00000074706,IPCEF1,29,True,0.08809758501724987,0.6495143795543358,0.8670661246730623,False
ENSG00000152779,SLC16A12,31,True,-0.08490471297034334,0.6497391974430432,0.8670661246730623,False
ENSG00000110435,PDHX,30,True,-0.08639502081379168,0.6498660924351499,0.8670661246730623,False
ENSG00000109320,NFKB1,29,True,-0.08796353399266671,0.6500139986020718,0.8670661246730623,False
ENSG00000164930,FZD6,29,True,0.08774956864678334,0.6508117723175881,0.8673385846763304,False
ENSG00000143344,RGL1,29,True,-0.08771713753890574,0.6509327252584396,0.8673385846763304,False
ENSG00000135423,GLS2,32,True,0.08305830583058306,0.6513138852401567,0.8673385846763304,False
ENSG00000177694,NAALADL2,30,True,-0.08590186302582205,0.6517392356972826,0.8673385846763304,False
ENSG00000092208,GEMIN2,30,True,-0.08586703636693459,0.6518715952598991,0.8673385846763304,False
ENSG00000145936,KCNMB1,29,True,0.0874491939137167,0.6519323617362931,0.8673385846763304,False
ENSG00000153147,SMARCA5,30,True,-0.08575566537294375,0.6522949330010083,0.8673683242927577,False
ENSG00000107447,DNTT,37,True,-0.07648523710836916,0.6527584854121201,0.8673683242927577,False
ENSG00000173226,IQCB1,29,True,0.08721359940872137,0.6528117987513015,0.8673683242927577,False
ENSG00000180914,OXTR,30,True,0.0854662829982303,0.6533954133825391,0.8675193003678983,False
ENSG00000110906,KCTD10,29,True,-0.08701010598964752,0.6535717740197328,0.8675193003678983,False
ENSG00000029639,TFB1M,30,True,-0.08536449691156253,0.6537826611468218,0.8675193003678983,False
ENSG00000148225,WDR31,29,True,-0.08672086984048816,0.6546525510428237,0.8678856053971673,False
ENSG00000101134,DOK5,30,True,-0.08513243033026846,0.6546658937841711,0.8678856053971673,False
ENSG00000149201,CCDC81,29,True,-0.08662969874770522,0.6549933680596788,0.8678856053971673,False
ENSG00000185238,PRMT3,31,True,0.08349299565254666,0.6552021764065571,0.8678856053971673,False
ENSG00000165495,PKNOX2,32,True,-0.0819506860211697,0.6556764670816386,0.8681350868119734,False
ENSG00000134352,IL6ST,31,True,-0.08329132175000427,0.655984039164389,0.8681637065837335,False
ENSG00000163449,TMEM169,31,True,-0.0831064048604078,0.6567012511216573,0.8683571762845983,False
ENSG00000078549,ADCYAP1R1,32,True,0.08169065771934289,0.6567022650689848,0.8683571762845983,False
ENSG00000136895,GARNL3,30,True,-0.08433467053471957,0.6577056039354614,0.8693052736386856,False
ENSG00000115318,LOXL3,29,True,0.08575653031049778,0.658260884275541,0.8696605938470594,False
ENSG00000137941,TTLL7,29,True,-0.08538689268625184,0.659645980246368,0.8709091397093406,False
ENSG00000155827,RNF20,33,True,-0.07957870349697499,0.659779651294955,0.8709091397093406,False
ENSG00000028839,TBPL1,31,True,-0.08222357408826221,0.66012948833502,0.8709922323273015,False
ENSG00000100941,PNN,29,True,0.08511166365045979,0.6606780265139499,0.8710427238303289,False
ENSG00000081237,PTPRC,36,True,0.07553123050400119,0.6615167929909426,0.8710427238303289,False
ENSG00000136859,ANGPTL2,35,True,-0.07663211058670467,0.6617189055162271,0.8710427238303289,False
ENSG00000075213,SEMA3A,32,True,-0.08040707836123874,0.6617748890909484,0.8710427238303289,False
ENSG00000181541,MAB21L2,35,True,-0.07651882358384811,0.6621893395782572,0.8710427238303289,False
ENSG00000138356,AOX1,30,True,0.08312931432249744,0.6623085356615808,0.8710427238303289,False
ENSG00000151779,NBAS,29,True,-0.08455565720449833,0.6627647802654842,0.8710427238303289,False
ENSG00000129521,EGLN3,34,True,-0.07756380955635579,0.6628281145629559,0.8710427238303289,False
ENSG00000158467,AHCYL2,29,True,-0.08451398364001311,0.6629212855096019,0.8710427238303289,False
ENSG00000187164,SHTN1,31,True,0.08147625331329116,0.6630368032845487,0.8710427238303289,False
ENSG00000177508,IRX3,29,True,-0.08425720876547428,0.6638859106374766,0.8717809795395238,False
ENSG00000204569,PPP1R10,29,True,-0.08415475603745688,0.6642709411589375,0.8717972561489473,False
ENSG00000186231,KLHL32,30,True,-0.08256370772689113,0.6644726122294677,0.8717972561489473,False
ENSG00000126353,CCR7,29,True,0.0840108426579729,0.6648119272996789,0.8718656636206588,False
ENSG00000138036,DYNC2LI1,31,True,-0.08077039468310175,0.6657872401603941,0.8727677293294286,False
ENSG00000153292,ADGRF1,29,True,-0.08352839782496922,0.666626690418634,0.8734909935740064,False
ENSG00000128573,FOXP2,39,True,0.07102359052297287,0.6674468802086936,0.8735890413901635,False
ENSG00000156711,MAPK13,29,True,-0.08328200137120825,0.6675542458154127,0.8735890413901635,False
ENSG00000143324,XPR1,31,True,0.08031480541481309,0.6675647483613897,0.8735890413901635,False
ENSG00000065485,PDIA5,30,True,-0.08167353298050956,0.6678838800294056,0.8736300989958102,False
ENSG00000109911,ELP4,32,True,0.07875676204367625,0.6683185183404485,0.8738221454270464,False
ENSG00000149256,TENM4,35,True,-0.07495621881813877,0.6686910981322777,0.8739329203312937,False
ENSG00000205726,ITSN1,33,True,-0.07722524271159037,0.6692637423816266,0.8743049577756533,False
ENSG00000196092,PAX5,29,True,-0.08242976835879744,0.6707661512598833,0.8754529706250678,False
ENSG00000132424,PNISR,29,True,0.08236745010019297,0.6710012406517748,0.8754529706250678,False
ENSG00000127241,MASP1,30,True,-0.080716991535633,0.6715567146815266,0.8754529706250678,False
ENSG00000000457,SCYL3,30,True,0.08064158628630035,0.6718465652747195,0.8754529706250678,False
ENSG00000164039,BDH2,29,True,-0.08212084845955699,0.6719318183932814,0.8754529706250678,False
ENSG00000172167,MTBP,32,True,-0.07784705666605539,0.6719358598651874,0.8754529706250678,False
ENSG00000135547,HEY2,29,True,-0.08206012814194184,0.6721610258652941,0.8754529706250678,False
ENSG00000134760,DSG1,35,True,-0.07379117318630436,0.6735541742223486,0.8757215788020579,False
ENSG00000103657,HERC1,29,True,0.08157732655900549,0.6739845301355719,0.8757215788020579,False
ENSG00000105967,TFEC,33,True,-0.07605516327656626,0.673997831366809,0.8757215788020579,False
ENSG00000138435,CHRNA1,31,True,0.07865281879253354,0.6740640154271552,0.8757215788020579,False
ENSG00000108244,KRT23,31,True,-0.07863695977053695,0.6741261448136493,0.8757215788020579,False
ENSG00000178033,CALHM5,32,True,0.0771769032216242,0.6746052748292958,0.8757215788020579,False
ENSG00000109158,GABRA4,34,True,0.07467135519826872,0.6747003311133744,0.8757215788020579,False
ENSG00000082512,TRAF5,29,True,0.08130081547545764,0.675029706164124,0.8757215788020579,False
ENSG00000164258,NDUFS4,32,True,0.07704322252695524,0.6751382301940814,0.8757215788020579,False
ENSG00000115221,ITGB6,32,True,0.0770147614862492,0.6752517180420348,0.8757215788020579,False
ENSG00000004700,RECQL,30,True,0.07967950342022512,0.6755487565233693,0.8757327176793124,False
ENSG00000132670,PTPRA,29,True,0.08095120749137506,0.6763520254672577,0.8758268963328424,False
ENSG00000164815,ORC5,31,True,-0.0780478002839023,0.6764357277060881,0.8758268963328424,False
ENSG00000174697,LEP,33,True,0.07540545059354622,0.6766318630446779,0.8758268963328424,False
ENSG00000066933,MYO9A,30,True,0.07923436456710438,0.6772642153646943,0.8758268963328424,False
ENSG00000118496,FBXO30,30,True,-0.07922554850426018,0.677298206384812,0.8758268963328424,False
ENSG00000109339,MAPK10,32,True,-0.07645764576457646,0.6774746144488539,0.8758268963328424,False
ENSG00000135164,DMTF1,30,True,-0.07905578884439593,0.6779528491084903,0.8758268963328424,False
ENSG00000136527,TRA2B,29,True,0.08052782391582428,0.6779546465038928,0.8758268963328424,False
ENSG00000115919,KYNU,29,True,0.08045835631186501,0.6782177316464139,0.8758268963328424,False
ENSG00000174482,LINGO2,33,True,0.07473666610934626,0.6793471482449693,0.8767008234572077,False
ENSG00000175220,ARHGAP1,33,True,0.07464682797959576,0.6797121961887894,0.8767008234572077,False
ENSG00000133302,SLF1,30,True,0.07855792136817405,0.679874095485742,0.8767008234572077,False
ENSG00000117000,RLF,29,True,-0.07988166651612039,0.6804031760279311,0.8767008234572077,False
ENSG00000109819,PPARGC1A,35,True,0.07214906206974937,0.6804307110110288,0.8767008234572077,False
ENSG00000112562,SMOC2,29,True,0.07982261883044932,0.6806270885667453,0.8767008234572077,False
ENSG00000156642,NPTN,29,True,-0.07973872561678624,0.6809452625731073,0.8767386841272069,False
ENSG00000112419,PHACTR2,31,True,0.0764344059547954,0.6827751684025071,0.8786040008216794,False
ENSG00000168818,STX18,32,True,0.07508250951288079,0.6829728069628339,0.8786040008216794,False
ENSG00000074935,TUBE1,29,True,0.07886630237013256,0.6842571866610971,0.8795965117704332,False
ENSG00000100644,HIF1A,33,True,0.07351342541328709,0.6843237683800274,0.8795965117704332,False
ENSG00000004864,SLC25A13,29,True,-0.0786004687497498,0.6852674966741571,0.8797621381486848,False
ENSG00000166068,SPRED1,29,True,-0.07837338321983003,0.6861309639461758,0.8797621381486848,False
ENSG00000102081,FMR1,29,True,-0.07836372835275061,0.6861676840716985,0.8797621381486848,False
ENSG00000128918,ALDH1A2,33,True,0.07287923338150086,0.6869090635471129,0.8797621381486848,False
ENSG00000159167,STC1,31,True,-0.07534039679211567,0.6870859345761242,0.8797621381486848,False
ENSG00000036828,CASR,33,True,0.07278957044960722,0.6872748579679916,0.8797621381486848,False
ENSG00000153814,JAZF1,31,True,-0.07522436564830895,0.687543705169931,0.8797621381486848,False
ENSG00000163507,CIP2A,30,True,-0.07644375255958812,0.6880543512780122,0.8797621381486848,False
ENSG00000123636,BAZ2B,29,True,-0.07786127938846689,0.6880795990116257,0.8797621381486848,False
ENSG00000177103,DSCAML1,33,True,-0.07241408777405736,0.6888074554921977,0.8797621381486848,False
ENSG00000106034,CPED1,31,True,0.07482101784322417,0.6891358519393759,0.8797621381486848,False
ENSG00000065615,CYB5R4,31,True,-0.07482101784322417,0.6891358519393759,0.8797621381486848,False
ENSG00000166257,SCN3B,34,True,-0.07115017216039499,0.6892576917210891,0.8797621381486848,False
ENSG00000110108,TMEM109,29,True,0.07740663662452617,0.6898112245835287,0.8797621381486848,False
ENSG00000122481,RWDD3,33,True,0.0721571916443495,0.6898567220298156,0.8797621381486848,False
ENSG00000151474,FRMD4A,29,True,0.07737802107787324,0.6899202657318069,0.8797621381486848,False
ENSG00000100815,TRIP11,30,True,-0.07591273374888691,0.6901144744246773,0.8797621381486848,False
ENSG00000171723,GPHN,32,True,0.0732691453677085,0.6902475942321888,0.8797621381486848,False
ENSG00000118689,FOXO3,31,True,-0.07451850395856703,0.6903308308390795,0.8797621381486848,False
ENSG00000174442,ZWILCH,30,True,-0.07566485344243393,0.6910768874016274,0.8797621381486848,False
ENSG00000109771,LRP2BP,30,True,0.07565643266966927,0.6911095899522791,0.8797621381486848,False
ENSG00000156049,GNA14,30,True,-0.07564801470773283,0.6911422821314619,0.8797621381486848,False
ENSG00000180245,RRH,32,True,0.07296727503385841,0.6914612888741102,0.8797621381486848,False
ENSG00000146085,MMUT,34,True,-0.07054417609293794,0.6917742791087937,0.8797621381486848,False
ENSG00000154479,CFAP210,32,True,-0.0727839401719643,0.6921987694444633,0.8797621381486848,False
ENSG00000104611,SH2D4A,30,True,0.07534780235870643,0.6923085488242922,0.8797621381486848,False
ENSG00000175311,ANKS4B,33,True,-0.07148231778180264,0.6926158743499676,0.8797621381486848,False
ENSG00000164684,ZNF704,29,True,-0.0766198594329313,0.6928114891018449,0.8797621381486848,False
ENSG00000080608,PUM3,32,True,-0.07262057582981844,0.6928561503008911,0.8797621381486848,False
ENSG00000113319,RASGRF2,31,True,-0.07370437588223432,0.6935503954752694,0.879869016713684,False
ENSG00000181092,ADIPOQ,29,True,-0.0763829053032,0.6937159741572813,0.879869016713684,False
ENSG00000179071,CCDC89,31,True,0.07361097442796988,0.6939200990211329,0.879869016713684,False
ENSG00000051009,FHIP1B,30,True,0.07478299577119965,0.6945045811675101,0.879869016713684,False
ENSG00000129048,ACKR4,30,True,0.07477467869605235,0.6945369370711205,0.879869016713684,False
ENSG00000138400,MDH1B,34,True,-0.06984563982114167,0.6946791940259225,0.879869016713684,False
ENSG00000172789,HOXC5,31,True,-0.07299348266998947,0.6963660002085713,0.8814434317210655,False
ENSG00000183607,GKN2,33,True,-0.07053317832098711,0.6965028961458617,0.8814434317210655,False
ENSG00000083520,DIS3,31,True,-0.07282630623360904,0.6970287064899849,0.8814445665926435,False
ENSG00000126010,GRPR,36,True,0.06714304162769769,0.6972167739182695,0.8814445665926435,False
ENSG00000134115,CNTN6,37,True,0.06612893950685449,0.6973747855584749,0.8814445665926435,False
ENSG00000137942,FNBP1L,29,True,-0.07528339083292263,0.6979183360156012,0.8817644894479255,False
ENSG00000101109,STK4,33,True,-0.0699715766594215,0.6988064104184487,0.8822849385888446,False
ENSG00000180357,ZNF609,31,True,0.0723000911208289,0.6991161104629398,0.8822849385888446,False
ENSG00000103089,FA2H,29,True,0.07490452649088,0.6993683953114648,0.8822849385888446,False
ENSG00000124784,RIOK1,33,True,-0.0698043815140463,0.6994927032883231,0.8822849385888446,False
ENSG00000163082,SGPP2,30,True,0.07310559742598165,0.7010407399446843,0.8836418996014731,False
ENSG00000117154,IGSF21,29,True,0.07443924081833868,0.7011506377272558,0.8836418996014731,False
ENSG00000145730,PAM,30,True,-0.07298620563426918,0.7015067675179489,0.883682207431822,False
ENSG00000166889,PATL1,29,True,0.07424767696498066,0.7018848605767436,0.883682207431822,False
ENSG00000198838,RYR3,29,True,-0.07415619835791742,0.7022355709748271,0.883682207431822,False
ENSG00000111728,ST8SIA1,32,True,-0.07021081694508804,0.7025783394016938,0.883682207431822,False
ENSG00000120094,HOXB1,29,True,-0.07405125902516213,0.702637960718188,0.883682207431822,False
ENSG00000169621,APLF,30,True,-0.07246215494211933,0.7035535727728293,0.8843736564211583,False
ENSG00000196689,TRPV1,30,True,-0.07233474472506471,0.7040515114742064,0.8843736564211583,False
ENSG00000104324,CPQ,32,True,-0.06984418082527036,0.7040616362219828,0.8843736564211583,False
ENSG00000147439,BIN3,31,True,0.07090983026225117,0.7046413735448431,0.8844071640900498,False
ENSG00000149573,MPZL2,33,True,0.06854467966771392,0.7046709255381524,0.8844071640900498,False
ENSG00000164741,DLC1,33,True,-0.06836606984640792,0.7054061927890671,0.8849641327717387,False
ENSG00000023228,NDUFS1,30,True,-0.07190560997328584,0.7057295173790369,0.8850040540118778,False
ENSG00000119523,ALG2,32,True,0.06913625643485904,0.7069287011317658,0.8858083121616344,False
ENSG00000218336,TENM3,32,True,-0.0691299168578951,0.7069543940604875,0.8858083121616344,False
ENSG00000154240,CEP112,29,True,-0.07269590931493347,0.707842077083687,0.8865546807038257,False
ENSG00000166887,VPS39,32,True,0.06878209831254585,0.7083645118821866,0.8868431579687911,False
ENSG00000117114,ADGRL2,33,True,0.06745799572176236,0.7091484151716095,0.8874586102477355,False
ENSG00000072134,EPN2,30,True,0.07037078668965947,0.7117420245746628,0.8903373657225697,False
ENSG00000064989,CALCRL,33,True,-0.06669452593289323,0.7122998908803102,0.8903489255145637,False
ENSG00000142875,PRKACB,31,True,-0.06897942718838242,0.7123377931735426,0.8903489255145637,False
ENSG00000182359,KBTBD3,33,True,0.06653293584827466,0.7129675091564336,0.890769283044828,False
ENSG00000154678,PDE1C,29,True,-0.07094469816098706,0.7145852523879609,0.8924232111270461,False
ENSG00000151475,SLC25A31,30,True,-0.06954489861680142,0.7149844059611912,0.8925545462574739,False
ENSG00000153936,HS2ST1,34,True,0.06482685283598608,0.7156736590626543,0.8929210410329476,False
ENSG00000023516,AKAP11,32,True,0.06693563176233266,0.7158662101034895,0.8929210410329476,False
ENSG00000166974,MAPRE2,33,True,0.0655299240182646,0.71711616734988,0.893855546797448,False
ENSG00000119509,INVS,31,True,-0.06776243125424077,0.7172042529639603,0.893855546797448,False
ENSG00000085274,MYNN,29,True,0.07011706769195486,0.7177794727260877,0.8939578778179487,False
ENSG00000197712,FAM114A1,31,True,0.06759484004801924,0.7178752655204739,0.8939578778179487,False
ENSG00000177150,FAM210A,30,True,-0.06843218023893259,0.719360554002986,0.8954055632368252,False
ENSG00000153993,SEMA3D,31,True,-0.06715740681516325,0.719627659518397,0.8954055632368252,False
ENSG00000173068,BNC2,33,True,-0.06468867552889644,0.7206018740748578,0.8956076844243727,False
ENSG00000139083,ETV6,30,True,-0.06810594426421476,0.7206452466925216,0.8956076844243727,False
ENSG00000152422,XRCC4,30,True,-0.06809836809819053,0.7206750899370034,0.8956076844243727,False
ENSG00000168944,CEP120,30,True,-0.06766081240114052,0.7223993448809904,0.8973181852057185,False
ENSG00000165868,HSPA12A,32,True,-0.06527319508323702,0.722642609627135,0.8973181852057185,False
ENSG00000135315,CEP162,29,True,0.06873614399288691,0.7231194662447679,0.8975432132130479,False
ENSG00000101251,SEL1L2,31,True,0.06617572917762791,0.7235654145187334,0.8977297092271658,False
ENSG00000106511,MEOX2,35,True,0.06187373130897072,0.7240175301951413,0.8979237016635822,False
ENSG00000091262,ABCC6,29,True,-0.06826022671266634,0.7249627902380473,0.8979348424989262,False
ENSG00000140519,RHCG,29,True,0.06824341177788415,0.7250279454610161,0.8979348424989262,False
ENSG00000070501,POLB,29,True,0.0681370133070478,0.7254402662909898,0.8979348424989262,False
ENSG00000152193,OBI1,29,True,0.06812861946490853,0.7254727977368177,0.8979348424989262,False
ENSG00000143353,LYPLAL1,29,True,0.06812022665681203,0.7255053256422483,0.8979348424989262,False
ENSG00000144619,CNTN4,34,True,0.06228030028416746,0.7264063049739168,0.8981466811003024,False
ENSG00000119938,PPP1R3C,29,True,-0.0677673730901922,0.7268732979574863,0.8981466811003024,False
ENSG00000107242,PIP5K1B,35,True,-0.061094374142801645,0.7273606210188187,0.8981466811003024,False
ENSG00000174343,CHRNA9,29,True,0.06763582655738659,0.7273834990924837,0.8981466811003024,False
ENSG00000166035,LIPC,30,True,-0.06632540163006538,0.7276699496834865,0.8981466811003024,False
ENSG00000075089,ACTR6,31,True,-0.06514723811414101,0.7276983962259503,0.8981466811003024,False
ENSG00000006695,COX10,31,True,-0.06506607518227135,0.7280248700409994,0.8981466811003024,False
ENSG00000047578,KATNIP,29,True,-0.06738943010362562,0.7283394504594315,0.8981466811003024,False
ENSG00000064419,TNPO3,30,True,-0.06601358489026578,0.7289023950504631,0.8981466811003024,False
ENSG00000108091,CCDC6,31,True,0.06477651391496232,0.729189996253833,0.8981466811003024,False
ENSG00000111859,NEDD9,35,True,0.06066549927319692,0.7292024187521164,0.8981466811003024,False
ENSG00000134516,DOCK2,30,True,-0.06588759083656456,0.7294005705176123,0.8981466811003024,False
ENSG00000133020,MYH8,33,True,0.06254180951789193,0.729522304213882,0.8981466811003024,False
ENSG00000162891,IL20,30,True,-0.06558290088640732,0.7306057484850804,0.8982533542810274,False
ENSG00000082196,C1QTNF3,32,True,0.06325632988564504,0.7308914823931545,0.8982533542810274,False
ENSG00000059377,TBXAS1,33,True,-0.06217616667158105,0.7310450962077503,0.8982533542810274,False
ENSG00000138071,ACTR2,30,True,0.06544968995662048,0.7311328519782709,0.8982533542810274,False
ENSG00000134480,CCNH,36,True,0.059296935850853334,0.7312013053137636,0.8982533542810274,False
ENSG00000159248,GJD2,29,True,-0.06656805543010033,0.731529033910016,0.8982533542810274,False
ENSG00000132305,IMMT,31,True,-0.06415817645879779,0.7316800214548685,0.8982533542810274,False
ENSG00000168497,CAVIN2,35,True,-0.05989072628119972,0.7325334464498449,0.8983212793247178,False
ENSG00000185313,SCN10A,31,True,0.06394352024453706,0.7325450629334046,0.8983212793247178,False
ENSG00000198948,MFAP3L,31,True,-0.06392417956145781,0.7326230196337291,0.8983212793247178,False
ENSG00000155011,DKK2,30,True,-0.06476020959196548,0.733862976123033,0.8988253373110847,False
ENSG00000005108,THSD7A,32,True,0.0625114584289165,0.7339455068622237,0.8988253373110847,False
ENSG00000138085,ATRAID,29,True,-0.06591917200591424,0.7340518957955013,0.8988253373110847,False
ENSG00000138698,RAP1GDS1,30,True,0.06467052698094643,0.7342183256032576,0.8988253373110847,False
ENSG00000198785,GRIN3A,30,True,0.06431512224081795,0.7356270746313516,0.900109261316062,False
ENSG00000176853,FAM91A1,32,True,0.06192092703067066,0.7363695711407645,0.900109261316062,False
ENSG00000122121,XPNPEP2,29,True,0.06530310696062551,0.7364496688756513,0.900109261316062,False
ENSG00000069535,MAOB,30,True,-0.06410684513827904,0.7364530319858689,0.900109261316062,False
ENSG00000118922,KLF12,30,True,0.06386292992998553,0.7374206841834865,0.9006698579550116,False
ENSG00000144891,AGTR1,31,True,0.06271425818174567,0.7375050286153356,0.9006698579550116,False
ENSG00000112499,SLC22A2,29,True,0.06471095821374374,0.7387566420028833,0.901297029395369,False
ENSG00000115963,RND3,34,True,0.05931814776553024,0.7389550515845881,0.901297029395369,False
ENSG00000078618,NRDC,30,True,-0.06346026013384182,0.7390190028029902,0.901297029395369,False
ENSG00000115825,PRKD3,29,True,0.0645956686025418,0.7392060616582572,0.901297029395369,False
ENSG00000182919,C11orf54,30,True,-0.06322351002612318,0.7399592341089036,0.9014912735343527,False
ENSG00000166171,DPCD,30,True,-0.06322350845948353,0.7399592403318863,0.9014912735343527,False
ENSG00000133104,SPART,33,True,-0.05967903794520526,0.7414715606480724,0.9028578394321931,False
ENSG00000101958,GLRA2,32,True,0.060594997438239616,0.7418214109547486,0.9028578394321931,False
ENSG00000125818,PSMF1,32,True,-0.06044208244944399,0.7424509504681667,0.9028578394321931,False
ENSG00000109107,ALDOC,30,True,-0.062430447362563986,0.743111479577399,0.9028578394321931,False
ENSG00000125245,GPR18,31,True,-0.061308866372884505,0.743188363945506,0.9028578394321931,False
ENSG00000012504,NR1H4,34,True,-0.05823461996371749,0.743562050145803,0.9028578394321931,False
ENSG00000165633,VSTM4,29,True,-0.06345490582023045,0.7436574679609462,0.9028578394321931,False
ENSG00000091136,LAMB1,31,True,0.06111951619588243,0.7439551085163884,0.9028578394321931,False
ENSG00000164754,RAD21,33,True,0.059039976542752066,0.7441472371063402,0.9028578394321931,False
ENSG00000120697,ALG5,30,True,-0.062110420060874534,0.744384673037681,0.9028578394321931,False
ENSG00000164180,TMEM161B,30,True,-0.062103506227707814,0.744412186265597,0.9028578394321931,False
ENSG00000107938,EDRF1,31,True,-0.060917801620978526,0.7447721854014686,0.9028578394321931,False
ENSG00000206384,COL6A6,29,True,0.06307749216280863,0.7451319743657513,0.9028578394321931,False
ENSG00000049883,PTCD2,34,True,-0.057780495261387954,0.7454955339017637,0.9028578394321931,False
ENSG00000134255,CEPT1,32,True,0.059691913712325254,0.7455417007432503,0.9028578394321931,False
ENSG00000111731,C2CD5,32,True,0.05932514312115889,0.7470542416909849,0.9043179114852419,False
ENSG00000068654,POLR1A,33,True,-0.05827759197324415,0.7473430961516706,0.9043179114852419,False
ENSG00000114200,BCHE,29,True,-0.062345983242976834,0.7479923904976222,0.9043761544679905,False
ENSG00000163638,ADAMTS9,31,True,0.06010488589060479,0.74806777946723,0.9043761544679905,False
ENSG00000117601,SERPINC1,34,True,0.056983342353237744,0.7488931842556902,0.9043761544679905,False
ENSG00000166676,TVP23A,30,True,-0.06097697012713793,0.7488992719472949,0.9043761544679905,False
ENSG00000182885,ADGRG3,29,True,-0.062084259090349474,0.7490166068518475,0.9043761544679905,False
ENSG00000150471,ADGRL3,33,True,-0.05784018722835172,0.7491785337572451,0.9043761544679905,False
ENSG00000101639,CEP192,29,True,0.061837892982848086,0.7499811036421353,0.9049851473201601,False
ENSG00000106066,CPVL,33,True,0.05734347591713628,0.7512644720220953,0.9052380402245361,False
ENSG00000171189,GRIK1,32,True,-0.05830048608232908,0.751284754359815,0.9052380402245361,False
ENSG00000109101,FOXN1,30,True,-0.060329474621549424,0.7514819519613863,0.9052380402245361,False
ENSG00000158555,GDPD5,30,True,0.060309339067351746,0.7515623094658831,0.9052380402245361,False
ENSG00000120594,PLXDC2,29,True,0.061360277861116044,0.7518519648337187,0.9052380402245361,False
ENSG00000160883,HK3,30,True,-0.060204764455784626,0.7519796895409354,0.9052380402245361,False
ENSG00000009844,VTA1,33,True,0.05704727033960121,0.7525092108434129,0.9052914211946613,False
ENSG00000119865,CNRIP1,31,True,-0.05898366606170599,0.7526204041815958,0.9052914211946613,False
ENSG00000182923,CEP63,31,True,0.0589006558719395,0.7529577868738593,0.9053385508709056,False
ENSG00000113716,HMGXB3,29,True,0.060874923444333394,0.7537545515185835,0.9058719569647686,False
ENSG00000108175,ZMIZ1,33,True,-0.056665275496166956,0.7541153634844958,0.9058719569647686,False
ENSG00000178645,C10orf53,29,True,0.06073672585207939,0.7542965438758021,0.9058719569647686,False
ENSG00000157554,ERG,30,True,-0.05941916137819513,0.7551173878197285,0.906499165449069,False
ENSG00000107679,PLEKHA1,30,True,0.0592427749164199,0.7558224025698791,0.9069868830838549,False
ENSG00000054796,SPO11,31,True,-0.058076226226182484,0.7563109768178353,0.9069936229614014,False
ENSG00000177888,ZBTB41,30,True,-0.05909192222924517,0.7564255116397458,0.9069936229614014,False
ENSG00000140471,LINS1,30,True,0.058751533261183986,0.7577869017010956,0.9082672852603736,False
ENSG00000137868,STRA6,30,True,0.05854201483113676,0.7586252268623582,0.9087471738479013,False
ENSG00000175084,DES,32,True,0.05648785174782032,0.7587859307326843,0.9087471738479013,False
ENSG00000168418,KCNG4,29,True,-0.05944016486262907,0.7593870092163799,0.9090815315599438,False
ENSG00000154767,XPC,34,True,0.05446341712300595,0.759663980753484,0.9090815315599438,False
ENSG00000140382,HMG20A,30,True,0.05775651155739782,0.7617705640324306,0.9112432751782739,False
ENSG00000174804,FZD4,30,True,0.057677327722623226,0.7620878418996647,0.9112637605385515,False
ENSG00000125780,TGM3,29,True,-0.05863513358533006,0.7625526358003737,0.9112872465585536,False
ENSG00000113595,TRIM23,34,True,-0.05364921681696808,0.7631536965298044,0.9112872465585536,False
ENSG00000120899,PTK2B,35,True,-0.05281221661735676,0.7631822585451742,0.9112872465585536,False
ENSG00000115267,IFIH1,32,True,0.05539760281682876,0.763308125164164,0.9112872465585536,False
ENSG00000109851,DBX1,29,True,0.05819258903730697,0.7642944555945343,0.9118488272674994,False
ENSG00000137491,SLCO2B1,29,True,-0.05817106412847466,0.7643792046758189,0.9118488272674994,False
ENSG00000115183,TANC1,32,True,-0.05473047304730473,0.7660790779081842,0.9135177064136871,False
ENSG00000101407,TTI1,34,True,-0.052571255297376565,0.7677809595861735,0.9148551972536868,False
ENSG00000176225,RTTN,31,True,0.055258649296613005,0.7678033737162034,0.9148551972536868,False
ENSG00000115042,FAHD2A,33,True,-0.05334002341507643,0.7681389280390352,0.9148959535215813,False
ENSG00000163697,APBB2,32,True,-0.05408378607661088,0.7687678344045588,0.9152859393146041,False
ENSG00000092969,TGFB2,34,True,-0.05181109643271845,0.7710487770931287,0.916851743329032,False
ENSG00000171488,LRRC8C,30,True,0.05541337521786737,0.7711749687061241,0.916851743329032,False
ENSG00000171860,C3AR1,29,True,0.05642479133688,0.7712635153185732,0.916851743329032,False
ENSG00000111424,VDR,29,True,0.05641783861781758,0.7712909593090737,0.916851743329032,False
ENSG00000139767,SRRM4,29,True,0.05619223702553852,0.7721816073181206,0.917257158322774,False
ENSG00000107443,CCNJ,29,True,0.05617839486816,0.7722362637262881,0.917257158322774,False
ENSG00000187239,FNBP1,30,True,-0.05496828786671984,0.7729650132622333,0.9177636997513259,False
ENSG00000197563,PIGN,31,True,0.05385236091788127,0.7735576851392018,0.9179516882234723,False
ENSG00000169439,SDC2,33,True,-0.051984957756070566,0.7738746734434512,0.9179516882234723,False
ENSG00000186350,RXRA,30,True,0.05463447235335919,0.7743082968987869,0.9179516882234723,False
ENSG00000186190,BPIFB3,30,True,-0.05462839341344014,0.7743327646707222,0.9179516882234723,False
ENSG00000118495,PLAGL1,30,True,0.054523200515572315,0.774756200294839,0.9180951694360387,False
ENSG00000103429,BFAR,31,True,0.05336965403235426,0.7755355836138526,0.918660176297954,False
ENSG00000126062,TMEM115,29,True,0.05524045061543773,0.7759422511909435,0.9187834144367022,False
ENSG00000104313,EYA1,36,True,0.0490536890894589,0.7763291416653392,0.9188831477956997,False
ENSG00000005020,SKAP2,33,True,-0.05091973315342856,0.7783918454634181,0.9191869572703028,False
ENSG00000111912,NCOA7,32,True,0.05171939499049624,0.7786206275207842,0.9191869572703028,False
ENSG00000089123,TASP1,33,True,0.050814878321046475,0.7788368786425168,0.9191869572703028,False
ENSG00000148634,HERC4,30,True,0.05345212774413826,0.779071202321579,0.9191869572703028,False
ENSG00000141699,RETREG3,29,True,0.054363911934581934,0.779409971020288,0.9191869572703028,False
ENSG00000154007,ASB17,29,True,-0.0543371118777723,0.7795160617394485,0.9191869572703028,False
ENSG00000124228,DDX27,29,True,-0.05413070942003831,0.78033325628937,0.9191869572703028,False
ENSG00000146233,CYP39A1,29,True,0.054000743429876465,0.7808479389037181,0.9191869572703028,False
ENSG00000114395,CYB561D2,31,True,0.05204236032520682,0.7809812691131132,0.9191869572703028,False
ENSG00000198682,PAPSS2,31,True,0.05203711173860428,0.7810028236645055,0.9191869572703028,False
ENSG00000115165,CYTIP,31,True,-0.052021373386662906,0.7810674578519842,0.9191869572703028,False
ENSG00000138593,SECISBP2L,33,True,-0.05028869303156604,0.7810711943730327,0.9191869572703028,False
ENSG00000067798,NAV3,31,True,0.0518354175070593,0.7818312489153465,0.9191869572703028,False
ENSG00000156030,MIDEAS,31,True,0.05173978846285097,0.782224111192292,0.9191869572703028,False
ENSG00000168615,ADAM9,32,True,-0.050793068884978636,0.7824900932846793,0.9191869572703028,False
ENSG00000123096,SSPN,30,True,-0.05251446502953514,0.7828540347775583,0.9191869572703028,False
ENSG00000106541,AGR2,33,True,0.04981195309102582,0.783097037883964,0.9191869572703028,False
ENSG00000182541,LIMK2,30,True,0.05243237258359369,0.7831854545858042,0.9191869572703028,False
ENSG00000118217,ATF6,29,True,0.053410652696592884,0.7831859129356524,0.9191869572703028,False
ENSG00000170873,MTSS1,29,True,-0.05335140463282405,0.7834207596467598,0.9191869572703028,False
ENSG00000107566,ERLIN1,32,True,-0.050477252959299015,0.7838104985655828,0.9191869572703028,False
ENSG00000113522,RAD50,29,True,0.05322819122720552,0.7839092109333158,0.9191869572703028,False
ENSG00000156097,GPR61,29,True,0.053221634012369776,0.7839352077601341,0.9191869572703028,False
ENSG00000125863,MKKS,32,True,-0.05042633362105534,0.7840234443335043,0.9191869572703028,False
ENSG00000154001,PPP2R5E,30,True,0.05219229913198308,0.7841548812022675,0.9191869572703028,False
ENSG00000154556,SORBS2,35,True,-0.04790251429913694,0.7846535424504985,0.9192672573949752,False
ENSG00000125848,FLRT3,32,True,-0.05023375215898795,0.7848289628352357,0.9192672573949752,False
ENSG00000011454,RABGAP1,30,True,0.05185267640868714,0.7855268325808825,0.9197298356018354,False
ENSG00000122641,INHBA,30,True,0.051752924420663586,0.7859299139368575,0.9198470388250962,False
ENSG00000130340,SNX9,32,True,0.0495966263292996,0.787495450438872,0.9213241570452467,False
ENSG00000134987,WDR36,30,True,-0.05121924347665088,0.7880873498960557,0.921661476997082,False
ENSG00000069667,RORA,33,True,-0.04856235440639252,0.7884136503782962,0.9216635091460641,False
ENSG00000119812,FAM98A,29,True,0.0520217104823478,0.7886962439925805,0.9216635091460641,False
ENSG00000157119,KLHL40,30,True,-0.05075690241533833,0.7899576340638116,0.9224844289063158,False
ENSG00000115211,EIF2B4,29,True,-0.05153496232541168,0.7906296898432413,0.9224844289063158,False
ENSG00000106809,OGN,29,True,-0.05151589844712842,0.7907054396038703,0.9224844289063158,False
ENSG00000122435,TRMT13,30,True,0.05052303708489135,0.7909041137476206,0.9224844289063158,False
ENSG00000156110,ADK,31,True,0.04962679039741779,0.7909179737955007,0.9224844289063158,False
ENSG00000163138,PACRGL,29,True,0.05102292489234854,0.7926649012834585,0.9237220683171338,False
ENSG00000108588,CCDC47,29,True,0.050776437332482126,0.7936450993474642,0.9237220683171338,False
ENSG00000260916,CCPG1,31,True,-0.04892071817631632,0.7938286422308386,0.9237220683171338,False
ENSG00000166405,RIC3,31,True,-0.048805084415256744,0.7943055841003188,0.9237220683171338,False
ENSG00000125991,ERGIC3,30,True,-0.049659829461833324,0.79440012776871,0.9237220683171338,False
ENSG00000111962,UST,33,True,-0.04713354570265015,0.7945042290266952,0.9237220683171338,False
ENSG00000166478,ZNF143,29,True,0.05055488436568154,0.7945264034144642,0.9237220683171338,False
ENSG00000124608,AARS2,29,True,-0.05053617996187218,0.7946008180344597,0.9237220683171338,False
ENSG00000140718,FTO,35,True,-0.04561378968554281,0.7947174052847015,0.9237220683171338,False
ENSG00000116729,WLS,29,True,0.05027107101874567,0.7956557312022803,0.9240182501553971,False
ENSG00000142192,APP,30,True,-0.0492040524032875,0.7962476177049267,0.9240182501553971,False
ENSG00000153317,ASAP1,30,True,-0.04917668123528503,0.7963586010677127,0.9240182501553971,False
ENSG00000135577,NMBR,30,True,0.049171209560026345,0.7963807878338557,0.9240182501553971,False
ENSG00000172046,USP19,29,True,0.050043141018628494,0.7965629849118568,0.9240182501553971,False
ENSG00000196932,TMEM26,35,True,0.045110677029922205,0.7969341031581938,0.9240182501553971,False
ENSG00000147894,C9orf72,29,True,-0.04990757893715592,0.7971026999858317,0.9240182501553971,False
ENSG00000157150,TIMP4,34,True,0.0456907095799264,0.7974960931733095,0.9241214270512091,False
ENSG00000154310,TNIK,29,True,0.0495256872059552,0.7986236218059034,0.9247220884068355,False
ENSG00000150456,EEF1AKMT1,29,True,-0.0495256872059552,0.7986236218059034,0.9247220884068355,False
ENSG00000112308,C6orf62,30,True,0.04852532027828066,0.7990008539740459,0.9248061733378585,False
ENSG00000166086,JAM3,31,True,0.047412490822442276,0.8000551367929136,0.9256735500393619,False
ENSG00000156787,TBC1D31,29,True,0.04892778509247756,0.8010062727228549,0.9257677313789362,False
ENSG00000183513,COA5,30,True,0.047963499963850596,0.8012816342922051,0.9257677313789362,False
ENSG00000120053,GOT1,32,True,0.04624278410402332,0.8015702320799879,0.9257677313789362,False
ENSG00000155304,HSPA13,32,True,0.04612563063868725,0.8020630139633792,0.9257677313789362,False
ENSG00000082126,MPP4,31,True,-0.04689863866515731,0.802179272400866,0.9257677313789362,False
ENSG00000114757,PEX5L,35,True,-0.04384674748337577,0.8025097957834921,0.9257677313789362,False
ENSG00000185013,NT5C1B,29,True,0.04854608181370133,0.8025282824256234,0.9257677313789362,False
ENSG00000108055,SMC3,29,True,0.0485341231777732,0.8025759779279843,0.9257677313789362,False
ENSG00000122877,EGR2,31,True,-0.04658666959250063,0.8034695509972666,0.9258657481263485,False
ENSG00000151240,DIP2C,30,True,-0.04739652870493992,0.8035849497680879,0.9258657481263485,False
ENSG00000036473,OTC,29,True,0.048059150087631626,0.8044709070979764,0.9258657481263485,False
ENSG00000184588,PDE4B,33,True,0.04479732694092255,0.8044883735666845,0.9258657481263485,False
ENSG00000182389,CACNB4,29,True,0.04804730848338938,0.8045181636712482,0.9258657481263485,False
ENSG00000073921,PICALM,29,True,0.04803068293900703,0.8045845127658131,0.9258657481263485,False
ENSG00000119401,TRIM32,31,True,-0.046192637652993654,0.8050999598291425,0.9258657481263485,False
ENSG00000106483,SFRP4,30,True,0.04685587118613797,0.8057828690726159,0.9258657481263485,False
ENSG00000119927,GPAM,32,True,0.04512105952900099,0.8062915840676664,0.9258657481263485,False
ENSG00000164171,ITGA2,29,True,-0.04755451846296,0.8064853481160824,0.9258657481263485,False
ENSG00000166510,CCDC68,30,True,-0.046511630498437324,0.8071830579642474,0.9258657481263485,False
ENSG00000118420,UBE3D,31,True,0.0456883512157339,0.8071877459071012,0.9258657481263485,False
ENSG00000112214,FHL5,30,True,0.04650645419988494,0.8072041168757831,0.9258657481263485,False
ENSG00000101997,CCDC22,29,True,0.04732561149435227,0.807399522963247,0.9258657481263485,False
ENSG00000165409,TSHR,29,True,-0.047308119122106466,0.807469391637718,0.9258657481263485,False
ENSG00000187098,MITF,31,True,-0.045592091991123664,0.8075864151650576,0.9258657481263485,False
ENSG00000134697,GNL2,29,True,-0.04721400968468227,0.8078453118533259,0.9258657481263485,False
ENSG00000168874,ATOH8,31,True,-0.04537205173920507,0.8084979162102583,0.9262640277789979,False
ENSG00000104228,TRIM35,32,True,-0.04437517209445787,0.8094347568456352,0.926987522362636,False
ENSG00000187821,HELT,29,True,0.04658040700801219,0.8103773237286074,0.9273935988281214,False
ENSG00000141431,ASXL3,29,True,-0.04657466732380483,0.8104002693316885,0.9273935988281214,False
ENSG00000090376,IRAK3,29,True,0.04619933508018209,0.8119010722287514,0.9287609854131459,False
ENSG00000128915,ICE2,34,True,-0.04218570895009456,0.8127441951343457,0.9291632267633392,False
ENSG00000111011,RSRC2,32,True,0.04356199852901518,0.8128647991710898,0.9291632267633392,False
ENSG00000138686,BBS7,31,True,-0.04416213035949293,0.813514298419988,0.9295556680478296,False
ENSG00000114805,PLCH1,30,True,0.04450873511475291,0.8153412346124673,0.9312926968711251,False
ENSG00000152760,DYNLT5,31,True,0.04356595401371521,0.8159887497131517,0.931578182510582,False
ENSG00000122786,CALD1,29,True,0.045123908893458416,0.8162048634644757,0.931578182510582,False
ENSG00000081923,ATP8B1,29,True,0.04497289441627983,0.8168096362727718,0.931918096852362,False
ENSG00000113327,GABRG2,30,True,0.043855744630796716,0.8180051296385284,0.9326418068732042,False
ENSG00000163527,STT3B,30,True,-0.04374443563427185,0.8184594172593741,0.9326418068732042,False
ENSG00000005469,CROT,31,True,-0.04296953890139767,0.8184659322272422,0.9326418068732042,False
ENSG00000180318,ALX1,30,True,-0.04366717132736767,0.8187747915031636,0.9326418068732042,False
ENSG00000185070,FLRT2,34,True,0.04064481637654768,0.8194694776248832,0.9326418068732042,False
ENSG00000163394,CCKAR,32,True,-0.04191507083368119,0.8198220787989363,0.9326418068732042,False
ENSG00000145244,CORIN,30,True,-0.04340084576007122,0.8198620803118956,0.9326418068732042,False
ENSG00000111845,PAK1IP1,30,True,0.043391189325251496,0.8199015094020362,0.9326418068732042,False
ENSG00000074054,CLASP1,29,True,-0.043987185805815676,0.8207596499836154,0.9332682761611447,False
ENSG00000146285,SCML4,29,True,-0.04336043360433604,0.8232734617290598,0.9353715147395909,False
ENSG00000273079,GRIN2B,32,True,0.04108961268532994,0.8233142478829046,0.9353715147395909,False
ENSG00000114735,HEMK1,31,True,-0.04175070592981041,0.823533616238118,0.9353715147395909,False
ENSG00000148942,SLC5A12,32,True,-0.040883674202388004,0.8241860082261679,0.9354189499485871,False
ENSG00000038945,MSR1,33,True,-0.0402073060002078,0.8241915978631326,0.9354189499485871,False
ENSG00000164253,WDR41,30,True,0.04218141372813846,0.8248446313459086,0.9358102768184524,False
ENSG00000173402,DAG1,29,True,-0.04287298555728,0.825229729329899,0.9358974442456383,False
ENSG00000162139,NEU3,31,True,-0.041137326910212595,0.8260865860595946,0.9365193709025127,False
ENSG00000166340,TPP1,30,True,-0.04168064109134641,0.8268927138775626,0.9370833442822993,False
ENSG00000196396,PTPN1,30,True,-0.041509015049921744,0.8275948947065688,0.9375291419138592,False
ENSG00000091482,SMPX,33,True,-0.03912716341740776,0.8288440632284583,0.9378413100260756,False
ENSG00000047365,ARAP2,29,True,0.041887399682399996,0.829188283103296,0.9378413100260756,False
ENSG00000139679,LPAR6,31,True,0.04033071183706392,0.8294464804689711,0.9378413100260756,False
ENSG00000070367,EXOC5,31,True,0.04024611660278394,0.8297990278721089,0.9378413100260756,False
ENSG00000106477,CEP41,31,True,0.040129059093785814,0.8302869140869981,0.9378413100260756,False
ENSG00000166509,CLEC3A,30,True,-0.04084585445442432,0.8303093312913313,0.9378413100260756,False
ENSG00000022277,RTF2,31,True,-0.03998387426034686,0.8308921188042845,0.9378413100260756,False
ENSG00000162706,CADM3,31,True,0.039931431079286255,0.8311107522097059,0.9378413100260756,False
ENSG00000164654,MIOS,29,True,0.041276490882207986,0.8316440277470256,0.9378413100260756,False
ENSG00000175893,ZDHHC21,33,True,-0.03844867937144768,0.8317694086423615,0.9378413100260756,False
ENSG00000146410,MTFR2,29,True,-0.04114821027624,0.832159890755836,0.9378413100260756,False
ENSG00000146842,TMEM209,33,True,0.038127090834094296,0.8331567435559616,0.9378413100260756,False
ENSG00000182463,TSHZ2,31,True,0.03943519939371292,0.8331801318416914,0.9378413100260756,False
ENSG00000149488,TMC2,30,True,-0.040062319163142665,0.8335189496951221,0.9378413100260756,False
ENSG00000196586,MYO6,35,True,-0.03684763581720737,0.8335523114517077,0.9378413100260756,False
ENSG00000138347,MYPN,30,True,-0.03998218684271014,0.8338473468285943,0.9378413100260756,False
ENSG00000156011,PSD3,31,True,-0.03923348481880902,0.834021633505747,0.9378413100260756,False
ENSG00000088179,PTPN4,29,True,-0.040675461920531265,0.834061571129318,0.9378413100260756,False
ENSG00000206560,ANKRD28,35,True,0.036704960813166515,0.8341878541449007,0.9378413100260756,False
ENSG00000120685,PROSER1,31,True,0.03912473550192694,0.8344753826489516,0.9378413100260756,False
ENSG00000157214,STEAP2,31,True,0.039120791277359034,0.8344918406402123,0.9378413100260756,False
ENSG00000164574,GALNT10,31,True,-0.0390357070808957,0.8348468865651646,0.9378413100260756,False
ENSG00000151704,KCNJ1,31,True,0.038930912956453165,0.8352842234224336,0.9378413100260756,False
ENSG00000091844,RGS17,31,True,-0.038930912956453165,0.8352842234224336,0.9378413100260756,False
ENSG00000186260,MRTFB,30,True,0.039505899042150724,0.8357998263482168,0.9379121853639092,False
ENSG00000148841,ITPRIP,29,True,0.04016757145125267,0.8361056346902362,0.9379121853639092,False
ENSG00000004799,PDK4,30,True,0.03939023057655632,0.8362741389262524,0.9379121853639092,False
ENSG00000124191,TOX2,32,True,0.03786211954528786,0.8369997324931499,0.9382642033797002,False
ENSG00000163217,BMP10,35,True,-0.0360019619911424,0.8373208484805804,0.9382642033797002,False
ENSG00000151812,SLC35F4,33,True,0.03711753887309814,0.8375151486030921,0.9382642033797002,False
ENSG00000070808,CAMK2A,32,True,-0.037593985594552,0.838138862681602,0.9386165942830481,False
ENSG00000075073,TACR2,29,True,0.0393002343748749,0.8395987403078166,0.9398609876766676,False
ENSG00000136878,USP20,29,True,-0.039177036147994414,0.8400951511354631,0.9398609876766676,False
ENSG00000110777,POU2AF1,40,True,-0.03283918197978874,0.840572369899331,0.9398609876766676,False
ENSG00000104756,KCTD9,32,True,0.03695213706001087,0.840866971675173,0.9398609876766676,False
ENSG00000107611,CUBN,29,True,-0.038930639694233445,0.8410881525918894,0.9398609876766676,False
ENSG00000142319,SLC6A3,29,True,-0.038925844985219116,0.8411074781019452,0.9398609876766676,False
ENSG00000134954,ETS1,34,True,-0.03553687438730792,0.8418513447254158,0.940166011634959,False
ENSG00000153253,SCN3A,37,True,-0.03391840631063694,0.8420331937903597,0.940166011634959,False
ENSG00000173212,MAB21L3,35,True,0.034883721272558434,0.842309470239489,0.940166011634959,False
ENSG00000137251,TINAG,30,True,0.03783663570234154,0.8426502336164244,0.9402007016756576,False
ENSG00000038210,PI4K2B,29,True,-0.03842837817053466,0.8431130520324608,0.9403715010913118,False
ENSG00000144840,RABL3,34,True,-0.03500726225185518,0.8441792789358716,0.9411214291927519,False
ENSG00000112902,SEMA5A,32,True,0.03612027869453612,0.8444053929911253,0.9411214291927519,False
ENSG00000142871,CCN1,29,True,-0.03785450522084684,0.8454278548168097,0.9416768180009485,False
ENSG00000085978,ATG16L1,30,True,-0.03708241362249592,0.8457491750890233,0.9416768180009485,False
ENSG00000044446,PHKA2,29,True,0.03745687644533992,0.8470324899107892,0.9416768180009485,False
ENSG00000120008,WDR11,32,True,-0.03550133388760722,0.8470400964134416,0.9416768180009485,False
ENSG00000114113,RBP2,31,True,0.036099628555086596,0.8471178608345775,0.9416768180009485,False
ENSG00000078098,FAP,37,True,0.032793690385599025,0.847208513176785,0.9416768180009485,False
ENSG00000136573,BLK,29,True,-0.03720128223270941,0.8480642593911555,0.9416768180009485,False
ENSG00000075643,MOCOS,30,True,0.03638993990652126,0.8485963942078197,0.9416768180009485,False
ENSG00000280165,PCDH20,30,True,-0.0363858909563105,0.8486130476580438,0.9416768180009485,False
ENSG00000165152,PGAP4,31,True,-0.03568908174201293,0.8488365594733515,0.9416768180009485,False
ENSG00000113312,TTC1,32,True,0.035029802990016956,0.8490483843089183,0.9416768180009485,False
ENSG00000064655,EYA2,30,True,-0.0362786565851863,0.849054128978176,0.9416768180009485,False
ENSG00000138757,G3BP2,30,True,-0.03627461911852362,0.84907073694423,0.9416768180009485,False
ENSG00000188729,OSTN,34,True,0.03385555990016647,0.849246089488339,0.9416768180009485,False
ENSG00000118733,OLFM3,37,True,0.032254239297995965,0.8496930199763996,0.9416965045102715,False
ENSG00000153898,MCOLN2,32,True,0.03483362493069853,0.8498841970876627,0.9416965045102715,False
ENSG00000144834,TAGLN3,34,True,-0.033626289742828996,0.8502554576804473,0.9417641625384304,False
ENSG00000176177,ENTHD1,29,True,0.03648015886022987,0.850976571656483,0.9419482668737303,False
ENSG00000233670,PIRT,29,True,0.03646218391020525,0.8510491895356019,0.9419482668737303,False
ENSG00000127074,RGS13,32,True,-0.03448909385744123,0.8513524520097221,0.9419482668737303,False
ENSG00000080189,SLC35H1,31,True,-0.03489662145837512,0.8521560061979784,0.9424938560353596,False
ENSG00000154654,NCAM2,30,True,-0.035400202352621445,0.8526690975821314,0.9427057410518024,False
ENSG00000123106,CCDC91,29,True,0.035987182647276315,0.8529686003522072,0.9427057410518024,False
ENSG00000153822,KCNJ16,34,True,0.03285954493520492,0.8536327620541923,0.9430964576406579,False
ENSG00000213380,COG8,29,True,-0.03574069509489771,0.8539649450130198,0.9431202521133242,False
ENSG00000116885,OSCP1,29,True,-0.03523469502696,0.8560109703937794,0.9447119654562627,False
ENSG00000112761,CCN6,29,True,0.035230353372698316,0.856028529963827,0.9447119654562627,False
ENSG00000186073,CDIN1,33,True,-0.032767700524077875,0.8563468285370437,0.9447198297378141,False
ENSG00000171243,SOSTDC1,35,True,-0.03152364280939794,0.8573348399440204,0.9454662455757522,False
ENSG00000075856,SART3,30,True,0.03398710415474823,0.8584903175207239,0.9461736621618633,False
ENSG00000171453,POLR1C,30,True,0.03396058871698858,0.8585996176732323,0.9461736621618633,False
ENSG00000116194,ANGPTL1,35,True,-0.03083824062873954,0.860406015874181,0.9478202700268554,False
ENSG00000118017,A4GNT,29,True,-0.03375215672768999,0.8620108660647919,0.9488480206908709,False
ENSG00000082146,STRADB,30,True,-0.0330514133095927,0.8623488962507911,0.9488480206908709,False
ENSG00000127249,ATP13A4,34,True,-0.030870329424576088,0.8624064966452365,0.9488480206908709,False
ENSG00000186283,TOR3A,31,True,-0.032274331984624385,0.8631576142828788,0.9488480206908709,False
ENSG00000065675,PRKCQ,32,True,0.03171402436423037,0.8631961297644216,0.9488480206908709,False
ENSG00000168813,ZNF507,30,True,0.032832498812139434,0.8632521021141181,0.9488480206908709,False
ENSG00000072756,TRNT1,31,True,0.032186463585346776,0.8635267065773637,0.9488480206908709,False
ENSG00000125675,GRIA3,29,True,0.03327172131239967,0.8639568373241789,0.9488760898465399,False
ENSG00000168137,SETD5,35,True,0.029997199176016152,0.8641773347910682,0.9488760898465399,False
ENSG00000177752,YIPF7,29,True,-0.033029333022100024,0.8649389109673914,0.9493689565065078,False
ENSG00000100330,MTMR3,29,True,0.03278688748745854,0.8659214134090456,0.9501038710191045,False
ENSG00000072657,TRHDE,29,True,0.03227793544268722,0.8679845588088048,0.9517046995416415,False
ENSG00000124194,GDAP1L1,34,True,-0.029584894899282285,0.8680847761018529,0.9517046995416415,False
ENSG00000075223,SEMA3C,30,True,-0.03160471923372058,0.8683208227043304,0.9517046995416415,False
ENSG00000106105,GARS1,29,True,-0.03193195616488027,0.8693875446052043,0.9517732970792776,False
ENSG00000115020,PIKFYVE,29,True,0.03179297621181785,0.8699512337622568,0.9517732970792776,False
ENSG00000128833,MYO5C,29,True,-0.03178514253516528,0.8699830082502508,0.9517732970792776,False
ENSG00000160207,HSF2BP,30,True,0.03115264797507788,0.8701884376023065,0.9517732970792776,False
ENSG00000131844,MCCC2,29,True,0.031677554782727886,0.8704194192317201,0.9517732970792776,False
ENSG00000151332,MBIP,31,True,-0.030474274001197278,0.8707243190379634,0.9517732970792776,False
ENSG00000163600,ICOS,32,True,-0.02988084376514191,0.8710361323212804,0.9517732970792776,False
ENSG00000006715,VPS41,33,True,0.02934291965440749,0.8712291166396378,0.9517732970792776,False
ENSG00000065413,ANKRD44,29,True,-0.031419419386716045,0.8714666520687491,0.9517732970792776,False
ENSG00000153015,CWC27,33,True,-0.029276458385425842,0.8715183682082976,0.9517732970792776,False
ENSG00000140563,MCTP2,30,True,-0.030707610907101057,0.8720276613647402,0.9519870477897704,False
ENSG00000178175,ZNF366,31,True,0.029844727366232664,0.8733733573414245,0.9531134122532583,False
ENSG00000114279,FGF12,29,True,0.03079576343767335,0.8739976438320782,0.953126293462966,False
ENSG00000102837,OLFM4,29,True,-0.03079196968792841,0.8740130438079371,0.953126293462966,False
ENSG00000185933,CALHM1,30,True,-0.029820852526884448,0.8756943471297525,0.9542793183308982,False
ENSG00000187522,HSPA14,29,True,-0.030332930619408924,0.8758767526719634,0.9542793183308982,False
ENSG00000155066,PROM2,29,True,-0.030299298172921558,0.8760133268077119,0.9542793183308982,False
ENSG00000127585,FBXL16,29,True,0.03005666511516919,0.8769987104570197,0.9543690427730088,False
ENSG00000008513,ST3GAL1,32,True,-0.028414299285871143,0.8773168411256428,0.9543690427730088,False
ENSG00000113924,HGD,35,True,-0.0270554458863781,0.8773911698339496,0.9543690427730088,False
ENSG00000121775,TMEM39B,30,True,-0.029382304021711225,0.8775086528594742,0.9543690427730088,False
ENSG00000099204,ABLIM1,37,True,-0.026200355845059142,0.8776674464500134,0.9543690427730088,False
ENSG00000071794,HLTF,33,True,-0.027759197712542337,0.8781261351428951,0.9545259385226743,False
ENSG00000204856,FAM216A,31,True,0.02864058146194435,0.8784439477967935,0.9545296440626575,False
ENSG00000198315,ZKSCAN8,29,True,-0.029324791427601644,0.8799720862795153,0.9557822445158757,False
ENSG00000111058,ACSS3,31,True,0.028170456865244376,0.8804249098762085,0.9557822445158757,False
ENSG00000183454,GRIN2A,30,True,0.028606412106890244,0.8807200567493779,0.9557822445158757,False
ENSG00000124743,KLHL31,31,True,0.028035498755001862,0.880993713806049,0.9557822445158757,False
ENSG00000139372,TDG,30,True,0.02849193117256846,0.8811940497101595,0.9557822445158757,False
ENSG00000123992,DNPEP,31,True,-0.02784784710362866,0.8817847002251713,0.9557822445158757,False
ENSG00000080166,DCT,33,True,0.02691632543049254,0.8818004172888563,0.9557822445158757,False
ENSG00000007341,ST7L,31,True,0.02763489676183463,0.8826824605645645,0.9560492808957085,False
ENSG00000121940,CLCC1,32,True,0.027136047394154716,0.8827971556799485,0.9560492808957085,False
ENSG00000128606,LRRC17,29,True,0.028581988636272655,0.8829914965848374,0.9560492808957085,False
ENSG00000165806,CASP7,29,True,0.028335592182511686,0.8839934269922011,0.9567928856856764,False
ENSG00000123473,STIL,30,True,-0.027378965111140005,0.8858042092619097,0.9583446446449648,False
ENSG00000163145,C1QTNF7,34,True,-0.025525410850238375,0.8860584379177919,0.9583446446449648,False
ENSG00000103274,NUBP1,30,True,-0.027174526578474627,0.8866514421955415,0.9586445080148375,False
ENSG00000162728,KCNJ9,31,True,-0.02652814256119152,0.8873506120369224,0.9588295929929671,False
ENSG00000105865,DUS4L,31,True,0.02642727509898167,0.8877762449275394,0.9588295929929671,False
ENSG00000168679,SLC16A4,36,True,-0.024329021500060746,0.8879938720241742,0.9588295929929671,False
ENSG00000125304,TM9SF2,30,True,-0.026828455242081033,0.8880859076074517,0.9588295929929671,False
ENSG00000169519,METTL15,30,True,-0.026699299308611587,0.8886213478897574,0.959066623602312,False
ENSG00000121964,QTMAN,36,True,-0.02394438802328509,0.88975375694768,0.9598959467782362,False
ENSG00000154646,TMPRSS15,29,True,-0.02685390571765116,0.8900220982149983,0.9598959467782362,False
ENSG00000180316,PNPLA1,29,True,-0.02661409561360276,0.8909984082781526,0.9606076589248832,False
ENSG00000137764,MAP2K5,30,True,-0.025934995547640248,0.8917908889735685,0.9611207450918544,False
ENSG00000144227,NXPH2,31,True,-0.025211779455936927,0.8929076787847741,0.9619828647234117,False
ENSG00000145012,LPP,32,True,-0.024658538924758684,0.8934340588260412,0.9621671320780494,False
ENSG00000084764,MAPRE3,29,True,-0.025874815965530863,0.8940091237498566,0.9621671320780494,False
ENSG00000014123,UFL1,30,True,0.025395421086668528,0.8940294728564484,0.9621671320780494,False
ENSG00000064835,POU1F1,30,True,0.02514743658527951,0.8950585784740756,0.9629333253888354,False
ENSG00000165494,PCF11,32,True,-0.02413065916539312,0.8957028669671373,0.9632851236671021,False
ENSG00000153714,LURAP1L,33,True,-0.02359438279543552,0.8963044137921722,0.9635907224762871,False
ENSG00000132912,DCTN4,31,True,-0.024114621223794385,0.8975431852642252,0.9642676688632253,False
ENSG00000118257,NRP2,33,True,-0.023236376118721376,0.8978695660284355,0.9642676688632253,False
ENSG00000172296,SPTLC3,29,True,0.02488604334072,0.8980381445969773,0.9642676688632253,False
ENSG00000177791,MYOZ1,31,True,0.023900766924228205,0.8984471128366277,0.9642676688632253,False
ENSG00000166349,RAG1,33,True,-0.023065352152360715,0.898617391225277,0.9642676688632253,False
ENSG00000145934,TENM2,37,True,-0.021639888577784195,0.8988397572078154,0.9642676688632253,False
ENSG00000052841,TTC17,32,True,0.023198239891272333,0.8997123389715813,0.9648628262514026,False
ENSG00000168143,FAM83B,33,True,0.022732971880468158,0.9000710127527014,0.9649066365526842,False
ENSG00000129535,NRL,32,True,-0.02291475748860576,0.9009318205287506,0.9651044078104304,False
ENSG00000132300,PTCD3,30,True,-0.02361854770517077,0.9014069084702409,0.9651044078104304,False
ENSG00000135596,MICAL1,30,True,-0.023589630779111755,0.901527037488564,0.9651044078104304,False
ENSG00000172215,CXCR6,30,True,0.023589629610819042,0.9015270423420225,0.9651044078104304,False
ENSG00000146006,LRRTM2,31,True,-0.022899223358721854,0.9026821188965765,0.9656450317667322,False
ENSG00000162456,KNCN,30,True,0.023266170728609693,0.902870925919984,0.9656450317667322,False
ENSG00000164751,PEX2,29,True,-0.023651145602365115,0.9030735412538934,0.9656450317667322,False
ENSG00000196510,ANAPC7,30,True,0.02316000574596388,0.9033120700437269,0.9656450317667322,False
ENSG00000137699,TRIM29,32,True,0.02228948854238343,0.9036223765643235,0.9656450317667322,False
ENSG00000188517,COL25A1,30,True,-0.022919448153093012,0.9043117559012005,0.965809547221835,False
ENSG00000197959,DNM3,29,True,0.023287334368977775,0.9045577216538617,0.965809547221835,False
ENSG00000048991,R3HDM1,31,True,-0.022388061523010507,0.904844574786486,0.965809547221835,False
ENSG00000138764,CCNG2,29,True,-0.02316697491403781,0.9050488016620951,0.965809547221835,False
ENSG00000143951,WDPCP,32,True,0.021729165578527485,0.9060343610677196,0.9665215461003502,False
ENSG00000048649,RSF1,33,True,-0.021232132482438215,0.9066386387466284,0.9668264514347608,False
ENSG00000139324,TMTC3,33,True,0.02106318956870612,0.9073783158715789,0.967023415014658,False
ENSG00000111218,PRMT8,33,True,-0.020983113191773952,0.9077289383168322,0.967023415014658,False
ENSG00000099954,CECR2,30,True,0.022046543931254076,0.9079404796489388,0.967023415014658,False
ENSG00000165379,LRFN5,29,True,-0.022304374784259808,0.9085692982895209,0.967023415014658,False
ENSG00000023041,ZDHHC6,31,True,-0.02148476901351624,0.9086675538389308,0.967023415014658,False
ENSG00000186329,TMEM212,35,True,0.020105078858438243,0.9087344542282014,0.967023415014658,False
ENSG00000154734,ADAMTS1,31,True,-0.02137527770824772,0.9091310886392518,0.9671065119512153,False
ENSG00000163399,ATP1A1,29,True,0.021698928866799676,0.9110412973126145,0.9686337264138741,False
ENSG00000183671,CMKLR2,29,True,0.021562346637942386,0.9115990673917856,0.9686337264138741,False
ENSG00000103365,GGA2,29,True,0.02143649277864,0.9121130616817379,0.9686337264138741,False
ENSG00000162733,DDR2,29,True,-0.021436491477204493,0.9121130669970537,0.9686337264138741,False
ENSG00000197893,NRAP,36,True,0.01905620296230028,0.9121619973047649,0.9686337264138741,False
ENSG00000134532,SOX5,30,True,-0.020698865413633902,0.9135464160936891,0.9693115163169992,False
ENSG00000163864,NMNAT3,29,True,-0.020943699841199998,0.9141259878588689,0.9693115163169992,False
ENSG00000188641,DPYD,30,True,0.020485415782836514,0.914434682247154,0.9693115163169992,False
ENSG00000170017,ALCAM,34,True,-0.019110228017245566,0.9145728310021244,0.9693115163169992,False
ENSG00000113391,ARB2A,34,True,0.019102926624118867,0.9146053509479493,0.9693115163169992,False
ENSG00000135540,NHSL1,32,True,-0.019713919275191904,0.9147159071963776,0.9693115163169992,False
ENSG00000121957,GPSM2,31,True,-0.019969742915486338,0.9150840139671904,0.9693632471752932,False
ENSG00000066651,TRMT11,34,True,-0.0188059021840399,0.9159283939528724,0.9694664817536188,False
ENSG00000170214,ADRA1B,31,True,-0.019762049201964872,0.9159640590315644,0.9694664817536188,False
ENSG00000157077,ZFYVE9,29,True,0.020450905662160606,0.9161394387849581,0.9694664817536188,False
ENSG00000111249,CUX2,32,True,0.019251925516123276,0.9167075428035623,0.9697296515510854,False
ENSG00000206075,SERPINB5,34,True,-0.018491633404019082,0.9173284902518178,0.9700485184272096,False
ENSG00000124786,SLC35B3,31,True,-0.01936069464406879,0.9176649642900566,0.9700664455378175,False
ENSG00000108443,RPS6KB1,29,True,-0.019985211358775585,0.9180426321255873,0.9700806470771354,False
ENSG00000183091,NEB,31,True,0.019157088122605363,0.9185279677518692,0.9700806470771354,False
ENSG00000169967,MAP3K2,29,True,0.019839802984894083,0.9186369763988025,0.9700806470771354,False
ENSG00000150054,MPP7,29,True,0.01946532102888,0.9201678360000125,0.9708120479029481,False
ENSG00000117479,SLC19A2,31,True,-0.018763241048881413,0.9201975790847237,0.9708120479029481,False
ENSG00000148688,RPP30,29,True,-0.0193564308641338,0.9206130250261302,0.9708120479029481,False
ENSG00000145723,GIN1,32,True,0.018245164346527298,0.9210493506379628,0.9708120479029481,False
ENSG00000172594,SMPDL3A,29,True,-0.018979541533152577,0.9221540882930557,0.9708120479029481,False
ENSG00000144935,TRPC1,30,True,-0.018485525219173134,0.9227619513909077,0.9708120479029481,False
ENSG00000163347,CLDN1,34,True,0.017205783607505874,0.9230595687500653,0.9708120479029481,False
ENSG00000162624,LHX8,32,True,-0.017696681023776917,0.9234157148886809,0.9708120479029481,False
ENSG00000074582,BCS1L,31,True,-0.017952597166447315,0.923635132390239,0.9708120479029481,False
ENSG00000152413,HOMER1,32,True,-0.017598533751249222,0.9238392277380952,0.9708120479029481,False
ENSG00000197580,BCO2,32,True,-0.017511689814135232,0.924213982935756,0.9708120479029481,False
ENSG00000158417,EIF5B,29,True,-0.018240079430114936,0.9251784719214291,0.9708120479029481,False
ENSG00000174015,CBY2,31,True,0.01754739814441307,0.9253538981684192,0.9708120479029481,False
ENSG00000116455,WDR77,32,True,-0.01723663767410619,0.925401012663017,0.9708120479029481,False
ENSG00000147606,SLC26A7,35,True,0.016392294582658385,0.9255363156291587,0.9708120479029481,False
ENSG00000010810,FYN,30,True,-0.017801513569333946,0.9256119635317993,0.9708120479029481,False
ENSG00000123836,PFKFB2,34,True,-0.01650997521048192,0.9261624167295659,0.9708120479029481,False
ENSG00000134759,ELP2,32,True,0.017054832489235786,0.9261857075289478,0.9708120479029481,False
ENSG00000121440,PDZRN3,32,True,0.01705014272923665,0.9262059500488862,0.9708120479029481,False
ENSG00000138600,SPPL2A,29,True,-0.017986941124550897,0.9262140384807923,0.9708120479029481,False
ENSG00000148180,GSN,31,True,-0.017342206442540604,0.926224402943341,0.9708120479029481,False
ENSG00000122756,CNTFR,30,True,0.017578994649717274,0.9265393101225919,0.9708120479029481,False
ENSG00000162009,SSTR5,29,True,-0.01786374289767041,0.9267180743621006,0.9708120479029481,False
ENSG00000166225,FRS2,32,True,0.016865261228230982,0.9270039943579205,0.9708120479029481,False
ENSG00000140937,CDH11,31,True,0.017044881579379754,0.9274859214065836,0.9709818128932372,False
ENSG00000115339,GALNT3,29,True,0.01749630412907325,0.9282215256193129,0.9711779259991197,False
ENSG00000039123,MTREX,31,True,-0.016849965457630386,0.9283130241269583,0.9711779259991197,False
ENSG00000125629,INSIG2,29,True,0.017252002595560072,0.9292212696665864,0.9713205457926475,False
ENSG00000115828,QPCT,31,True,0.016537260008475423,0.9296401043673638,0.9713205457926475,False
ENSG00000101452,DHX35,29,True,0.017128774005591787,0.9297255924923798,0.9713205457926475,False
ENSG00000011083,SLC6A7,32,True,-0.01623406463361394,0.9297290863219478,0.9713205457926475,False
ENSG00000138821,SLC39A8,30,True,-0.016586886443642167,0.9306750480247032,0.9719743535614032,False
ENSG00000164485,IL22RA2,29,True,-0.016633809758501726,0.931751539401945,0.9723398424243731,False
ENSG00000185009,AP3M1,31,True,-0.016034691733975884,0.9317733239873547,0.9723398424243731,False
ENSG00000164695,CHMP4C,29,True,-0.01650856340424,0.9322642540895448,0.9723398424243731,False
ENSG00000145681,HAPLN1,32,True,-0.015587750124570343,0.9325202577596561,0.9723398424243731,False
ENSG00000214595,EML6,30,True,-0.016021362212400553,0.9330333115863144,0.9723398424243731,False
ENSG00000174348,PODN,29,True,0.01626016309509153,0.9332811961493694,0.9723398424243731,False
ENSG00000128849,CGNL1,29,True,-0.01613896772134361,0.9337774030942656,0.9723398424243731,False
ENSG00000196091,MYBPC1,35,True,0.014572969979016907,0.9337815298491311,0.9723398424243731,False
ENSG00000112319,EYA4,31,True,0.015532022267600486,0.9339074375854651,0.9723398424243731,False
ENSG00000071243,ING3,32,True,-0.015037593984962405,0.9348967818840335,0.9729940917889947,False
ENSG00000150556,LYPD6B,33,True,-0.01462966059187427,0.9355972687071592,0.9729940917889947,False
ENSG00000006062,MAP3K14,30,True,-0.015353805453550529,0.9358177694413256,0.9729940917889947,False
ENSG00000179044,EXOC3L1,30,True,0.015353805453550529,0.9358177694413256,0.9729940917889947,False
ENSG00000136010,ALDH1L2,32,True,0.014666789444504644,0.9364988680266276,0.9733689022009043,False
ENSG00000143106,PSMA5,29,True,0.015289767581058657,0.9372549309511187,0.9735636948704314,False
ENSG00000082438,COBLL1,31,True,-0.01472664948263864,0.9373276284935016,0.9735636948704314,False
ENSG00000162777,DENND2D,30,True,0.0145831022270233,0.9390333845050336,0.9750018315175384,False
ENSG00000170485,NPAS2,31,True,-0.013510788740118842,0.9424931023660293,0.9782595072763299,False
ENSG00000188316,ENO4,33,True,0.012871949360730547,0.9433218371400686,0.9787850641002215,False
ENSG00000158435,CNOT11,29,True,-0.01357523652546804,0.9442794201983311,0.979216062834827,False
ENSG00000113361,CDH6,29,True,-0.013550135912576275,0.944382289848608,0.979216062834827,False
ENSG00000069943,PIGB,29,True,-0.013060621392125101,0.946388636381061,0.9806338212384516,False
ENSG00000133083,DCLK1,32,True,0.012377372797895402,0.9463956179936308,0.9806338212384516,False
ENSG00000181826,RELL1,29,True,-0.012697240202408025,0.9478782151930604,0.9818349578048895,False
ENSG00000111879,FAM184A,30,True,0.01224262667571301,0.9488041369379143,0.9824588539370763,False
ENSG00000180537,RNF182,31,True,0.011599757918095623,0.9506164963147268,0.9829430237610502,False
ENSG00000125798,FOXA2,29,True,-0.011956120625125858,0.9509167535251826,0.9829430237610502,False
ENSG00000119684,MLH3,33,True,0.011033099297893681,0.9514084002668723,0.9829430237610502,False
ENSG00000141655,TNFRSF11A,29,True,-0.01170238975117024,0.9519571891331233,0.9829430237610502,False
ENSG00000137269,LRRC1,31,True,-0.011192901135860541,0.9523466148209953,0.9829430237610502,False
ENSG00000155287,SLC25A28,29,True,0.011582060128141941,0.9524506336243458,0.9829430237610502,False
ENSG00000132254,ARFIP2,33,True,-0.010619617358977306,0.9532274201590677,0.9829430237610502,False
ENSG00000110243,APOA5,29,True,0.011339825058408427,0.9534440366693301,0.9829430237610502,False
ENSG00000139946,PELI2,30,True,-0.011127184329769694,0.953463407150792,0.9829430237610502,False
ENSG00000162775,RBM15,34,True,-0.01039278618370778,0.9534820924406748,0.9829430237610502,False
ENSG00000016082,ISL1,29,True,0.011213801687114047,0.9539608840409681,0.9829430237610502,False
ENSG00000162999,DUSP19,30,True,0.010794569597432732,0.9548530569375127,0.9829430237610502,False
ENSG00000166263,STXBP4,33,True,0.010196406505209983,0.9550894800445818,0.9829430237610502,False
ENSG00000112118,MCM3,29,True,-0.01084010873006102,0.9554935811289053,0.9829430237610502,False
ENSG00000157796,WDR19,32,True,0.01026675226607053,0.9555264571123252,0.9829430237610502,False
ENSG00000114446,IFT57,31,True,-0.010396690533749883,0.9557330307037569,0.9829430237610502,False
ENSG00000184220,CMSS1,35,True,0.009669282511210762,0.9560365344693126,0.9829430237610502,False
ENSG00000104375,STK3,31,True,0.010286406018022266,0.9562021500605206,0.9829430237610502,False
ENSG00000069431,ABCC9,32,True,0.01008526638510406,0.9563118653072438,0.9829430237610502,False
ENSG00000064393,HIPK2,29,True,0.01059504815496,0.9564987786944886,0.9829430237610502,False
ENSG00000042980,ADAM28,29,True,0.010593742622559632,0.9565041339465219,0.9829430237610502,False
ENSG00000160124,MIX23,30,True,-0.010127991158998945,0.9576383790039992,0.9829430237610502,False
ENSG00000187715,KBTBD12,32,True,0.009718529752421575,0.9578990968734482,0.9829430237610502,False
ENSG00000138449,SLC40A1,35,True,0.009251472643070401,0.9579344790487391,0.9829430237610502,False
ENSG00000077264,PAK3,29,True,0.010227972967367757,0.9580045814457706,0.9829430237610502,False
ENSG00000124019,FAM124B,31,True,-0.009781183875481735,0.9583514045298169,0.9829430237610502,False
ENSG00000164162,ANAPC10,29,True,-0.010104744991173234,0.9585101148010948,0.9829430237610502,False
ENSG00000117600,PLPPR4,33,True,-0.009368465896742149,0.9587329510085034,0.9829430237610502,False
ENSG00000178568,ERBB4,31,True,-0.009680347322034395,0.9587804059137047,0.9829430237610502,False
ENSG00000095637,SORBS1,29,True,-0.009979056377319332,0.9590257589465622,0.9829430237610502,False
ENSG00000171174,RBKS,29,True,-0.0098558587488,0.9595311993880867,0.9829430237610502,False
ENSG00000136560,TANK,29,True,-0.009736258318954893,0.9600218963555642,0.9829430237610502,False
ENSG00000144283,PKP4,31,True,0.00927980652330654,0.9604845865428283,0.9829430237610502,False
ENSG00000156869,FRRS1,29,True,-0.009608277900960829,0.960546990579656,0.9829430237610502,False
ENSG00000108878,CACNG1,33,True,-0.00894349715814109,0.9606034095846627,0.9829430237610502,False
ENSG00000108423,TUBD1,31,True,-0.00907532524529233,0.9613546592946451,0.9831567110192665,False
ENSG00000185909,KLHDC8B,29,True,0.00936306581136,0.9615531226298617,0.9831567110192665,False
ENSG00000151576,QTRT2,31,True,-0.008974488298122417,0.9617837390405868,0.9831567110192665,False
ENSG00000176658,MYO1D,29,True,0.00887355215519105,0.9635618219907176,0.9846427773691749,False
ENSG00000074771,NOX3,34,True,0.00794681747563345,0.9644222239671275,0.9846702172675765,False
ENSG00000138814,PPP3CA,30,True,-0.008455718945433625,0.9646281099300842,0.9846702172675765,False
ENSG00000121577,POPDC2,32,True,0.007883399061447013,0.9658437797568269,0.9846702172675765,False
ENSG00000137822,TUBGCP4,30,True,0.0080169258610596,0.9664626151237599,0.9846702172675765,False
ENSG00000171557,FGG,31,True,-0.007874017192380865,0.9664671022306579,0.9846702172675765,False
ENSG00000139318,DUSP6,31,True,-0.00787083898044168,0.9664806296629315,0.9846702172675765,False
ENSG00000169946,ZFPM2,30,True,0.008011572320655523,0.9664849982488937,0.9846702172675765,False
ENSG00000134222,PSRC1,30,True,-0.008010681106200276,0.9664887244144111,0.9846702172675765,False
ENSG00000182022,CHST15,31,True,0.007864488968128878,0.966507657265276,0.9846702172675765,False
ENSG00000137473,TTC29,29,True,-0.007885657959586003,0.9676162575837431,0.985468956063148,False
ENSG00000066135,KDM4A,29,True,0.00764205601762307,0.968616154199473,0.9861564869716969,False
ENSG00000125409,TEKT3,31,True,0.007260992335619202,0.9690764863753919,0.9862944058450184,False
ENSG00000094755,GABRP,32,True,0.006601870529983496,0.9713937510941356,0.9883215242365267,False
ENSG00000170775,GPR37,29,True,-0.00665352390340069,0.972674178039054,0.989292731834696,False
ENSG00000013503,POLR3B,32,True,0.00605727127348148,0.9737526837130149,0.9900579865213373,False
ENSG00000151445,VIPAS39,29,True,0.006165228863330104,0.9746789307340158,0.9906679724501078,False
ENSG00000144962,SPATA16,29,True,0.0056699125292042135,0.9767126642804626,0.9920435104122236,False
ENSG00000100983,GSS,34,True,-0.0051203668472035065,0.9770719656277376,0.9920435104122236,False
ENSG00000114030,KPNA1,29,True,0.005548705976997094,0.9772103519655656,0.9920435104122236,False
ENSG00000082258,CCNT2,30,True,-0.005341642555085689,0.9776507271045484,0.9920435104122236,False
ENSG00000197632,SERPINB2,31,True,-0.0052435212528355694,0.9776660682323364,0.9920435104122236,False
ENSG00000186638,KIF24,30,True,0.00489650579677361,0.9795127614446276,0.9935852802358468,False
ENSG00000135905,DOCK10,32,True,-0.004583791789553161,0.9801360991952542,0.9936209174059956,False
ENSG00000151491,EPS8,30,True,0.004672897311950161,0.9804481698600528,0.9936209174059956,False
ENSG00000113597,TRAPPC13,32,True,0.004492939666238768,0.9805297327234397,0.9936209174059956,False
ENSG00000175928,LRRN1,33,True,-0.004178505766337957,0.981587892699977,0.9940678510680262,False
ENSG00000056586,RC3H2,36,True,0.003926364605139916,0.9818681733921713,0.9940678510680262,False
ENSG00000153060,TEKT5,33,True,0.004095620251141538,0.9819530584166702,0.9940678510680262,False
ENSG00000144535,DIS3L2,29,True,-0.00418873971393651,0.9827950568619964,0.9943091198022376,False
ENSG00000164187,LMBRD2,32,True,-0.0038510912072467905,0.9833107821141588,0.9943091198022376,False
ENSG00000111554,MDM1,32,True,0.0038503852973870894,0.9833138408454606,0.9943091198022376,False
ENSG00000064703,DDX20,29,True,0.003943314878985159,0.9838029868016841,0.9943091198022376,False
ENSG00000100359,SGSM3,29,True,0.0038229142373047403,0.9842974666003543,0.9943091198022376,False
ENSG00000103056,SMPD3,37,True,0.003319895683758146,0.9844414000750776,0.9943091198022376,False
ENSG00000138081,FBXO11,32,True,-0.00357831067471609,0.9844927663175685,0.9943091198022376,False
ENSG00000161999,JMJD8,29,True,0.0036977692655028424,0.9848114371690805,0.9943091198022376,False
ENSG00000003393,ALS2,29,True,-0.003574510289986081,0.9853176677619587,0.9943548239615633,False
ENSG00000214960,CRPPA,30,True,-0.0033381552989309084,0.9860322054813581,0.9943548239615633,False
ENSG00000164252,AGGF1,30,True,0.003338155133606468,0.9860322061730559,0.9943548239615633,False
ENSG00000147459,DOCK5,29,True,0.0033288129511567684,0.9863267750993373,0.9943548239615633,False
ENSG00000100577,GSTZ1,32,True,0.0031164070184503834,0.9864943115191794,0.9943548239615633,False
ENSG00000100578,KIAA0586,30,True,-0.0030050083658568296,0.9874260721948902,0.9949636757994312,False
ENSG00000165694,FRMD7,34,True,-0.0025981965762720168,0.9883646346647013,0.9953619428586008,False
ENSG00000081189,MEF2C,40,True,-0.002345435792290213,0.9885400109465213,0.9953619428586008,False
ENSG00000175110,MRPS22,31,True,-0.0026281268146200166,0.9888048813114426,0.9953619428586008,False
ENSG00000174611,KY,31,True,0.002420086732077955,0.9896910278101283,0.9959237522146336,False
ENSG00000198730,CTR9,31,True,0.0022202041377275307,0.9905424388567531,0.996450246643175,False
ENSG00000184611,KCNH7,30,True,-0.002003561937447566,0.9916162660298821,0.9968152480043062,False
ENSG00000169744,LDB2,30,True,0.002002893179358545,0.9916190642937368,0.9968152480043062,False
ENSG00000174946,GPR171,33,True,0.0018394648829431438,0.9918940571238843,0.9968152480043062,False
ENSG00000120658,ENOX1,37,True,0.0016008537886872999,0.9924972936530373,0.9968152480043062,False
ENSG00000113600,C9,30,True,0.0017811422567356704,0.9925469350187806,0.9968152480043062,False
ENSG00000183032,SLC25A21,31,True,0.0016132285062828468,0.9931279440804148,0.9970689279854958,False
ENSG00000073111,MCM2,29,True,0.0014789253142716292,0.9939250333097333,0.9975393061581322,False
ENSG00000204351,SKIC2,29,True,0.0012324377618930244,0.9949375136609232,0.9978982041833055,False
ENSG00000164197,RNF180,29,True,0.001231830537506934,0.9949400079258451,0.9978982041833055,False
ENSG00000198018,ENTPD7,31,True,-0.0011093182960612248,0.995274479469709,0.9979040025330371,False
ENSG00000173517,PEAK1,29,True,0.0009854644300055471,0.9959519971270193,0.9982536359450744,False
ENSG00000121634,GJA8,29,True,-0.00073918940616,0.9969636183263386,0.9988519463993142,False
ENSG00000263155,MYZAP,30,True,0.0006674824827152897,0.9972069333123588,0.9988519463993142,False
ENSG00000133704,IPO8,31,True,-0.0005044390740298134,0.9978511598701452,0.9991675862024276,False
ENSG00000164190,NIPBL,36,True,-0.00038617493804644334,0.9982165112333232,0.9992038668329605,False
ENSG00000084110,HAL,29,True,0.00024654835344481603,0.9989872468266227,0.999205366183396,False
ENSG00000145888,GLRA1,29,True,0.0002464268112370626,0.998987746088502,0.999205366183396,False
ENSG00000188816,HMX2,32,True,0.00018335167158212644,0.999205366183396,0.999205366183396,False
