human_gene_id,ensembl_species,condition,replicate,sequence_sha256,request_hash,expression_log_tpm,scored_window_start,scored_window_end
ENSG00000100439,balaenoptera_musculus,native,-1,2e0f8fcad5e8d96902b8215075a38133338edbb7579ab1164437364df0eb30d7,998ed442443fdfd49a20ecd3584eda8a04a44c7ac4c4ea7730b6612ad478c2b8,2.6804,15601,66338
ENSG00000100439,bos_grunniens,native,-1,95e16d4648ae0b6f09b9e1518f4e5f892fed06b35b1a8f408b75a7c7477b540e,4bf97906ca861f4ce1f6738a04048dc023eab9d3b6e1cad10ec8236fe5671978,3.0486,15735,66145
ENSG00000100439,callithrix_jacchus,native,-1,11162cd9c4380d99df844bcfd01451c2d0931728e6d90490a4f0b4cd9586e56c,c0152924a88ede600a32589118c2a483e4e6209221433349b213aa5fda59feb6,3.258,14378,67245
ENSG00000100439,capra_hircus,native,-1,c2b6b049df9be9f4335ca4d0af09fa452d104ee33445c1393cba32eb1693a2bc,c71dd189f141a14c850c6fd54e2be2224033def1b1596fc616bf324d12391a75,3.0486,15738,66098
ENSG00000100439,cavia_porcellus,native,-1,d9c40f3a41810b9445488c0d90d16f99e9868c996242b7af41673c9430af43d4,aecaa4d2d6e29f57176db1569e1f527df2aa54bc5c58d531e1d14fbaa8980c2c,3.5601,15536,66453
ENSG00000100439,chinchilla_lanigera,native,-1,9ee7de99b5efb430e614f5235ab1d93112635cfb34e3622ecebad7d3adae820d,15744c0541fdd3690f6ecafcf0efebc024788bd660ae7f72c71e1341fa576e5f,3.2279,15217,66513
ENSG00000100439,delphinapterus_leucas,native,-1,a40361ee0b6a88f61ee374713fb6e8e32736a7b2e8151926996948dca4669110,347b8109578a621c61d1e3b4e2472d98534a26bcede621cb95af3a51b3eb05cd,2.5789,15660,66496
ENSG00000100439,homo_sapiens,native,-1,0fd09c1fadcfc68cf8a332ad46ea4b4c1009d8a71749f232e0d667ff8e74693a,fcc1db0ca6ff06f5aea73326c8ec569fc9d8ca7a8086470eff925bfbcafb4142,2.8561,13373,69262
ENSG00000100439,loxodonta_africana,native,-1,487f0617a2ec9f52d39f4130cd4331acd2178c2038500201500fca722ee9cfe5,36a6d8e7e641eb6b42b428980ae2560fd3c729de5a32f92ada54a94a484bc373,2.8561,15366,66203
ENSG00000100439,macaca_fascicularis,native,-1,f85bd0eea585fe3ae89e713972d5b9e80363d856721c165ea664f540186ac665,d8d02bcbc367245091233074f8b80bfdc1f7d02ca8b1b916a28cbf0256494e3a,2.9447,13886,67217
ENSG00000100439,macaca_mulatta,native,-1,c5b5b9e7d6701bbf7c6b3049ae4e613981c54bc84f6a3d560c04ecef1f885e45,ac96897b4a549015edd0ab7821ecda6c3e7cd4716674103cb9810f581f92104e,2.9299,13810,67275
ENSG00000100439,macaca_nemestrina,native,-1,5febb0ff25af155d997b633427fd73d8895d13b45d9398507f7adf1da249652f,4f58a9c82a6338b4c1acee32cc63f54d2047bded668762148ae3f4e6da70b432,2.7973,13855,67295
ENSG00000100439,monodelphis_domestica,native,-1,3ec8ed88c11a914a94ac99c9cc89e5244019afc3eee205871d910ad51b469a3c,c6cf0529c9e4f8e5df39689a3a0323f95493964c3e84ddd2fd2cc220c2fbeadf,3.6513,15310,66575
ENSG00000100439,monodon_monoceros,native,-1,b02a75d5592e8e334d28287bdf9b2d1fae8704387fd979d0ee49e07ef2c32181,09a4064735a90d9c896685a4a1451e8020b9176c7977c4864fbe7c9f171d69fb,2.6658,15640,66352
ENSG00000100439,mus_musculus,native,-1,56c5935002678471ee55ab9c25917bf20c376eaf87fa0ac7faffbf82b3feb836,4bfeb538b0b356f810e97da2f055d15ee02b8bc10c194b8606be95fd9699cca2,3.4691,15477,66495
ENSG00000100439,mus_spicilegus,native,-1,ca6171f59582588383891548cc6b92cbd6f8f7707c9c128fd916400755c25382,b821a1788deb06a2b7c194a8cc27c4ffc5453206ee35fd99d5eec6992011caf1,3.7885,15527,66396
ENSG00000100439,myotis_lucifugus,native,-1,84a6aa84929e236acffb845f8401692fc6bc3a42dfda2e35d2444b2b12b4b9ad,de85c1f2ca7a02d0417619df6319a4f82a11bc0bfa78572c6ea35de2d44ae4a2,2.9447,15550,66457
ENSG00000100439,ornithorhynchus_anatinus,native,-1,0080a014d5bc3818dc49718d460e27186a1031dcc2a67e7227891ab95de9b134,af247bee05db35e8677a09d25621c1e062ddbee16d0dd9abbef2c56d22e389f6,3.0933,16343,65491
ENSG00000100439,oryctolagus_cuniculus,native,-1,0198e74cc6d393b32514e675c3d7045962f4525ce4fee37c01ea3a9dfb6eafae,ccaaf6671d88f76d981f6e5ee7679eeb220475fabdcb98b79823b769fd764b9a,3.5146,15688,66107
ENSG00000100439,ovis_aries,native,-1,288979fa073e4b661f028f7d1f99be43bde3e4b1c8a846a67295c5b0e9ca4299,eecc954832fb8db36f0757ab107806e06df6833a3a21bb9e4a42e8ceeacdf8e1,3.1231,15649,66306
ENSG00000100439,pan_troglodytes,native,-1,b225bb65ca95903fb90638d41f3334c7737aafffc5d1f85f663d1550d6c62e21,d322767cee3ee7fdebf5ff94d78106980707248727517ef2c775f1f280013a11,2.7533,13303,69180
ENSG00000100439,panthera_leo,native,-1,70f48b476cb4baaa8e4c09b03c1373458e83f8f34db0815dc95beaed90a05b8b,4e561077fab8da995b3b27ab9233ce16d4c3db914444e8392153e1cf4e013e68,3.0784,15196,67125
ENSG00000100439,rattus_norvegicus,native,-1,8a55be6308f788d685052188d98bf5c308c0e74823c3508ddd1e3eed437da46e,a08424e2037a6257fbe01b08ba12160a3fca87e0f654f91349cc4dfa5cb80015,2.9299,15590,66456
ENSG00000100439,rhinolophus_ferrumequinum,native,-1,f4e187b33d48a9b444148d5d3001af447bb18982a64e69ad55d66178acdf938e,f32ad6897ae1cdeb7327d05aedce5b61b2e2f25c96e79da27993e5307210ee69,2.6513,15437,66029
ENSG00000100439,rhinopithecus_roxellana,native,-1,0b93ec5fc58f6bda7321fa1661c7ea751db85bf5feaff270aada1027bc887c18,55e631a7f82bed5591fd6360591ff5a82b4803e1d8c2a0e75c562c206db131f1,2.9151,14038,67366
ENSG00000100439,sarcophilus_harrisii,native,-1,a5474c315b8181dcbc6552a38e9a5c3c08febab6cf6dfd27cf43b0609727b650,b091e491f6232f0748ff6bf012fd0fb5aae76ca98a780ffec15c8ee9b037cd97,3.3181,15495,66641
ENSG00000100439,sciurus_vulgaris,native,-1,8da5b29fc31bb5cb7285e37dbe9312338922e9b307737bc126d1b2e56d9221a2,892375d93fae54a72959fad2f91a817c31520dfe4a2e0691744d7a4488044ba8,3.2129,15046,66483
ENSG00000100439,sus_scrofa,native,-1,37c585051b1b0a068c75d9013fc016f7731ebaf61c382c955a0c24c24a8dbfc4,8ff225e8e4cc69a18e6695a9b35aa8e1669a7a47255bf111879c1c90183796b5,3.243,14594,66750
ENSG00000100439,ursus_maritimus,native,-1,c79af33f19664d49c85481d01041addc2dd49a27adab210b6511a8e7495d618c,7e5dc84c8911849f68bc78fc6b21eb028f590bc48eac2628fc6e5b4c840b53a2,2.9299,15465,66263
ENSG00000100439,vombatus_ursinus,native,-1,fa505c2ec00e0fb1b2b8f72b2a02624835b6d2f4fc273dcbbcf28cb1a2007760,2e171700d292b1d437718e399e1558794818628e0b035f46c569c27dbb21d359,3.7122,15665,66496
ENSG00000100439,balaenoptera_musculus,shuffled,0,55da3ca8ae9bf65f99f24727ac84cb24351b3c9c22d20a2a170a317fdba73a89,3b7267c5c2d0beafddc4099902caa9baf402354230246daa5eb2e22e864e4748,2.3361,15666,66221
ENSG00000100439,bos_grunniens,shuffled,0,b63c102c26b27077f0bdee61c389f88366cb25c376859e40780edff50a215c51,8f5199f9603330e896e007a1951701fd2ba8f70ade779e7d43af92345a12d5c4,0.8706,15892,66177
ENSG00000100439,callithrix_jacchus,shuffled,0,fb9d833dc66d61882553d472415cea287a005b5b5163249da6ffb6bf1ea94a49,44938a0a56900eb7fd5ab62867856c82cfa72cf7ba14cb26ddbf3d4abe846cdc,0.3507,14623,67086
ENSG00000100439,capra_hircus,shuffled,0,9d3f97f1c2c13dd10a414dd3d1994e6d16bae574dba0d882361f0eb9cdea7e53,defd4e375bff7e5b1765cd66efff6192565f21f23cf4fff6fcc49caf086dfdd4,1.0793,15802,66043
ENSG00000100439,cavia_porcellus,shuffled,0,8806db0ed5166236a73555d9523d07a5e94e5e7817043967dbdff137f8999565,ee5779f279b8b1703c27efa3012c049bf0a2a482610974f321d93266366ae1fd,0.1944,15650,66336
ENSG00000100439,chinchilla_lanigera,shuffled,0,d62eaad9950c560291171a6812b216157bcebf1b429a826c7023e17acdee80f6,0be3df5ddbbde77d4843134d91be421232bd625df099a2fd71b4538b10f7d49f,0.7144,15376,66374
ENSG00000100439,delphinapterus_leucas,shuffled,0,5078201e9c28f1204ecb5497550aa9bc300ee922cdf846388821f07cd7b6681f,91e9f755208b35c3bc0ff8d27c02b8839392ec51bb5934e2e67c047ae1d6c963,0.3029,15660,66407
ENSG00000100439,homo_sapiens,shuffled,0,484afd8ca58d2466c9c45b8eeca3ebbcd9781e8f1d6b1e395a2a42dd1bb77cc9,aa60a6403c22529a17e8d149e65525bcf151bcab3d326c660f400519d3da80e4,0.4206,13761,69208
ENSG00000100439,loxodonta_africana,shuffled,0,71f2e93cd2a068c9728b3866623337e2c2d6eeb7499964d971b3609544fae9eb,dd650dab5979bb6db5b3565402bb4d71e839725472437a6846c1715a44c7bb1f,1.0588,15431,66074
ENSG00000100439,macaca_fascicularis,shuffled,0,2727945a3df9a11919372604f33f17c3cdb612ce20d4e7283b99ea28f7e86b62,94ba0aab5330274cfdb7d17e9d1bfb648a3ce12860f9ef0c36f1eedf8f9a421c,0.585,14189,66990
ENSG00000100439,macaca_mulatta,shuffled,0,416ca1373c72e9a11c27f56ffd7770b69782548f4a420e18e355bf825605e5db,56e6d0bb4a3e6d93636bf319096c8f07fa963d9b3842dcce18ff1cb5184a9752,0.4287,14206,67133
ENSG00000100439,macaca_nemestrina,shuffled,0,3a3efa66b7c4b721afd3bcf029726528c3e90226e3a778e5dc252e9f8561458c,3e3db27e910b92ac2a78cbd6d2956c6978c73e5da62ca52ef7b2628cdb4d7c81,0.1545,14190,67139
ENSG00000100439,monodelphis_domestica,shuffled,0,fe2a9ddb71b1638778feff8e210521ccbbadd0adbec80688324668f501057d0b,7ee9f1c1e28f3dc89aa71abbae789d46911ab4d11b2809b355b69827dfa3fd9b,0.3186,15367,66581
ENSG00000100439,monodon_monoceros,shuffled,0,1a016a04c3a646f2306f994b279fab482342ef2acc4471146eb77a9ce4c4c990,210d017fad4f6db710b917497044a33ed22ff7bcf3c85e642d83ca9de045e905,0.3338,15670,66346
ENSG00000100439,mus_musculus,shuffled,0,ffce9f32bfa3bc67f9915335ee8f9832db14d6f323fa59b0094a235d3c1ae4b1,0ffe9161e444840431f1cd25cb62a6c730d0bec4db2cabed4e6512f64289743f,0.2485,15605,66420
ENSG00000100439,mus_spicilegus,shuffled,0,c542631f57d52045f9f6a2eb3d8b71bf4b1e583ed1cedd83104c514420fee197,6e0ca99f79f6691218a1825f58c20fd52c23634d023a0082a2b49a85e9b679c7,0.5319,15642,66236
ENSG00000100439,myotis_lucifugus,shuffled,0,0fda05190f3650d7979747a022aa24409414a9ef8b25bae035d73930858ddfa3,1a9f96a8d28413adbd686da7e020b9fd6821a49daa7ca03abe5afc87f601d0a4,0.3672,15684,66408
ENSG00000100439,ornithorhynchus_anatinus,shuffled,0,3a623678ff043795d9a3121ab3ad1d7cd292be3b9d507c0d04509413125b0781,d4aaf6bda84c4e5b37f4e43ec8f43e99cc26215e843e203054adfa692d09b0df,3.3784,16368,65394
ENSG00000100439,oryctolagus_cuniculus,shuffled,0,a8cafc6a94e2a86c43f203288c10f6830da5c594cec5ee35ad02608078933653,435a330fb7b8fdc54f8dbfb920fc36256e3ca0a0f03ba07a1e2fefbc6010b226,0.5557,15760,66017
ENSG00000100439,ovis_aries,shuffled,0,b00eac162b050fd2befaa489e7361aeff793f5ca5460bc1cf9ae6dbcfb086f84,d79e7e4234bf25d5bfdf68290fb37020cfc974cf30d1acef92c75670923dbca0,0.7421,15767,66296
ENSG00000100439,pan_troglodytes,shuffled,0,38beac5b0f2e14952b2a7e95daf82a7ba2bda0d14b883e54a9096041aca798f5,763754a1077e42ca7f1dc9f6fc9532298f2084f5cfe85cf829684b5efb8ac4dd,0.366,13594,69061
ENSG00000100439,panthera_leo,shuffled,0,fa745476b5bc663a94d19ee1d2946b6d2c6b9da14fe173586dcd50cd5d4924fa,98970acf57a3aadc4e6d49ee452ea4b64836855c2b57a3a3df0532f9f6742a5d,2.5069,15295,66953
ENSG00000100439,rattus_norvegicus,shuffled,0,1747c3e3911be5939ecc5dd91f05baace20c10bb7b9be53e8daa583aaa559bd7,c33e90745c8d2f3cb823ffbea2c663c03e7bb934e67f8efc4e432b5037d2d445,2.3502,15627,66339
ENSG00000100439,rhinolophus_ferrumequinum,shuffled,0,0af7f39496acfaeb3ca7016a487befaace703e71c2220701a8d8e239be9cb765,111132d5227c2415325e080ac759cec87cc9667c1d1e7beaa00119bba8be7a3e,0.2116,15546,65992
ENSG00000100439,rhinopithecus_roxellana,shuffled,0,b813c3f5c5c5070a8d714ad0f47299953930dee38bcb8f1e5ebbe41f3dbf903f,6ade0531a19e90361a25f07108407f8473161ef73e5da2dc726c26c404fb51c4,0.6994,14358,67203
ENSG00000100439,sarcophilus_harrisii,shuffled,0,88094b03c5d6eab4a69c77cb5d478f81d316d7b2a2f346e6160256a6b795c0b2,4818c0b2b9f7cb2c932df855195b36f534910b6b1f0b8299d9f30bb317107af2,0.5319,15489,66593
ENSG00000100439,sciurus_vulgaris,shuffled,0,89edd4a94463f33f6e62e59639a0c0b619d199fe0a172230b0f0bd2f622d1d99,dd4551fc76404eff5fa728cf835b788411d4972ec1cd1d3f336282c1dc8d4597,0.4667,15213,66408
ENSG00000100439,sus_scrofa,shuffled,0,444c514aac6267c1e08383ffe647a7203ce25caf388465509db3c4eec2f9489e,03f3e9091c6bacb4879185937e82f03f80dca0c819240306bcbe5676ca2680a7,1.6759,14683,66563
ENSG00000100439,ursus_maritimus,shuffled,0,70a953204d349c243be71aa379bb932436c433b8d0787495ba4aa947b702419d,0cf4a70c82cd35a4dd57bfa5273a33eeb606019aa68fb657e8fe40d354f966ba,0.2146,15695,66072
ENSG00000100439,vombatus_ursinus,shuffled,0,ee129ab91fb88ad64bedd6aad727c76840b218814e0352a85dd4b4a4e24dcba6,795693419f3b0b8719949b0e9926beb708267d82c4eb93da01633545be3cc041,0.7988,15769,66460
ENSG00000100439,balaenoptera_musculus,shuffled,1,f07916fc9193d65dc38063dc8a42986b2ceb4257779a13c57d3fb4d59a948f47,06eefebe0e71d9caad9ec3f0435344b1114a1e17167af5efd9c7c24bfcba9c0c,1.0716,15682,66284
ENSG00000100439,bos_grunniens,shuffled,1,18aa577e32a3c759f7de5ff3b4c4dc46caee7d5269bae4cc28d7f04d5b51b4f1,d935443ea9f68d31023dcd355506754509cd288741ee40d02113f132ab99d840,0.6861,15804,66145
ENSG00000100439,callithrix_jacchus,shuffled,1,6f837f4e5ed030b0447897ade5e533d2ce52da21aea5c4d89fba9242481be3be,7bbcef14cc6735c16bc51e2838959cb411879dc02f0ce8ce8dbd58811ea36138,0.305,14696,67195
ENSG00000100439,capra_hircus,shuffled,1,678858e6fd75310add56655c3d702ab24d0da167fd68da4dfa5b91b78dd976d1,13cb8f46c8a2bf554858558358ad96b1b1b36508c66b59e888f20f17429798b4,1.1342,15850,66027
ENSG00000100439,cavia_porcellus,shuffled,1,b39a0106150889223b15ac23a3511ea4bf5bc6799096a99eeee04dc0d630ac49,607a797fbc618020fb70e3754d2e5e0460669a5e8147f81a6178983260a222ca,0.1823,15657,66325
ENSG00000100439,chinchilla_lanigera,shuffled,1,80ec7ab38837dce8042b46a69572efcd30f4830e38022f562e90dd917f062867,443cb6337e3b4302e26d24581dd75ab8c9c36e7dc0093c6576fffb8f7d1cc9e8,1.0897,15276,66402
ENSG00000100439,delphinapterus_leucas,shuffled,1,5beada92ae656a8dda7726a932ce0ac2926996443a113f204ca317e868933700,9f170de60367e7cd7653a6898a7167519f416f145e262b84f084ac944c4b775a,0.7282,15677,66374
ENSG00000100439,homo_sapiens,shuffled,1,34c06df71d69c3126de78aed7c26e9f7b344bbd82b20903b208528cf82703a34,09db90eefa6fab57ae013f8d55de3211946f25ee068e3ea3d599809ecc32be49,0.325,13699,69214
ENSG00000100439,loxodonta_africana,shuffled,1,ee8be6e1ea52be556e5f5588cf5ebcf346a12610d5761a883d258bb64cd7b53c,ca3e9da9e7b5b05f6cb371bd9071f4fdac51f8ad3894fedcaf29bf96bddb35a8,1.5694,15480,66074
ENSG00000100439,macaca_fascicularis,shuffled,1,dd648772466c83b1925380a29f2a06d83654c37756c0f314e9ef03303336883c,aa3824f67e214a27b827a3f849dc1fc055f1bdae03b2c255b6f7118e14771917,0.268,14197,66943
ENSG00000100439,macaca_mulatta,shuffled,1,24f790a9214aaa2409ef83047e9c2731abdd6726fdc061411c8dd15b187a18e3,6c8eb4108089ee12bf274b8c44a2a1400b72dd391f55339fd31668e33417700c,0.4113,14100,67173
ENSG00000100439,macaca_nemestrina,shuffled,1,d5268c34236141554538e46f33e609983f65da3c973146e1eae598751ab1f52d,13863713d1444a4fe3050cb01fa043f8cf64ccf20bdfc5eca9494af065d27ecc,0.3932,14190,67159
ENSG00000100439,monodelphis_domestica,shuffled,1,582264fa503ff490249140436c19bbc13a433592386303f190b03fd31f791a5f,bebffedd5af884be30a1a08c74836120fd26d77d83731deade13f40b0fabe5c7,0.2,15451,66534
ENSG00000100439,monodon_monoceros,shuffled,1,2015ab1fe1eeb1cf94c37f7c5c2b64857b2664624249796d409ddc0e805ff5f5,7a95c4f220ef45b523c55a5bbab0724ef6c14dd1620d6d386a8b6caa0191d67a,0.3416,15689,66346
ENSG00000100439,mus_musculus,shuffled,1,61ca5009116837bfb3d8fe93e8c00a21db4e5acccb6476fe251fc5297230cbbc,8bf02cc2def9aecf8c7929677b53575bc1eea701253cc3cee897f99f029ce686,0.2116,15664,66354
ENSG00000100439,mus_spicilegus,shuffled,1,02bb6842b7cdc6d6e4a2212d772f04dc8b20f02f575fc6efa9020fa6219dd996,70d4f0fc26b89f4171b9946bf911d51ec2135562cfc254ad9c09fbbc9e1f33b4,0.3133,15652,66252
ENSG00000100439,myotis_lucifugus,shuffled,1,f1b856cecff8de8f1ddca81cbf053fd5b9dbacd41cac6c1242fe039ef390efd3,17eeadcc3859e45de01d5ab34fbe21dd255af1c1c68a18deb0ffc8db9903d626,0.3648,15652,66383
ENSG00000100439,ornithorhynchus_anatinus,shuffled,1,eb1b57bf3aeb1fa7a93d0a9d3801587805a490abaf34e0ea11992b69bcba2847,413eb0d9502f55e79515ff1ca539414d820acacb3d8a26818f0d5af48d0073c5,2.5933,16357,65456
ENSG00000100439,oryctolagus_cuniculus,shuffled,1,fde7546ca6b42dd8d4919cd5505a4ef71b816bc25cb5f22c03dfcaea3009d91d,f33f6bac5a5a4b54813779aa6435593721dcfd870e625de48e3f98fbed69a65d,0.5632,15705,66050
ENSG00000100439,ovis_aries,shuffled,1,2422ede08d1aa000ab783d09b60d228e7529da633868dcc319c823ff667fbf39,295f846c0391d1b20bc6a4dba9c3c399fbe3102b74a2bb27bfc344f3e70e7d37,0.6944,15782,66215
ENSG00000100439,pan_troglodytes,shuffled,1,09b4b87c203da50818ee5b68d7b2afb330de66bc6debda01aaf1a8780da435fc,79b291f3bad9e8f49b301bda93c7ee03b98a85df13feaffc321b8555721d4971,0.489,13636,69085
ENSG00000100439,panthera_leo,shuffled,1,967e099cbb703fee820cf8369eb050f3312589a61284af90707e34aae74b988e,bf9b8979925b9abd3d7dbad67a0d46cc78707ecc181307f5528ab0503a5a6827,1.0284,15290,66953
ENSG00000100439,rattus_norvegicus,shuffled,1,4f877807273001d385a7488faf03f92f95aaf2c6ab15f79d5382e97dadaf68e9,3ceaa04fed2a6a701659a966809b6e25c57c5a864ecc128017b86685f9a2231e,2.55,15672,66363
ENSG00000100439,rhinolophus_ferrumequinum,shuffled,1,8ce383b42c1e7c4b36b5e2aad510ff7f0e11f76920a95c5964823c8c1cc1e611,7aec2d1ba6de96e3ad0130b2e056fadc57a5e6ce4fd1ee35df91856206a96f20,0.1523,15512,66015
ENSG00000100439,rhinopithecus_roxellana,shuffled,1,59197835027623205e94fd1b13dad3eb782fb838ab9b03aa13bc1da9f583f0b7,3949ba5e6afe09eb75d60094deda22d24790cd1ee1f5e7b18a05d1a523ed2af8,0.6276,14296,67170
ENSG00000100439,sarcophilus_harrisii,shuffled,1,c5b4b657507875fef4d588115ca13d8558a886e1be8f4f521908c417f426e107,74b7cea71f957f39b9abe127be96df66ec42f0e4ed06ec0dea973db597279eda,0.7145,15501,66546
ENSG00000100439,sciurus_vulgaris,shuffled,1,da3f8c28ae55eb25ed59a0f9f0c31b644fbefd47e20ce9edbb9d6a8e6756a390,27bd9f32b86392a7e6b77e7a51e4000a4e47ac8dcb47ce343051b25d53f0e44e,0.4682,15197,66402
ENSG00000100439,sus_scrofa,shuffled,1,09c4d1759a0bfd2e5c3efc3e613d2f44d0a366bb26ecb3c9005a26f22ce6965d,eb324adaddae7fccc67a09858f4298eb53d9bfbf92dffea629ca34995cb71151,1.1475,14691,66600
ENSG00000100439,ursus_maritimus,shuffled,1,f14c687303a6847f2169564cf6c955a14ee0abd334aa6de0b75a34bd4e369d6f,8b0152677e1ac0cec9a4155d2435a6816701ffc0d431fcdf963e21b8b57839b7,2.7826,15655,66052
ENSG00000100439,vombatus_ursinus,shuffled,1,f4a828f8a903cf9ca53c54b4ff654b10e470e39285ecd06014f12ae65adce46b,5390141136a0ffdf8c4381aa9617022cee15bddc15503aa581b2bd16a599c003,0.2948,15699,66409
ENSG00000100439,balaenoptera_musculus,shuffled,2,90f289a6469d233d27bfff1fa9eb97108fd87e8f515e81263e5bd310c7766d9b,616f77c5aebccca69da5f8c983698fee5fb13033a4592846e4d3a815133fa523,1.0134,15700,66235
ENSG00000100439,bos_grunniens,shuffled,2,7b2d8517245b2ca0899aeb517626eb89fa9be0b1edd2bb11c08c80e7a7834bd9,3864fba033791cea5cb236a6a2eb693496c60fc216dda3a2ac5db8721e690a57,1.5263,15786,66109
ENSG00000100439,callithrix_jacchus,shuffled,2,0976db213591cc70cede505047a808f99685fac1023e6f31c0444ad6f8d6538e,418b3af5df72cf6d501196b67e4760737e188cf3afa2389e681d98f265d64730,0.6194,14639,67162
ENSG00000100439,capra_hircus,shuffled,2,94aa6e569ea0500355572aa84b7d290ce672dc7a157727de9032c1a429900457,b31ff26b84d167f0aa24e4b7c63a64d68e220a09f5f53c2db10da322ede1b0d0,1.2764,15793,66006
ENSG00000100439,cavia_porcellus,shuffled,2,cd1d01635e65d3e06c91d456337f80dda00bd27671c3c05c3e42a0a8a83537a8,3fb550fa02f945a03a3e64081418d823db3e6edc2372116e86028ce9b083ec16,0.2116,15633,66343
ENSG00000100439,chinchilla_lanigera,shuffled,2,0abc69ebdc9212cf372bcb822d45cc31d951f5c5ed9a3a405bb3d0217319fe4d,0cbe01321ce19ccbafba883ef6ec5203092cb95137b823a39f28d613994ba7fa,1.0461,15352,66384
ENSG00000100439,delphinapterus_leucas,shuffled,2,6e8edb5c29c08ddaeaf8d45b520abf13afaf089a8be04f9b6d8641439f0c5d85,59faa5f6d266b76c93144b0f79632267c80028d6dcd4aca045407d14396a7873,2.7241,15715,66389
ENSG00000100439,homo_sapiens,shuffled,2,757f4d7708304c1f817828ab2a7b1d2fee597f64e42adf15c18a3d99e044932b,b37ef44b361851d144604f3f5e503797cec2f0fc3c9d9d4ed2e1d3064d763ad3,0.4467,13639,69136
ENSG00000100439,loxodonta_africana,shuffled,2,c310f903abf49146cd02ff95864545632b95a9c87db19142a79bd65fcd3c0807,b28398b0f6f78243f3bc741b8cdd4412205e21734234c3e65a9464087a4c8137,0.7226,15514,66090
ENSG00000100439,macaca_fascicularis,shuffled,2,b22da628f41198656b534b56e4fc1817c15e8c15c2aca933239315bad6f51d73,f4b11d3eda4219cf6c574df53a526fcfed7b1b40852811dc52358b264870c79e,0.5751,14153,66890
ENSG00000100439,macaca_mulatta,shuffled,2,92724080414b1b03751cfd9fd4c5a5e8411044d2cd36b008593ff414c97d3e54,ea19eb5a32f739ebb41f47d644498afac7a7065d6195654f1be368320bf4763e,0.1336,14122,67126
ENSG00000100439,macaca_nemestrina,shuffled,2,803afb61f7ff543eef72d1f35cab8dc8b221d817491c4b4cb43f7564c8145d90,4772aa391c4821a66fa4dc6403ede3e37c7fb5ae0c643b8bc528be7a1bef8f3d,0.2485,14190,67181
ENSG00000100439,monodelphis_domestica,shuffled,2,7635d08dac7fbabd8c47697152d90048aab694685138d9d3162aef649f913b6b,cd7f96818c6b6b27ee92942400f2c7c0e155d203e8a8405b5a2689ae531b2a0f,0.193,15389,66484
ENSG00000100439,monodon_monoceros,shuffled,2,b7e7ba9aed9e1b5ede355e9e72a6b897e540b4b5876e5175c912121d73f77221,85f14c69ae4e7b544eb08e41685badbf3b8af65be9495df4b311f2b60f620af3,0.6804,15659,66310
ENSG00000100439,mus_musculus,shuffled,2,cdddd1d384db384a0629d18fb422c82a986a32c35a90e210087e91c9307f618b,6615b0e7a365eb03db3e480db09845a6397136d83c2d303b87c39b640218f73d,0.1448,15595,66449
ENSG00000100439,mus_spicilegus,shuffled,2,a9fdde4f55ec4ee04a310851008937f16461de331f7020ff9fc7927ee2c5657a,3c69e67c49047ce734ccb92af711e9ad4dfd9fb9237f4c4561c31aae908b294b,0.7226,15609,66154
ENSG00000100439,myotis_lucifugus,shuffled,2,48adf4540fc97b9f83d939fe35fafa4a47aaf507fd3a629317ee053279a44cf4,fc6afa244ed618b717f29623d5e256abaf505cc61bf0815f0fedbd5b00b3edea,0.5841,15605,66435
ENSG00000100439,ornithorhynchus_anatinus,shuffled,2,ee1f3d65b6ff1b55c2b302e47f4890846667ac5a958f189ee72fd008cae0a338,59b491a36c8b1a9c2eecbca8cdc51504943df8fcddc0fcb0dae6f53dc49aa623,2.9595,16394,65313
ENSG00000100439,oryctolagus_cuniculus,shuffled,2,ebbc3ce98b152c788c279aa5f5957b9e3e8cff9532640f14e95efed3981afba5,f01425e7ca3ad4ed3ac8e38f92dce6f2b61caa99bb8ac1b05001343af1f560b6,0.5824,15750,66003
ENSG00000100439,ovis_aries,shuffled,2,0daa7ea361b2652708e4e7420d03b5d2e7488026053a930ddcfa581714b082e6,8d1a046c01636b407cacfd4414ae66b719c7648bf0bbb598b95e0e3a4895fd89,0.9028,15743,66186
ENSG00000100439,pan_troglodytes,shuffled,2,5190f4fe2821507cc195a9bea16ab7193bbfdc2e341b4f6b44e23c5bba955226,45762652ac6c7b533cae7c3244b1a112e11b53ba5bccc47b6d788991b7946d4c,0.2554,13579,69092
ENSG00000100439,panthera_leo,shuffled,2,86ad532c7acd3bacd9a285fda6b8ef252bd3d74b6a9c8f04b6c3d3efa532e483,93fda5cfcce30d78367684592920c893d03ed716fd5068ebcdac989804e89fef,0.8101,15290,67041
ENSG00000100439,rattus_norvegicus,shuffled,2,b5f803a6d1911441075f9b9d2deb3842a49b7bf62695e7344274948ae2d1f14d,c738b9c82ee921880ef6fa8754858fa26627986b4c1d3d8dcc639e84f7ea7cdb,3.0486,15627,66385
ENSG00000100439,rhinolophus_ferrumequinum,shuffled,2,9b99972a9be679ac8f9630fac9a21015328bd84c02aa72896dcdc182a651a987,08761b07c329b0c6451c230f918839339d3b612c4055a4d14ca9b2e2d892b5c2,0.2662,15479,65956
ENSG00000100439,rhinopithecus_roxellana,shuffled,2,51071f5018a0820a18e35ed0746eb006b22ab5223d3bd45b374b9ef0d48056b6,8689614574fab90f76e7807e4e75f144601ad11ebb929d5267d93c3b4c1b16af,0.4882,14339,67162
ENSG00000100439,sarcophilus_harrisii,shuffled,2,91c96da27bd14477e644abd44d809f1ffd1b74c2bf89ac77ce1819652527a33c,bfef124038ecf5e1df648a72bfc4afad92cbe38a713e8303a5a6945e2f8ded17,0.2773,15579,66614
ENSG00000100439,sciurus_vulgaris,shuffled,2,17a9ba7e4705e1af6fa1679ae2e2df485f6714c4a0ab1426bf4f8eadb727b43a,acc58056b4c14c359a60917adb43becc14d990c5bc9e3d8c7283187e53d7b66e,0.7586,15146,66402
ENSG00000100439,sus_scrofa,shuffled,2,00bc6096af9b83ebd63e44ed693ac3691b6b02fae337ca53f868b7da85ce0482,7775e44c55b82d4f4e30a3551201971e410f84560295c5141381121a0ca088e8,0.8134,14731,66624
ENSG00000100439,ursus_maritimus,shuffled,2,de90711dd1376f8c539bbf3a75c2bc196dad07efa3b5376105d800202ac8ed1c,441ad468d48a9fe10aae6070fde1b999e84daa6c68496fa7a7a85f9f5c63628c,1.069,15591,66060
ENSG00000100439,vombatus_ursinus,shuffled,2,5c4da26c566ebb3eaf7108e23796d2b7aef45d69a0d2ed25141ab0fbda48ac8f,17abde6aba65ee1756f87ba23a72fa82b65724c2b52fde9a81eea011bc0da428,0.3462,15737,66381
ENSG00000100439,balaenoptera_musculus,shuffled,3,976640a93432247ea16444bd95d4fd8d5e07bcdf0c7a84b67744f33e3f1c4824,0caf79cc4c311872b5ccd6240c7f8d897deada068b5834d9470580bdc4b8863c,0.6987,15675,66230
ENSG00000100439,bos_grunniens,shuffled,3,672499ddcb1c33e78513de8574de7293f1fb95504f803932950f4b98cd5640d3,1ab7d0f2c6e1420c4af76b0d498c3ab390c59259a4a2e25d4759295c0ce6f3ab,0.8112,15790,66173
ENSG00000100439,callithrix_jacchus,shuffled,3,03be572ce25b0873231c3a0279f9b44ca6ef95d48b30380fdce23fefceb45d19,68c02310fb108826ca256d4bb6d55ada45fa04d000dd540de59d36e30a48e5c8,0.1685,14696,67162
ENSG00000100439,capra_hircus,shuffled,3,fd64953d9a21b2c253da16a30359f57dd574808c1f2885edb5bef683c0dec41a,ea0634e3a2dbbc9f9bb0e45c811f7beb04dc3a914bb4416668dae0c5faa7f444,1.319,15828,66006
ENSG00000100439,cavia_porcellus,shuffled,3,4447e2d6298bf2808133ec7aeeb6e17eb499538527ef16604f0eafad71d8a3a8,0e6f5968b0f6e09186a78a9d75a07728d27c3d399639ab5ca2f125149b63209b,0.1197,15688,66349
ENSG00000100439,chinchilla_lanigera,shuffled,3,bb7679774aacb8029efd3ab74fb788fe0c64883213152860912449e504b8b3cf,701cfe7d14bfb5303c7b17a3edacab359bbb8ce71da2c39ad01eab2f3355f1cb,0.7612,15307,66311
ENSG00000100439,delphinapterus_leucas,shuffled,3,b8ac12837d5638046e7a62e8077c717d3a82425482f22f12a3e1bed86572a6d1,6047d4f55e5f71d275304a036f33c264d23542df3de1e11ff9e7dd5988ecaefe,0.6203,15632,66414
ENSG00000100439,homo_sapiens,shuffled,3,f31605063a661c313b700fbf35c23f54d62502216fe5b7d33d05b88a846cd181,50f64608c576f33b9c179ad45eef40a7180c8aae18bab2af789874523f9394fc,0.4342,13683,69140
ENSG00000100439,loxodonta_africana,shuffled,3,3ac2e22a7bbc75d151f1ce106ef0e9563b93dfd44f077ebfc9ab29251c1a5e94,c1e4ec9c5d4c214c09f1efcb19663d758728f9b7fa6e70ebb2e6a0742c99a859,1.5019,15480,66045
ENSG00000100439,macaca_fascicularis,shuffled,3,c5a538dd9c8e9a910c19c3eea45c5f72166c99bc61499d36e0ac16ede5a1d2c9,d2acbb3c4795141d9e921d4523511ebd29b34e1f3987ae6cd1a358c6b0b50dfe,1.1502,14212,66969
ENSG00000100439,macaca_mulatta,shuffled,3,f89520cb6e75ba1cda39bf253befbd6c2a6ac32a99d9bfc512d15227589da4c8,c47fd9fafd7706d2994e9e2f4468444624e8e9bf98efc6a7d0ea561d8db058f0,0.193,14137,67239
ENSG00000100439,macaca_nemestrina,shuffled,3,20c913d980b53c3f9ec89b94958835cef9f2cfd3e96320c09cb4142bf4769d46,82dbd59fa7676e9cc6417a0bb3f8973a43c9f0a71ddf03f3dfc46b003736545e,0.3957,14190,67154
ENSG00000100439,monodelphis_domestica,shuffled,3,da8a75dcb762737b8ec3063fe3ff38600da942f81a8fbf7bcb08f9b57ef36a5f,f7a7bb985ade710a60649156367fba2912510b849d95142afcf405ff1ac57714,0.8832,15310,66540
ENSG00000100439,monodon_monoceros,shuffled,3,43662c9e6203f5e4c0ff9518429705ecaab141621493bc03bea599660ebfe09e,a0ef13d3421aed2c24f0deafff65629ccf43d425aa3fedff008138d1fd54aee3,1.1422,15689,66327
ENSG00000100439,mus_musculus,shuffled,3,11e32b5e7d39f6b3148914f069f6dd463008b502ff737195c1171c4bc8bb248d,5759aa254c78e7f021dd353c5cb9f289261a7109705d8c82cb651b721589e291,0.1326,15605,66315
ENSG00000100439,mus_spicilegus,shuffled,3,fec50e052b3e3ef10d4d05bef0aea802ef55aae509e2803d78841c090460c561,a67bc0d6134a9c28912df00b66f8fdb8041f752482b9441825f61044cd8640a1,0.5247,15707,66175
ENSG00000100439,myotis_lucifugus,shuffled,3,0f917395ed7f2e3813a533f0079e5495f68a488aa6998447aa72e33f26ef743e,b3ea2d9fd0155a246e8dfa872291deef9992d0989c8c1f242bb4ca55f678af34,0.4314,15597,66404
ENSG00000100439,ornithorhynchus_anatinus,shuffled,3,406f6ab8623f3583ebc855ee5fd28561638559d6835cb4932905cd7c1f3adf5f,cebe292f94a90b45fea3c4d22f77d53d76ad17e26933a47df39ae3d4b78b8af5,3.1231,16343,65431
ENSG00000100439,oryctolagus_cuniculus,shuffled,3,674ca9aba0f7ec40a4ae95a230730c6147914f59d0b72dcdcfe93e867ee4adcb,e67c538d0393d0480f5b94d9002177e4ec7333227adb270b7cceddd1ba8e2ff7,0.9741,15782,66067
ENSG00000100439,ovis_aries,shuffled,3,e0da78ddc375bd2d781ba7e76658b3ba28743d2b2fb8206053dd6a4bf5a7cd83,5eecad639a496c4e532261dd641fda33b207886e5d6b6a399126f28b2f0a846c,0.9814,15715,66282
ENSG00000100439,pan_troglodytes,shuffled,3,c73223fe2a2c63c977cbdbfb214415f9c5948b43c5bcd935750352ebb4fb3d09,1147cd70f7688c73b262bcd199eeead4306377f49d432b55d481f6d5e9721bd4,0.5417,13619,68997
ENSG00000100439,panthera_leo,shuffled,3,4ff79878f0c21df365034bbe49d8533a1d0c58bb49447d7007ce2ca7c533940c,631fd648a37075a6bba2ed87c252fe3e97b5a9421225339f13fc25e6a69655e9,0.4113,15286,67055
ENSG00000100439,rattus_norvegicus,shuffled,3,a5242c0d27a2b285ad34a8a29a8d799b982fb898e179b2d08998abfbb803ec2b,92174eaffe7009a081a9b3d6bf149dde8848d3b516701cc3c3cd727a89c3a509,1.2097,15680,66385
ENSG00000100439,rhinolophus_ferrumequinum,shuffled,3,7baf63dd552f417da5b1e50cee00ddae3e4fc791a678a19fdda36137dd41c41f,b6e8f9b809fee21767cfba68646d1bb0a5197d987939f172e4964172946c6c2f,0.2192,15501,65951
ENSG00000100439,rhinopithecus_roxellana,shuffled,3,50ec5e66abd014e320c74be1dc06cf94dc93d7464088797b7a75d1549c8254bf,0e744e58536786f3fabe3e46c4f362c21acb30f11003305d92760aa54875ca30,0.8809,14334,67148
ENSG00000100439,sarcophilus_harrisii,shuffled,3,a6fac448f3681180cbdfb1ae002da33f01ead068443e9ec1a2d70035faf46573,a636fa01ec1d3cfa4bc8cdefc0777af4f5fc7a78b791456ccc8bed052199980a,0.5482,15536,66584
ENSG00000100439,sciurus_vulgaris,shuffled,3,6d1dc53944b20b5b4249d83b017916457fdf76cfc51f7a4dac9d9cccdb1aac5c,b7cc2676d5a6066e205a804b2bf4133806601995b482a0e4fbc76754e54a1a0f,0.285,15158,66435
ENSG00000100439,sus_scrofa,shuffled,3,e49944af613e2e4dbbf2922643b4e2970154d409e10f1eaf8700b8b6c44b7576,e46b4d5fe775f0e145d9f87dd6f00a3c62f1995e36f0564f4d8d5334511d24ce,0.5959,14750,66624
ENSG00000100439,ursus_maritimus,shuffled,3,d6a1debe1590ac5e27b5e92231b2fc5973c35f6873ad118aac6f9807555034e8,230008d9e69adc4cc77ac94b842d6cd9c2678feff1b69c013901dc5665a39c32,0.5532,15683,66156
ENSG00000100439,vombatus_ursinus,shuffled,3,f0ad3c08164a61d3ade69e3a63f1c9bffaabca6e0c6fe0f7e28d480c5be3be65,fe89bbc36fbfd440d06e81b13b64c478582fb6df8e2b61a5f6c34ced65c0eb60,0.2812,15765,66388
ENSG00000100439,balaenoptera_musculus,shuffled,4,65820a03e23a4d725260b27d4f109412185cda0fe82752246d3bf86b5bae92ee,93a431366e7181cd8a834f7b158f349b4f9c73003c2b1ebab0b09ce0e830dd9e,0.3507,15687,66230
ENSG00000100439,bos_grunniens,shuffled,4,6a9085f85ce92c85044e1d6523ba74a9ef631176db50fcbd081958187223abe9,b2b4f5bb47fea718efa10af64051c8214a8df5d4765453630e8d9044b6d705cc,1.3593,15786,66092
ENSG00000100439,callithrix_jacchus,shuffled,4,0c94a8ca461b29ae03889200e2c7eda7bba444ad37f0cbe7cbccecf4993e7ec7,461c963eefd32aabae3bacff35f3b03269498d4549ca42a91f25e070ec797bc3,0.4179,14704,67152
ENSG00000100439,capra_hircus,shuffled,4,c16e4865662860c5cf63f74a2e85bfe4fc035f58d6ef1e025a6a3eafe0377b40,494f1c844a3e9a874541171ab05007b8b84a89c058647025af9b4cd923817a38,1.3047,15813,66001
ENSG00000100439,cavia_porcellus,shuffled,4,7f65e696c762be550aa9f772000eacce9b8e6c039e4da5419a167eaecde32afe,84e179eb865b210320b02150e68a08abea7cc1e0c2fb6945de7c0c2517c469a9,0.2831,15640,66296
ENSG00000100439,chinchilla_lanigera,shuffled,4,c9ea2554002baf238135177bc41f323ad7bd0ede29c0e742d50f4d9b73f4e150,c75a5c4bf5e4150d34a5e593a3e6ff5a307c2840e39be2bf5dd4e79320f2497b,0.3894,15321,66363
ENSG00000100439,delphinapterus_leucas,shuffled,4,b0566ed0a8039602d2f23cd9d37069f08935accd05e198893373ee433a35cca3,ed5d38ad26558e1d8787b2401fd30a5f7c04832a75b48ddd96824fe4a5d4e737,0.2736,15724,66488
ENSG00000100439,homo_sapiens,shuffled,4,861b68328d00d4ef8e9d5b231e78295e6ff4e7010b1d08255f54ddb77120ad54,a37de87240e15be106b423a4fe4c3d17f1349e7d41943a9d5c961049151958a3,0.1944,13683,69147
ENSG00000100439,loxodonta_africana,shuffled,4,ed0013e061dbe60bb857e4775d9058445e8d1df46804ce1703b820f3bf3a8e1d,16b01e3a650f3c9363573393f8761f8bdd13f708f8ace76dd9142db2cb1fa5b8,0.897,15480,66042
ENSG00000100439,macaca_fascicularis,shuffled,4,157a02b56212561ccc1ade04e1a884bf50dc5d554691975e4171947915a4bf57,739beec5847e6978d20b66b62a11de222fc87144028b30c3aded96feff3663ec,0.2792,14203,66943
ENSG00000100439,macaca_mulatta,shuffled,4,0006cdd769d59d23489ed18dc22e73f291d8589355ff39db99c4d971471b7979,ec54829ffd41dbf8b68189b523ea95c6e35ab27cc6c2e6e73bfbcc5eadbb9600,0.4314,14063,67133
ENSG00000100439,macaca_nemestrina,shuffled,4,9ffae243cc0f20c6bafc2781a1c3bb108a69ee6cd59e019914678eaa524d900c,ab59828302ec449d0043ba8a085c58e940c115a6aea706742f031b0bf4bf2e76,0.2755,14250,67139
ENSG00000100439,monodelphis_domestica,shuffled,4,daa59eaa1ed19ce3690d2426215ca75414a969a9cfcad987a314e796ddea8051,ffbf87821f777280000f2db1862e2a2f43380ba830d99b97cfe74e624f811eb8,0.148,15367,66523
ENSG00000100439,monodon_monoceros,shuffled,4,c5e744e32968b42ba857ebacca9a0a70469824a7ab8dcb480292a8407b2104b6,b9cb97ca6a41ff0e18a18d90b3f59926911ea05874d7fbd891820804c7560c3a,0.6744,15655,66310
ENSG00000100439,mus_musculus,shuffled,4,c0d93fd66aa12a2f9c79fbf0e3ca8b936758fd72429dc2df6405f10bf9d621fb,282bb6f796f1401446821607ddff855184e76cbf35257efda7b2677fa0cf37b2,0.185,15605,66406
ENSG00000100439,mus_spicilegus,shuffled,4,b575276f0ab1edfeb45780e0b0f0b9ea9c4baafafe3267220d86a2680b0e5ee3,fe89352e8e309ca92ec566561d287d8753211ddfab83104ade640480c186fe93,0.4624,15652,66185
ENSG00000100439,myotis_lucifugus,shuffled,4,1f65de8a1e686afa66bbed95545972db219eb1859a8dcb39b512d6a34031f40f,a2398cb4ec008da0afe599d2ee3517d397c3afe7c449071edcc62655bff4254f,0.1614,15625,66404
ENSG00000100439,ornithorhynchus_anatinus,shuffled,4,1d7cbaea1a4a9112f7d34be310c24664df24525694befe054e168b8666e77ef8,508f62611e366d30540c9d385e91017bc5a2a404dc9f90cbd55639e95dc7c599,3.3332,16362,65411
ENSG00000100439,oryctolagus_cuniculus,shuffled,4,f4df3f498e399bd1ef70eda5827780a80ed88ba54427a15b3954f1a6354245be,bd7d77bb461622c74ac48736ce90d7fbecfa4ac08451478df438237ae95cb900,1.3477,15733,66022
ENSG00000100439,ovis_aries,shuffled,4,ddb7b181f397fa377201265da7420027f50fce37fcd76e43ba155f796f421086,a7739a469eb930452f0500b85a60b96c0ffd75f24cdb8e10ce6a9071976ba39c,0.661,15685,66255
ENSG00000100439,pan_troglodytes,shuffled,4,21fd6f469075bb0637373e21db8fa05022fc0ed01b4dfb40afc15f82b2264471,745518220efa8884eb099e774fdff49663333322a59a723cdb7e1a24a092e0a3,0.3844,13588,69054
ENSG00000100439,panthera_leo,shuffled,4,d0ed6185013cb6265768eb5f19b1b408526aafae438e411acf7cb07780110167,87202ad2de184c7aab8da71aecd0b86b9373df2c8168438fbc8bf550e1dc628a,1.1609,15295,67034
ENSG00000100439,rattus_norvegicus,shuffled,4,76510f0856c333927cddd836ec57ee0eccbc183e4deada97d447257e33090d8e,61945ceba40cf02fbff812e087817adadb8eb0da5de8544a8123e49502fa750e,2.4497,15713,66339
ENSG00000100439,rhinolophus_ferrumequinum,shuffled,4,a449ebd156b24b663f86dd12dd964263f5a6d411a0f0ce72d0a27072dea490f7,5774bae8981d6138358c5cc7280e2ddde094db915fcadce818496ded662e792f,0.0916,15479,65956
ENSG00000100439,rhinopithecus_roxellana,shuffled,4,d0393312bca77d56171fb9855faddc7512808f9def868b55cac77e225cd03a96,ee8d70cb741c71ead0e42683e1f78ef041e198205381c983a283b22a4f5706d2,0.2131,14293,67222
ENSG00000100439,sarcophilus_harrisii,shuffled,4,ce4e6b55de3e0f357a421cb7f6edbee0cdbb7505790d5730a7860cdbe0ae7212,6a5fd518e427b1c92690c551a1d2159e864b05a966c6acbfc6c8cb23ffc458a9,0.2502,15489,66571
ENSG00000100439,sciurus_vulgaris,shuffled,4,d479c9fb54ed0612b52be4aee228d73fc92b26f76726a3d91f9c5c888f629eed,8863fd00848a379d0d20177d5c9b02cdff41febf8c084a4eae9252b9cffb0f0d,0.4581,15241,66342
ENSG00000100439,sus_scrofa,shuffled,4,ac0a8d5468e8d5b7efdaf26d61252247d694b30121253dc23b7811774e81b078,9abc61dddb1c17e0050e5a4d8c37368a8f27b72a04c7c5ee1b3059031223870c,0.2644,14664,66624
ENSG00000100439,ursus_maritimus,shuffled,4,ccdfb943443f159c62a546e25f9f1ae5a81c0ac3dc27718da11c9029bd9fcbdd,4cb2390ec4c7c1fbcf31eac18a291c6311459ce1d3821134db2ebf9686ede3dc,0.4595,15630,66103
ENSG00000100439,vombatus_ursinus,shuffled,4,2b22ff098e399758adccdb276478b15f5ab46a9a74cf38bd8aab11675dce0320,10e9ba9f91deaa27093594fda33758066ae59d92020811afb01093f424363738,1.0897,15812,66371
ENSG00000100439,balaenoptera_musculus,shuffled,5,d6f38a427432ccacf3c857623f097fc04a81935aaba3e3635c2451e8ef0d85a7,b50e9df893dd7a34a55115dd6f8390231d09ef91d9301bbe6ce392560e33e90c,0.5129,15658,66240
ENSG00000100439,bos_grunniens,shuffled,5,da968f83febb112ed89132350c59c52c7690b8a4bfe462f0ed92bb604fa0cff1,e45a33f21a955fc72ccfb5fd117b3ab718fa985126b5d9383eadfdefee958cfd,0.7908,15790,66138
ENSG00000100439,callithrix_jacchus,shuffled,5,e63b6eb0e6153493cd2d6c6872e6aa3ca308f954bf5e505e589e7b99632dd339,0aab93bc4ab8bcf7bb297218976d30d413eb987b0ad7fa6e8005ea06beb0bf90,0.2131,14649,67131
ENSG00000100439,capra_hircus,shuffled,5,446d78081824206ea98f7f80bd3fa5390aa148f6b4c6235ffb85b31abbae997d,cdc61f4e929761e095ee81bbeb8f6a303176f23c7a8026c94ea0db16df8d2a27,0.8117,15860,66016
ENSG00000100439,cavia_porcellus,shuffled,5,47f621fc614a7aee02ad1519cf3dfa6130af79750d932c677550addcd94e3303,093eae65fc1f89e7940613cc71303c9238882e6fa66b042ddd108ce48fc6dd96,0.3371,15611,66349
ENSG00000100439,chinchilla_lanigera,shuffled,5,1c0a29edfa6e7b859c90279bfdd4e91a4b14fba9195cd2e4e76a4bfdeb8bf64b,f84438cf01ece91d6282b077f0dad8d45070210a1fad15627e274e0f2927970c,0.6661,15302,66384
ENSG00000100439,delphinapterus_leucas,shuffled,5,7803cb4e23ebc87f0a2a4e3d2d8ffafea26e2c271caee528f6700fe648ab50e5,86328244d8c881af59a883bd4600377e888079d87597055020b6bcbd13512ae4,0.4793,15684,66414
ENSG00000100439,homo_sapiens,shuffled,5,f902c4887f26eb205bc5e0fb08fb8a0e1a8f4bb2724f80bd40d12e46b15d039f,16e7246fcc355395a9d4b4ba6c5d45f6597f29f0d1fd88aaf5aa78bd670f363b,0.185,13828,69105
ENSG00000100439,loxodonta_africana,shuffled,5,e2637c3262614ed2b6d830de52726f5f68ab9ad9e85dd618e2ffb60591d9c5db,01b4e6d9a591eb890bd5b09985694e633aa005f9dbac3f753c66026109788ce0,1.1079,15469,66029
ENSG00000100439,macaca_fascicularis,shuffled,5,7f9169608a7ab1e0853d8bf8b295b78902d5d0507883994eb0a7057a94d69a12,fd81f14eac5eb253230b76d33c27edea994fcd6797db711908f917361df8712b,0.6565,14153,66938
ENSG00000100439,macaca_mulatta,shuffled,5,46f8d2647d7e99224e2776842a1743f4c6817fb5314851c42bd2c144cd03bf6d,bfb2816d5f7f7be14a1c8f1ed559c033fb595782dafc7cfe0529402fc8233437,0.1406,14128,67195
ENSG00000100439,macaca_nemestrina,shuffled,5,057742244a1a7f825816f8a3f3e8abefa068552bf1fc47fb6d72a31dd582e4ef,ef1f9285dd2d960ceff4e72deff343a0c83ba82350a77274c00ae79ed7023e7c,0.2699,14190,67139
ENSG00000100439,monodelphis_domestica,shuffled,5,e31f56a6c026476f59bd89a9e1c7223c80aa05675567f216ec593644caeeeb48,a2c1ef9200fbb99de42fecf5bbf2cdf52d55056ec247f077e8dd51b4bfb204ba,0.3462,15389,66523
ENSG00000100439,monodon_monoceros,shuffled,5,f33107e007229555a2279404f5d2d61fc122257a904b9ca9c0430847ddbbded4,d00ae8019e121c723ab3764def82bb1e2515781deb567480bf182e7c5eb1ea29,0.6208,15605,66327
ENSG00000100439,mus_musculus,shuffled,5,6a9d542e5ddddbd6a7c6710a978d49e0ef89b2473e4cc697fdb48ed787d4fba4,74058512ded11804a7c6b967e979614dcf9a488f49fba436a30f5c858b8a948c,0.3519,15586,66386
ENSG00000100439,mus_spicilegus,shuffled,5,7d603fb40c394f2939a5f650f1dbf5afeab263e6446456eb54ed0b640ed9f1fc,d4c29d46b9c24b9813b2281bee0b18979d953c0f7e5057cffaf6096287085c00,0.3637,15642,66301
ENSG00000100439,myotis_lucifugus,shuffled,5,8737b65ea0830b95150c5c10d0ad264c26056d8863f3a9d94f56ba378f80b209,cb0c9fe31c16a8383af2595271435643f9ebef5a0e046822720a7139a440b51d,2.4639,15665,66365
ENSG00000100439,ornithorhynchus_anatinus,shuffled,5,f375f110379ac87a17c20915a6c6d0fdc462d178a802f9dac081afe7e3c93a1b,857484d705e89e4cfabd74ddbea13144fcf3f1ed1daa885af688874e511941f6,2.9447,16299,65326
ENSG00000100439,oryctolagus_cuniculus,shuffled,5,b3766d98dc5bd534dafb28f8cad03973d722874c3d0e2f3a8d2ffd1380a584ee,84bec389e3371bc11048d933149cbed769ba92f595abe83730568f0991b3ba99,0.3625,15720,66031
ENSG00000100439,ovis_aries,shuffled,5,83b2cbce8f125c0390f8188ef6f7d598a85e3ec8079d5a9a2fe2fff5fa766900,1499228b4911bdb89ac42fcd6b08cbaa6f56739212c78b62d4c756bd20f2456e,0.9321,15727,66269
ENSG00000100439,pan_troglodytes,shuffled,5,0c93de56aa5d75ca4a63553f6f5331272f8ca73c05b0b1dfcfc9e71833edd4f5,b7656e676f6d21e2d647e33c466c81ff4de5d03e3445f5bc1d004f19639ac9f6,0.7289,13608,69144
ENSG00000100439,panthera_leo,shuffled,5,b8cdccfcacbc0fcda111fefc400b4c7abb073adf85b00dc7fff72c24c6c8b08f,cb09ce9d891e312b3e03939b604933b6860234fa94f3bd5cd1a54639c564c8bb,0.7125,15331,67029
ENSG00000100439,rattus_norvegicus,shuffled,5,dc15cbaade06e6090822a48f4bb710b49ebd7af44287a731aaa004c50f80292b,dd9738087f73765a978844a136493347e8824f940c59d7367c4c3424954e5024,2.5356,15694,66335
ENSG00000100439,rhinolophus_ferrumequinum,shuffled,5,77d2d946aaeac73c147c7300aa518cb6dc08f4e59998bb9008104a8aa9950ef1,c255195b831bc111c2633ca22d0010ef037cc70452e247117e008cd40e345450,0.1095,15550,65986
ENSG00000100439,rhinopithecus_roxellana,shuffled,5,6a7eab855a49bd535676b8a556ef1de9be790cc8786ec03cf1fefa5d20b28694,fabc57f915906b585c8894e3e82b7896cc914e80c0db5639337cb314e6d2c1d8,0.3794,14352,67267
ENSG00000100439,sarcophilus_harrisii,shuffled,5,7d4b34987a7de3f77415a661724f596b4f0a4bcd95b0361aef6f5f320407d6bb,2668c8191922e892cc846e4ff9a9003cda9c89a1842951d96a979d54f73a8d88,0.6294,15501,66665
ENSG00000100439,sciurus_vulgaris,shuffled,5,f1859b7f15e82b1401236fe615ede84369eac2943be54ec658d892cb55427ac1,070bfa9852c0374289e48d614395d23ca98494442799cc2d5f2a4510ff2f4fa2,0.2318,15197,66360
ENSG00000100439,sus_scrofa,shuffled,5,a28ed1489b2298287f0809620013deb04b40615dcfc3839309635c61d866450c,1cae64bf0ae23ec68fe692538dcd85f374500b255a67fd515b5b4ff3f13047af,0.1747,14725,66570
ENSG00000100439,ursus_maritimus,shuffled,5,ab1a70e4cdf24a9fc7cfb1aa64c986d81e0411664fbc179d491998962fe5d5da,164389822197bb04996f4eae795c76a87921613b183a828e91d6489156cdf2fb,0.3721,15591,66135
ENSG00000100439,vombatus_ursinus,shuffled,5,d3bac751972405116005a46b57e38e29f464e55fee1d9d154bcf0acb572cee50,1c3010edf1c0b7cc9830c42102aa2b1b2f488a072921de33910fe25f87a0aad8,0.3462,15757,66393
ENSG00000100439,balaenoptera_musculus,shuffled,6,dbb722da2f4c45d8c0faeeeba0000bd80a21d9216ccadf82f65d0768360981a0,e34515a03294c476d35036d74c072f908ca2171cca7fcda922592128ed77c2ec,0.3507,15700,66240
ENSG00000100439,bos_grunniens,shuffled,6,8c3436802da9d8fc8c8f4b71062a492bacd4c595298ad42315839798c082873e,941dbb4a68d15bb89e1bbee0988f4c11f3d5255c590e2ab025da9422e0c0aac8,0.8797,15866,66128
ENSG00000100439,callithrix_jacchus,shuffled,6,45540fd95ee389cbf9c941131a92469bf5dfe8b05c73dda947931222cc4a928b,5c446e3ea497a09a49cf35fd6abe25079cafd702a4567ae8b37f4cbdb0a36404,0.4425,14704,67158
ENSG00000100439,capra_hircus,shuffled,6,f5d579c26a0fb8aa10a4f609c3881daf9ac426a28a2f4f369b65d499494dfae4,744170206af05fa738d81e13f3fc694cc680895c2a91d73482ea7ad66fa1c122,1.3247,15793,65983
ENSG00000100439,cavia_porcellus,shuffled,6,50bd1b8d51cfc518a7cc0af8af2c220514453df7f401de65808a757722f8e73d,b2147fd3dd99b605a846214105eb215a7f40785b0dbc09fc277e758708ad19da,0.1197,15709,66241
ENSG00000100439,chinchilla_lanigera,shuffled,6,1a45d6a73ec31afedabfa8343404351bd6fb5dc3bb4d44b6cc2b42173e9940e1,f180f64c3da8006a120c2df5b7b350e39f402a409a4fed8b324749c223fdc341,0.5168,15365,66363
ENSG00000100439,delphinapterus_leucas,shuffled,6,83dd59f3fbb424ee42d6f7a604c1e8bac5b841ce687e1f0e4c58a9874d757bd0,88b1697401023d756e2f3e4b1f61d375be34efd18ff3a0817a684f1d621665ee,0.4206,15684,66426
ENSG00000100439,homo_sapiens,shuffled,6,df8436b78fb89078525588afd6f67d34a5295da2435a05a77740035399ef78fc,8d53cdaf08924ad9d4b7d6b31d6939cd7a75b8b28f0db9cc5571389fd20ed712,0.1534,13646,69147
ENSG00000100439,loxodonta_africana,shuffled,6,7b244f1e96c1bc93ad7bf38d29fde3b8b4467277d0d956db8015fb54c238d650,6ccfc1421ad901ec69cd9131ee5b38c0da10a7422390d9aaffe8de3141a76c57,1.7917,15417,66037
ENSG00000100439,macaca_fascicularis,shuffled,6,17daae215759873fca6e8a34c55a94b98a3d87e9e527ad36bf3aa603f2a4f93a,50960950df9094998d6bf08db341d76884b6e8fe0f784c7766aa8178524b9eac,0.6481,14212,66911
ENSG00000100439,macaca_mulatta,shuffled,6,fa9e4410cb448cd25b0ab0d3899023c91652b25133191269e7b0f52ff5502599,d02caf51405738e1f2f31e0a3f9b4fedd1a7a2f5abf8b361c1137922b61e8bd2,0.7353,14091,67152
ENSG00000100439,macaca_nemestrina,shuffled,6,12263bef01cae1ec2707d0e22af75c0aa521dd10d2acb0bca0bd85f04c4cf12b,914bacab540a5f0f921771e7d67e66eb0586e72ca7fab145d7d62f62392123e2,0.3394,14159,67166
ENSG00000100439,monodelphis_domestica,shuffled,6,2e4df83ad3c918477c1fa8dd1554541a658f8a1b93e233ce69aae984bc4b3f3d,2d49e3309732530a8d3e04ec0cf2b76eb6e118a898f97634a3bffb071f571681,0.377,15354,66534
ENSG00000100439,monodon_monoceros,shuffled,6,acb6391b105fc83167109312d84adf3b2aea02f72f39695827ee2a7b785b7c8a,3b6150713d912ecc29ccc2c8e799708b22d9b5e37288800fe0780dd4aee99117,0.3154,15648,66310
ENSG00000100439,mus_musculus,shuffled,6,8bb4ba718ac9eac33b0a38f64c89601f279ba9ab371ea17e847a7972b97188fe,0a92440616fd850665baed98f91a030f1f3a4f3d57d9c8a460da59259d576483,0.2699,15610,66420
ENSG00000100439,mus_spicilegus,shuffled,6,8063c52553d5ef31f325a717c7077734967d1717b8180272bf5dd3aa8eeb5e2e,16dd9ae46871bb0eb6aab70a60c99c0724b1899f460c32c658e9c1d4c9b7260b,0.3957,15642,66228
ENSG00000100439,myotis_lucifugus,shuffled,6,427212b87fb9a12bc1fdfc5d982a3639f80a13af3ccf0d1839f768ab7a6c48ad,a128b99191cb12697c45a9829e06c984c1a77749646deafefe712575cd1b0fc8,0.7226,15612,66359
ENSG00000100439,ornithorhynchus_anatinus,shuffled,6,ead64880e26df72208d8c07d3bd694e3da0a308a397270bb3b02c1df55a2e5ca,08b5eb52ae3663fad025d1c81c12421e4a711654664b728a882e08f21cf223a2,2.5069,16305,65449
ENSG00000100439,oryctolagus_cuniculus,shuffled,6,91bdd9c0f5393d18f5ae3662e945bf2eca1f0d8a148a0e950a93667f4abd9224,5c83eb417d4b5829107c1c8ddd6a0214036b33435a48f027406d1f1e8a013a64,0.721,15782,66075
ENSG00000100439,ovis_aries,shuffled,6,7651a61c9ed7b1acedfa4ec1f6ebc6c89ad5954cf3026f44e7c7cee1e0e6326a,a4d2e002b2de90fd89cfce891b82e0405dbd1eba8dceacb4932074603981169d,1.121,15685,66209
ENSG00000100439,pan_troglodytes,shuffled,6,b1a8caa9bcd6f08e198a6b5a81e5dffc2f233991f057dd59762e3604fb99a10d,516fdd61009fb8b2c33951ca7d537cc02026359c0809cf7f914f375205df3d2a,0.3554,13601,69073
ENSG00000100439,panthera_leo,shuffled,6,26f217fffff8c25b0a963f0c3ebdc41d9a2132cd8a5c35b9c5104fb44400cc17,b525577b3e1e36771f245522861e2d25a36d711d6b6fca0b8140cc19098f94cd,1.1263,15295,67025
ENSG00000100439,rattus_norvegicus,shuffled,6,fb2dc3091956ca3d0f855c0ed7bb093dc75de25d39105b038a6e2162b310b7fa,7462d3287685bb09066f4685df8c6494b232e00f1bedd13dc801f87075afe6a0,0.9051,15672,66402
ENSG00000100439,rhinolophus_ferrumequinum,shuffled,6,3b38e5180e64a0adc836a9e32cc400b83e746f0036b1c33f95ae44ef546cb8fd,94cdda18dbe85490a36d210b70e13454dab1b9d1b6a1b26ff5285c4b847fe94d,0.1458,15466,65970
ENSG00000100439,rhinopithecus_roxellana,shuffled,6,497b6b43a20dc6383d9365c5ccdf621e605cedcaf60b26e1b45ce32f6868194e,0f86163a0f0106c7ba4a019870bd678bf78fad046a39e24e1fe671925da51f0b,0.795,14324,67227
ENSG00000100439,sarcophilus_harrisii,shuffled,6,215c98f7be6841c00ebc2950baced21a3025352c2d86e35c4b2cff1ef78fca9a,b5f6b2e320f0a7741eda3b341ba695f1c47f9fa832d9a0046fe6e1cd19374ac5,0.227,15495,66540
ENSG00000100439,sciurus_vulgaris,shuffled,6,8b6ba3e072721e3b071889f518174c247a5589e745f655a142b9b0d647b75626,d09d722645fb338f0c79b60de983ee76dac2bbbd1f526bcc4329dbe267c5b650,1.9704,15172,66262
ENSG00000100439,sus_scrofa,shuffled,6,b1ff60a81b8c9d03084ddaee6d2a3bee843d6a2e8c47be18fb68aa97de73ac32,4ab7a143d805c564a3306eaf872fb1f71c9931ae7589cd872ee95d323abfdae1,0.3648,14743,66563
ENSG00000100439,ursus_maritimus,shuffled,6,e4c2d197e6bbecd333cf4912fb74f53a48fadd7a4f51e933137b219df0a6f9b5,fd1ae3d749376fe5af306e0a136a5fcb6edf65e2e72ff80f2a04a22164abf8cb,1.9236,15683,66126
ENSG00000100439,vombatus_ursinus,shuffled,6,e4e2d8b059baf3b88dce66dc0bfb2e0e25fc06c463747708134da980945a6792,a476643e357da13d0d3de134d8b3d0816e546addcd2f0bf138b0f4928a4666b8,0.2072,15686,66343
ENSG00000100439,balaenoptera_musculus,shuffled,7,72fecc574e44171bb87811e4246414212499ea825e50133cadb6f1b9060c7a42,929e29c502239b93b2e358589a52c2ae9cad9189ca757da949afe24dd357b562,0.6476,15719,66256
ENSG00000100439,bos_grunniens,shuffled,7,e586f67d3ce2d5d5e928f7bcfb6d134ec9cbab0ca08369c1d9b65dff70015033,e38d63163af1a0f8b64a870637100784b6fb4f217b6b203c63f13077f1fff9ae,1.371,15752,66138
ENSG00000100439,callithrix_jacchus,shuffled,7,425d0416610715056ed5e15bc6824a17594224c9e649bf327742ef995c3721b0,462aa14f60d51f80157398386ba721092f0a262cd5829e904915e336920b97b2,1.6129,14713,67137
ENSG00000100439,capra_hircus,shuffled,7,fb56d5a1706c6725c82879b450ef2c107118d2630e9f76d7ba749f639574ac1c,5f43c8ecb172ee7309cd153f080bff4f2e745beb9414c368381cc52e230ab3c0,1.8113,15793,65976
ENSG00000100439,cavia_porcellus,shuffled,7,e83eb856650480b9508cd9cc5f965962b4b8d542c2031321a86d3fdfa9d9fadb,2398754b285aab5ac58cfee7fa816a4dfa225f3832a0aa99be80a5f7e4ee8a41,1.0793,15688,66343
ENSG00000100439,chinchilla_lanigera,shuffled,7,6a13d31a80c7282c0a7c8b40f59fbbab8c85cec7769125e50e2a4290ec5a0803,b12496589a4eee489a86daec2eaa93599ccd862916f6f9e8a057ab5f61fe8d35,0.786,15289,66427
ENSG00000100439,delphinapterus_leucas,shuffled,7,45938a211cfae7b80767c981ec0bb75705ad45cd4fef263bb917c5eb57c0eb3e,d39033fdcf31a58d543253b93098f41f1b7a9a0911193a516eaff2196dd63707,0.6814,15612,66418
ENSG00000100439,homo_sapiens,shuffled,7,4c0ddac419243d4c9c43c03136a3cd1ff63ef078ae9b3db6f2ad57a0c2b9b687,ee466d9dd93931a80c2a45b96ab274a8ff2a75bcab64b6f1e3fff1b39360fb43,0.2909,13646,69158
ENSG00000100439,loxodonta_africana,shuffled,7,b1d4a72df1ac72027298e2c4a666f9cca30634f0ac5472cc945fa7693db9e54c,df9397db919a9563d8f26123247b0673362728e60b51e40baba6c6d31c5e5cad,1.7142,15519,66090
ENSG00000100439,macaca_fascicularis,shuffled,7,19c102f20e9459b235821c45eaf044d9951ee25d2154f7daf036204d7a41c540,e8d45a8a7932b232d8b29314a5bc363c44852dc209161c4ec768984e2a2c989d,0.3405,14203,66958
ENSG00000100439,macaca_mulatta,shuffled,7,f897952bd13ef00bea783094413a3545f25bc4bff54c0606804adbf232442edf,5649fbbb929d6cb5c811a5c5074e39fa54de548487c811ea1bbf6a81f7d68c03,0.2717,14153,67111
ENSG00000100439,macaca_nemestrina,shuffled,7,649d71c5906df72858c5288005cb19eeeefacfdecfe09a98b8ae6e81c44260f8,d98ec83f32ec4f91e5a180b511e5d65c2a9655ee3534cb429a966ef23063c2bb,0.3261,14198,67084
ENSG00000100439,monodelphis_domestica,shuffled,7,76ef665984fb3440f631fc1ddfbe012851d76b0830552dad9453829b41969dc4,dd5c2f0c4152ff2b8c38b8af3b85e43a00786b71a482e51148f1b0a0947f6700,0.2057,15442,66493
ENSG00000100439,monodon_monoceros,shuffled,7,ed669af565f469ad375c0ac989aa90617d83fb70ae4f8d828354b8fb6b885864,ecde51820369070605e24ea913b8842b517307cf8abc7f3e1f31a5564f2db779,0.24,15709,66364
ENSG00000100439,mus_musculus,shuffled,7,f08c88f0b33f0cc100302c0e92bf6fe0cc520e79c92ed771a5f099ab9866b338,32d1c8d15378f79faafb493ce045dd62924fad75016324230dd94fea858d5a7c,0.6927,15624,66369
ENSG00000100439,mus_spicilegus,shuffled,7,d6f85c7c102d5d024969e47c6fa317313874652c6a4f327e8d621ff40701ca3a,0bd78e1cb4f2336a89d557ec2224d32ddf666cc2a4e4385bb538e388826eb003,0.4087,15648,66257
ENSG00000100439,myotis_lucifugus,shuffled,7,d82df6d8c23917709423e8bd1a958a0d40818b2677b8a33168cc777cd20c6660,a6721e9aa4baf9886668d8129fe2188e2b3c62a147a8a65c200dea56ccc90e0c,0.8226,15583,66397
ENSG00000100439,ornithorhynchus_anatinus,shuffled,7,e621ff5685322ae12652d6893b5332ecd14e3ee388543f41dacd4a4ccf8e7161,c75fcdc4c21b1dbfbd2be7ce790d23c983cb09ea0b83afe0c97f15fd7c0a155e,2.7533,16317,65408
ENSG00000100439,oryctolagus_cuniculus,shuffled,7,5aa0fdec7d5235346c9b118a50483d32497c3dec179b7c1aea613952f9967703,a069b18035c88953a63a89c8a136a3f47bdb838d7f2e1886d6495b4bf578f13a,0.6934,15836,66009
ENSG00000100439,ovis_aries,shuffled,7,b9fbd75e23f1b760558491b560c807a47a75ea1ce9caf8baaa4b5c7224041810,ed4e9be264b5c827eb4ea9723be81531bc0365bd69a45d6306e6e12b48c37801,0.897,15649,66215
ENSG00000100439,pan_troglodytes,shuffled,7,5ec50fa8fd1fa98f57c84db7de65897d1a3eaf25602c56ef3efd2484fda503ae,d75d1d33c93fa66c8b9a56de288a0f58734590f88d9ff815d225c969b94660c5,0.3932,13515,69139
ENSG00000100439,panthera_leo,shuffled,7,5b66768e175bb7bb48a258c52206e0facb0fa7ae5918c7dadd9d8b73942b02b4,c80b4d892a5e4113b6fd16502c260f0bc5143efc48df95ee88d65aa0db92f392,0.6033,15286,67048
ENSG00000100439,rattus_norvegicus,shuffled,7,4cfb73a00ebcd7b20852933745fba6609fb560a6255193b95c0edc98a6887f6c,94a49dc3c582d530039d68a027dd79831ea039b686c8f03893e0c291497f1f0d,2.3785,15694,66415
ENSG00000100439,rhinolophus_ferrumequinum,shuffled,7,5a5e273cca3b6a3dc83d4f7aff0189bd6cec1debbe2abc3d4be7104b1f71aac7,b487568ecfb3bb47c412b78e3ae127022d7de0a0a3d24054eacb2004c144fc8e,0.1298,15472,65986
ENSG00000100439,rhinopithecus_roxellana,shuffled,7,1d171334c21ce7bae8d7530acafb9e18f4f90c5a4662d2d91696f0b48e263388,6393cb7ec4cbe2d58c729b956d92038cb6a7491b62e78a4294aa9b7d58bd6bd8,0.2014,14270,67170
ENSG00000100439,sarcophilus_harrisii,shuffled,7,26b2359b985ad59f70edf8c0c628635e3c36dadbb86468b927063b0dd4615fbc,acadffc698dd818f7bca84d4ec6951aff864af9fed1d7f9752a80e844b2855d6,0.5963,15520,66577
ENSG00000100439,sciurus_vulgaris,shuffled,7,adeae991be7b7894457f9f0ce1a76ca3e74c9b188e136328c8491fb6158c9ea9,1c98cf15af41d583bb21af1f698b33302df200f229d0243fb03941057aebd1a2,0.7812,15241,66416
ENSG00000100439,sus_scrofa,shuffled,7,79d05278d80c1ce4a69e3226e68227e0cd916198212d56159a8bcee92b4bbafc,49075b843820f544c31c1834d13775ee69428140a1196817123c4366dbd106eb,1.2317,14743,66663
ENSG00000100439,ursus_maritimus,shuffled,7,b168b226cab223f9a847a94bd0faed8bb0b8ab8c5dfbb760d94d7ed4eb1a553b,d299aaeb0b5134d28e5f82a0814507821497e6244ebfb6ebe5f04716c0654e7d,0.4342,15683,66065
ENSG00000100439,vombatus_ursinus,shuffled,7,b5fbe6fd47de463b5253d67e2a8c50a8f2ea5331afac3207c07a3f6206c5979e,8d3c9640aee156645ad1cfe6a2ad701159871e8d9c2423151e6f639d146c5c7b,0.5136,15737,66388
ENSG00000100439,balaenoptera_musculus,shuffled,8,9e60676e7d5aa70372582707a33d1931360917f9c282d12d72347e9d2b889d52,37b260ccff6e7179ef9affbc7200278d9e0c88c822205924cc98547940f6d90f,0.193,15675,66291
ENSG00000100439,bos_grunniens,shuffled,8,2b7379585799cf40746fae01f79bf30aa2617a3cf63e25ddc654d860d1cd6986,96b3cc951a4455c4fbdd7dfeaef87accd486148d8db37fab89f212e050e494dc,0.5798,15759,66183
ENSG00000100439,callithrix_jacchus,shuffled,8,37cc26b9e154373eb7327fa5125ea7c04466cde11aa102876518b861aed0ddd6,17f730d5aa49f6996b0f38f9b473f0fb2d00ef58d41720daaf1e005fd2d59f1e,0.4595,14683,67162
ENSG00000100439,capra_hircus,shuffled,8,1fbdbb4ad6b7fa71cbf504802d4b2896fc1deb6fa6f04c23b83968848762bdc7,a546059d2f7c404cb7875c5c4f2b7224f828c693ef1138634126dde5861f23bd,1.1316,15834,65962
ENSG00000100439,cavia_porcellus,shuffled,8,c228470bfa2a8bdd86cc01d7fe357fd843934357054929905ba63365723fa03d,650add9d5e26d75a90a16ff3ba0c67182e0f4ceb8c8582ad1dba139cfe02ef00,0.3382,15650,66296
ENSG00000100439,chinchilla_lanigera,shuffled,8,538b782288db22853b817b5418f1f054c37591167d900bd52c09c73bf3973592,77f2d13bafce0723e78b10d6f0b52260732a678eab341e17a724fb74a2acd046,0.3794,15340,66379
ENSG00000100439,delphinapterus_leucas,shuffled,8,8fe2ecbfa2053665e22da25e8d5622f02565d1aefe25d45307711116cfc5ed05,e38ac8ec98fc9de00b18a5ebcf3cf04418e493d3818881880154090fcc70c8e5,0.6131,15668,66418
ENSG00000100439,homo_sapiens,shuffled,8,8c1a1f41b1e460aff0b86dcae85f4874c311647e8651ee11e43e429e094c3d0e,1d59393bd1f2ac74ae078a2b412b68ae3608ca5baba8174de09ae1dc29686d10,0.3394,13761,69136
ENSG00000100439,loxodonta_africana,shuffled,8,d3c018c937e56e5d5f3c2630c3a6d1ec81db3ba101cb1c59a671f8f17e62dcda,18a616f143abd311c689f0246cd4d9dfe075838ad0858634ea32fb66cf8e5e20,1.9036,15447,66050
ENSG00000100439,macaca_fascicularis,shuffled,8,02c3e9325c44591f9ebf1867f2d236ace7e9f1a93e1cd8bc2b3f0c0c44730aae,968273d8019104bbebdc13fc29d7311d357eed968c7498004cee67cb7485d052,0.4356,14177,66938
ENSG00000100439,macaca_mulatta,shuffled,8,37498f5172fc344a27b774a9ab3c7ca78a360964be8e2b2886616a31d452b923,13a6c795e6a1667366f2ab1fe5293d7e575a9fc47ffe233d5b2a8e8d8921a089,0.4453,14100,67157
ENSG00000100439,macaca_nemestrina,shuffled,8,b081ad35ed80dfa95f7792b22a7db02966c9ece3745a0d18f730c5bc8b975837,31b2521b2182138228aaba54b6c6fad4511602c528b2b641eb15fc4609dd1111,0.837,14231,67132
ENSG00000100439,monodelphis_domestica,shuffled,8,dc1f8e170aef3387b2db4a5ebc605f0d86879f59aa6332c6eb9fb15fd4edff76,daa86d49892ad1a75aaf6ccc3efe237b1005a9f80c8630a0a79917f706f4527a,0.307,15395,66568
ENSG00000100439,monodon_monoceros,shuffled,8,fe54be6713c626701b5790cc44aab0d5664d3a266f910a09dfa5660b4e9a71d7,2328057ca58d718845f25342b89b0e92aacafd582bc6570a82e093abd752d2b1,0.7375,15635,66364
ENSG00000100439,mus_musculus,shuffled,8,f14a930bcfb31c92dcea019f83aca0b44b248383f9f4898a10add6a9d9131fda,59d0d567944b41e8b7c52378fead97e02d84021505bbdbbf143585db16660f66,0.3416,15643,66362
ENSG00000100439,mus_spicilegus,shuffled,8,f5ffac43c6b908b17a4ebc81e2d4eaf7eaa82625d83de6144a87c476b00920ae,99c0869f3c407fee7fd4084a2009231a8e1e2151bd075baf5a6d5c66c63588b1,0.5845,15603,66194
ENSG00000100439,myotis_lucifugus,shuffled,8,dc48dcb1eb78f7e9f704b7f8406aec3abb6714b7796093115f95cbf373c789ca,bf47a79fce3e929b40a228f22c26ad3a7033831c7f24c0e8f5f482ad279e0ab6,2.4354,15597,66397
ENSG00000100439,ornithorhynchus_anatinus,shuffled,8,832cc4f9ddd8fcc7678a3271a7efd825b5a3a56fa842f6a410bfe8f1c03c5ed6,6007a552cbd1e5c51ae0ce1b9b43a6bea6ff9c0b50945887874c470f275047f2,3.758,16421,65470
ENSG00000100439,oryctolagus_cuniculus,shuffled,8,ddf7351ed5f3fb646eac9e8b500dfd92efa2afb4be5070219ca7660de991bdbc,345e277517b35b2d7625ba8a2030235a0bf852b17b1fbf8ca63958ab0a2d9e96,0.591,15733,66067
ENSG00000100439,ovis_aries,shuffled,8,9b2510a35e92b015aa5113d0a6061daecb0bd3d21039d05eccfcecf4716ef81e,cbe884c550eacc4331db219c0dbe34bad4401da982d230bf9993ff38aa0c4118,1.2456,15796,66178
ENSG00000100439,pan_troglodytes,shuffled,8,1683144b10fccd180b0d0a65d51b15de3bbae764d6366a0051c1c0ac58c9958b,e539f63f9851fc767262dc3caef1cda5afb68e350e10036e8a0f180bd9022c48,0.3154,13574,69008
ENSG00000100439,panthera_leo,shuffled,8,cf4d543d3bed4d9d9c43e3eb9f11acbfbb8bd8e185087cebbce5df41f90605c3,6c2aa65c7c4373d605e26a2f8cf0e9b4423e210f9680284f4a0bd8680cdbb2b1,0.4179,15336,66958
ENSG00000100439,rattus_norvegicus,shuffled,8,c0667dd4798824d567541aed6273f08e58c9d69038e0d124d8dbb30449ff28bc,c5fc6fe0db7d14a0ae54cff80baedc45d2c40bbcb97f3dc6251fc5ae1d83bb57,2.4211,15632,66385
ENSG00000100439,rhinolophus_ferrumequinum,shuffled,8,7d429a48dc507a51b0813d833d20be5bc6868b3f32d3358bbf870360f3eb3c9b,5b4f660ed09af9fc620a08d433a6b920e2af5a7d71aedac272de3067217f7e9d,0.3316,15483,66040
ENSG00000100439,rhinopithecus_roxellana,shuffled,8,f15363d13eeef1b08ad7f437638863b298b5689255d940085709c8c9185472ce,13cdfacb0ecbe3f3f4ff0194a1023ce5a21adf1e4e2ac434cb3b0e9aeb0348f3,0.6539,14352,67211
ENSG00000100439,sarcophilus_harrisii,shuffled,8,94702b55127d2cba5f0209cc95c77aa00fa1b5c066554f70bdea9d46c1a16ae4,eb1e9bd8513a2904a96794f3f39365ef6091c92b5974cf5a8fe9f66f4b1a4beb,0.6967,15520,66577
ENSG00000100439,sciurus_vulgaris,shuffled,8,b8f6c9d6a7fdb6035b12d85ac5c3a9dd03c3cc1c48054025386c3ce47856429f,20e02ba2f434766f5da3932ae7d421c23b5c415b6a77d5b1e56a894b2d3b50f4,0.7105,15163,66435
ENSG00000100439,sus_scrofa,shuffled,8,c561db73c3a0a8bbfd5ab7c5aafb254cd591bde7be4287b1c8f0168a50b834b9,dacec65624ae26e9942d7ad245cd1a82ee325f3aa276000f674d62e12253478b,0.2502,14772,66649
ENSG00000100439,ursus_maritimus,shuffled,8,5e11e0319b2627070688a1340eb83ef9f4b3fac590b8c22e1cdf542c8c248a06,3dc64a028396c872f064223f47fde344f20ef33ccfb7ba77ccbbd97e6a870ad6,0.2177,15665,66052
ENSG00000100439,vombatus_ursinus,shuffled,8,3004bc78115884b529fa468f3880947973078a9359d2f91e83be85e79ff96fff,f4b1acf65c0b561ee9b8633e39e1f1a5490b8311004af454972e914dbe7b8f28,1.268,15812,66418
ENSG00000100439,balaenoptera_musculus,shuffled,9,f86541a3730b4d48a09514bcb24935366f1a823f86520fe23e328a95a08a2a09,5af6397b81752e34db6a09d750f82141e6872c59130a40cdf8a323ed68e1aeab,0.7238,15706,66235
ENSG00000100439,bos_grunniens,shuffled,9,79380b6c739d84710f6a256b6f14e05a8936b2b119063096f46a79b210af5659,1fd79d144f4e345f869736c8c587ad8c2ffdbf224c4235c9a5ad398786796072,1.0897,15821,66177
ENSG00000100439,callithrix_jacchus,shuffled,9,02129a27cb8eb7882b92ba781335cbf671e4802f293054090b5997e270b8296b,8a2c6550f7e923fc6f2fedab07ad5c595c1ae50556bf6ff1e1cdc471910ddc4a,0.4566,14774,67158
ENSG00000100439,capra_hircus,shuffled,9,bee88d636b521800c2c8bf9652639164e3c2c2267aff36d1d025d107774e1287,a2668b398fe85d77d19853f4a2246de3983056ebc60be4efed8d2c3d6f659ad7,0.9285,15860,66023
ENSG00000100439,cavia_porcellus,shuffled,9,648f517f21cb34ecd6f1dd2369705a236b68eec36de6f936773833be4a11cd27,9a28e23d98d45befd9ad5d12966b254ca219306317f2fd7e2b16c4739b98979f,0.2072,15657,66296
ENSG00000100439,chinchilla_lanigera,shuffled,9,526bd1c6fb7eab5ca8e2ef5d60b6292788d99aaf4829e6f20c63e2671ec780b7,fbb7390b89e988bed008d61ad2c9477a46fcd331b01a676e698748bf2862de94,1.0767,15307,66356
ENSG00000100439,delphinapterus_leucas,shuffled,9,556f024cdb7ba3b90a1e584c7e629bca60433a4d49fcdcaa2ada32a864c31b58,a6a92097e9e4e07debd85ef6a6969f2482abc12e0c89434d784acc88fd1c579c,0.2351,15644,66516
ENSG00000100439,homo_sapiens,shuffled,9,7d1192c32301ac118882e3a56ae9561f436ee21611f16448e41249da73ed8067,af556a9055ec3e5e6fb1ef2eb8c0a792e90ad046a214aa080472ce1f30fdc81a,0.1032,13767,69044
ENSG00000100439,loxodonta_africana,shuffled,9,0eec440f3b9df44534b636c7aca6dab3c8148def13ffb48ca08b4fd6f128c6b1,36c2399a206372835918e703f19ea40a9f76e42b6ccc88fbddeecf26abd005c3,0.8616,15463,66074
ENSG00000100439,macaca_fascicularis,shuffled,9,f4dd17c9cdf24fe17a3581268870a71ad6c9e7551e312cb1f47b682841410482,a539662e772c8862d1e0a399d7ad3f5e9971877e246d787ae0a1446e45550d5e,0.2909,14203,66977
ENSG00000100439,macaca_mulatta,shuffled,9,444744d7dd01303ca1e9964294ee3b3918e9d8efab663be95d8d3f7979efad04,d348471286cbc76d27182ad45dceb957943556346fc815861e73776b4dfbcaa2,0.9285,14180,67090
ENSG00000100439,macaca_nemestrina,shuffled,9,57a42b538b736247e13c96f557dbe874f80bd81aa79f960e632745b373a17eda,2107065ffdce1046dc9bf25582707fc35a90feb0581bf7f0a3a9a4bf97250f97,0.3856,14204,67166
ENSG00000100439,monodelphis_domestica,shuffled,9,252d2da0c9d6e5d8bc296d39ea17b12219091fc86ec0c00b0f5eb9a85257667c,dea5595257e1797fc6f0b5f9c1e31137957ae5efe0dcfb5b4bd2ac41ae016625,0.1685,15371,66544
ENSG00000100439,monodon_monoceros,shuffled,9,3900154a1562d106f6b8b21c2253b1fc44be46956467902a93733706b8a29a06,13ddbbba672b5cfe72eaab153deabed9656437da7b1b50043cac57ede4e51dbc,0.2626,15605,66296
ENSG00000100439,mus_musculus,shuffled,9,0d7ccb1294db61724e55384679859e8f7113d4005548bb62d816c7d5d3a5b956,e2375fe3829c7cf401d0614cf6e38e79944285f2383365b83b34ab21d6d39206,0.1986,15643,66369
ENSG00000100439,mus_spicilegus,shuffled,9,a144a3be475bc63b281cc6459f3ffb51a10733f73f8ba3617b90965c598cf1ac,b38bf35a2014acd1954197e1fbf0f4dcfc061bf238fb3eb32721191867633066,0.6633,15689,66341
ENSG00000100439,myotis_lucifugus,shuffled,9,67fbc38d4125c58ce0456c8bc55278b2adb9e72dd80bd62b0ce6a5fc6db40a33,e43076d944d26747200a58ba7c0f5ebaf34c1cf2f2e6f6998e19988ac160e503,0.3133,15583,66435
ENSG00000100439,ornithorhynchus_anatinus,shuffled,9,45b91905c57d0ef8fb908044b637fcc7daa1a8ffd575e8e41f91583f30b01abe,f76dfb13024e570fccf2c5cfa3d2509c78a7150e7e10f4ca4a6436288933de84,3.0784,16362,65425
ENSG00000100439,oryctolagus_cuniculus,shuffled,9,559803cc338e947ca417437ce09082a717f778785b0110ce51a0cafb817cdccd,7705a547dea92ec58fe99ff64142ef7ec8c8ca9ca4fb6b5927cfc0f37fd78966,0.3894,15782,66114
ENSG00000100439,ovis_aries,shuffled,9,b956650140ab285d29bc52d3110fb56beb54a527751be003e769d5d0a6d72913,83340347712b080ef58ff6548271ff4954954d01122d29c82a9e6017899a8671,0.9632,15715,66296
ENSG00000100439,pan_troglodytes,shuffled,9,da780db17ca80d116a430b024dfdaac14f331608c0068b852f920e297d16bafc,b4fb16274b8dc74d75fe21457e11040a60c8d55f190088c029df0887911f67a9,0.1063,13588,69061
ENSG00000100439,panthera_leo,shuffled,9,a15e11b2e5cc6153e3401015036ec74e1ada4e201e98dcdffc0f65ca29bf3495,f624a92ed85c8ef977d322520eb924d1ff54a6fa572d42225dd95223b05cd452,1.4597,15266,67105
ENSG00000100439,rattus_norvegicus,shuffled,9,c99f4a857dabf9c8d707ccebfb5a1b67eeadce36306744e55e3a990eaf5a6d98,0309b64bda0803d3f74289c8618016ab6790e2c0cf826cfc064f4ffb3f196b6a,1.8441,15610,66319
ENSG00000100439,rhinolophus_ferrumequinum,shuffled,9,cdb5477245b07f44c58295e04a00cb4fcf9050a2a7ce79e5610fc72e94a1a726,238d166642d7881d195a2acccfa3e7f709d219303ec379cd9a543ad91624713a,0.1269,15523,66015
ENSG00000100439,rhinopithecus_roxellana,shuffled,9,c31e61844566502ddc98a15778fddd0f550d1f1c3c8b4ec4a06f412bb9361367,a862a54b71a00b9bbb1478f3edc4749c1e75e7612ef9cf87ae91c8c9dc9d69e1,0.5889,14324,67211
ENSG00000100439,sarcophilus_harrisii,shuffled,9,44dba26a4a824ff6599b45e69cc8476b5fab7fa373cae9ea94552c62da825c2a,d8dc5e06c7ea5bd0c5673262669842147908ea1c72447ccca19423b2f7fc4527,1.0639,15565,66540
ENSG00000100439,sciurus_vulgaris,shuffled,9,6a7f36a188bbe27b039583cfe38f2dcc781010131748294f4bfc44eba8600d75,f50dc3b221a5ace9221783b2cff6967ff39b714da3dc224b3a3e892a072883e9,1.196,15158,66373
ENSG00000100439,sus_scrofa,shuffled,9,2cb77bd4dbba5f0f14521ab8c914361d58e0b8840472519f05687f905946e48f,9dea4e8793e30876fb5126eb3f2a55e022aa7bd794ea37b7d874e69f47c518d3,0.5841,14750,66631
ENSG00000100439,ursus_maritimus,shuffled,9,9f6cc3062dd7429a4edf572e1cd0dcd6fd5f8d74c8b2acb8bbc6df4f6f8e9bc4,10e728dc9f07660edea1b116d983888ea525a328019be859005c3c6fd33f48c3,0.4481,15630,66052
ENSG00000100439,vombatus_ursinus,shuffled,9,1edab603b801cfc75f5d16c35cc7a1c1cd6207d97197f2b3dd0eaa440c649809,8468a2218f58373fd29b7c7ac37f76126eea48e5a9268652afd4df79f99de4b4,0.6105,15808,66354
ENSG00000151790,balaenoptera_musculus,native,-1,a3e890b17606b63e1ad8401f76dfbf2d4c2d0541a9a2aa382a4d4eac76e40a16,ef292511596b2591646da12907575938233a704a1f833864dd6383cd8ca09aaa,5.9713,15549,66397
ENSG00000151790,bos_grunniens,native,-1,39f2779c7523133f4ad2d3abb03247e96d003728bf95506368ee78bfafc8469f,6351bdf04921183b41c4ef9f7708efaa117449608920ceaeffd92f6ae76f832d,4.7896,15274,66380
ENSG00000151790,callithrix_jacchus,native,-1,1a91f0f99a7281559afceef49e8b4d069e481ec257a1af339ff70c96f52bfcf3,4812739e5bad1efe0c49d6025f6e2d1191b5151f70e62bd51514f4a1ee1f0bf0,4.542,14929,67083
ENSG00000151790,camelus_dromedarius,native,-1,0156de63e75e9a361dedd78660801b956ba4428b4800dcd03f2df0a9e2705a60,4a4dd9bfc0a365410b405968bf75426dbdb2ca95565d90a93c63f6934977be1c,6.1272,15726,66263
ENSG00000151790,capra_hircus,native,-1,f1c892030f72190dde2493d38be0448ee280f6aeb06b601662ecf0338bf4012f,0b4354e788d87007e33efcbff602443f57c517d55a0974bd6e26f6ae85e75730,4.2642,15057,66520
ENSG00000151790,chinchilla_lanigera,native,-1,545ef6dd3ce48e8cbe607e797d31bc321d6110a48ff46cdf1a1b5ae2495c6516,b6217340a4ed35269702a74d67a29d83e3384ff5d2db705fb0feb2cb1fd61682,5.3796,15136,66614
ENSG00000151790,delphinapterus_leucas,native,-1,9b71c542fe2601686eaeae8639f89a3857c6ebbeaf9e327313639d83cf9a278f,26729be081124156f2911a5928eee6cefe25535c800d9d8dad0df976fcf9935d,5.2241,15131,66571
ENSG00000151790,dipodomys_ordii,native,-1,1cbee5b6b5bd2d82ca6cfbbfce4a818d5c61984860268d4713c10bdad73b9f77,6ae90e267947c90f3686fed2a2f0b77004a3ea6f689dea5cd4d70bcbf6c3ced2,4.0028,14699,66817
ENSG00000151790,heterocephalus_glaber_female,native,-1,e138c653f190b1fae8fb8223b697da67eb0ca9eb8119a022641bae7a44c4cf7f,5c4f02af6db519d13768f4a06cb9729e42865bfaa86317da3aef077dd6aa6278,4.4493,15444,66687
ENSG00000151790,homo_sapiens,native,-1,ae96353e4185c4df29f561058813a56539a1d1915ad5e51fb755665b54c4943e,4e05a1f68825b4b099f7e1829ec099d122fa2643fdc95357e5a5aff1ca921ff9,5.7532,12822,67010
ENSG00000151790,macaca_fascicularis,native,-1,70908264d2b944920c44792b511c5db910fca789fe1275e42a1840fc2d692b97,8b6b0388437d396bd7ebab531b8fe11c902f16620122d97a7955e7791918a83b,4.8206,13832,67312
ENSG00000151790,macaca_mulatta,native,-1,7fa81c4f3d26dd450b1d6e17c4222a5c105958aa50eb494914f33c3250d4ddc0,d2eeb779e74607b96036d7b6ceb3f9316ff5c0097b14106fcc7d1ea2cc0eaed0,4.6348,13867,67426
ENSG00000151790,microcebus_murinus,native,-1,27103799a3e59665407d0f271f19caf68d00ed26b0b1711871fbd757e2f309ff,1e680a5c12b634c4959e959f82ff0953720920c19664d414de9808444d7780cd,4.141,14912,66837
ENSG00000151790,microtus_ochrogaster,native,-1,b0585bd4ddd1c3abb48ed3b0386415a77d5e1c398cbff89a5601d0fbc729d34e,ca0401416d18a9ebaa7666cfa87f757ae0242a8cbc3aa2d978f7ce79f1c2e389,0.9062,15673,66626
ENSG00000151790,monodon_monoceros,native,-1,8d6895b6bec8200d795da61fc52247ff2c7988267ee925c3af3924c4fe976baf,d247de480eb0eae2803afc070a4a948bfc5cae24b0f9318b80b9561fce9d52b6,5.5041,15498,66519
ENSG00000151790,mus_musculus,native,-1,3c1d93dd658def785a6116f0e0e703c728cd59f25684f10f3c4d6377b4065f47,4c8a220b998c4bd26857636319d4cb0088ba8064a3d07e297d4df4c694a7425e,4.2334,15065,66751
ENSG00000151790,mus_spicilegus,native,-1,0dcb8ee200fe5f31f81f43687082e50b69fbc4d42f7ce9d31a78ef78da6a26c1,1407660450075a87763ef2fc79063464fb9c0caccaa7af6bf1d5a809dff0f7cb,4.295,15064,66734
ENSG00000151790,myotis_lucifugus,native,-1,836dee2a6863ac14a98394490061b3e136fe96f6bac415bc74ae6a45e31ae2f3,972ea3c873517208bfaef0b4d9780457f65549c754925cb544b2135746d31d65,3.9875,14683,66996
ENSG00000151790,nomascus_leucogenys,native,-1,30a63f3391b2c352a3b60463fb942efeddb8ec81075371ba369683b67cc3fdd8,c1778f85407dba9547ff4be6974236c5af89f70b98aa54b5dc78f88ebee1dee8,5.3485,14294,67139
ENSG00000151790,ornithorhynchus_anatinus,native,-1,0287d47bdb982f7f9d02c3319f40fc2bcdec6ab004500f399b8d4d8ff993712c,fc9a90244e7d8bc2e0c770d73f6b551e1d7c77a281678cea046380ff2ce9e8e6,5.0067,15523,66256
ENSG00000151790,oryctolagus_cuniculus,native,-1,bb2518ce94e1e10473981041cdef534f60a632aa068a128ea73b76432e55aced,3f413dd01da5c12ebc996c3daf2b7f96f447a5b66fcf4e351a5b42fa065fba69,4.5729,15523,66499
ENSG00000151790,ovis_aries,native,-1,b795e8f51d239064be8a80cafa744ec5afec9464c16b09ab1d72de337adf7b7c,a3d6e456bac05afee6a8a7fbadaa8bbe5d58891fe476ec07686beb7c06943a82,4.2334,15112,66416
ENSG00000151790,pan_paniscus,native,-1,2a44f94eb41fc4948de18ac1e2208331f930b85027d52c370dbc94265c5c6ce0,3e588eae0895abcfdc6ea5297bd54849ae1c9515a60a4766fcad7ecb5b4c02dd,5.6597,12985,66877
ENSG00000151790,pan_troglodytes,native,-1,07c6e64111eb8575e226470b72b8be98431fef2c5bf8fbf28ba98781274a3b2d,1ecff992770bfc6d6449bbe3dea33b9528d57d1f752832a1280e4db5478af5cc,5.9713,12950,66821
ENSG00000151790,panthera_leo,native,-1,5cb3ac02f63ab47fbc04109c3e3e17b65ce6b288b20d33d95361e73f55d8f1d6,f7868017ef4fe1cea970d0e6ed22bcb64a4fe60f87d226cae6975d3292dfdde1,5.0378,14406,67381
ENSG00000151790,panthera_pardus,native,-1,a1b359cef77a6e857c684d3f9e6048b50341231bd3f93bb3dfb3c8f35563f4b4,730f09b7b8c824f440fad151d27857b9c2aaccf64eafa3fa1fe5fb573d4d6e61,5.5663,14633,67322
ENSG00000151790,phascolarctos_cinereus,native,-1,f5a6bb76bce970b11523633dfb77cbda7b596fe3c5508a21664e8fb6cb6c1696,56a1db58f055614ce74ccbb52215ed559518dbb793352c32081b704ebf25a8df,4.0181,15066,67086
ENSG00000151790,physeter_catodon,native,-1,97bb3dfa6e516fd5d29419b9a4a9fa71fb49b9e85a9070551a5b5743020132cd,c8590731c1f973d153f8e746f2a802c29992d6c088031fd38508f86c742a7cd6,5.6286,15425,66663
ENSG00000151790,rattus_norvegicus,native,-1,05654611294f8798dafc7fb431346bb163faf0d4257d63cfc2cc9a24750b4b5f,2d656e1f33c66162074f9c8646e6af77cfe8da4c997cefd7a9e50460afd067f1,3.758,15191,66619
ENSG00000151790,rhinolophus_ferrumequinum,native,-1,62a899f9af3c0ef6944728a3b95d2d0ca411c3734ff55a7ce8f850899409b259,58867ef0286f4b5e99bf6a691498ae5d5ee633be82d3eb5253b67fb83e45516c,5.0688,15819,66468
ENSG00000151790,sarcophilus_harrisii,native,-1,81eaf6acd7caa4bce452ca0ed84ddde5b423a691789fe3898707c00bced89c90,73f50c3fda7e5fcb003c803fff9b6872d375501f27548136aa2c18e9877d140d,2.322,14868,67159
ENSG00000151790,sciurus_vulgaris,native,-1,b5c782f67739196ed05cddb4a464420245ef01637622f898e0a704b95277b942,49fded0e82b514e8e269745093c3f31d74f43d9d022f2dc0773d975e463321e1,4.6967,15042,67053
ENSG00000151790,sus_scrofa,native,-1,c9d1306a15c373c310ef514633555bb6418b50e0b0501f6f348508ab9a1871c6,df095ce21276fda520ff2d4ac84d056e357ea30f505eece1703db67a70e9d8df,4.7276,15004,66927
ENSG00000151790,vombatus_ursinus,native,-1,3eb33cb15024a2fe24cb7e653a720a77d41007565495907862c12209c887cff2,f8d09479768627d24d328d5c7335cecf41fef546d95f35931bbbf76dce29e23a,5.8466,15059,67156
ENSG00000151790,vulpes_vulpes,native,-1,6232c6ed9d7ef3d7bdb0febe9300362ad2ba92fb09170d22e2e3a884a4f25f74,b7d66c9fb18f9bcacbfeacddc7b1c6098ea612d979c3bea3c88644ccb58785d1,4.0796,14835,67086
ENSG00000151790,balaenoptera_musculus,shuffled,0,b75f9ce5c568925ca353e6a56d59ae487b0cd8d1b69ed543b29ed1ac620f2b31,2c2aaaee7af1fd36ae75a0752d83e36268da067c01fe29c3154268171a3c188c,0.9912,15651,66306
ENSG00000151790,bos_grunniens,shuffled,0,a357022546e2e19b68cea23ac5366deea3dc9078965fe25bec26c087b16e8779,ade7004c7e1d43ad4013ab774a8708aee9b2e8e58f8b409d31993181184e9256,2.1132,15364,66319
ENSG00000151790,callithrix_jacchus,shuffled,0,d1b8fb7a72047e9a97005bf8b35b5a41dd2c4a48e9d9b3b7c03cb9a6cbf08b52,212dcf354e1d33263ddf105a0c60ef2ddc8e1e64af1e29ad56e338027d13bcb2,4.4801,14961,66997
ENSG00000151790,camelus_dromedarius,shuffled,0,8cd742553ba584e453d4e94a37f7a22fe0890547a957abbdd00b6f43512d009d,cf0079071639a7421e8407f29e91e4f288801b009ee652094b04138788fa6b4a,1.4657,15773,66164
ENSG00000151790,capra_hircus,shuffled,0,724f7f5f7978d1ddb50a51e3c3d7309602c5fe62bf7a04710cd3a559ae38bad6,7005f49750dfbcc6f11529c14d803307fa396678146dbc847e5eb2d4bf1a9178,0.3831,15086,66419
ENSG00000151790,chinchilla_lanigera,shuffled,0,19f16fba0c9bb5a505327f5bb9ae08919980f5130532d562358d7464bb45fc3a,086d6c054af1e29305390e22c67ec8417f4d249d939b3f4cd1b891f6a2c6b30d,2.3644,15244,66473
ENSG00000151790,delphinapterus_leucas,shuffled,0,1f44ba86d6962b4dc06cb24170d7a485c139b4f88174603149cd6a8e218d5a8f,2da4126d9acdacc66c36537abbdefb249e01962abfbfb9d949e4c16e6682892e,0.7759,15277,66510
ENSG00000151790,dipodomys_ordii,shuffled,0,38057a14bc2ab7191c03ccaa9c472e67a8b4c026931f2fb0d4a9410202977fb3,9ef76fe1567d2334ff27a9cac6160bc5ea55f0d46aa17be8a53a717e4f4c0f5d,2.038,14846,66835
ENSG00000151790,heterocephalus_glaber_female,shuffled,0,76168068313b134e3d4d5ede84b8a8d63a75518f791711305dd715e3ed1671f1,af7f46a1a09b1aeb6591bc236c6b34f0fc69110d99b096e688afda5b15a15893,0.2869,15500,66580
ENSG00000151790,homo_sapiens,shuffled,0,30a58d332841a01815bc89abff8ac7ecfd2e0eb5075b6175784d936acb425506,a41e200af8c50ba4e79c0ffea175af289583d9d4fa76819395a8095d1a739211,1.2152,12942,66980
ENSG00000151790,macaca_fascicularis,shuffled,0,05d6db8d995b6cd15aae5dc798557ead72ba1c8cf100d828827c251d64a5d9d7,246759b352f4f39c5dc9261cf7d528661aac852d66ac5b29acc6cc7946f81f33,0.0721,13971,67209
ENSG00000151790,macaca_mulatta,shuffled,0,40ac5a0de1dc9dc90dc9b2189a5c583b462ae04f9f19c1ecdf20947fdafa4f34,a4a5ec3e18a2fa808e82b0c8e678a09d7043cdf2f2c14547a4890e46b587ad95,0.1197,14022,67298
ENSG00000151790,microcebus_murinus,shuffled,0,446ec209d83ed3189a6172cf08b28b86ae78a97699a2329bd14b646d802da360,ff9249acf91b18c02b18ae33ea6a9de00a11d2a242b610ad018aad7263c2eb35,1.1475,14917,66644
ENSG00000151790,microtus_ochrogaster,shuffled,0,9e1564cc69f95f721a0c6028779592f3cbf1d2043b42fa3cd221fbe1e4b16fa1,c477cf85c2a223c06b41a4300e6cf0f9043d615aee1bf61e125dda107d0487d7,0.9961,15716,66615
ENSG00000151790,monodon_monoceros,shuffled,0,fa513c19e18e9a7322c1de8e76f9dcc7699f9069c8fb4df275c9493b8e241ff8,5fdfcfa21ac8d47a5fbaaa3da69a724f598c0a46e5c112d534e79cef26008bd7,0.9961,15601,66429
ENSG00000151790,mus_musculus,shuffled,0,9e81c7676f1b11915406d42d891c47948dd412314b419e9aec22af8cc05d9d31,77b3331286bdbeb662c803804afd8e57d25826822143c37bdc2a96f9b163c79c,0.3696,15111,66622
ENSG00000151790,mus_spicilegus,shuffled,0,4f499dbc3bbd3ab7fb97f9648d7e631168f7807b790056e1c7a2b43b970aaa03,13a2049c0e68fce73b5be32e6de9f0b279d8e95e44ff9b871daf7b9850285643,0.5967,15139,66659
ENSG00000151790,myotis_lucifugus,shuffled,0,113f1b95f61844d1b3d7c87bf488b0bdd4ebadd03b31267133e47144e1982bea,c2569627fc904c4e8e9ecfddd195d47754476c67cf5628111f65d2a40da31eea,0.2909,14738,66911
ENSG00000151790,nomascus_leucogenys,shuffled,0,bfe55a765f86e18d992a53542015cd4b9930fc34266645d30eea6f5f51ea653b,e3848fddc830af5df2c69694578d3d48718b0368c2592f215c400906705c038c,0.397,14595,67021
ENSG00000151790,ornithorhynchus_anatinus,shuffled,0,d3a73e74914e0d028f97e561746f80080a07e5b3632cd47aa968b261d3f214e4,334852d20248f9d5331c0418f17975697175c460a837862fa1290580d013dc59,1.727,15680,66177
ENSG00000151790,oryctolagus_cuniculus,shuffled,0,2017a003e859bb308b2f76b8af4646700ac749ab8268fb2c1c816e900451968c,ca0c8309f873a6bfff5ff9f3045c446e135f066c0be25233fe727b8f11ec24c6,0.1017,15583,66335
ENSG00000151790,ovis_aries,shuffled,0,4b3a816cb8ac9966203cd2bd87e8468641fe430bc0d806f7bad23d7bfd047344,34ad2e52e106c822f4188a64cfcb35cada78ab25c7844af468b155e47a9340a2,1.0845,15183,66371
ENSG00000151790,pan_paniscus,shuffled,0,b7cbebd991f89dcc3400024bc72b687398fbc9ab29471f2292670f26b4bf9d07,7986528eeb6fa45d1d59a7a6e326e48908b34226ca50917d80b70b8c977e33b4,0.1917,13111,66826
ENSG00000151790,pan_troglodytes,shuffled,0,e82ad790275e92567d58e57ad6a1573a6169eabcf1b650383953951816cb1ea1,f0cb28beddcd6475ebca03729265b819f5ead5e9c1805abaf30e16fcfbdd7ce7,0.4552,13117,66821
ENSG00000151790,panthera_leo,shuffled,0,8987b3b59aec0aa9dd7c006cb61031434a852d28c768124b68b1b8bd106573aa,52a29f4a02da6cdf33df6261048bad1893e3677096bd4d9db78eea2103683aab,0.0417,14414,67193
ENSG00000151790,panthera_pardus,shuffled,0,b4c8983a6e373c728df56cb3f5eced914bcef5b7f860580e74db3ac35551a734,7883c5589690efa72ce88b4f966ecde6b681b7dfe6c250c8683071c1104c388e,0.1032,14701,67240
ENSG00000151790,phascolarctos_cinereus,shuffled,0,c05da22f5ee96282407b951dcd52934e299f474845e47c1d7ba7fd188198ed03,13f04d7bcfc68edcc9bf34febbbba4bc05ba22a8c7e61552da3b04e55cfa3c8e,2.1063,15115,67034
ENSG00000151790,physeter_catodon,shuffled,0,2a5316f98a9f97b56e65661e6b837b14b8430f375fc9349b834f25512bd9c596,71449dac3314d950dcb683eefc3f40d39934608b372e3479c81d5d38ec9d6207,0.5319,15544,66556
ENSG00000151790,rattus_norvegicus,shuffled,0,7e9ffbffb64fe623b487fa60b548fa77e818139a8228124acee3618128618fc8,632bbde92134dc6a01f96f10113d8518f81f379b635870e72584f4993c2f004e,0.8947,15302,66662
ENSG00000151790,rhinolophus_ferrumequinum,shuffled,0,232a0c35a6154319f86ca76580b1faa67188d4f428795e43b27b2e670ff7a551,ec74a695b8b548f6a01de851d4063953eb3385712ad82530b5e2c74b57f08ab0,0.1162,15827,66378
ENSG00000151790,sarcophilus_harrisii,shuffled,0,62cf6c3594d4c3497ca95f152d58b6d3e64ffb5b186781035c4e3b76457162a8,9fb9e7206042dd7561c9a31e525bf565e09f031f62b00c6500745a1f071a1538,0.1346,14936,67010
ENSG00000151790,sciurus_vulgaris,shuffled,0,5694ea0d44b76393bed92ff86a0d2592a309c1c2b0cc8765b5201f722d36dc89,1663a62fa5afb27dc3d6ef3f93a963fb5cbb002775b533fdbc8198d90db3ac4c,0.6795,15131,66955
ENSG00000151790,sus_scrofa,shuffled,0,2d01e8cb0453ce1e9e4af889ab9484524ce6b6e1c91b4bb0de64c53cd68e8c67,c97dd585b20c457e1893ee4b271a0618414cb7127054a8f3e95a8cb652d393d3,0.1416,15186,66851
ENSG00000151790,vombatus_ursinus,shuffled,0,b6a9eaa9ce396f0c0a8a6dba0bbdbbba5a5b10f5cedfa3ccc26356aa461277d1,ac5476fc1ba25443d8b1ebd71582212506f7bb59d95a2441933021cd13b8a0ab,0.8336,15147,67134
ENSG00000151790,vulpes_vulpes,shuffled,0,cd084b0ee213f65ff19ed19ddae0dc9457d13a70b206740625f591cbfa1ff749,21ecab24dd040e8cdce3b7f51b8330142c5d0aa0a0d68a730050efb15f33c058,0.1032,14902,67066
ENSG00000151790,balaenoptera_musculus,shuffled,1,009964a8b0fa427e701acfc946c5fe100c240d815f54718124a481b87fc5eecc,4d22cbc23559fe1499782fb59e173e406eb32bff1f1773dd46e7fc52d561b186,0.778,15628,66258
ENSG00000151790,bos_grunniens,shuffled,1,82efb37211b9be2ae6ac26d9d641b4716182e4e7adc512bd1dab4605e335a9de,d2e49c09eb73a1a1707af8f9d119fca7a42aafb784626797dfd67447d4ea3ce9,1.4239,15332,66325
ENSG00000151790,callithrix_jacchus,shuffled,1,de480aed45a061b7deb1557d4986d9d3f986d6b87f31742fa058f2e20e60fede,5c9fc045ddf4fcc85397f46fdf1e1478754c16b0a2bb55b82fa46d57723a3694,4.6038,14953,67046
ENSG00000151790,camelus_dromedarius,shuffled,1,89766e199c4f2995981ce24d2a87e264495be7603c4af093e47e9b54f0a3c61f,b00a587decd3c5f7e341ecbc6851ed8fbc1d7914b0a09cc093eca8280f443015,0.6556,15715,66179
ENSG00000151790,capra_hircus,shuffled,1,2eb30691b832d8441ee980b19130555efcb5a9930a823d30956623d75ae4916e,423af4b2fe1c494e1ed426921c55ffaccad9931ab2dc5e7bbdc3bd724bd7f608,0.5303,15131,66497
ENSG00000151790,chinchilla_lanigera,shuffled,1,80cfe45f80120e0aeb3b70d25e4d93a587faf6ba78584ed24759927f31fa4a68,9433564b08e3b5114b96555862c0f3613a29f942f3776f7267d114e8b766a0b2,0.9168,15175,66543
ENSG00000151790,delphinapterus_leucas,shuffled,1,9045bfb40915e9865fe6bdc878f947b2291768966b23cf782e75a6d4ce18fbbf,0af09456dc2fe829e8609649030fbcc58d1f78a3c4a392bbf92cfa625a003242,1.638,15126,66510
ENSG00000151790,dipodomys_ordii,shuffled,1,78f5b3555278e5c75542d8b2247ed2d5bee342d0e29b1a7192e1dca4b137f5ec,634df2da41b77baa4aef45cd3b62b1fa82591fe11267689da8e9d1faffb64cb9,2.2938,14856,66891
ENSG00000151790,heterocephalus_glaber_female,shuffled,1,b4efb91e6098c608e152ed06ce1b57c914a887162fc20429ce01588bf86249b8,af14d43e11621b250889222a050880b26e4bf4fd5854310ef447d63a62172798,0.3029,15431,66611
ENSG00000151790,homo_sapiens,shuffled,1,47f75320c96fa87e649ce41c4793e741a605ddcf228609476ae783d28095013b,9f8b274913a888edf4c676c95d8480500c2d212b8f627fee3daf64d656901712,0.7908,12922,66945
ENSG00000151790,macaca_fascicularis,shuffled,1,d07da610f9271a22a673beb8a670448dbbfa420b85071ead91625b4b8e456955,e24188f34cb1123c9f2c0c1d541351e16613a4534eca8c1bc5f9b13521ed5542,0.1112,13992,67172
ENSG00000151790,macaca_mulatta,shuffled,1,1e2535564be63d78a1d9675df3bd434c7f6bee4923422a64d540e96d58e15625,fecdb54901df1e37e5a1664723d8df2c3b9c8a89db79023e4f924e714f240940,0.1112,14015,67345
ENSG00000151790,microcebus_murinus,shuffled,1,efe0dc45e52f075efa23bf829ba16ac6c894061c77388cf81b8b0914763f79b5,2003e64d1c2d69072a32f8f3680d5409271c65ba8e1b458597d87d6d5907dfb2,0.9392,14953,66682
ENSG00000151790,microtus_ochrogaster,shuffled,1,b848bfc43e9fc8a9c4e846a5538555a423f068a287de17b44485c033b786f7d4,5a5722e8b385b2d3c1fb70f6efc395e2b3ee7d4ab1194e9815f716fddb7716d8,0.8058,15716,66643
ENSG00000151790,monodon_monoceros,shuffled,1,23162485f64bbd684df4b4ccf0d9be6a82e1fe6caf139d1cf2e71c1d0f73c35a,66d3421565d58b91f18606b57f160fc51c3e7d7774ef04bc0c522330d059aa3b,0.4206,15601,66391
ENSG00000151790,mus_musculus,shuffled,1,da663e2b245be68d9216711abe6b008259f64ef246b37c9e599ef43ed6e6726f,20e1aa836ccceae69b87ec6f71e7726f2af21a8e6ca1dd20662e26009ca6d325,0.9086,15128,66642
ENSG00000151790,mus_spicilegus,shuffled,1,4b1ee23abd75f5e8641effe22f4e67044afb59ab274fc8d0762e8af4810775cc,542dcb9fb7eb1ab1ddfe0ba7c82295028b947acd7b6b9217346ed216694e6e6f,0.9961,15200,66639
ENSG00000151790,myotis_lucifugus,shuffled,1,f393ad602ba9c841aea861dc8543c8eeb23b1bcb41479d28ffd07aba72bd76ff,2f7ee90d1c2bcadd4aff709fb81c23324d5903b38b5c322b960b53a2af6d9cce,0.5815,14779,66978
ENSG00000151790,nomascus_leucogenys,shuffled,1,7d994b164a120ff58f530fff65fd39a7fc7fcc57f46d76d733710354bcba7569,9c75e315e9c26b87b7ae7c1bcab215e20dc5d485333a0cae1183a7280c2b8dca,0.5683,14575,66998
ENSG00000151790,ornithorhynchus_anatinus,shuffled,1,7ce015aeb85fda13669bf6d62153c00b6ec1c688fb7ac9b3696eb841638a668c,ea94a148bcaae9e33cb42c88d8ccd73d490063e0c517390ca4e5752274d34a8b,3.6665,15704,66133
ENSG00000151790,oryctolagus_cuniculus,shuffled,1,887ca767e6c00a29c6c47fc11e1c8f6e40aade9a4d975509aec63bd1939dcda6,a0cae07a575bfb9ea45a942bde5afafcf0301060921be4b2c31d0e27ca6f7d6c,0.1396,15568,66465
ENSG00000151790,ovis_aries,shuffled,1,7a163c9d0457b94664368a9e1fe621754a8bcef0da25d4ee00f61b070e09752d,ca588a9a284e07c25f8250426af407bf9a79c66e6fc731d80979200eb3bf1460,0.9416,15174,66378
ENSG00000151790,pan_paniscus,shuffled,1,c91535c52b81c6a97b0a01370d23d2954b866a96b8ce87cc1a280bfe92e7577c,bfc092aa927ae3ac4fcc3321db058ae66421006b29fe2efb6a6e3b5a5baf6263,0.2572,13082,66877
ENSG00000151790,pan_troglodytes,shuffled,1,be517d7c94136e96e5119da171fe5ab55720eeea8c25862c466e8d83ffe242e4,e308aac66a96fbf295095879ba57961d9e80f18ac67bb07ed6fa69d130a11454,0.559,13111,66828
ENSG00000151790,panthera_leo,shuffled,1,0424fb78c02c2313dcbbc22f3ce93954a62f32c6b722fb26ca5eb262a663bb44,c41bb4cf96c75a6ff42b3841120bcdfae43ccfd711eaa9b3adcedf1f6795eb77,0.0541,14508,67231
ENSG00000151790,panthera_pardus,shuffled,1,6f2b1cab2163bea14ce04f68b44a86ca047dc7ef7b2f405725df7b282f6453bc,8d437ced0678b2f1d8a2d1e1a60eff402404b14085ac37e7c349afcb7b56ea97,0.0876,14724,67117
ENSG00000151790,phascolarctos_cinereus,shuffled,1,ec3f872520eb3c87276e94531a7ea909e0cc1ee6c6d0e1917f23eb4c2c4a99c2,f76fa32320b15adfc807c601620ddc729dc4695d0746db9767d7f45714bb576e,1.957,15107,67021
ENSG00000151790,physeter_catodon,shuffled,1,792624c315f3e821ea1d2a20589fb10dba853efbbc71977520ecb4a323545ac6,4405aa4d64251c18b949cfe22dc80ca619de404a433c7a1100313f720e0e2102,0.5998,15502,66550
ENSG00000151790,rattus_norvegicus,shuffled,1,21e61a13398091e7de3920c0c34832452ec40c726f4ba2529b906f294fa2fc94,670227b902e2e26be716a53a5105da06298383a7daae0aa10628a97f2ad1afc3,1.1448,15210,66653
ENSG00000151790,rhinolophus_ferrumequinum,shuffled,1,60b686045b15b41a595f03ce59d0b66c16f0d9306a77872f994bcbbba5d5837a,a2351925bfece83de6a0fa18b5ab0c51d1a05e85c6580121c7be4689b594b665,0.2662,15795,66394
ENSG00000151790,sarcophilus_harrisii,shuffled,1,643253c495f939f6cb304ce158cf5df7fdce6910f1b31d0fad056f31aec23c09,7ef749d8310d1f8a9d181cd06bc07d9be261919d9367289bea9fb61494e86918,0.3932,14993,67037
ENSG00000151790,sciurus_vulgaris,shuffled,1,8f7e8fc5f9ad4bca07ef41ed2c146a599e03846edae902292d026f7e919f650c,91e37a2f1bc7a62befa7761e01d619fee71d732858c6db4ae501e937cb263467,1.5324,15125,67025
ENSG00000151790,sus_scrofa,shuffled,1,627fc5f9c87003ef5cca486469e41e9293a2c9c44acff867bd5da3a1d1e71b00,d87c3113419650c260535ca15c7c322882954e12de7560125cba2d5eb4b4f23b,2.21,15146,66796
ENSG00000151790,vombatus_ursinus,shuffled,1,6d4e7fe6198d10349faaa9ac2622b3917e2b4f65e5b5d4bae289cc5c1cbca448,82208bcec6292dde41d6829509925c616f598462179e38def5500f707649e8fb,0.7154,15231,67143
ENSG00000151790,vulpes_vulpes,shuffled,1,7c3f5a67467341aee3bebdfdf021af5136c2381520108cb207d2b8d1350f615c,223540cc09a6c4248bba390065ee67e13ba8423e79e9f95b5c26aa86db74eac5,0.0566,14878,67119
ENSG00000151790,balaenoptera_musculus,shuffled,2,1f8aa70e82bdab51e9706f92f3f4277205866d8f1033aabf45c3345cc18bba61,0be834acd0b1dd901f911639821f92216a0792f88e9010e314f12cad0fda059a,2.0721,15674,66301
ENSG00000151790,bos_grunniens,shuffled,2,6627a2ccf174cacd483ed61b28b9c24725bbf7949c8142c37184d9729d0b184e,dfa0ff933f3a1a414908dffad1cd79ffac547b7cd6d9fc40110229485728640c,2.0516,15313,66295
ENSG00000151790,callithrix_jacchus,shuffled,2,d361fb719fe6acb471c00fca6c52f89998d33d325b088a1d8238e37698145e95,b5afce13ff4b557078f5719b83ce6914ca17ff30e33fe59fbda63d795727fa74,4.7276,15028,66989
ENSG00000151790,camelus_dromedarius,shuffled,2,6e899ac3c340258f1683ccce00947fc1d88e1d52af2834b6e6104a7da85e49f6,6ae1405e57a8a01f999f17110f7edf167d7b21701cd9310d96fe32c1cef6fed7,1.3019,15755,66138
ENSG00000151790,capra_hircus,shuffled,2,a740e503980745170d3ff8726f4762c175bd82118973eefae99b17d5f5dd32f5,07a2bd3e34100e62b81f083a17c28889a86a2ce0867b0238b9cf8474578a864a,0.0973,15176,66491
ENSG00000151790,chinchilla_lanigera,shuffled,2,be0e8e75cfbcc4057cf87fb604c8442f3c6fb9cdffb8b90aca426b4cc14081c0,bf45c2ec2fe9bca2222801dddf8761cbedf3e307a26ac782ffdf20608f1fd9f7,2.1822,15208,66522
ENSG00000151790,delphinapterus_leucas,shuffled,2,89b61010dd26999875295e4c8d43ad14b20fbaa441d87710be3d6095b1e9de4a,f6c123caf151eac1dd111792b075f7b8b79f1ec851bd89d2ee170af652b05cc4,0.4609,15220,66542
ENSG00000151790,dipodomys_ordii,shuffled,2,98231ba1c7eb46fcaa41d268d51e104d19f43922da8f1cff0c2253811c223233,7518aedffdeb43faae2a193794ec884e588d2b698123e2eca0bcdb5db38b1599,2.4497,14856,66715
ENSG00000151790,heterocephalus_glaber_female,shuffled,2,a4916988eca07ba19dd88e3cc2696a775b7e3a0d6fcea8712fce674420bbc480,6e9b64751d222f7b8e2fdba05bce791b16187fb01871225706b7454190127885,0.54,15487,66606
ENSG00000151790,homo_sapiens,shuffled,2,91790327c169c4262b9adefd3c9c1c73d4412348de31a2170446d6b28b990a0a,06cd8247367ec374a2b64b4de859c53ac196c4f24cea813eab8d50dfb923215f,0.4793,12966,66912
ENSG00000151790,macaca_fascicularis,shuffled,2,69cef1fca8dd10c3f2d4dfa1a5578243abcc22c5e0fc3cb3f1e5540bcdf532da,2a420e4e112b84c6521ff92c6bf60b859289b9cea0f848bb0bd8f4d38f92aa6c,0.0601,14039,67172
ENSG00000151790,macaca_mulatta,shuffled,2,c740fcda0182953af8e99cd33a2625ac63e29374660972f3155cb96f568775a7,a5dc1c8912dac8802744c734e6046fbc1a7d79d516863559cfb3485a84c5beaa,0.0789,13971,67241
ENSG00000151790,microcebus_murinus,shuffled,2,1d3210bb76d776b3fe59fb188e4f675ec0a0ef43be72258a302bfe6d26aefca1,b72b432cc91dff97bff6894aea7415bfb45512edba201f790d7988bd1bcd5037,1.371,14940,66709
ENSG00000151790,microtus_ochrogaster,shuffled,2,a78dc8f8d9d3d86c6f870213170f14908d369f29cf8c698b91bb34983f80f1ca,cdb2ba1fa271d877bba84c9ee09a0b6dfcffa8a2b5a9ac46c35a5d8b09535be5,0.2383,15730,66663
ENSG00000151790,monodon_monoceros,shuffled,2,872b77f2dff773d2b48de129175092d8a887f68e8e9d728447cdaac4dcd62ae2,9b5b0c70dbb0d5a7ab8185a2a150ee3a546366c13e1dabf880f060a72dc23104,0.4943,15509,66391
ENSG00000151790,mus_musculus,shuffled,2,cf8dc054bdfe9927fb9f9ac401bdfd4bc0d93ada8617cbc578cb857083ed83c6,af747ef9c4d0cd91b3dc846ab9582e24e17380749368337732fd059032aac16b,0.8616,15123,66581
ENSG00000151790,mus_spicilegus,shuffled,2,53a652da8ea974c35d57fd03102c93ceecc6804bb7a23b0802fbef9ea52e8252,967a4ebeceb1b49212ca37b760de6bb2b69021d56e93dc03059bef659f556c50,2.1132,15127,66654
ENSG00000151790,myotis_lucifugus,shuffled,2,b762b8899a26032a35cec4bc603b2df1a02e0d49bda274e07282ea2b7178ff5e,432d64305457488260f9ba1623f542126445280742b34f1e82e7f3481fc161a2,0.1944,14760,66983
ENSG00000151790,nomascus_leucogenys,shuffled,2,e8f526e19bbfe23fa57ba48b3cf1f0e231c9e1236438cc5b05aa69ee9c60da89,e02588a34c208f9dc54a1531d15142264c33978ac8197d6a128416cd8374cc0c,0.4356,14657,67021
ENSG00000151790,ornithorhynchus_anatinus,shuffled,2,dfc3a8f8a59b2ff803be1ce2cd08eba962259da44e528f8194c37a8741922e99,dd03e68316300b384c67bc1f5b5a8ad4ae672a45fd835d4d533ec961d72a55a6,2.9891,15641,66269
ENSG00000151790,oryctolagus_cuniculus,shuffled,2,f89ee16669b795cd7e668de5b8296f88791c60b87a4e31cf466232e67d429955,d004edf8db66e362627972c62342fe6a7aaa4b117f08efe182138d2297127d6d,0.1614,15475,66448
ENSG00000151790,ovis_aries,shuffled,2,e0713a1c4de5fea5b35792e36ff3bb201928610ab39288fa9392c07e70fcbe6c,c85bfe72b4fd991e005d137ed3a60fe9caaef5a66074126f48afe5e0ea2db959,0.9016,15142,66367
ENSG00000151790,pan_paniscus,shuffled,2,5b6851bc84a9e09125f194ca77ceed652294e7c50486256de0e9ac21be3c2731,ca24c91bfb948448294471b159bd8845b2df6fbaf100155988be248622797874,1.6254,13141,66870
ENSG00000151790,pan_troglodytes,shuffled,2,c2eac6c9142acea6c2b8b031ba13a102ffced699131de9ed4e862bcaeb5fdaea,a36d3916c4fc299a1a61efef0f2a4db707942a419b0c3b4df3a141625a41bcbf,0.5657,13104,66815
ENSG00000151790,panthera_leo,shuffled,2,fee7da36af17d9ef63560f488cbc051329946346d5393dc5ca4aa49ec15682fa,3dd074c24b7899b194f0768f005c1473eca952aa2c0f6a5ee1772390706e0ee4,0.0398,14449,67247
ENSG00000151790,panthera_pardus,shuffled,2,03dcaeee3d48eafe9a46fa06f16706ca2843b5e6743ecca8513ccc9dcd31f942,0655b1e0b741149d38421df09af06c4f70e98208197a4b885734db1f3c91a7a6,0.2318,14761,67166
ENSG00000151790,phascolarctos_cinereus,shuffled,2,f7c7b0f34d6e80d3a379ed9b818b05ffa98aa670cc62fe950125f9128e65acfe,aed5aa197fff5789df5f22c6f0aa197d51e7bc599104d8226f0a6513452bde43,2.0653,15107,67101
ENSG00000151790,physeter_catodon,shuffled,2,f2b74b703a5762eaaaa212792770921beceb9d57e1b8d4bd3ece842ef0359501,eb72da9e39c9a08427b2de4d4cd5561aafbe256d24f6d95d51908e61bdbb5bf0,1.1236,15566,66619
ENSG00000151790,rattus_norvegicus,shuffled,2,6f194e5f7f2cd5b534b4623f5bfab042737e3913538225ff838ebda55582e621,73e9e05670dec57b92040249279c3845fa18d49ec80aad259c8edbdb3517d02d,1.0035,15215,66648
ENSG00000151790,rhinolophus_ferrumequinum,shuffled,2,2c1c032d2468a0d0753b1ee48822c912e14974e3e9c7c03c7139bbaa20b19511,8f5ddc62a869608615bb62fce4a831187e5c15c968da769cfaf1ee8cb04e8f61,0.1251,15882,66378
ENSG00000151790,sarcophilus_harrisii,shuffled,2,53e466161dc47af156e9a88008c13f58022f37cae070cd25c5f5faa5ca04ea84,a4a6efad133ee58833ed8f4abc0c94eb6252d2a9bbf635c734a9680e06ba90d1,0.0668,14916,67075
ENSG00000151790,sciurus_vulgaris,shuffled,2,651c74a609d85c86d93174afa51d17faeaa3fbaa35c01dbc0a97593a63b14ddf,5a6f05c39b158c25535f4aeabe51a1d344c37eba511960759cd085e54cdac195,0.8425,15095,66991
ENSG00000151790,sus_scrofa,shuffled,2,a93c72d8a8a711b6f2857fc7cad19d029416d9312631a8426080b8f8b0593f4a,defb56373cd1f7321d226f1f999bdff7184300582eac905ef15e1ff22e82b2b5,0.0302,15227,66801
ENSG00000151790,vombatus_ursinus,shuffled,2,1ed7647fbc3d464f19a453a3d42aa75fc5d74650f225dc96cb3b918f4c42ab25,77040bfa8a1975f72daa285ad1a21d8f4352c03cfb9dfdcbbca6dd2927b8b15a,1.006,15080,66993
ENSG00000151790,vulpes_vulpes,shuffled,2,42a5549924e21861e1361e5ef8df259430f5a1504703dbbc3112bace784192d5,f8c81d66df9885e6c5b77fdadc50e6010f41aff6bafcf0ed65859142c670cb0c,0.0471,14878,67093
ENSG00000151790,balaenoptera_musculus,shuffled,3,cf32d7b8ff1f3fad8d19f4b47b65d5aee2a96fe7bf1db5595bc2d653c5fddb6c,4744ca952d22f13065720730d378fc5a6d962d21d96d63b465a9fead746702ae,0.2736,15663,66368
ENSG00000151790,bos_grunniens,shuffled,3,c03aa0145e95be553d290aaffc3b510361db72f85c9e85f8c3894eb4bd2a1049,e7da1d73c3eecc284c90b039f3d7a7fd4bd5c07d7cd9f469a7984a2f1d7d5693,2.322,15337,66403
ENSG00000151790,callithrix_jacchus,shuffled,3,f752ac0b93a088dfd75eb5fd6a41b9373ffa03f443373236caea2547f6ca2c6f,2cdcbc885e1873106fc076ba60e41bc9ed5a2116ccf433d72f95169dd54b4624,4.7896,14961,67018
ENSG00000151790,camelus_dromedarius,shuffled,3,86c3e35f8fe367ce24de31a7cf463957056bc32c9094c56ba18c590ac36550c0,b93370d505c5be2396a128322a7dda40912ee6cdd16ba0673d39a307371ff85d,0.5482,15773,66164
ENSG00000151790,capra_hircus,shuffled,3,a0b7f255454caa547a543cc0b54a365046b62d60f249f5702d1870d87bbea0af,2cda088408a8be9836c31d1678c8d2e67caef7d8de99f507132ba88922bd6e8e,0.5344,15145,66441
ENSG00000151790,chinchilla_lanigera,shuffled,3,ab0da693237c0f7c757501504f22b8e2cb3a19f881c6a5f88eed43c129c2551a,f2621ba87e02f8780edc611d36bc857db1dfada44b7b91bd8cd6dd748e0fb917,1.0461,15193,66543
ENSG00000151790,delphinapterus_leucas,shuffled,3,bcad155d6ed7d9af03d60e5b09afe3f090216c7a8fb04772ae53b85104380802,33d616226fccee9c7a19ff118a274c7fcf8e807e984331f3be436b94fdc5e912,0.6194,15204,66478
ENSG00000151790,dipodomys_ordii,shuffled,3,38782901d2210f5661c5212e5c6f01b9085cd94c4eb1684f31b0411a7447d3ab,7cbf5107b970a98d404856e330b82a10371766c9109dd99107bfb70f6399b0ac,2.8414,14936,66829
ENSG00000151790,heterocephalus_glaber_female,shuffled,3,5f5406cd96a278af94329ea339237dca3b5bddec6025bdb8a9ddd6f3cb029ad6,518bf554586c9c3597fa3b6f561ab44b18fa2bcac29efe18645885df10784e9f,0.4425,15480,66516
ENSG00000151790,homo_sapiens,shuffled,3,4c26a5bd9ef710b045f51c062814202500943e81dca49c535c9797c7fe2bc847,cca93d4a6701780e3ca26f726b4da06fa48da0e79bf435914a58b4ee2b4d6937,0.8981,12977,66939
ENSG00000151790,macaca_fascicularis,shuffled,3,622b61f58de5277a8eb05a6e4c957a32c4b69dbdccf4900580d21e10c672d3c0,0ce6d5647a83e6868644d2036011d04f2252a927440518d97055bad18c062efc,0.2286,14031,67205
ENSG00000151790,macaca_mulatta,shuffled,3,c2118b7982ba6b5be6a70ec6af6bcab4cd05028a3dca0f093ff8e1100089c0c4,99cd0108544978b4690d3e622a4a988e85df91fb18584109c6292b7b08296403,0.148,14027,67329
ENSG00000151790,microcebus_murinus,shuffled,3,5b0332886fa79e5e1aacab00729a96ece82bff09c3018a1670bef40097f14e01,b47a4920a38ea254a698bc150fe7723a9fce68d959e326e52cf8c32c1a6971da,0.6706,14945,66702
ENSG00000151790,microtus_ochrogaster,shuffled,3,fb9eece7274fbe0762a5dd87ed7377944716decf791c8fbb06b8734a8ff3c373,1a2597aaa4db3f2e78200b78f60fb4488cb498d879fe82172056cdd7bfb522ec,0.305,15693,66691
ENSG00000151790,monodon_monoceros,shuffled,3,61ec952d8cac7ab29233907261b4f20c7f57e570c1103c405c62f974a769e42d,aa84e9e107251c1b559b121f1c854cd477b53c7cfe02764990873dc9f6a90d0d,1.5694,15539,66429
ENSG00000151790,mus_musculus,shuffled,3,4fccfa544510a7c225fdd8dd2748aca1451714c197dee2ebc7ab7bd92efb78cf,f575209b0e9882a2c9065374aa9b0a3362ba7c16021aef2d8122ef1ab71b6707,1.4959,15086,66585
ENSG00000151790,mus_spicilegus,shuffled,3,57f479b67e85d9b89c92367509980062897746c8ec4c57f0523515668c39ddb6,7a7ae7611195c58441011b360e2d2e246de8a2d8beedced985a50e156546adcb,0.8661,15145,66627
ENSG00000151790,myotis_lucifugus,shuffled,3,135f6bb99cd35888ac8247bdc91cde03226f43671e83fe9ce057583b47ebda65,64c619e9342eabed344c0986cb6970a57ed32482f4d642e8a61c2d3036255f5a,0.6848,14818,66911
ENSG00000151790,nomascus_leucogenys,shuffled,3,e1e1d688b202175e5eea79a90d8dc35b9469540d15c20985bbd7d7a99f6399a3,569843e3b1a514671436970aeb4be413a59f13cfc26d1f45c5ad1d8a62c0457d,0.6029,14575,67116
ENSG00000151790,ornithorhynchus_anatinus,shuffled,3,caad009c4a7402e5f47275e62a0765b02701f4a4ac690560cbefb00b92262aef,5dd3d807d5435e500e8ff84f1f3f79e12cc303f45ea489c922e254bc6d62139f,3.9721,15611,66249
ENSG00000151790,oryctolagus_cuniculus,shuffled,3,f3466550e00e31e230746493c795e06f028128ba852285563f64363d41bd6006,4f8ff7d695b747723b9891686c5161611239676df84cacd84c9308d32d78bdf8,0.0658,15558,66454
ENSG00000151790,ovis_aries,shuffled,3,743852bf977d36c0c8d2b76118f0534857398c3f34df63f3f1be9a549a09d34d,7962edc86b827733a81230d59e8f154aa74723e54de442182f9810b2ae5991e9,1.1636,15200,66367
ENSG00000151790,pan_paniscus,shuffled,3,167b19ce825b4432ccf2739f9ff932b62dcc204e1cc1b9a426ca83560f9bd673,0889b715b4d4c05e68fd6c13e1f8ddfd16302123c926aa22568903b7c8f9936f,0.6849,13134,66877
ENSG00000151790,pan_troglodytes,shuffled,3,725b0543e2807e223d8896fb30042d098494bc6c463de6ffbd1c809eb364690f,c1ea89918a3c60598145bb6577340bca29006686267eb6d094d3a51ed6a0ccb6,0.3327,13075,66828
ENSG00000151790,panthera_leo,shuffled,3,7fe84a002e00427a81b2af53535f696297e5d7cfd832e71c02aed583b4e64405,ad675d1ef77459bc085896d709b46fb11724ce9102e7f3b1b48d4fb9b6997456,0.093,14469,67242
ENSG00000151790,panthera_pardus,shuffled,3,5d7012185280fc0a0aeb3fa13f1c7caa0817093c0a48c757f4b928254994e819,fd88edc4d644f345f5bd1a3496903c0a74b6fb96371446c64b4eb0930fda22d7,0.1336,14766,67240
ENSG00000151790,phascolarctos_cinereus,shuffled,3,b86e1eb98354004966796dcf677d485cee78c10d8bfe74bce7041ebecf088d32,80696e3586ee2138f6bc57325fcdb2196e7e1be58db6e01350d5f53ebd938408,3.454,15135,67039
ENSG00000151790,physeter_catodon,shuffled,3,e5958dad0380ea4a008bf33a828e7cd4ac3e7a9cd0bdf7d88177f88217174393,cd6ee88cccf03a922a73698ba589645b67ec1f319dafa1308b2e08c82d67bbc8,0.3091,15590,66491
ENSG00000151790,rattus_norvegicus,shuffled,3,97f1eb1f3c061c16657ec25df2a3a25d59dd274a97fc235bfc3c7cfa5fa9e18c,6409fa2ec75f2f148589660391728933074baa2418531a8f554134d34dceceec,1.1342,15246,66648
ENSG00000151790,rhinolophus_ferrumequinum,shuffled,3,c0d43a28c77bd7479003219c508a1c6db0be566dfed554ef2f659af066e8bf40,c9bb4b8835c4f63cf8ac77a15e344635460cd717c441b608801a43e950aa96b9,0.1197,15813,66362
ENSG00000151790,sarcophilus_harrisii,shuffled,3,d6086c4e61f4c4c8cd4b78c9785650b59e28b8ac12c191dff615d63a775aaaf3,ff4e1c92120695894d1dcf5692845fe69fc1ed27e18c73f7781564c951b9c200,0.1626,14968,67086
ENSG00000151790,sciurus_vulgaris,shuffled,3,8636f0f3e86d979f29968808d6f2a44d79112ce45c1e443710b9ef20c35c9596,55d8341382ecd928317331d287bb086551a79be84753eba66579aecda218d0a2,1.001,15142,67031
ENSG00000151790,sus_scrofa,shuffled,3,bfea026a2c5cd21f975d0c1c70ed47dc9118e7e1b6ebd8ec5fbae76d6027bff3,045d485daaf5c5a3abc78d8530e860fff00aa60cd1061b72056b554c59365913,0.0516,15241,66807
ENSG00000151790,vombatus_ursinus,shuffled,3,3e498c6dcafd46e321f1514203b1a53a2f0fe85c60bb789cc3bac4914c282fca,0bf0e9de0fb57eafa9d00586eef4281a9024fb5ddc3e84e27d4b45b5378f17eb,1.4298,15102,67074
ENSG00000151790,vulpes_vulpes,shuffled,3,2c520afd4c6cee246221125614ba861be7d738c6675289e113678e7f337cbc46,05fa6b7d3fe064c401879d4c6441027a3918cdd210edf9dcd94ff53f56d632e1,0.0743,15019,67086
ENSG00000151790,balaenoptera_musculus,shuffled,4,44430a70f36371dd723405d0d8580bfbec8a3d43e1b6e86805711776a61dc4a3,e3ce0a8fe88cc0e1e5f731d94a665db6c5dc75de6a3792eedeb347ac31525215,1.0209,15635,66342
ENSG00000151790,bos_grunniens,shuffled,4,17d49d5c6089ac81aa2c8b6a1af9985ab5ed0747bfe9719af24716b47d95a8c9,1169a094433e25110acf101074b3e1ca8ac12ab5b2e7253c80acd12bb5f45559,2.1961,15332,66334
ENSG00000151790,callithrix_jacchus,shuffled,4,820cd97160d9b5941fc45234f2bede64659fd47434ff33cef199516422ce7281,6b5fa8c9df25fcc9ca3d249de496bcde431fbf3119bf799ae47edf96738ba5c6,4.295,15041,67090
ENSG00000151790,camelus_dromedarius,shuffled,4,20a76bd52df20e71972b590a4516e7749853b940535de7ca48de9c1d03505285,d5c19f2523661410322f87693952b7bb1a30011236acab24ba14b259e132e8ac,0.5998,15737,66203
ENSG00000151790,capra_hircus,shuffled,4,336be83b7c8f75bafed6e112a30849bf9bfbb6b5fcae63768dcc039405554023,06565a5c4090748a88e39d95b2205ec9a87a8d13969177e95da542ba4ac7af9b,0.4609,15185,66497
ENSG00000151790,chinchilla_lanigera,shuffled,4,34478659445e0c6fc77456cbf59e1ee142e8b0eb8f286d6d9696a5fee3683f78,5dda30b3a03f2a183b00ffb737e91abed827aee606846b0ece9d5718a2a68e09,1.069,15234,66522
ENSG00000151790,delphinapterus_leucas,shuffled,4,df7e3a7ce4a166668c30781da26a6898cf03cf9d1cd42ce02114b6351b5f1c2e,6828b366ca53510d72bf59178c835e9c65f6f90816f5cce60ff5f3eb7a7f27e0,0.5458,15207,66472
ENSG00000151790,dipodomys_ordii,shuffled,4,ee4eb9f970e91105c58e95d8d603a0d816b3d1adb1943b5cf8155348e7bfaa9b,2a9f03965a02866f5ad928a53e2c625a6d7302e70fb1851895d23c6541c4230c,2.8856,14856,66781
ENSG00000151790,heterocephalus_glaber_female,shuffled,4,ac506daaae5755e5f1186ea798d50ee2b16801cd455ae26c869deb044410f41f,3f2b420afa9f325afc5c1c0d0e9aaf2349e5a19a17b01ca9112e8a5dec8d7d78,0.3338,15500,66587
ENSG00000151790,homo_sapiens,shuffled,4,8834f5d296036c5f621d088b9f3b0398e182ea7cfbb23de6263848a1ce2d7747,bff2e5743d0924e3d207d0e9050f187fb2c804b12e275593f8acaf08336d54a8,0.5532,12966,66912
ENSG00000151790,macaca_fascicularis,shuffled,4,5100cb7e08be8955f7ee3e66dd1e77e78f88660ea5e24cd5cdf07a5b8625bdca,59d8d39d0f62cb892f5069fce74507831b05d4d8255c9a0f182221ceb7f61fe2,0.1233,14045,67149
ENSG00000151790,macaca_mulatta,shuffled,4,53ad2863788f6f8199b86d24cc2e3777c8297e3d7a0b1ca7a74dc64d1dd5d2fd,34ca84870607c2168cd07b7c7eb07199356e25ab93efa018d4f463d2c82be6dc,0.0889,14022,67235
ENSG00000151790,microcebus_murinus,shuffled,4,32ad1258239e0082451a2c4c88e1c4e33662edbabd5da24fed9a879fc7d6aaf7,b5f463f15a6195e09a376783563c05c77cb06149b3e82f4512076da2f10986b0,0.9936,14971,66676
ENSG00000151790,microtus_ochrogaster,shuffled,4,fc64e8a847bcc77958b115abcb43bcfdf9a4c02e264432fa256391cf5aca4129,428207e0421de7c6a7fc0101ad16031880c4a1d58b704a9d28d54bfd563e5e60,0.9416,15730,66638
ENSG00000151790,monodon_monoceros,shuffled,4,8c1cdf5365e15187735e5f829ee99c3cd9f606ff06a46bdc8595581401a45d86,03d4bf31d7f5f8ccfd624f52fbcc9fa7d82bae850be333e1f1ca44c68da5af4b,0.6718,15627,66376
ENSG00000151790,mus_musculus,shuffled,4,742fd9c5dbf11e821c19698bfbad63d7ce22031d7661ddb448d928bd550e2d1d,b073425ee9c76fac3b5cd768f428f1a85de7b7f0976a36df8d4a27d5869ff076,0.8854,15044,66574
ENSG00000151790,mus_spicilegus,shuffled,4,5cae9f0858d1b421154ba39cd1232b59c18faa9109f64d1599866f2640b7c828,2644df8cb4b92a3ac5d253c53c0f7b27d598c9712825cbb7e4fd6461589dd1ee,1.1263,15253,66599
ENSG00000151790,myotis_lucifugus,shuffled,4,9209512669c9fa0cfb1ee2e019a33cefcdffacc142344ed9040ba0b1d01abeea,b2c51b2b57be59fe3744f9ccfcedcb448ee63c5c6b8831b7c2b80b0733c87b4e,0.2928,14840,66996
ENSG00000151790,nomascus_leucogenys,shuffled,4,facf4fc3f62014b530e891b41100f95f414537dcea04cf7fb7820cc240ab2139,eaca962f8b0c623ba77bcaaeb9888b39c0e84842736cff0909b976bac12929b6,0.3207,14562,67072
ENSG00000151790,ornithorhynchus_anatinus,shuffled,4,e0ccfeccd6eac67a429bc0708c9c37778fb74c6d6906360ae3fc6e8072aa2c81,53c6c9343ebaf80457a0caa0cac9e9f05821fc1def42b85dd7e21b7ec45cbe04,3.4389,15645,66205
ENSG00000151790,oryctolagus_cuniculus,shuffled,4,7bb5c3b4073e8b025250ff905e561d12c342977e4e1efdd29731358146474ef1,5a3d68449526362fdeee98e5d86c0f84d2ce473ed8674b6c606c9dfaa70a15a2,0.1661,15480,66410
ENSG00000151790,ovis_aries,shuffled,4,1d4a9789820c1550c4f5210dd73aa436a4e460697f02b366e07a09e1ee134202,37cefaccccac061042792268f0f5510113020fb24069d1b68f2a4685d3ba11c9,1.2373,15163,66353
ENSG00000151790,pan_paniscus,shuffled,4,239663be10660411858f08dfa946b70c73a9c19a2e4905d1a289729d167dc312,7e4928e72c71adcb6153faec1f98286e8368b599156b29496e024f13f0e3dbe1,0.3983,13128,66870
ENSG00000151790,pan_troglodytes,shuffled,4,ce05a1686d97629a4fff05a6217a612ca6a4045481f53d9bd8fa7e5846c2d8a0,f4d66edbfbf90bb91b9eb672abcdadae41002a209507c1fe8f25629c798e6482,0.5641,13098,66740
ENSG00000151790,panthera_leo,shuffled,4,893e7179523198c302921b78eb6ccb924676f5b04ac7f3c48c48dbcbc832d5dd,72837443d9c28982afc80d4b2f03f0e783fd8eef8eb1e76a239b01e59f87644a,0.0541,14461,67247
ENSG00000151790,panthera_pardus,shuffled,4,38f35751c87f4484018dcdb3f0f58ffdaba1a8ca0fe3abcfeed096aea793a945,947b39af4dbd33fed4b283cb3b3694b31286a2278def7e3f8cd4282a1117a8f3,0.1545,14775,67141
ENSG00000151790,phascolarctos_cinereus,shuffled,4,695fed97e13e583618bbfc6dd89b8cef8d39fe0e3680fc32f35b4e88d2cb890f,aa65907807582248d8e7f7155a7e2fb33686e5d5222b3011bc371405c841cdc2,2.322,15163,67034
ENSG00000151790,physeter_catodon,shuffled,4,6b20eff814c4760bd0dffc60134e7761ab2e1c51eeebb8e4bf3ff6fff3ef79a9,d87508d0a895b8add7e16eec9d95a87e568224626973a08a6220ef1790697f45,0.6402,15528,66533
ENSG00000151790,rattus_norvegicus,shuffled,4,879867534adfd1119d2d429e156d97482ab64199efa73d8752247070eab8f88e,5d2803752a4c1c378fd76a5e8879211762c90d5d6bf44e722c88682dd4893be8,0.7743,15291,66631
ENSG00000151790,rhinolophus_ferrumequinum,shuffled,4,67fdc9e5c089caf8b3061a66fbf1a1e735beec53ce67c96150bd9e3e47186de6,7f7dcdb20969a4cb1c21cc613fa2a52ad816d0acca45ed30f455badd23cb50bf,0.2254,15756,66415
ENSG00000151790,sarcophilus_harrisii,shuffled,4,f76b18a05339943e25dfe4c145b80fa8de0e5d356d609c7c2d050c368a797f0e,ac076f2f0df053e4ada4d7121af5850a24948c30e4d2d3cea175def3742675a6,0.0876,14904,67051
ENSG00000151790,sciurus_vulgaris,shuffled,4,ecd861ad70db8624d70bfe809ab0a99e4dc53d8e4c881b2adafc57e298793868,94738eb4c2b060ef163a026bf9cd8a4683d1576a4e788458836829a74b726dea,2.0312,15113,66949
ENSG00000151790,sus_scrofa,shuffled,4,c95381f7a12e7238f1d5ae2999d7e2a632f859962053164b7a287573cd5e7cae,e5585bfb446a62454577473900e1f8c7c90032b410d15473688df0ae02e1ccd1,0.0479,15251,66737
ENSG00000151790,vombatus_ursinus,shuffled,4,379bc99a71da7165e247fba81048a9b36c6642463a7e102c879015bbd00da07d,4b394caab64fc341aec91364faad8666b9a1f7597346d91bc69b9eb59dc75700,0.602,15139,66997
ENSG00000151790,vulpes_vulpes,shuffled,4,c9a68b9753eb7794165e4d33c25686250c0e0e15ebff600446fae2f792abb8f7,cd6a91c69ffeb7ace70fe2c161b18180b99781710215867075a71b1418a9c2a6,0.1162,14937,67066
ENSG00000151790,balaenoptera_musculus,shuffled,5,7058f2f693c26ad3a60bdb0233a3a10ef6a590472fbc6d7798fb82f3051adbb2,7bf75660b53cd7ef26b214d5ff2fbc84e1686d998b0672ba76d25bd049d1e292,0.9511,15635,66316
ENSG00000151790,bos_grunniens,shuffled,5,bd1dbd240d6186ec9044265c7f0f85c60f7549b7adc5d363b473293fb468965c,74c179d0e53a6d4cc225a839a193a22f5d031f6be4b44f27dadee147f44da9d2,1.0512,15364,66237
ENSG00000151790,callithrix_jacchus,shuffled,5,ecedffb4fd76bae95debc36b34cd3faf36679e4086b8ba65f3f5a9fa6da5bc85,8ea4d77ea9af501e44b8cd00a98fef7c5bde309b9f8da935bba3b4523141ad0a,4.6657,15020,67046
ENSG00000151790,camelus_dromedarius,shuffled,5,b87f3aa59892caf75e41740e1208abd36d7a97e9e8d7536dbc873a00d3ea6f3f,b55fbc2710d2ff2e3d276491b685f4753c5166c9494b878e8989324c8de42399,0.4369,15777,66198
ENSG00000151790,capra_hircus,shuffled,5,b763f85366316b71dae150847137bd317f437dc3e03412c0cbe4f5fb568e61d8,5291494c827868071f0b73643e008a81871c70200c4fd5547cdc917dc0c94e7b,1.4239,15185,66461
ENSG00000151790,chinchilla_lanigera,shuffled,5,95c8baee473e58329e956c02355673db450c2823baa6ec9b3bb5bc95387e05ca,53337f8e0ff6d61b8508b2cd9a166c4cd1c04f387c786e951bb05bdc91f6f336,1.7078,15175,66512
ENSG00000151790,delphinapterus_leucas,shuffled,5,ff7b9e973b5e55892c58f1427cf284518d8f5fce78e5ba962874ad571e6fdd31,0a28fca3c389bad7eb7c8da632a379088bfa2445c8910157fb19b4dedd5cf5f3,1.0845,15188,66465
ENSG00000151790,dipodomys_ordii,shuffled,5,a27c46420a1974fe2c459dec8e8e98282558f08096334c53894e1faa98d1d686,c8d003bc73a0dab972b9590ca00b0617b0075be638ae75c10afe7f3e87413e12,3.288,14900,66781
ENSG00000151790,heterocephalus_glaber_female,shuffled,5,5ad741ae57b4186cabdfccea2ada05d31e16b42c819a07f69f30dd305bcdcb9f,85dd376f5d90ddd068045f4338c5a10b96f4fbdac4da1c5d46c0a7e98090c44d,0.1889,15561,66580
ENSG00000151790,homo_sapiens,shuffled,5,aa197a7caf3334548ef966b2aa49e80cc3fd58b408318356186b00f240ab3ab7,dabb92ffc9d9aaa084745efd0429ce87d7f0af6750cd32bf9c1075e635c5ce38,0.746,13014,66993
ENSG00000151790,macaca_fascicularis,shuffled,5,a7d78bafb4d6e33836d1caa75f78f762ccfdcac1569f667487a2b968208a819b,1f39505ec2016140a8c9eb7376a23e1eda973b259b282a39203c32382a4a3aff,0.1233,13915,67137
ENSG00000151790,macaca_mulatta,shuffled,5,c7cd14ea1b67d855c98db569f0c41fa55851d99e3847999ad95c3d1593295a2d,6c15f359180c07675d390eda2219b0a09710ea02044b7d9377992be281924970,0.1785,14046,67354
ENSG00000151790,microcebus_murinus,shuffled,5,60e6ad86a83e33269a850fe48867355fc6223839cfde75682343a890900659bb,ae1302bd8b3e96a3fe75952238f466d5ba5ebb3473dd73c9e58488839eb9ef64,0.6253,14917,66790
ENSG00000151790,microtus_ochrogaster,shuffled,5,fc62bcd5b8c389c29af7aab8958ffe22bcec1b75e666296bf0adc92d3c9064ea,7a72f921067babc91ed61029fa25c3bac94c6d0d59b4399a63a36361b04a1dea,0.7409,15675,66550
ENSG00000151790,monodon_monoceros,shuffled,5,e57347300d99877ffba7949f07e5ff34f490f747ff3c280881accbb20982877f,abb9d262f498f597c6a0ec40adc405f2c6bb5fdb12deca086b7731af81591a3f,0.24,15498,66415
ENSG00000151790,mus_musculus,shuffled,5,5f67118380e9d00faa226def26fcd0d853106582431c693b5339124b15d4ab63,de64eaeba4e7ae1b71694b2af8f099b774f0850b943f209236588397d5424530,1.2484,15097,66591
ENSG00000151790,mus_spicilegus,shuffled,5,20cd3009b92aad6a71f4308a409ad70011bf57e9880602e1a9290c9d0b18e0b6,69fe9edce43d9f708c5fe066988c4f52f62798b38715117b00b4f58bed8f57cb,0.8559,15145,66639
ENSG00000151790,myotis_lucifugus,shuffled,5,daf921f86778407495cc867d53abe2c50034f73bc87e7c9a53331882a955a231,e43812f353256e46b50027170512b0e03adb7ebb2306d1d76d0acb217b1adf1b,0.4638,14892,66900
ENSG00000151790,nomascus_leucogenys,shuffled,5,0d730becf6dab6fd88738f7148ca38a858d6b3a3bad5162e9067e43a3bfacc4f,ea1d258431a3d2df302a3f8c16a62c201fd952985bfaff211f12f8d1f4ae45b1,0.5989,14568,67060
ENSG00000151790,ornithorhynchus_anatinus,shuffled,5,95a6fd1d9bbac75a55d2580a7841c0ad354eba692eb8a0f1a1f0ed28c2226de7,68dbfbaf22746553782709c7ca20dff90dc1d64372b4132a03618a5088667a04,2.322,15645,66244
ENSG00000151790,oryctolagus_cuniculus,shuffled,5,e8f08d7701bcdc9cb7b0fc5ca99c7dc6b05418bc761e745e2c65609ef08343fb,048c5acf6d5f7e54f5256e82d7009c098b4497303543004c0e3b8953cd3140aa,0.2773,15550,66435
ENSG00000151790,ovis_aries,shuffled,5,930801730d835d0c46142adb6f3abebd92fbec8d872bb33d3f1c0be7f00d4d92,f2cef7d6e1dc2d76d85bf61cc9e04a775dc50318e000412179990107a5f12022,1.371,15168,66353
ENSG00000151790,pan_paniscus,shuffled,5,a7c3f47cbbb61962b81ebb2304642fb3593806c9a92fc3b2020bd269224c154b,6c3788c95e16be965522aa5e7f4ecdb53f9d2a46b4508ad9eb29e0f83f7bf98d,0.4682,13093,66882
ENSG00000151790,pan_troglodytes,shuffled,5,380a72cdd9bb45b9982a44552aec27f94bf5a3eadc0b764452a2ebe2eae5b1a8,5788488e090ec448c274050dfd828b10e8188b44545c90f0f649cc812a563da9,0.8259,13127,66815
ENSG00000151790,panthera_leo,shuffled,5,bbace4588f8173f903e874057f87477db69274110bd96b28ff4c8e0b0f1233c0,42c29df435f573bda3aedbdd70effe78bb6da5028a4c7e4e27fad8472f02b21f,0.0766,14493,67236
ENSG00000151790,panthera_pardus,shuffled,5,5eb2469b0ec76853c03b4851f8429af791bb8de537f112691c8bf5c364258858,a624e33416d32c88a93a45961ba63160bbac9342df0bf78b2a2a4bf579862981,0.1591,14736,67098
ENSG00000151790,phascolarctos_cinereus,shuffled,5,5380a662467a61acef09e89bfa129e6d5793bbee11e954716dd0f4cc13bf3757,d22fc2f02dd8929325d6544673077ed2594bbd34402a032051d05db460e3e6da,1.6443,15092,67060
ENSG00000151790,physeter_catodon,shuffled,5,d1ce786ab18519cd50060186924491890c20f2807affc722699333bf46cf0f5f,4ed91c93db76618ecc462ea066903e1dcfc6b3f3b66b9519e1d5677e507b1543,0.7908,15486,66543
ENSG00000151790,rattus_norvegicus,shuffled,5,ae8150871b71a232eb2697d604b8336e99a74e55556fccb5e5c548243aa41acc,db576db2f7e70d7fa06715d5ece49605afb5d260405211e65601608178fa8692,1.3477,15277,66619
ENSG00000151790,rhinolophus_ferrumequinum,shuffled,5,537be81a594550535007828a66a9dcad1db3a3e3e919145ed287c042a82a4391,49ee687112530a1bf26f5a683dfafe5435d2358e84844c7d082fc403bf13051c,0.4273,15802,66362
ENSG00000151790,sarcophilus_harrisii,shuffled,5,1f57551c7b55fb73eaddc8eca5d57dda5ee97bc5a7bf15d4efde1553f2f3800b,b94fd269d3c3441a0daabdd0f8566a0595a93b4d7fea2eda237a68df79c25a63,0.0838,14936,67042
ENSG00000151790,sciurus_vulgaris,shuffled,5,69c00bf70c10cd4540e155aada67800d1c831a74e1b224d25f4a5c3eda47bfac,9d06fc68fcd6fa2d9748b4d5e0823328b60a953a852c49c7f35a25902fb5f438,2.5789,15067,66991
ENSG00000151790,sus_scrofa,shuffled,5,ae1ef597ab0122ba589dcdcea51c633ac4f98cff455f8ce6a414499840772faf,b458ab4bf4eacdfc9ae9c2eaab5981b5793970784126566f616c97707f9d31ef,0.0358,15186,66796
ENSG00000151790,vombatus_ursinus,shuffled,5,b559bb05dda5d5bef8aff8c7a17d1a434d2fe26f815f1bfb9bb6d4995055c90c,7bf4b235a603f800b8ed277a5ba07f98d7482f82eab0c7b77eecd364ae9e2571,0.7381,15147,67061
ENSG00000151790,vulpes_vulpes,shuffled,5,399c974888b4df448df9d63d21ddd5bbc6db68df97bb876b759d8db12efc8549,6b58dd1e35d8b42cc520c0c016ee7fc00331d63cdfd269f386e13d90566de976,0.0721,14931,67080
ENSG00000151790,balaenoptera_musculus,shuffled,6,b4f8e045ebf28eb6e4757af72db47c1163d9b981559bfa16e3fc86d47d6aea8b,419f7c378ee3e56cccd81d90840aaa6fd185ff7deed053b010adbcdbc113aaf4,0.962,15620,66323
ENSG00000151790,bos_grunniens,shuffled,6,051a6997c74aca5bea98359c13aa788560b28979b9a53d44ef07a85a7793b306,25153730890aade105a7552be302503b5302f70d6b4c8dbe4fbcd5f6ac399ad6,2.0516,15274,66281
ENSG00000151790,callithrix_jacchus,shuffled,6,1a86f68e2dd45a739ae1d37b3d6ad84e4111bc07e8b52a1c517179e8d6428f74,fa897f239364af486d0766fce259dc23a639b8a8dc49a197a49aefe0bdedffb5,4.6348,15057,67018
ENSG00000151790,camelus_dromedarius,shuffled,6,eb0f351299ecbd7b43d14cfeaa1fafb40002a51e54e6da3ac607a35f4f567a37,2b2c6034be49bf1ff2e9f5e4573d4b52e4f383bb6875ffe56e4ddad28939e024,2.9447,15715,66198
ENSG00000151790,capra_hircus,shuffled,6,22d57172de354a1c25eacc963d0ab77fd1dd192342b528a48b20366590092578,41ab31cdb7220fdb62f8618982127c350bd367d45e607eface2653fd18535f8c,0.1734,15222,66535
ENSG00000151790,chinchilla_lanigera,shuffled,6,c678049ac7cbcc78f316ac63f655106c100ffcfb78b3b85b881207802728b500,5ce73f87e167cd9257a57e6fb3c1b3ebf233e5d0ba27fb5311a357fddeed7906,1.9236,15159,66599
ENSG00000151790,delphinapterus_leucas,shuffled,6,a049e4f616532183fea24c80bffcd3de3d2e2f806f286ba506eed6d72fb335c6,01918fb741dccaef6911c26dbc77f20b9f743725c9bb5b56a4ee0e4260add465,0.7279,15215,66465
ENSG00000151790,dipodomys_ordii,shuffled,6,f86e412759c0c367651753756a6823d78ad6c27f4842b2ff759418dfaca20636,6c24c775a434d8d61538a12511dd817c7f2c9f3a240543a58e74582cdb61199e,2.3079,14815,66722
ENSG00000151790,heterocephalus_glaber_female,shuffled,6,4e0ffbd1680df70554de6b68fb74bc2028017f260f28e36bafc349f802e1f04c,5e9ec94e71c6d5e88949f78a344828001039ce1a76e8554d74f64421e9e9bd27,0.3782,15515,66545
ENSG00000151790,homo_sapiens,shuffled,6,d4823fe91174e4b37fbf18dc217396ec6076021cfee2a533268bf76da49625ac,1c6cc2f86eb13f69e5b8613698d11b288ae739b64e35b14b79f9b385d5afd95d,0.4113,12961,66985
ENSG00000151790,macaca_fascicularis,shuffled,6,7df36f7b7fcbc9607a120e2bf068f4542f5fea2630f881128c05e77d842aa7cc,6d0173772cd5f166beb05e2dfe7fa6b76f24746e38f66bb35833eaeb1ffa3dc4,0.0777,14070,67226
ENSG00000151790,macaca_mulatta,shuffled,6,453faccaa9d591973742e2b308d54efc74f767f5e25cf44bc57d6c915ec29e8b,d75b6d580ec7b1aa58687c59a1f4b6cc1651e29e61799374091b69b28d29e297,0.2626,14059,67335
ENSG00000151790,microcebus_murinus,shuffled,6,d15423877c5cdc3189e82a18327897058aa3bb742cc81433663a09dc678f36e7,e3332381e1db693fe60746bf443909b967015f367ad58a2be17e967f59e91213,0.8616,14987,66712
ENSG00000151790,microtus_ochrogaster,shuffled,6,ff1fb4dd8334cc92e9a096d7dc401fabc0fa4a3c6b2f6f27c2ee8df2586d3f07,f012ff86aa45628fbfcb21a67985d9db3a5791a5bb48ca848d7ae5d83fd1162f,0.6203,15716,66682
ENSG00000151790,monodon_monoceros,shuffled,6,589f26e0686f2f8ebf62b86a0d750a0655eb86dcd799a9a8b8c4c97b0e6e4a83,36527fa4a4de69edf5f79aa4e662a6430df1c71abb03c674cccf627c073c9be7,0.4397,15547,66472
ENSG00000151790,mus_musculus,shuffled,6,c6e4157d95714521f1a12bf9ca349d170fb83bcf6d1b81f78b1e13530501ff87,708d0fa41b68ed239268d114f2dbe04963667db07d2cb5fd94a1766b61b3e623,0.6689,15155,66585
ENSG00000151790,mus_spicilegus,shuffled,6,b13b5e47fea49a959c9a6801989bf3f93fd0605bd9e77f1a30e39962fae8dcf8,1807e1d3f79d3014a1c3c450c6790279dabb6c31581068825834fd079173399d,0.7465,15101,66589
ENSG00000151790,myotis_lucifugus,shuffled,6,02b642331ccbe11c5682dc24512e9243e58b47502036812588667c404210bea9,5759c53db287690aa6108c33e3bf19b8e700d0f5e6bb25ce045dd4800641d0c0,0.1427,14811,66936
ENSG00000151790,nomascus_leucogenys,shuffled,6,d631744a07adc7a91e2f86dcb62c630993f6489fbbcd497824b605304568859a,be85897de059269835bbc567c0775798b2731027a2a9980f8d439b31ab49a187,1.3133,14595,67054
ENSG00000151790,ornithorhynchus_anatinus,shuffled,6,1ce320dc5337336008aa1bddddf060f35152284a890d6e123ec22907c985adc1,da1f646a428b3e151eccb5da47a15e44988ed48aaeeaf2eb12b67777bb46217c,4.0488,15584,66201
ENSG00000151790,oryctolagus_cuniculus,shuffled,6,c76e62ea9532897339cd75c1d849851cd13845000040648078e750f2be2773ca,9e6b1777d6ae7b7f89c3e9e3f9e1a773fbcc1bf7022b422816af713c04bf2707,0.2043,15523,66419
ENSG00000151790,ovis_aries,shuffled,6,9895489090280f0f617d3299d3861087488b007aaa9501af9784ad58dedf0822,170502ef5e018a317c1c3b336602344b731b0688fc86e982c269e4e2d554d4f3,0.6105,15244,66390
ENSG00000151790,pan_paniscus,shuffled,6,f8d49ea2903922d3d92bda59649baf8e8071e50f50864f47c363b3c5af533b26,086057f272c4839cde1d3f484e0dfe5e5976b02d74613ed84dba0f32d1767032,0.2434,13155,66804
ENSG00000151790,pan_troglodytes,shuffled,6,65e4c4d9cacce097d79def6b20ed72734b6b065cd7d5d9ae67a0a3837f37d245,1ff2eb36b244aff3f218baeb371d98e2281a4edf6328b7acafe4546b566ff232,0.7452,13127,66798
ENSG00000151790,panthera_leo,shuffled,6,86e33deabb0532d5df4ee53e78359f036db841c5b194761cf28c8b9982cfa6b9,74f39ec2880278e0b142b4b1b1f997e6ae0269de5f191d66ecd673f45390287a,0.0777,14531,67193
ENSG00000151790,panthera_pardus,shuffled,6,0634ccc0073bcbce4db36d01730e3f4b2bdfbe53e6f751ce2e1e9c5c392a5e94,83a39999ce5f67ffccfaaabd69f3cc2118e1113a248b5cc02b91046eec386f80,0.1903,14766,67185
ENSG00000151790,phascolarctos_cinereus,shuffled,6,f456b9b3b4da21ffc96fd70fc6c13a0d8ecc722d96c1016933430874d4b1bd9b,948cdc696fb12cc332033945376f1b5713e876a9315f43e0f4852ca39ea3c44a,0.7527,15123,66980
ENSG00000151790,physeter_catodon,shuffled,6,a39625afe2d8dc1f9aec3cb7a2d55e8501d73c1d86725ee71ca44705b12e3d12,d619a00d40a4a7973f2fbf0f1cc94efcc123068c66edcb94d794d8d4ae6f4a3f,0.6149,15570,66550
ENSG00000151790,rattus_norvegicus,shuffled,6,5e35c3fb6a35d88d4290e3b32fbb7bf45344126b2436ead3fe3ec9470b1899a2,7fd74eb3b5212522a0919a5dfdf69fb4147b3de624ac953ed6bec2f2bb57424c,1.0512,15295,66615
ENSG00000151790,rhinolophus_ferrumequinum,shuffled,6,8384038dc01689b1e1c27efd8f3ae7cb68866a6c47ae9e57b982e9549b2ddfdf,a813a01f97d87347e8bb42a85c5bbbe94e5960bfa8d433be23812993e632413e,0.1336,15756,66421
ENSG00000151790,sarcophilus_harrisii,shuffled,6,0ce20b61f262f485748397d150586ac361ff76b1cd2ea0ad1e87ca4be1d3901e,cd7223e3d06563acd89516364db25e6fec65d13769fdd648e673a6a8690e0e46,0.2417,14922,67111
ENSG00000151790,sciurus_vulgaris,shuffled,6,296aad640188dd77e3b13ecc6c4528906608bee06d015984d8dbb50afded8154,84cf20d0d943c81ab70b355ace8dc69f6c49cfce9799aac31cc5bde2bea78120,0.595,15135,67096
ENSG00000151790,sus_scrofa,shuffled,6,319cb92192275dce52d6856335410c7026c22a719690bbb5c335adbd503525c2,c7a2d5a78d1f3ead9e67fc12b896ddba55f747e6c5d4a47b179995774d52ca9d,0.3091,15241,66791
ENSG00000151790,vombatus_ursinus,shuffled,6,ec23b45bbb152064bbc55483fec19fffa312e4f0cb3414c1ab5f013f4cf7a3c1,4a8c53dc786596f0c300638c30df0c1c7de3a5987c83eba1c4deb34f274c46dc,2.2798,15156,67053
ENSG00000151790,vulpes_vulpes,shuffled,6,931288b2c01562fb81fdf0fb7742f2b616aa7dcf955df7a85e5bd7d7aff426b9,8b7c5ba424060951efb7142c1415e80b4e1caa9815c63e6ea34e092cfaea82f0,0.062,14948,67102
ENSG00000151790,balaenoptera_musculus,shuffled,7,c0b9ca9f266b45c1c231b912b1f875966018163486eb135fa7cfa5acf90cbf30,a01c605315ee709ecfb3ada7c6e198b219704bbbf482cdec25c25a81a1defa64,0.8706,15589,66358
ENSG00000151790,bos_grunniens,shuffled,7,8b935f15d58d858045921c773f0d8f922e91f5bc0b35ca6012fc6464db905cf4,1504fb988b842f4a6d6ca65f3f7284b223619e75b83eebee1d96b218690a5711,1.2484,15282,66302
ENSG00000151790,callithrix_jacchus,shuffled,7,6ec89c97739bd2d8c3f921eb5f8ac9b0b43e7e6ba79ce15f19afd0016c7f2f7b,67f46b45d335aec2ea8518dda2013b15f89cde59e45a29b44d68d7bd5946eea5,4.6967,14991,67004
ENSG00000151790,camelus_dromedarius,shuffled,7,13f9fb52ea620367b7dc9f154659f099296cff075f829760a0ff52aab67e6a32,58999da69752c9973305fba83d542b6a1ce22827613e579d0c7cb34f5feb7875,1.0897,15755,66185
ENSG00000151790,capra_hircus,shuffled,7,5bd3a33fada268822aabef626859ccbdb6872bcb917003d58305798a4df505d1,0c92154c53b53d0ec1b522455dd41493c66382c2fa6eee29a28e21a331420be2,2.7241,15213,66515
ENSG00000151790,chinchilla_lanigera,shuffled,7,259598850c7eb1a81e8e78743903e2d029e52f706b348601fb72f41669365455,bf15d8592194233778519e9788331702d458a7829df6015f035ad517254ae25e,0.8359,15165,66512
ENSG00000151790,delphinapterus_leucas,shuffled,7,45f3617ccd5b2551147683b6f40399f07ed102bcc46ba93ec3f7012724b57ff5,5b789d985eb5ad77537877b052b4f0ea1bec2193a418ae8216b60b0ffb2b6af4,0.6969,15204,66472
ENSG00000151790,dipodomys_ordii,shuffled,7,351258791c927f5ff796db90ec1cf4a5eb7dfe419ff1b5cea706b4ac1b7fb942,563aa4507618fef676880a80f1bcddf691e731e28dfe9759908c1de1827b40af,2.0448,14826,66802
ENSG00000151790,heterocephalus_glaber_female,shuffled,7,05d53c36e0187e26d223423569b1e3d2eea740df93a021dfaade671eb2cc2d7e,b6d35bec80debd89339ed98d957f0eeb4d7aed04735d9ce030d1b6a5f3848a15,0.6551,15480,66632
ENSG00000151790,homo_sapiens,shuffled,7,ac7479168f99b2a9eef1de1b266150a913a01164c6fb39098880a9b63a182943,f27e021b5778fdf365fd65838ce7a3d9b4131e4dd4af0e298cd5edfa69976d68,0.3906,12948,66939
ENSG00000151790,macaca_fascicularis,shuffled,7,8cc7ad16cd5ae587950fe7838ec38c25af9fb2d6f2c19b3b90e882fc5e0ca45f,bd3dde94aa9a0b9544ba140ed88ade4adf766dbdb8efe8e3e398e9bc7aac388d,0.4928,14052,67269
ENSG00000151790,macaca_mulatta,shuffled,7,1a80558cd9df70a7e313b2a3026fbbf02fb68b6e6d41c431967c71cb70a4f3cc,e748b8719241460e9938ceb2707ac1442cd12726019b6aee48db6136f38ab1f9,1.0159,13965,67252
ENSG00000151790,microcebus_murinus,shuffled,7,38eb15d951460b791912bac1289cc04f6cd87403f44d900e6e43ea783ed6679e,15f651c34c3034a7b318fdaa4a9378f84077db34b03d2e9322558c5a461ebdc2,0.5798,14901,66748
ENSG00000151790,microtus_ochrogaster,shuffled,7,d72ddffb7ee820db00c082261024f490e60a854e77348e642eaf13aa59d86f26,058e7b153a4c22994f0e9b7dfe287b2190620e05d7e2daacbd8e675617ad67ca,0.4193,15704,66620
ENSG00000151790,monodon_monoceros,shuffled,7,e83fe25f04c2192222c56c86f3640898ec24c2db0884cd3e5c06a0577fd161db,6216c91dc3150ff07c040dc024ddd0dd7c8f77dc2652f11e8ebf3ff22fdec62f,0.2238,15525,66420
ENSG00000151790,mus_musculus,shuffled,7,5b97d3e047b14aad9628c71835973900252efb766d6f42722ab1f6d8c4e45738,7a489c79e7c480fe2cac7217615604e92f471875479d0d1902911349ab033545,1.1422,15086,66595
ENSG00000151790,mus_spicilegus,shuffled,7,c78015d345811cf5a1f8172cb7d0072b5b89f3eb8779ca0eaf7e6fec6831a901,41ccd69022067359066edcf57a56b3fed84f13f26f420d54a2b2f40683d179fe,0.9741,15150,66646
ENSG00000151790,myotis_lucifugus,shuffled,7,22b7dc3550ecdcfe8bab1696871c5822d09f88fc2d623dd2a6dea05610b9d127,9cfc9656c3d98334a5ffbfd21840c3be9730a9c625926d8000bfdc66ea3f4723,0.24,14855,66965
ENSG00000151790,nomascus_leucogenys,shuffled,7,ff8d8ed503df9ebce386db3e43969c3a3d7a9a35cf0ef20bb91cdd5efb84f920,4c35db1b353d07fc9262d6abd50d4ea2c92ea74c47c8abd777a35356493eb66f,1.1824,14666,67027
ENSG00000151790,ornithorhynchus_anatinus,shuffled,7,ccaa18a3c2958c83229aecf7ce743b36b95e91a558101c20dd1b69a3816fc974,62295a70928426b1b898ae7f4a99065098c8710f29a735d272751ac2d194ae4e,3.4389,15611,66177
ENSG00000151790,oryctolagus_cuniculus,shuffled,7,3aef2028c04f653119928c6ee712fcac8db24717c4f99573713a6571d14f91f6,26a922017366cab8535c8d78bbc8023887a9c112513c6c6cb73e36d96d850a28,1.2568,15597,66403
ENSG00000151790,ovis_aries,shuffled,7,bc966977b3c755f7409690391466e22194f6ac493bf589fe3215b79f767ff707,4f2dbd964592273cb17315426242be472a5642efdb710e5626b74ddfe27ac029,0.4524,15220,66347
ENSG00000151790,pan_paniscus,shuffled,7,cc1c566414b0aa48bb438f1dc97ed96300e45da336a037a3db0a101e115fa5a3,38f86760a6c02b5adea8f025f57f910f5e51fca411b9778000802e323952fdad,0.2302,13141,66815
ENSG00000151790,pan_troglodytes,shuffled,7,1ba7f3b24b4216caee825e698954a15510a396b19fd525f53af35944459850cb,fa4251c37968c3c11a312bd5ce4e0daf7ec1e287337e8ca4c13ed098d9a5b7b1,0.652,13075,66759
ENSG00000151790,panthera_leo,shuffled,7,a4ca32fdc7a3206080062269404b267c13c6785abe4ff3cdfb5d51949e56e975,c4f505618be271f3f57ce1ea300ca602ed686aa94e44bd81a437868aaa59b7c2,0.0958,14461,67193
ENSG00000151790,panthera_pardus,shuffled,7,8a27142d19960638067c58c1acbbe99a6bba5ef91d3563a616c1886ac8a874ce,18cc7d0aafa10154b7a1a12b866ba1b307d842969ffce4f2bc147fafc0afc95e,0.1416,14693,67125
ENSG00000151790,phascolarctos_cinereus,shuffled,7,d4851564f48e7dd5340d2d6117a9d02093fb5ec1d3fccb5b36682d1c7e2ee59e,a337bbe65049671a1207ad801a9adb10fa72ab43492bbcf9b905a984df368b6e,0.9863,15145,67051
ENSG00000151790,physeter_catodon,shuffled,7,7e555ca578029976dc5de17bd0e7969c345821489e03fd6a7356a978d0612b29,5bffa93aad21600f10dc0d69381007ab53e6fab7d7537138ab89c1a4de826ae9,0.8403,15513,66589
ENSG00000151790,rattus_norvegicus,shuffled,7,89987dd08d0d77f90249a153105673b7776c9b7546da955a38626832648b9c54,48c2716c4e04ac1611aafaa2a1f391675e55623bce891421f2154c2b84d2a852,0.8683,15205,66653
ENSG00000151790,rhinolophus_ferrumequinum,shuffled,7,87ff155b44af62f6d0dd579b8f40a071b47b63fbdaac2f92ed6471fc09dd90fc,e3be5f1f688bf3b4f752f3a08f7e2446fb577d05c32d932c6f5c88dc9158dcb7,0.1346,15836,66356
ENSG00000151790,sarcophilus_harrisii,shuffled,7,31a2429327578d611ce8ff88a985bbeeeac11b0439f9060339bd11b348fe2dd7,5c84aa155eceeca33cbd1dd2cdc76971e656630fe8d9d73b3f6b9dbf7e1fcd67,0.1356,14956,67066
ENSG00000151790,sciurus_vulgaris,shuffled,7,bd585e98916e11adc7af990007b06ae827927ea2f510c1911fc78f0460c2c916,cba7af24a4914e34e71495bb5645c55dc0971a10e96537a82d116f5704efbc9d,1.1879,15193,66921
ENSG00000151790,sus_scrofa,shuffled,7,6ea34db0d041ee2ce8e2877e24ea14edab1599e079262302905ff3827a0da7b0,69df2a7e140be95127ed64ec4abbcdd38ff2de2d1a81f3a16b0d9096542ddfff,0.0557,15214,66744
ENSG00000151790,vombatus_ursinus,shuffled,7,9d825fce9cac2353e32808ca871523af7b387ef6dca60cfdc6f5206cc9b137fd,fb98ca2218d516eb3f9564b8ee53db3d0f2a00f374b705e66a018f729ec1995e,1.2708,15121,67061
ENSG00000151790,vulpes_vulpes,shuffled,7,7f0951d9fa434aafc73e867f4c31061a35fb7a75c9e00d7dae72b52ce9230053,8a05350c14db86c3d737f6f325d6e3cb42d069fac936d01a37b33e67b4d2b5b6,0.0464,14858,67093
ENSG00000151790,balaenoptera_musculus,shuffled,8,61ac779ad2ed281965eb37229e96a1c8c42b92e08a37cc843d524345037cecdd,53d9b49fe66542cb8db0427118d8b0eff7da495c9eca4127f0313e4cb949cbd0,1.121,15628,66312
ENSG00000151790,bos_grunniens,shuffled,8,4c6b3e60cd4a7eee0aa0a2bd2991caf50a2148f66bd8a922cb0b63fc99a20986,e81a67ff72c17037976b88f9236f31eef09b1aee7c646f10f25ab1e81854a286,1.8375,15364,66380
ENSG00000151790,callithrix_jacchus,shuffled,8,518faf9147b0eac0aeabe036df498d9962d2204d57d16f59219c3ef092160fac,3fd5d7d02781657caae5299a954aec695d691880d00abeab2f37f966611a8893,4.6348,15010,67052
ENSG00000151790,camelus_dromedarius,shuffled,8,3ef3f5485b49d5ba41224341a401483111314aafb43d40192a9a724ac285b744,619405964034dafa11f17228bf9aa2e866dc8809b8e162090fdd50794a2adeec,2.7241,15743,66235
ENSG00000151790,capra_hircus,shuffled,8,3e02b5a293c2f20cce316e18194787b837906868fc5a06a2b2a246a7e77db553,cdc35f47212575e6e53352888aeae98a9efe7db5eb9657f04d18b219548f7f33,0.1512,15194,66470
ENSG00000151790,chinchilla_lanigera,shuffled,8,fbf4c09a83693af0117c7dc429b3c7448ed2913218a864b582f0225eb3e2b622,4488be05b85c59e7850b49dbc9d2ffea007979c81b76afa180bbc0a075900557,1.3535,15269,66568
ENSG00000151790,delphinapterus_leucas,shuffled,8,ad48796abe0bcb0ed0443d79157e771ce4ba63c1ed41605e063437e65bd18b87,c2a145d0c0d59ab69afd3060845655d28f165f8b75abe18c2b86c9157f126bb6,0.7514,15188,66486
ENSG00000151790,dipodomys_ordii,shuffled,8,98a55bdd247c526468fd65737e9d5c0fdd3f1c46e046ac60271a923e16fdd339,765a19cd7d88ab176a4abd521ad67ad037c217f26ea9c363a46ea091fb30acd4,2.6949,14953,66793
ENSG00000151790,heterocephalus_glaber_female,shuffled,8,7251bf52ebadc8f973a5adf3726ee009a498412ba5b484132d516eae748fe0c3,26f504bf2b7efacde7b6a0cd40f06a128a9ac57aed5c40a0ac1cfad671f0519f,0.7409,15452,66569
ENSG00000151790,homo_sapiens,shuffled,8,9daca58250abfd03034638f8978dff94ea846a6c0ee3e66169b7e8ab3888f23b,f14292414f737a17d6167da7e71fce48d72cfe66fba0d0707f9253d01874a0b3,0.5557,12953,66930
ENSG00000151790,macaca_fascicularis,shuffled,8,3af8a01fa2c09ccde28bf0c4bdd908e99046c1977b1f28586d93ea9dd2462523,491347d5f2667ff2a68b83e4dd863b44131dda3112a07a86cb4a1a6ffe913c43,0.1614,13982,67262
ENSG00000151790,macaca_mulatta,shuffled,8,793549d49d7a7f1957e1420b8820c2736c031660fc69385da1b18bf96f7b7b57,514a65253a2eceab4fc3da137487a5cc29e10a2dda817190478100bf69c7c511,0.1545,13958,67345
ENSG00000151790,microcebus_murinus,shuffled,8,154db6f7d83af9dedc474dadfcf632bc5fcc6e217ef52af7660d595232b36a22,30791e378584b17224c9d8f36684e847c35bd1dc493de7e9b50f4fca1b11a926,1.877,14917,66757
ENSG00000151790,microtus_ochrogaster,shuffled,8,f4c08c11844356098f778de6bc08277907f3333058e68486d6d21d449c75045f,bb9c5882aa04c966768a94e327099e2cbfc77a41b41f7cc824a789211e8c6dfb,0.536,15616,66691
ENSG00000151790,monodon_monoceros,shuffled,8,9e13cd10f4b5ffe87b70f0f1a1d2deae7f6fb6ce4c60fd98b04b1ac73176662e,34aa6da1076c2490a26757a1d09a3ed94c5a366a3fc20830febc24aa226823b0,0.2192,15568,66376
ENSG00000151790,mus_musculus,shuffled,8,162bbd224778efba607f0067d76c2fe72cc7a57aee92012795de48a769246114,1c8f81e1d528e5a6a9fc8656c3f681537e0838834e1713f6668f87456a593aee,0.4509,15104,66622
ENSG00000151790,mus_spicilegus,shuffled,8,9dced7ad43b57f69537fa8eef17cea818e0b06f1f5021b7f635c366c84b6eaa5,ccc3d2db93090a4cde0714e82ca8c5547895585100801aa6f049b907a1f4adca,2.1961,15161,66632
ENSG00000151790,myotis_lucifugus,shuffled,8,a79ca6a0d431b6fb93ba319467b35834c329cd87c098e3858c5abf1eb439f75d,18348fd6a5159bc913b9a0b57122d6119f3cd8cc7ede96800a239bd0be8bff79,0.24,14704,66991
ENSG00000151790,nomascus_leucogenys,shuffled,8,8ed39aa2b8d1ff5506ee308e67a59b81b84079d7afaacf735a1990b10c564ac0,94cb79e3d554c61bae36eed89c2f58d0b08bf76605914bd5b77818c05c3c51dc,0.3473,14603,67100
ENSG00000151790,ornithorhynchus_anatinus,shuffled,8,2abc1dcc8e6bb4e992c464665be7c0a754d07b71c810780213ce6985039afe85,0eef648172264083e126e46898860d3d929748571385223e9ff89ab04239ee15,3.5753,15620,66244
ENSG00000151790,oryctolagus_cuniculus,shuffled,8,968332edb79ace3644e28a5fcd2533a3515f0c3257b75a5471c2ba1d9a367153,43eb81387e55bde44077fc972f9753beaf9bd1ed296caf0e62fa7c03d599cce1,0.1279,15539,66448
ENSG00000151790,ovis_aries,shuffled,8,17492ba830526e425ace57c46e93fb527dd61ef25311525940ee81da9188961b,63130a8ad57a8826e5ae9eb9b3433b9eed92e88d82296c422578fef1e6c81b1a,2.6368,15174,66340
ENSG00000151790,pan_paniscus,shuffled,8,3df155fb36fae41371252c7fe5b7f9f6407c39ba2385087ca7956f9bdc09fb86,479709fe59c539ad53ef99521fe81f1922f938f30ada2c27533323626a5e09f9,0.2302,13141,66821
ENSG00000151790,pan_troglodytes,shuffled,8,aa1f94f04f7824da5e4643537bea3825d326b6a816ab2138bb95d58a6919dd85,501ac3531b2f4dd3d7b6e4c137dbbb8bf8737f2f5ca0a68d36e20f8972463e04,0.6003,13117,66755
ENSG00000151790,panthera_leo,shuffled,8,982cf13feab2b67f34de961b7c802ebda1df838154f9b9a69b5770882d8623c0,d2eb20beb38868ad903e0575b7c1bff09d7c6b9e55b48511ca6b4cc236298da4,0.0601,14436,67208
ENSG00000151790,panthera_pardus,shuffled,8,689e734925fa071d3bd6f2b31e4a506af19c4a8631ceea0c3cca25633286d281,0aed7c0bdce79e3de45d3526a5bc1534163b4ea94806b46f6a4c0db46b532f47,0.2072,14789,67128
ENSG00000151790,phascolarctos_cinereus,shuffled,8,e26f25a69920c4fedd3cfe4fa3ac886b8bd1cd3db632f6efa9e2fb6ec60447f8,0aa8a4846e21c0d319c4b8d759843b52235955ff6b61b3006cde4ea76d552af0,1.1689,15135,67027
ENSG00000151790,physeter_catodon,shuffled,8,f3182268d0561b9e3524d9879d6d2c2962a46cd6e292ee654f364ce88cc03c4b,9f61a20833e89281d05dc17ba3ed32b42b22dd3177ac48a88970ab0c8f348a0b,0.3228,15602,66578
ENSG00000151790,rattus_norvegicus,shuffled,8,16406cb4a11ed6d0a1dbf572762e7475694a8966aa25df7dfbfe1478ec311b87,69392404fc9c30380e4a180a2899fff04b8d13bfdec99486c0086da0bb475bdd,1.9906,15210,66643
ENSG00000151790,rhinolophus_ferrumequinum,shuffled,8,5126d85e63aedfa763fdf887ee883ac21a5484634c53b5683cdb13ccae452759,8f69cb12aeeacbd99422c3ab777f366d0a0b7e25583d332040303e1ad76f9cd8,0.1649,15836,66410
ENSG00000151790,sarcophilus_harrisii,shuffled,8,38280b1fe5801dfeb95700a1a7fdfbf4c9c546d9844ad9fcda4f7744095051eb,ef4d16cf56639715c470316a67b45a344325efa9ea2f1f4659ac58f16d2b0be1,0.4538,15020,67086
ENSG00000151790,sciurus_vulgaris,shuffled,8,589e7cf2c0f7776412a1c5c329f45d3b7de02e2b0cabe7245513e9f937d87450,f1478835f09b2b61c0a3f0933376358a3ddc2dbd2119fa2b423bdaa1338e2db7,1.6317,15107,66949
ENSG00000151790,sus_scrofa,shuffled,8,1b1941c0232241d6a5ba65b7e319f81f16070f1dc86b10b9b42a0faea902f307,e79e636bcf2df3fd882feec27d2ff74ea9c6fc1b60448352792e28c935d67d12,0.1079,15210,66772
ENSG00000151790,vombatus_ursinus,shuffled,8,afc3f4463afd588acc8b2582db009affa2f785543a89699ae86c36d80b09f163,e3cb6c6eb7d71e095549071de52250ac1baf7a14ef8821c7f502751437ddb2e7,1.7787,15080,66997
ENSG00000151790,vulpes_vulpes,shuffled,8,841b174ca0fe423e002a0ac8ff56707d7cb7c831b0e6b40f8f8d0a415d2ddbbb,12a45168db993064d0a532535356f57f2424d9950a86f5a38fbd3ab869938574,0.1063,14922,67143
ENSG00000151790,balaenoptera_musculus,shuffled,9,be4531ab272bfdf5d9b8451e702717ae76c7a52693c552a41b4df54d5dbf521c,7a0214cf4b2373ddc5364e97f6b0632fb37170ff62ad51e089ab0a519328ebaf,0.9356,15663,66316
ENSG00000151790,bos_grunniens,shuffled,9,9435d06dbd2b64e91f19b8210cdb3133921f63c543afa1182b6f0dcfda00bd68,a5c8cd6095dd58267731add64829c03f5a37f789b970aee3b743f14760317e5d,3.288,15268,66366
ENSG00000151790,callithrix_jacchus,shuffled,9,847afaaff27f08735c771a46734205c3e0bda65dec4690245b5e2ed0b22b5af6,1f5ba55f77ab4d7e1c0836a2834ec3ec33945f686f5c12459c86e56748f932df,4.4801,15049,66976
ENSG00000151790,camelus_dromedarius,shuffled,9,2c0337697905cddd615d624ecb2d2ee142a59da0232106df1eb38451ece64101,59206f22d1efcc76fc80fb9e118aa2b6533d67ec786644ca5ee3daf8b447672a,0.9716,15842,66241
ENSG00000151790,capra_hircus,shuffled,9,63dc6cb1783ee3bf07ab1e15626054c90f9fa5150c6b9c0a891ec3b3f3484b91,48f8e10f1542955fb9224547557a808c6c79b3cd5dc2da0d377ec234bd867ff9,0.3154,15222,66432
ENSG00000151790,chinchilla_lanigera,shuffled,9,33c570610169944290ad8001a13a58cf6b2951ee0dede8028d936f26858e55d8,41ce9d45d85da10b3d5e5cc675e9c2319cf591b5e8c3f3af8654460c36ae0266,1.3047,15223,66536
ENSG00000151790,delphinapterus_leucas,shuffled,9,ef773b47c49b552948501c5c0a63990622cd6c9211cbcf598d57c0ebeb1cf094,5b93345997835dd0b4489ceb3da4093b21945c6d5a53ef9a346d3571e7c613d0,0.4966,15126,66456
ENSG00000151790,dipodomys_ordii,shuffled,9,dab81ae11b9763bbe0efb49d3057feb1c9c697473cfee130dc5948770517a7c3,561babd360a7824092b6bf6e05a2efa4d98b608ccfdf466b58509bc660c506bc,1.2736,14923,66835
ENSG00000151790,heterocephalus_glaber_female,shuffled,9,716265ce02c8af83cc6490dfda12091a4aaeaf1fcf3774194a586485b9fcd1da,797ddc09558770342761a8614b2db49f721b0474b453b96fbf061467722e09c1,0.3029,15422,66573
ENSG00000151790,homo_sapiens,shuffled,9,430cd1575d678118e866fc4bf331ae5936738ff743a4345695ab8f0723a24cca,88881f2cd574f1dc45dc7bb0f762370d710b705b1a7073d65d68ac253de96f6d,0.3577,12971,66980
ENSG00000151790,macaca_fascicularis,shuffled,9,77a23d15ecbcb52caa235eb2a2ad068b97eae400511816c17aad5767463f71e3,586bbfff67d6750bc5e9c1c8e9c00b4166496fef54bbbf1cbeec998c87740f6d,0.1557,13992,67217
ENSG00000151790,macaca_mulatta,shuffled,9,07da2cabf0439f771388deb8915faca5ac302285cd50c989f8f69bae3405fd43,efda71acbfd97a6ce1a497ac160efc98c4ac21dfe0954efb60023f026e58858e,0.148,14015,67325
ENSG00000151790,microcebus_murinus,shuffled,9,6493e6200afce41e86c0a4698b73c6a0ede5c43cccefef78febc497ccb4ea2ed,802ffda221773f21cbd3cc1d22a3d609ce0f2a76408952c61cee79304368f69b,0.9062,14971,66694
ENSG00000151790,microtus_ochrogaster,shuffled,9,3d2f047abe1d23942d7b9662d44ccc2dade77afa90ef71103925e70a7e517d65,462e34764fa0393bbe64f5e66463a21bda65d45ab0e88f9486c28206b452f11a,0.3983,15716,66626
ENSG00000151790,monodon_monoceros,shuffled,9,35076f507fe9793f9b46a707ea55ab949859a426735e62f989329ff8c83a60fe,5d6cbb9f7c78f483bcba8eee22d6e1dedc557ae42588e87578ffa66b2e0096fd,1.5141,15562,66415
ENSG00000151790,mus_musculus,shuffled,9,9e61bb74d262d669de2dbc01328bea60fd59b3bf8562bfabb80a83e9a72b987d,8b97f296fbb811ed41feacc332fa90e8568b1d10342ec3f7c01c30204ee64b85,1.1716,15104,66591
ENSG00000151790,mus_spicilegus,shuffled,9,e3f95e2a0b94c70cbced7cc7350b558ed0708d2c74d9a984d85ca55301289a98,be4bed8fabe09ef475e53d25523ba94da201dc8485b4e58e65c8b084f24f9a6d,3.1381,15172,66622
ENSG00000151790,myotis_lucifugus,shuffled,9,084f0203ba86633381d08f369a525aaca92f1b8ac4da49a90403f92b8ae8e8b8,30585a6633502c18660865b4c7e9f88118ffd9c01116b377246671997175b469,0.2485,14760,66911
ENSG00000151790,nomascus_leucogenys,shuffled,9,188a6b7cae7eaa40ea6c93360b474427c05530f1df4c07da6257a0dc83814eeb,c734f97b37792d7890a05047ffc60bdf76452d1b9e7786e3a8599bd5016c839b,0.2014,14603,67054
ENSG00000151790,ornithorhynchus_anatinus,shuffled,9,8c82dfed7a23f383d263cba7d9b0984793df7f2cc2264d4b0075aae8ca193ed4,b08fff17e59edb06785b24cb7bd928c9d2d0288bcd9922f7cc171d9b54b2d040,3.6361,15603,66195
ENSG00000151790,oryctolagus_cuniculus,shuffled,9,5691c1802e8e066b89ccccde247d29fc8fa5adf55f0f8744fdfb23a6e1465349,bdb59b033cd2810080895a92aa258b4c1062df92afbd06338ce1cc869b4e6c0c,0.085,15558,66442
ENSG00000151790,ovis_aries,shuffled,9,a55003e95aae07799131539d2fbcdf3a95e3f1b52dd76df32fedaf3032ac9088,270c5d448b6673141caf9982e2cff9702db65582117ef27f9e5e133751cb7a3a,1.1988,15261,66390
ENSG00000151790,pan_paniscus,shuffled,9,e9d00570afdddadec888b14570d5c6a122a4dc8c884934fd738163f721e2ceb4,01c4ced1480236b15d4f4e43fae1a0b8e0df8088f27c5965db0bdf72b451a737,0.4913,13199,66815
ENSG00000151790,pan_troglodytes,shuffled,9,8601a41c91ea0970346b728dac42cc7968b2742a585ca7d4d54bfda301bb27a8,c189a6ae31026524ef476e5891e4fb0e165652328085829df259883ee71af21d,0.6565,13098,66839
ENSG00000151790,panthera_leo,shuffled,9,70c9e5862574b5edd2dcf4ddb403f6bdf42af3f4e41d0de790a28ac9cca6f4eb,5d812b79aeefa9d983ec857adc2140459eb94e654d1e92ed460407f3a0074ff7,0.1269,14483,67222
ENSG00000151790,panthera_pardus,shuffled,9,5fa8cd6cc207686f872dbb93b1916c7bb29ae72a4fe2e6dd499d6bad73186e31,c36a8db9d764450d49263866ec0de8569a9c81bff202bdd47bd907ffc740d1d3,0.1002,14706,67166
ENSG00000151790,phascolarctos_cinereus,shuffled,9,a763b2fe354ceeaff743ba90265dbf02d38232c9d9a15f303797abbc88d78b6a,49d7d52d3074c4a7dabad33a60fd87129aab9aac5ff43b577613b42723104917,0.7929,15123,67108
ENSG00000151790,physeter_catodon,shuffled,9,5b8a220c783e0f1523cf72ecaccb031e2f8c4b53f5acb00c78e5843117f5d65d,91a0c68efd62723edbc878244438f8dce5ba5007b2e82a230b191616d782c92a,1.0159,15570,66464
ENSG00000151790,rattus_norvegicus,shuffled,9,a6955a0ee6669f1ade84772868b925848b662b34a6ca4697dcc640fe85f8af6e,36e2e1d347f191ff3457c9d71e94b366fa370c84d3f540bb58c80fd7032f5ffa,0.9986,15259,66662
ENSG00000151790,rhinolophus_ferrumequinum,shuffled,9,70e4be953811f78dac322b0636271668ff5432942f3fba9f77d3e53c6e279665,09e4b70969f5feefdecc42e1a209afa7480ee360915df6dabda21037f1eb58ad,0.3175,15802,66385
ENSG00000151790,sarcophilus_harrisii,shuffled,9,b497f8efab8511ad055384851c03c7d914797d7690fdcc3e449ff9198cdae9a9,749143c6894ccd3d20dd6865b5299b662100ceff38896605814515a59bb0e7e4,0.1458,14999,67015
ENSG00000151790,sciurus_vulgaris,shuffled,9,5cd5c8fafe12c155ace05ff3fd6f51d596f7253a9f17d178549aff78402bba7a,474a9d9846cd09ca6d2feffb51f9f0f128a889432c3465088aa372af0c2b1b71,2.3644,15113,66995
ENSG00000151790,sus_scrofa,shuffled,9,13ec2a8eb2c61dc4d6130016f580984499b74fe0adc31cb64eb6bc702f306aad,250dbde536e287f1d37d77d6997fea845a0d9a1ead76fd1a998d8291845ee4bc,0.0557,15210,66807
ENSG00000151790,vombatus_ursinus,shuffled,9,ea507652fed4ea432b0700509d61801ada5e53a562b6635a94d5853b2a92cce9,54ea6bd9f84f0a69d6f2f99a19e6da119809951834c89aec93bd10599a3d620d,2.2518,15168,67080
ENSG00000151790,vulpes_vulpes,shuffled,9,7eee57a821416563d4d02e6752ea81d7b860827ff882966f2b5f133ec186bf20,44525214e2c382bdb9f20fbe8e58cf005aa81126f8efd3f224983a5c12efc057,0.038,14897,67093
ENSG00000055813,ailuropoda_melanoleuca,native,-1,ade2ce3a2ababf43d2f74e9754e2d3c51ef061088a6ff42ee74af19d1cde5f76,2ff3450530e8b61eeddc6421b6dd97fed75400affae9eaa2f2645277d6845183,2.3502,15677,66085
ENSG00000055813,balaenoptera_musculus,native,-1,28c38b1064392bb98ca8454c2303f2b12e4e169c92d872f6cc4d65040044f312,aa230007fdd2d2760b93c988fe61f4525b25597db07ff40e14bc0df43403a11c,1.2512,15539,65935
ENSG00000055813,bos_grunniens,native,-1,32783673d4669eae8a3c47c776593f27a45cdce36114c093f664ee56382431f9,af0435ca471e18387389bb25ec362a091a5305ff26ad3377d5f63cd0922d3722,0.3029,15587,65964
ENSG00000055813,callithrix_jacchus,native,-1,213af88f1a7c0e70ccd9e42d4af5cbd173e43c717eb9a73bd2b009ac2b2f6ad9,32968cc5e515d4b26f8298650643c01acadde7f9d839385d52bce130618de2ee,0.5832,14755,66537
ENSG00000055813,capra_hircus,native,-1,c38bfda412e22303d607a6b25dc6cfc6bde5eef6e00019b8b3f19aea87c810e1,bb3c635e7351985e53856eec2cd5ffda177c86b743fce50fbcf2b169247e4b30,0.5998,15674,66059
ENSG00000055813,delphinapterus_leucas,native,-1,d4354080aaa92bb1afffdcae251b0c8d9c0beb06c299ed93287c67d58df265d8,d4ff198d0631bce15ba7a09ab781d0a4330d385122aa877b812a1c8a0e7a9d08,2.038,15510,65913
ENSG00000055813,heterocephalus_glaber_female,native,-1,445d68d27d56df82276f27f2017b79ec089b01f1c38ad8ef24311da7170718b0,c32feaba906de7d7ceae33bc511e9be7eeae921dc4ce7bc1b701faba848e2ced,0.2968,15212,66461
ENSG00000055813,homo_sapiens,native,-1,8d4ab0c44ec490b83485627105c72eb7a69e55806df8584e49aaafc14d1a580d,cc3cfde399900b29f2530133348b82d23adfdb5564ffc258cb6fc029f80e3aa8,1.1184,12373,66425
ENSG00000055813,ictidomys_tridecemlineatus,native,-1,b98db0b048ce1d0680dfe47a55f0616d10043d626738709977b6edae4b1b6115,3828495ee13ec8706c6048c6ba049f748cb69867670e7e2bd68ec415093816b1,0.1346,15045,66597
ENSG00000055813,macaca_fascicularis,native,-1,fff14f154718ce0a61f30dfa1408a276a443241fc7131b0eaa65833b34ebfe50,852800ed6a40d90c23dfd3bbad54bf09b379de9a54ccf7acb5aff24451587853,0.755,14825,66691
ENSG00000055813,macaca_mulatta,native,-1,77c9e2d7fc676bb689cbe203c797291b40823aa5ef17fc68b66a41e803e34c84,9b477226696a97e1dc47f86efbad657eac19f0ac75d1d44e83528799731b2863,0.7072,14684,66657
ENSG00000055813,macaca_nemestrina,native,-1,6f61af88e5ceed82c266a4a86f5ad6c53dffe5f14d917b979d1b6386a49a6ddc,97d153c5f888dd4d9b31ca7470d85e2e38814a09db784ba7f212c69a97a1c8dc,0.7386,14879,66669
ENSG00000055813,microcebus_murinus,native,-1,aa6cff7f94a2c04dc340484460eefa2153f77b232895bc92e95082e84ea13e7b,816b2c5f7ca94e468bdf879b8ff7bb3ace6695207f2729b6bebcbf442260f841,0.4233,15277,66335
ENSG00000055813,monodelphis_domestica,native,-1,22df8b41a6ed8eacfeb4059cfaa914718c6165db5ff2d21200b6079377b83d16,2837921502e479ef6635e48c441672a3bcd406a1242775b6964d428360532a18,0.2812,15172,66628
ENSG00000055813,monodon_monoceros,native,-1,24583be22ebf5fe1161c8674c5a69370ad05d2a630dc181fd1b358efd1e25f32,f6c2d86dabec2cbfa3dd646db4f65a6d1d58d6434b146db6aab3c60db91dacd9,1.957,15534,65946
ENSG00000055813,mus_musculus,native,-1,6d637645e01b4e3164deb47b4531ccdc1c2bde7935d55e31948d903496e4416e,cf369afac8d943eb52cd31d60c92a9085996a2b60fca3c3b8114d025eb8ee3b6,0.0541,15215,66759
ENSG00000055813,mus_spicilegus,native,-1,a9300646fb2f475497ee873673ae7016c51184811b41822ac90ad26083b59544,456cd746f0470c67351bd8ed30c114e5989cfbfff628fea69068d4a3e4baf993,0.0689,15147,66724
ENSG00000055813,octodon_degus,native,-1,0f9402253e9bcd72a2dc74c9c7801d31c4189c30bbddd80a10c56f3b4920ec4a,b464c2ae0d1a7b3e4269952f0ac877375711a9e2d78cf91a0e6ea075ead12784,0.8392,15345,66869
ENSG00000055813,ornithorhynchus_anatinus,native,-1,86fdf509a2e6ed66ce8c318bbdbfd1da6dff4b8979de8b7a8fec3a29365e6d1e,57562afe3b4c961738825aaa071440350e03f18e343b0d159dbf1a6457dfc7c5,1.0309,16005,65897
ENSG00000055813,ovis_aries,native,-1,512b13b1f8646e171f23d4ee1eca96e2cb1da23cf3d1ad22d5cd105253b29a21,b32ef142d9586d05feb25da50fa168e9ce3cbe8ac9092fce18b1457b1cc6cb94,0.6918,15633,66045
ENSG00000055813,pan_troglodytes,native,-1,7b83fd5c72008d6c948906c41e56a95a76d07f422b8b3b7e1784178bdc4f13d1,a4dfa3f2389c5e6c5e204afb6da6eacd40cd25b654271a2bbf42a0b96f551ef1,0.8031,12397,66566
ENSG00000055813,panthera_leo,native,-1,b64480f82ae9c7a17e3977df17105194dd4f565a93fef1670b8c710099b6c6d1,a3589edfc4b56781703dc3ba28ab59f08c183834ef805085a86a232f875b4804,0.3207,15237,66271
ENSG00000055813,phascolarctos_cinereus,native,-1,c8fec7817ceed533124b0a2198a0c0ab4163c1067153af948cc4231b235355ad,feabc642b9e60bef50f59e3ec8999e5b0da2c84acaf49e33f7b73b2ba9f0a136,0.2417,15380,66695
ENSG00000055813,rattus_norvegicus,native,-1,f73cf545ac9118d0cda31a925a3a99998cfb8afec7c75df81635388a33962708,4ef970ec98faaeb54ac13d434c0e817ed71530fddb257b0afc7e997f56833ddf,0.0777,15038,66884
ENSG00000055813,rhinolophus_ferrumequinum,native,-1,245df950f912d1ef2419677c0dcc38ab73fc82d8d8831e917e4841390355bdf2,6409177cfeab753438a83c72bed172cffa9e3a8cbe87f7777483e320e0c8f9b1,0.4246,15309,65953
ENSG00000055813,rhinopithecus_roxellana,native,-1,bc948dae0b8022767c724b91ded6db792cd71f83f92e2fb35c903266e3b718ac,848a69cc91947e061e81df10ad34391ca7108303a24b1e880153e8ee428ebb0c,0.6113,14867,66511
ENSG00000055813,sarcophilus_harrisii,native,-1,f34f6162e8b6af7ededff72ac1d8991c1e1f08752c0afc5b86d16d5861e87034,96942d4afb17585d23bbac0c76e17655da5035ad19ab3a71de88c2d2c50850c5,0.1437,15121,66679
ENSG00000055813,sciurus_vulgaris,native,-1,a3fafa1aed4ad3c494c38708746e65b3402600d6ec24a5da5375546fd72d7177,216a934e08352cee9bf7dc3b2e9f8c57a36900d78c118bc697af18ccb3960895,0.2101,15176,66488
ENSG00000055813,sus_scrofa,native,-1,b08aa210a9367602a205fc0652982964bf519021c428586a5d267959c00a66b3,454c42a98a8e37143c0029e22de2bd3faf5182b4004ab8755c97b4d502f7f325,0.6376,15312,66526
ENSG00000055813,vombatus_ursinus,native,-1,ca414fb67e986e569507fa96f3c9274b991a61b376ee956c34b3fb8bdd56a4c8,a5a9f4e81b33bd508e6df35ed6293ef5c7dac01caaf994e4b7d5d175552092b6,0.1889,15188,66625
ENSG00000055813,ailuropoda_melanoleuca,shuffled,0,00d94c1daa16c4e74f43651bf7df5f83d89b33f903aa16be718c27f530956de0,1caef5ac659dd5d6dd45e507a456a83dba12e08f2a774077e93d97a099a97ba9,0.9191,15749,66011
ENSG00000055813,balaenoptera_musculus,shuffled,0,08972549b68eb92abee1ef8bf2a1b3fdd6328cb362b5e8020342093ab466ef41,3ecf0af4e8f395b8c44eb06404bb9ebfc8b8252b056a83b8f70b81e09ec3e02c,0.1917,15533,65935
ENSG00000055813,bos_grunniens,shuffled,0,924cbb245d0f0d719f2720a6f17dd461e25ca819e8b149551667c37506154e2a,51dc970189ccd9d20f4f05a96d8ee10f88123115b5bdee3375a1e36b47733328,0.0973,15778,65896
ENSG00000055813,callithrix_jacchus,shuffled,0,7639f5ab65215ef2be748ca610c1dd4754154ef35d0dda2abf218011c26b6362,a54ead3132163436f4480ea21be4c4304211fb8117305184592d8aa09c27043a,0.0916,14962,66537
ENSG00000055813,capra_hircus,shuffled,0,652a4ed1e217823a93f0f0165cb1bc71151ad9b0bed83738c5e5c47bdab43e4d,dfcd98e1cdacc59930db8007be225c2fa81bc4efbdaa880fa238b5f5ad805bf6,0.2131,15729,66013
ENSG00000055813,delphinapterus_leucas,shuffled,0,76ebf44fbb663ac5f6fb9a98a942fbbc0c93cae86d7d9177b5d55a9806621cdb,3524e2768a258cd1a518f552754358bd882383536873804f8298ff01d0f74334,0.2072,15649,65793
ENSG00000055813,heterocephalus_glaber_female,shuffled,0,80f46cf93b099e38c6e6d239a3493f0f471eb8580586005aabd81106617f0d17,edc726e071d8ee5150d1c4d711935a1f9b9c9688d7bbb316107fa7036cc34273,0.0275,15223,66461
ENSG00000055813,homo_sapiens,shuffled,0,ae093c87af1ba5bd488367154ce0f8a0914fdf41a93ecdcdbe73e364950871f9,ecd22b0badb9bdd4049c24ec5fb0261ef1b4b9c4ad331579838f6f2958e445c9,0.0777,12573,66420
ENSG00000055813,ictidomys_tridecemlineatus,shuffled,0,a92d8f52387960a9b373cd06cd3800739a3c904659f158ffb31336558ed05604,d93c90f201a9b21d5b613e490f9e98ad4271798f0271bbf592964f5ed303372f,0.2028,15221,66496
ENSG00000055813,macaca_fascicularis,shuffled,0,51fcd6c7ede121a82ae979f641860d026f203f3a939886bb35d9b18fb1f3f7e3,50f9c369ba240cd744f53ed94304332b1d1dda80fec21b9f99904e6993b34ada,0.1048,14960,66679
ENSG00000055813,macaca_mulatta,shuffled,0,33dc1623f3b0fecf6fc2cc86a31bc2ff691ffb63752cf8cd3928158c323383b1,5ba114bfd094f444600d10135613962457396d0155702e7870c9d082dac722fa,0.085,14803,66570
ENSG00000055813,macaca_nemestrina,shuffled,0,957f5a330ab1ac0adbd442859a95281a08dc355d6785a887483bd2fad92b2e62,0a793fd0dc2a6f30836c858849f4ab6b9216d4ed31372421af3643ba65a63066,0.0658,15044,66584
ENSG00000055813,microcebus_murinus,shuffled,0,0b692a6a04b993c6f50666433b8f16565ba4ac5d79c6ad6c3e06b56899b6cad2,a7ada9f76d3b249c5b5c2f5aed384656d5c7b3c3102339c172216c436a10eff8,0.1162,15415,66260
ENSG00000055813,monodelphis_domestica,shuffled,0,12a4f4cba22abd0c5a26296ebb1eae4a1a02cdb7b0d069109e62ff916f1aacf6,1f95fb3e9de6c823269f767d66c7d8ff88ba037cf3fc6ef5f62dd736aa58c10d,0.148,15281,66609
ENSG00000055813,monodon_monoceros,shuffled,0,79f8c2ba1c99456c145624f69af6405d79755018f7d608d6dc7a4cb02c8d9a95,8187abf0ad940b1d1906eeb55400575e4d446c137f6d4d5145fde39c0f090a3a,0.1215,15680,65862
ENSG00000055813,mus_musculus,shuffled,0,854ebe90d16bb930bfc62f4c42dc48b9dad48f9250536119b9f64b24acda4427,cd053307a70ecafea90ac60557a0bf67b6bd2320a0a0ee67b694c0bac6b33b6f,0.0566,15521,66671
ENSG00000055813,mus_spicilegus,shuffled,0,8dfdb28c255db2e481dded996f05e10fda0755afb33677dcfb2b3ccaec01a03a,61985c526bde88afb48e4c42c534a7dffd549e86e2c3aed0fb4efc28972737c5,0.0732,15301,66750
ENSG00000055813,octodon_degus,shuffled,0,fce6c57dbaadb26679003698c0bc8f136e58e34e6ae2d3f78d19169652ff9a97,110a5b05c621967a88a9ff56b9515941435de04a2b9b5043475207da4f08c1c0,0.0243,15397,66802
ENSG00000055813,ornithorhynchus_anatinus,shuffled,0,2f68abc068fc91c7354b765eaa9c61278c0cf1cd3b0d6b2b3dcb5e448288329b,be0f816c95a8f2e71a26707019c85ed0924c95de2b18045efe99ea87533166ab,0.4638,16120,65845
ENSG00000055813,ovis_aries,shuffled,0,cf65b13abeb01d14b8104f881d586fb203432dcfc5b41cd577c721178118648f,0ee50353d1562f7285a2028bbd49a91a377ee861f4440b849c5a68d99f222961,0.1002,15633,66006
ENSG00000055813,pan_troglodytes,shuffled,0,f3acf605e075ef2f76b5e84e1840d2f0e63c6f18b1cae2029318e6d45f8cc30a,3ad97fa79d6927d4babe9e2f5add994f96cb53b600626fd25f1421b321f5f125,0.3112,12614,66597
ENSG00000055813,panthera_leo,shuffled,0,62b20757b1bac0e21a3d695dd90268ddb8ba035c2b3d0b360e65559c91f8f83a,d400d11f295fa06d3578fe2db2ff98a84cd02c30ad2174f5f9fa5953f7db1d92,0.0336,15430,66260
ENSG00000055813,phascolarctos_cinereus,shuffled,0,d54a114d801bc7ea5cbd53759c5d47b1408da13a13cf28375b19d9f03d25ec2d,89b27253ca7a44128e3fdccc4143b5808f0409093b9a6af84ac9890d9143227a,0.148,15380,66462
ENSG00000055813,rattus_norvegicus,shuffled,0,3b6943bc9696ae2397851fdeb74d0b97655eb62440c66726a6321b0c87e92598,ba41e7d2ba5958f6293d1668d8fd5760126f6f0ae294d968838adddcb2f864a9,0.0509,15262,66771
ENSG00000055813,rhinolophus_ferrumequinum,shuffled,0,47b2c10ecee0b0eb5fb98a77b438da9f9ef3384a8a672b1faa0cbda2927f4964,c021e0f8225fcd54fba6d858360bc680ccba94251d2ac79f098c3e8aa49f6da2,0.1448,15411,65900
ENSG00000055813,rhinopithecus_roxellana,shuffled,0,ae1b9bb2763a4fd1afbef3e18c9e18c57e53fa0255319994a003aa73a691f078,a95d3396649a6e59e2e1d70c22f95a7287e075da3a33e95b115893134df17890,0.1356,14995,66479
ENSG00000055813,sarcophilus_harrisii,shuffled,0,f8eb1101c56369586bab1d081af253f1599ba69ec84d777ca721bb658bf2df05,9360186bcc821ad1438f7c96db75899e05c0576adba7b2cca17f21eafbd2724c,0.043,15208,66495
ENSG00000055813,sciurus_vulgaris,shuffled,0,0ac46336a009cc4951e8b8a696b48c722e0aeb986c3081106978012f8f21ed16,b70bdd436f7ef3acbbca41b4de58822df0a38ccd2b2662ce82bbdc9e4436bd7f,0.0493,15438,66456
ENSG00000055813,sus_scrofa,shuffled,0,1df5a90a34378f4c7ec507d31c8049b621eb2058e423225cf60890fc96d0605e,f1f10c8852800db4e7787b0ca7aa4463285ed36470fefc32cb81d316f9291156,0.0789,15432,66337
ENSG00000055813,vombatus_ursinus,shuffled,0,12fc17a27c05053d0753dee49cc9e8c4230f219c0ad39dade1a516c784bed048,ae7d92b6fbef0e26524c65aa11742de1877801b9f59b1510ec6da420a7dbd79c,0.0557,15234,66604
ENSG00000055813,ailuropoda_melanoleuca,shuffled,1,84a36efd0f270e55f17dbe3dbfb31905e22452bb794b4c7b3db07a6ba625af73,0aa3467d415f567f05fb6df7ee63935573dbf59cb96d336a6f73715d2db987f8,0.6029,15842,65970
ENSG00000055813,balaenoptera_musculus,shuffled,1,f603cfa47571720849aba480481d27c4dcdd174f62967753ccd3136baf374cbd,297b43447f23afb235441d793881dd52b9d753c26a3b972d6799c65857439468,0.9741,15608,65948
ENSG00000055813,bos_grunniens,shuffled,1,721267d380c4334431692e2dcac67ecf083b50ec5a25ecd892c0838f727131c3,d9786ad298f9c0b5ed553a1a33e3f397945d3a9efff4a20c9994699b4b23c7fe,0.6786,15570,65957
ENSG00000055813,callithrix_jacchus,shuffled,1,ad9c91643eef8777166f29c7d64e13b20c7e1bc85ba3f268977ac65a635f8989,afc875b4646292324512d8ee0cb6e920f12f949eee8346f28d48453f9477e475,0.2988,14890,66493
ENSG00000055813,capra_hircus,shuffled,1,117380f1ddb2cb75e8e9c0adf2cbc22bbc934b20268783f12c5e2ce045a81eb2,3b6c0febfa41fb382f4721c95b97810d8314ed8e0f0229c81113ed07a254541b,0.1427,15758,66045
ENSG00000055813,delphinapterus_leucas,shuffled,1,972ccdb0404f38377071c17e600f63e4899d991a73e434b6396e75871e1efcdd,ab0f01fdc914c983f702eb7e53f16af60e563136232795aaba9c5397a5110f81,0.1958,15701,65793
ENSG00000055813,heterocephalus_glaber_female,shuffled,1,92298962c5cd5e87ec9c36d5e9f02e7d7d5630747361a522bf410ea21d9e84c7,339413b91b69fba7547915aee16dfc6033b4df53fdfc446dfdcb765bb7f2d42f,0.0181,15260,66466
ENSG00000055813,homo_sapiens,shuffled,1,1ff1a571e8e04f708e658e894292d03b2d3984a1f0eb8510119d40ef7d65e9db,bc8325c44b2597ceb8f7e906ba69a4b04d24bd547863c399fce09cee10668bf6,0.0358,12549,66387
ENSG00000055813,ictidomys_tridecemlineatus,shuffled,1,505b97ec2c034cdbe21de634675651e76d7647e9adac0f108e0f6160ff3e8c51,784b7f70e8105a736d585b92e0ef1583744e421d47aca701d8a21818afa3c979,0.3394,15221,66571
ENSG00000055813,macaca_fascicularis,shuffled,1,a1e3cf918863796d913919d6457aebc0992d8884c0c6d4daf9d7941a7ffbb2f3,861a8ccbb47fd0e4eb699933bc1124a44a41017f707d6900d27d4e875b820c59,0.1095,14938,66601
ENSG00000055813,macaca_mulatta,shuffled,1,6d132d50de51cad8eebc96c572e9c46e7fb54fcf8bc2cb13cac51a7470a6d6af,ee132c8173b6064edfe42d303be881fb8959675136132b38aebc1c450a2be686,0.3881,14924,66584
ENSG00000055813,macaca_nemestrina,shuffled,1,ea4b2a2e29f2066b1faeada83adee62823862285bc012d2d635e80cffbb4b447,dd0eb921347a8a315bc5faf56921095030dec551989621bdc4d81a15b673c979,0.0629,14986,66656
ENSG00000055813,microcebus_murinus,shuffled,1,8acc6e01c90f349264b16d322fe8ca7ddb20559d2f77e24f3be2301a194fa203,6f4d0bf9c4bad6682dc632546e0d467365ddc6f72c3517399fd7edcb992cb2f2,0.1917,15407,66215
ENSG00000055813,monodelphis_domestica,shuffled,1,29ef3171be83e2f955350020ee6960f61df33eb2e32b18f4d7b8a4fa60b0197b,8a4e7307bef0116b012c79a38945b223bb898845a6a33a429006aa9784e1ab1f,0.1145,15209,66572
ENSG00000055813,monodon_monoceros,shuffled,1,01b350f1b2b60262c9c581f2d5fceebabb1263103e79e722745a77e1bb6301cd,c43b25d2bdf7c2e2196e376451ade4f04c2a6f2f151d6724df3be5403374f654,0.1406,15616,65902
ENSG00000055813,mus_musculus,shuffled,1,dfb07f4af294ead777172f655287124d2a1cafd81437758c568ac5aec2d8a0dc,33f87022245de50fe4b7b2430f1cb48f5ea80368d568c239b57cdf6fa0776aba,0.0639,15317,66665
ENSG00000055813,mus_spicilegus,shuffled,1,5fe466d0eda91ca3f0b2c87ae01f2d702eb6affb2bc048e96718a1949f4fd32b,aab0fe0566e6851fcf792941112298303c9a5783b6b6a12f9531de6b5bf8323c,0.0813,15216,66648
ENSG00000055813,octodon_degus,shuffled,1,0b4e1c5f8dd8caa89f2233343569cda5b3f2310e34bb4218c869d8c43ba52ef9,380721d9a7af449da1316961caaf8cc89863ba23ef38b6937be5d492d9d67db5,0.0243,15340,66762
ENSG00000055813,ornithorhynchus_anatinus,shuffled,1,6b5326b3866d9d5bd550ff587820de1c5b149b6658e156fdb4222b81e1209f00,dede4c03180d717f6a583e969b4f4e4a1237feb05a40fd6985c32252a68d4f63,0.2468,16092,65821
ENSG00000055813,ovis_aries,shuffled,1,280aed4a2aacb0ba1bc1f0fcbae181c6afbfc93299438caa850be50fc98b7beb,3093579507a2a4c3e55dd9793e5e63a150a90b2a33b7258f28013738b1818c0e,0.1406,15670,66051
ENSG00000055813,pan_troglodytes,shuffled,1,9c0d63eea1d9188e1bf8ccd413b933a70a619a4abb0dcae5cd362a4088301672,81ed7c9739b3c626c1cbbb30ccc6c100a60614b140cc6e6f9c7231d86b90e45c,0.0863,12576,66566
ENSG00000055813,panthera_leo,shuffled,1,7da86be17e7479e740cc04307b78f20b40ac5e9e6a888d869c5f0086ee70565e,2f229473f9f60d56e5386c3937388b4b4e8cefbaaa9a1fb59258267bd06e81a1,0.0516,15420,66228
ENSG00000055813,phascolarctos_cinereus,shuffled,1,9060ef78c9c81803a9d652511b0ce8ea557e865eed0c8655d1074ff3bb9880a3,5f5dcadbd01e845755ab6a53197cec9e1278b2382708350b5299304db2126a1b,0.0958,15347,66474
ENSG00000055813,rattus_norvegicus,shuffled,1,ef80406c845c07e01a39370d8451c224b1b3864defb283e4eab6a0590035842a,666f0525a73509bc7678ae8e15a43b0993042ae95818539762580f1fba634a37,0.0386,15129,66715
ENSG00000055813,rhinolophus_ferrumequinum,shuffled,1,05e1ca5f2a52f510a2ce92b0f3043faf76c06ef5648496ee2533d3febfea0fc1,17ed3173fcbb34fdb1578744fd523dab2673db5c2e65f089b92380600fe2aa75,0.2131,15475,65852
ENSG00000055813,rhinopithecus_roxellana,shuffled,1,ae503d83dc3f268aef4b7f6edfc221f09e5c96b5ffd144e72e52c3b9f5b7efd4,cbabfe6bd58b18c2c4b1238bfdb4ea83d49024eacd9ede97343bb9e55bec07d8,0.2014,14995,66464
ENSG00000055813,sarcophilus_harrisii,shuffled,1,dbecd4a1840d558033ecede804dff953324edfac5953f8ad96853143c7302643,bcb82dca2cbe8add4218fc839e968a0370b7b0b635e52051332ca5e464859d43,0.0423,15188,66511
ENSG00000055813,sciurus_vulgaris,shuffled,1,4aa049c94a438bd114d702d8797ed4408fd8b89379d1fa58db6a85f70f9fbb9e,0bf75a94d8076cae74ec39ded1e48ca16a3c5c89f569184fdaa90b1138efa8ce,0.045,15464,66435
ENSG00000055813,sus_scrofa,shuffled,1,7c1e5a2ca6bea3b860516e542a64abeb7c32da7a8d19d3398cb088d8673e5c53,c2f123070b2b642f7ba7b8a4cff6585c041d27e5b4d8b00876295b542abfa2eb,0.1288,15417,66309
ENSG00000055813,vombatus_ursinus,shuffled,1,40e720a9ae9b2364d1812bdbb7950bd36e46332fba3673d6faaa34b5bf2f9bc5,140ffd307ff54f80b79d44e8a290b9d6ceabf4016bb88225d5ca76be78be942d,0.028,15307,66513
ENSG00000055813,ailuropoda_melanoleuca,shuffled,2,341c0ebfa000baae0e9d1acf2b69337883544fb397e2fa006713ae3eb3d9984b,8be6167285eaf86cb65e621eedf135a5e7a05ef2d94fbb67e3cf873c2e29cb19,0.4314,15853,65985
ENSG00000055813,balaenoptera_musculus,shuffled,2,86721308b9efc99fb79be7fb3d1484f4b682e2bef87fd451ab0c59238ccb3ce5,d49ad2ff73a1470f0cba9356063558d446a9a30d5dad4bb5c5c3303054d93b13,0.148,15583,65844
ENSG00000055813,bos_grunniens,shuffled,2,1c065ec7d45e9a140ed94906366031c1d3a565b203010404b2fe65d53129ab59,91d838d975cd88b028879f5ee249dd546de4eb09d95ecf9485fcc6fe2afca658,0.0958,15565,65912
ENSG00000055813,callithrix_jacchus,shuffled,2,879be6f34c29fc3954ee32eca81ea78f681612984eb5eff1432504cd892c4874,615251fc1e65fcb3df9e3b688fa94ec2a98ee82f498d6acfeda029f125c2ae27,1.1933,14962,66467
ENSG00000055813,capra_hircus,shuffled,2,3ce950faf231b7592ae6bc421462aa5c720649527df791cea11944eda0d3c506,314cb6b7b1d45eb2b0f559ea89020933ad0d89bf7aaef64bdbb6c2e8ba8cceb4,0.1215,15777,65979
ENSG00000055813,delphinapterus_leucas,shuffled,2,381434466af4a0bb169497413c1ad545de3b637dc863d98541fa9cba46959184,01cede86cfeeaf90d5bae81eec75fae26ee3aafdb3c6f275fb4c3915b513d1e2,0.1307,15687,65821
ENSG00000055813,heterocephalus_glaber_female,shuffled,2,a72b6307598a684ce3172bb46ff5f796cbeb0802da76d2f1e0b80cb2695ec86d,dd5ff3719a321482967db299b3166ed3b9a43e5f06615fa2395b718a477ae585,0.0352,15260,66447
ENSG00000055813,homo_sapiens,shuffled,2,759c9aeedf9d07383ec6dc9a1f22a3ed75df18a07e59665eb7a425d96aa12db5,3582887f6bdb76eefc66a4c0db90ef4b1e413311e3093e59765e5a4184ed51f4,0.0754,12542,66459
ENSG00000055813,ictidomys_tridecemlineatus,shuffled,2,0bc86268e8fc92d55dc750a87af66724466389422fe893d0135a8d72ac2ec50d,ef4c55dfa3c9b0b00a6c9e874ea4f2df2b43038d3fb4d91e7bfcbce08b9293f9,0.0766,15221,66528
ENSG00000055813,macaca_fascicularis,shuffled,2,f8a57c774af2b8b398c7e4ff90d4e7db6b319b03b8ed32e5d0ca41ef10fe41c2,b26f8b538ed4c400c133cc4df77bf0b77f17feb7a22b3ed3fe7b1b84ffc37ad9,0.5449,15010,66633
ENSG00000055813,macaca_mulatta,shuffled,2,29c43910633ab97d5a4b22cc83d42c6c8153fae7229467e1c8e93d9822ee6003,387450f6cb0b92e4369fbd446b277809fa981416c5fcb4bde594d45f02c78c68,0.5105,14891,66639
ENSG00000055813,macaca_nemestrina,shuffled,2,0ffab4d4212b8cd9cd77ca7507906e0ca78210c817178dd15e1cd8c1b5439166,103ae2998bb32bba3a7eced08b4af5eb5d606b174affce6c2f1ac0e23d97ce42,0.1162,15067,66609
ENSG00000055813,microcebus_murinus,shuffled,2,600e4cd96118f87c50066abbd4b58866beb95ecaa4449a626eb39cb16eab78f1,412c1224a6176d55af722451b492437b1f206563c1d3ddf55121eddb284bd73c,0.1162,15350,66201
ENSG00000055813,monodelphis_domestica,shuffled,2,a7d635d6534dd15a01ca39c70005326b66855f27915a508c65f4dceeda72880a,f1e87f6cdf11b1cf17821b01f05a1f1091863947fb2e9d7a9ebd576ae72a2027,0.0336,15227,66551
ENSG00000055813,monodon_monoceros,shuffled,2,d2b228b3917ca227548d107a02acdb80eb50c8cba84f88aa57936a52f3110d34,4bfa87aac9b5b0331bd463fc94c8a8093bbce571435a70946d11d3c466b4edbc,0.2161,15657,65828
ENSG00000055813,mus_musculus,shuffled,2,1bf4a7425d446af241d52e864d4fc3e9a3e235c8e95d9b4f12a42c9c7421ce9e,61e00d52a255e716522f470f039149900166a988969d8cb3712db913a95a6bbc,0.2161,15449,66739
ENSG00000055813,mus_spicilegus,shuffled,2,c07debfbf83ee2992ef29c0aa0c7ede859bd03028e7393d15bb82aa657192688,87c71e54d4474fac1b92278f396e1b67e6af6dd3238121d1ef9ba13932dbf914,0.0916,15222,66591
ENSG00000055813,octodon_degus,shuffled,2,ec531bab84d0c1e7ad19b455553e52b1a939989bb7d0086d71455772c91f01aa,aa02b2753b0f28832c52b4c9e082fe213bf99f78d05fa98d3596fc4aa3dd2a1b,0.0326,15355,66802
ENSG00000055813,ornithorhynchus_anatinus,shuffled,2,7af11bf18715444f1997d731749ffc97bfac1695d98b633358f89154a4b9e859,b7b89b4427acf2d107e54482f032f4070f27f96181dbaad865c503e84907fe61,0.2131,16197,65845
ENSG00000055813,ovis_aries,shuffled,2,75a7b2059e72138e193bbac1ab788164e69e0f2d8126aa38a2fa6abe14a47763,bcc527c54ee5668eac42ac6612c8e5c16de4a0881198186d6e50d34f4e4d8c20,0.1448,15653,66020
ENSG00000055813,pan_troglodytes,shuffled,2,1d456aff2414ace223197324cffb5f545bbcc901d0e853adae66b720487d858e,eb83565884b2fc12c85faf5d8e89d1dcc55543578e0cc45312b43c8d92b198c3,0.6737,12606,66531
ENSG00000055813,panthera_leo,shuffled,2,ef7d136713b3a50672951543692027ea25dc1920b230e598650261142097fc38,276a12a8c214f47a465bf44069186a146e0d20986dc47ac3be0e60ca1376ccf2,0.0336,15362,66249
ENSG00000055813,phascolarctos_cinereus,shuffled,2,c3916cd8f48c115239f25182ff7e020b197335c20ccb0a1da644a2ab1751b577,4981648839b6e077349027a74b87da5b35a9019005acc4478e6dff3242e3ca49,0.2626,15347,66517
ENSG00000055813,rattus_norvegicus,shuffled,2,6549a42d43097811d91b0646846b8c30d76f753c9456e849f5b5f5de5fbfd484,f89af1f814792677955c17c41f2bc68706b0239c00debcb50dcf0ce76338f632,0.0404,15205,66735
ENSG00000055813,rhinolophus_ferrumequinum,shuffled,2,feaee10cb24dce154955197b93e5caefd0a0b813ab2b12b38d8e5974cd059b5c,26962c802319f6d9f28bad6fc914baeb8bf13ce9bf946768af209f24c76d2bdb,0.0532,15482,65859
ENSG00000055813,rhinopithecus_roxellana,shuffled,2,c6a0bbc1be2825e55418b426e29ea75fd4705e2112f0ad966dfa7ab5f04af40e,ef48d6aa873dcff0f9dd9b05cb150da93549e3850a550217bbdda9a6570ff46a,0.1215,15000,66437
ENSG00000055813,sarcophilus_harrisii,shuffled,2,625e9a13475aaee2adade3313e70c08dd3d1f7f9c8a5dba249c5c39e8e817490,f9dce72625f68e8010dc4d3e56311b8cbc9efa980eba3dbaf939fa10093c79ed,0.0464,15130,66522
ENSG00000055813,sciurus_vulgaris,shuffled,2,afd414413cc6d35316168e4766fb09d6a6c9db15eb94ce6a2ea44e815615f10e,85b18141f6770d6119070b8d651fd830076231bb9e7c6d5510f1ae521f54d015,0.0583,15447,66412
ENSG00000055813,sus_scrofa,shuffled,2,a5a8157a242b611c5abc3ff04be0f1c57ae4f6f5f6bc80b3e2a6aadb06f9cdff,5be7a890ec92e2d3c3f3deec4a35f150aa12dfe51f8e74b0f5924f61dc7aa234,0.0601,15460,66402
ENSG00000055813,vombatus_ursinus,shuffled,2,64db7fbb8ddd924b1f89346a97e21358d7f69e9f4e25225aba29fc4ccca98f0b,a8608c27053c5ec7c007849124b0793abafb0327c37d2fea3863d42e650dbda8,0.2207,15320,66459
ENSG00000055813,ailuropoda_melanoleuca,shuffled,3,929110c35713b485e81fa08d4f09dbe5d9a32d596c5aba0e5fa9dd7e652864ff,60682d86be4168933c54b594954e36a1ef2a5a5c244343e5e30ba8dc1275505f,0.5725,15810,65883
ENSG00000055813,balaenoptera_musculus,shuffled,3,281851e09eb38da61a07b16054c034ca499f20e3226323afdff49b97589762ec,9c90716f64ca1e5f9a1306ea0d2f3512c868cab878394765454ed8c08f2456e4,0.1836,15558,65886
ENSG00000055813,bos_grunniens,shuffled,3,89c2350a919bbe1f4ab7b75ecedf8a0d0a052815b2a1c1175b428cd66f27616d,f4ed4fe1d2bcf915f9803723d96257e0730e0e102ac66100cb225509431f46d0,0.1416,15620,65912
ENSG00000055813,callithrix_jacchus,shuffled,3,569b1beb2d8871b48ae3c20afc67ca9e2b69459dad3bbdbe8652439dcd7d03bf,9963baab48c2d5302ff9ec0fac920b98c5913f43384f47b5bb1187425c257fba,0.3228,14936,66509
ENSG00000055813,capra_hircus,shuffled,3,4dada09e590367a470c7533a9d9a3424909a38994f763fe0e846dfdb2c733de7,7d46bb36ac1b23289d5edc0d5004d1747994e96c210fc850c60af93b53856ecb,0.1416,15765,66013
ENSG00000055813,delphinapterus_leucas,shuffled,3,463e20d3f47f117b08a6a908259c5ea83614a608ceb125ffc8631d987eac8357,0c430eae0a1fa2839705eda36354ba4dee6145ae25d77a57d2e6cf4f2f7f237d,0.0629,15728,65793
ENSG00000055813,heterocephalus_glaber_female,shuffled,3,e5fc65edc3db8a0c33788d233aa444e7560f2f4ebf01f4548f698814463bfa06,65dbcad3df51b706c0d8dcaf9dba9a7a850a74f8234ba7b88b2d7a966f0d1c2f,0.0229,15228,66388
ENSG00000055813,homo_sapiens,shuffled,3,f51a3cf0ba82460c1f03549404bdb0547ea1c52dda73d5081013cf1bc6ead28c,2c5b83a83832dff24c6bab6787b7b02e27ef46795b4ce6c4581d1003143b6d15,0.1917,12627,66444
ENSG00000055813,ictidomys_tridecemlineatus,shuffled,3,5f265bcf65cf9d7de5cdeb049f0c8d6e64b105c3d6b4ed743f80596666596ff2,9a7cb49b7e4463e26d55a852a432ad14e341baa89a54d33cd51b371469b1be57,0.0789,15240,66521
ENSG00000055813,macaca_fascicularis,shuffled,3,1e2acad4c1e3534f7bf6d317e18de7d1a0d2582d12d64713316fa4a77fdf2497,b042305601eae0e85d3e5015f5d623c938583b9ad1e9cd3101cbb4b7e5b09885,0.085,15032,66627
ENSG00000055813,macaca_mulatta,shuffled,3,bc19dbfd243717dc88f74624aac6fa8f75bd27d8ba3e84101fa13a6118b431b8,44c9d714c566070d2f2e490869beedb34df50c57c4aaadcb2a978597582d76c0,0.2736,14803,66570
ENSG00000055813,macaca_nemestrina,shuffled,3,4f57dac61b5b015a933f2eb2948896a62a07b142a26e2c540ee2163ba9cf3fdb,09525fc9e620740cafb62c3cc5cfcae5f5e41e7d75dca42293df1975ed7480a0,0.0987,15019,66579
ENSG00000055813,microcebus_murinus,shuffled,3,bae8d7b3115370895e615a2f1e536417f2893ee0d94db5ece1c6ee2a0975b7b2,ff5ad249a9684342a807f9609d520471684c9f986e8b495e00049cd7e910aefa,0.0944,15450,66211
ENSG00000055813,monodelphis_domestica,shuffled,3,279deb1253f417043cf2a2127763221ac6738ebb3fdf9b203bb5f766002cb1c8,e25a84917238f00453c2e1de1e7f92358398c2e05e3f75c3ed9c69b1ad2af188,0.0732,15276,66522
ENSG00000055813,monodon_monoceros,shuffled,3,6132bf194682704bf78fb4c6e5c09c6b023b623da1607b51a41388715ea95766,ffcfa46bfabefc8e4ea9c4f21f3a09f41dc609fbbf75baf16daf438798d8b355,0.259,15647,65902
ENSG00000055813,mus_musculus,shuffled,3,7081492e1bbef2f432e3893249f3ad319f2d8ab8f45df7da2e29fa994f28ea6c,279df399a4a4900ccb1bbeebe11c7af7b4319f3bfeb4cb9b137791600538b470,0.0743,15343,66723
ENSG00000055813,mus_spicilegus,shuffled,3,92c3624e50bcf1de6cdb28a8609061874bf2f223e45dcccfeb37aef49a027f4c,05082e357d0f73ef1211207ba69ff796104918037c266513ec986a7b5b81f670,0.0679,15327,66678
ENSG00000055813,octodon_degus,shuffled,3,3c53995f181e13c50b71edde7965e67e7d56b2db9e702a7afa57bee75e9a68ae,c722f57d618c24faaa9863f21a158c934738ae5c77e2d376d0108f9d1f9a187f,0.0838,15310,66757
ENSG00000055813,ornithorhynchus_anatinus,shuffled,3,d8759e8ce11c6a45416292cb648c1cba64d64178450eb6452e860112ada8ca0e,0a5edfcfbb4db84b980297072eb9782ab7c663d715c74a3dd779586b48ef3354,0.5876,16084,65815
ENSG00000055813,ovis_aries,shuffled,3,512cdafcf1f6c5b7134f1987ae7210de371ec8cbdd46327fe3bdbfc63cd91dd0,3cae6716336c9edaa2a74a44b9f6c753415241694744644b97487d173a6bbf39,0.2254,15659,66015
ENSG00000055813,pan_troglodytes,shuffled,3,95dddcb12d0dc34fe9c6f6ce8def9e0a35df71c4579d916a44e1ad2bb89504ca,b73108da65150c5bdbab039060b615874180b9d1616ac065211a093268e4c096,0.0863,12693,66552
ENSG00000055813,panthera_leo,shuffled,3,d54c102857ac3a1923fc6ba384ada721a31a670b05885ec34557ee28267b14e9,9bc3bd146c98686cacef0291a43a94fe85a5ff7d332db3910a87ae0251936524,0.1095,15393,66218
ENSG00000055813,phascolarctos_cinereus,shuffled,3,56ac84e8dffd5cf279b806dd26618462a27d05c065e6cee07233aedc9b85847a,cecaf3ff4ae3d82b65af55b1d5d26265df171c813261e2e3f66a27b349186f13,0.0721,15408,66528
ENSG00000055813,rattus_norvegicus,shuffled,3,40b5ff6944d8b7075c71f623283979755cab0fb5f7152b386d6b45661572adfe,98f06c056ef126c7a8aa2c99c1248a494a86bf989e549136a310624b5dfd5b2f,0.0398,15165,66702
ENSG00000055813,rhinolophus_ferrumequinum,shuffled,3,fb5e440f885a1aae2f747bd42350779b9122d45cdc0b734de51ac256510e2cbf,5a0326e6169c77b45c3cc022fb5af8d048c8d7643f8994eb06b8738764a42bc0,0.0457,15514,65929
ENSG00000055813,rhinopithecus_roxellana,shuffled,3,6c18918251f076f7fc8c90920253f1c001c6003f93a955a44ddd9efc029f75a8,dd61ad1d32f2ffef53b435a712bb2d54cf174e1278ca5435900f96c315467468,0.0629,14988,66452
ENSG00000055813,sarcophilus_harrisii,shuffled,3,4174451444bba7ffaf949d7dd7131040dc32b5606ac15605148255a9b53cb78f,f27e69451e0c05eeb4811efb7f176966118422ea360107665cc705a23fd9b31a,0.2644,15169,66516
ENSG00000055813,sciurus_vulgaris,shuffled,3,42455aa7ccb8155d196744f6c9e63980589b170c4ad7b15c2ab4e16f82e3c93d,fd3ab2b46422d1d6fe33559dfd9f4fe378115210d72fc3c5c8d8aead1713e0eb,0.0629,15350,66473
ENSG00000055813,sus_scrofa,shuffled,3,e81bc8ca89e5f0cc6a08b44171a95d78111c8ee00ea8330484722149c0d38c47,265ca2054c6d923d0fc2aef8227482493641409ffc06b88852932525852d3009,0.0903,15473,66363
ENSG00000055813,vombatus_ursinus,shuffled,3,dd8fd55ae9b82f75313b80647aff07832c85d8891b9a407088f9af2ef8131c9d,e2a661c30edc8404ce70971b14d59525b9ca98c908de961fa11144f3e3e29d98,0.2554,15269,66530
ENSG00000055813,ailuropoda_melanoleuca,shuffled,4,e4d374769541b1f85aaa4c69cdb17748038dd70a28cca7ea432e51ac1aea5126,9ddc5ea11c394dc3a03a3da4367def049985c35fce5754cc60201dcbd8189d65,0.2869,15814,65991
ENSG00000055813,balaenoptera_musculus,shuffled,4,6982cb8c7fbd9ec09feb1015381c533bc8a70d9c3c2bde463d056a4ab80e0110,289011c169217419ef8871ec8b7b754a02af6d61083464baf19230d14e54b69d,0.1661,15511,65886
ENSG00000055813,bos_grunniens,shuffled,4,ada063c3ff96534235fcefda5926946838c3090e3fc9ecce1212babd21612b3e,552356afda5482a836dae99380066e3ebe310848cc14e642bc772acd022fd537,0.2537,15597,65938
ENSG00000055813,callithrix_jacchus,shuffled,4,ffa2e23359d2516e6ed7f901599b0376b9fa9ddbbacd69908df896f34b0073f6,d2cc13bdf59680a6c673dbc3765fc6a8b91dcce03d60f24d66bebe39c13ae9a2,0.4342,15004,66517
ENSG00000055813,capra_hircus,shuffled,4,b1156473a61fe83283b25d256ca8a7da7c314ff3a1a809dec380932022119268,caa072b6cd0a41449b0547679215e1e15e3759293e72ce83010450978e69bca7,0.1557,15751,65971
ENSG00000055813,delphinapterus_leucas,shuffled,4,34e98509cd7f1f5a6c8ef1bf5fd29707026f8304e88a2a150a0e5cca2ae60c35,2b92fffa7adf8b29a1cb4820540b8ed631a5c479373d8e946bf7de34b3ce3ecc,0.4697,15594,65812
ENSG00000055813,heterocephalus_glaber_female,shuffled,4,2d7349337a4188382700092d707a64ee170fafc9b72b43ce2a5af578f605df17,6163b5b4ef4c5264ed72b1831775c42050344e73a1f47185caec61603c06893a,0.019,15199,66388
ENSG00000055813,homo_sapiens,shuffled,4,73f5eb0563737cbb1c73ff0e8cfa96cee34ed76a5ba77abe3511491100e1f98d,53fa8c568ef669e0e19702cdb4c1ee99afbf72596fe75e6fe77dfad18aa121e1,0.061,12578,66439
ENSG00000055813,ictidomys_tridecemlineatus,shuffled,4,c45bae1505d31da8ae9eb10c7b07235e9b7e24cd156f9779f7da0970898a595a,19270793af1b833ea803a51b8fc45f832557a205c8e6dbc5050fbef2982e86ba,0.0566,15240,66487
ENSG00000055813,macaca_fascicularis,shuffled,4,28b4dcd228517e987bc98369cfd501f2bf45b30afebe6521e170ce5881a04b23,3312768a26332f4a98eed78db8b37223eba8b873a95076397bbe7c43ed367d6d,0.1386,14997,66713
ENSG00000055813,macaca_mulatta,shuffled,4,ed126a7c24d7ef44cd40bbbbcd4fd7977346cdcf5298522dbb6d207897c5e943,fc40f62986e5fc9d07d3d650a2c838b8c9af5b2a9f442d86841152d3c8095bab,0.2177,14918,66639
ENSG00000055813,macaca_nemestrina,shuffled,4,62b5e9ead5473ef5716f7ca5b7a1179163f40d7c52d9f70d4f87d00d0e0c1737,9b85c461ae58b6404bc1f0faffffb210235e882b5ed158af875e0b63ab78057b,0.0479,14981,66563
ENSG00000055813,microcebus_murinus,shuffled,4,8affcbcc7d15ceef33aeb3248afae87fb656884de6e187af0e0ed87359912684,7157ece0e5afae46877fb0c9304fd8ec7474e5ec0658c8f5a69d73db3ac70270,0.1836,15423,66182
ENSG00000055813,monodelphis_domestica,shuffled,4,1a474515ba059208c4a4e7ef829a406d9d7977f4a5839a3e5d3d8865f4daab7e,611a8ecb90419c60eec608eb0f3d8a591a9cc3b6f517744ae75ae349ef519b1f,0.1162,15236,66565
ENSG00000055813,monodon_monoceros,shuffled,4,d4b45f2725d032651b6d6ef87ea17b4e1022601fa8bb89f704df2e290f94979c,f6beedd0b57fdb3c9aac50ba3e6634e14887f3c32dae4b74138c3f85f8bf56ff,0.2451,15672,65848
ENSG00000055813,mus_musculus,shuffled,4,fbd9ba55650d97d394f58f1e86e1a8fba46a6782104f48fb816f2c1d20fc9ad8,8b7889e2769715027c7c7b41bbdade5ff8cad8ded622ece0fb02a3abd9470e65,0.062,15288,66730
ENSG00000055813,mus_spicilegus,shuffled,4,85c799f5e802dec086b75878bf9c7f00d844420cdd7cea092b5f202f102b435e,6c65ed3a564ef341055fdd39887eeb862667ffc04ac850722bd6c76de1bfd27a,0.0658,15294,66657
ENSG00000055813,octodon_degus,shuffled,4,5f44791ebd7c8637b9f1f1b9be5dda66da2303a596cdca5b214a0a9ff229554c,6285f2f7090e7f842f33157250abd7d6e341bb64e3e7b302a4058447dfa60eba,1.1369,15321,66836
ENSG00000055813,ornithorhynchus_anatinus,shuffled,4,23b6b8cf248fbac5ed2c3322aca5b75821bca10d80209dee8a72a836889adfac,4e05af0637f9b68c25d3d04b3822a385d6625850afaf1fcd96f01c32f75e5167,0.4609,16146,65845
ENSG00000055813,ovis_aries,shuffled,4,da84510dab6c1e125fbaf031e67825a281d05db9e795ea6e0ba635b55fd76712,c70009f6515e2c6740817b0715ba2207be509288efdccae8f8d052457160856a,0.1448,15630,66001
ENSG00000055813,pan_troglodytes,shuffled,4,ebe0a40b6009ed770dcdb90592527c1edaf7e02cde44d903bf0212caad76d24a,c39a66025f0a885c61f8a5690b9ba90203f0d6f3c7063fc7adbc021552fdaaaa,0.1288,12570,66597
ENSG00000055813,panthera_leo,shuffled,4,1a61c061ffc6125172c721f2874ce45ad04d607977672b26d89abf1f7ce0152f,d011028641a1c81255614c6bdd5907bb5523cae75b7d0cf746e5a348da769e85,0.0509,15437,66300
ENSG00000055813,phascolarctos_cinereus,shuffled,4,d5071f696109c01fea2d180119ad8fc0f830c8134a7fb1a4e99de896d7c89b06,07ae4a895fb27c5e4e8e4e6d94dd9ce3e515f8da601c573582a4a968c61afdc0,0.0648,15352,66497
ENSG00000055813,rattus_norvegicus,shuffled,4,54028dc815f8159fc3c2d58dfbf2280cce554d546f2bfb56a529e124aa6b0c1f,e47c241d63d8d297b5505f053534c39f4defb7bd18241f67a86cc5858af135bb,0.0312,15181,66620
ENSG00000055813,rhinolophus_ferrumequinum,shuffled,4,24fbfed74103726824ac97eaf3a12c4bcd644607d92ad855ef416a57037622e1,abbbeda6459ccc36feaffdc7bd3cee461c675fd1910172e0f3276ae4d2b7b699,0.0699,15514,65925
ENSG00000055813,rhinopithecus_roxellana,shuffled,4,46ec84e9e462ca8b3c6c90ed2a3c109b06aa1707456b03101df32e75be6a329f,5bc48cd5fc36791a0fa7008b43fc24fdc36b8453e4c1c40816cc43dd728c483c,0.2057,15000,66464
ENSG00000055813,sarcophilus_harrisii,shuffled,4,2fee26f78d0e7c075322331078ee1da8ca5f5d26940bfd403972aff52c4a5560,5bf4aa7c32c47f012947bdec2c9efbdeb49a815fe97267ea2833d0f962ad4273,0.1095,15154,66564
ENSG00000055813,sciurus_vulgaris,shuffled,4,c1425bf8f915dc8ef99c8b63e1544c62729544b5735d56d26e95eed0bb3c755f,51b313e5719c659deb365be7fbcc1270585dfa4575229469d4be730954146b50,0.0973,15531,66449
ENSG00000055813,sus_scrofa,shuffled,4,59ef9450fe41feac5ad892240131810976e2a8d60f2ac2a00d3d1b2d0d7c9b65,cdffc7400eaf79e5a7e5949230e22e84becc532013142666bdbaf37b6c5c2209,0.0754,15398,66330
ENSG00000055813,vombatus_ursinus,shuffled,4,ce2612d78be44e6256d85a6cc77f3004dbcb9bd6aeb38a46238abee9e4798b4b,5e82d35f55e7e0414307931c5ce821b304f12fdaf6cccb6aa1fdebbeb58c2081,0.0516,15282,66520
ENSG00000055813,ailuropoda_melanoleuca,shuffled,5,da6a9bd1e62112bc5c61fc5ec6fc88392b14c0bea9fdd0eadb6da55719ad039f,b5f851deb5accec528c13bb0c6ad8b3f919b986d3261d8d92dc490f804417041,0.6976,15727,66006
ENSG00000055813,balaenoptera_musculus,shuffled,5,86721dd57db12cb12bcd51e630a6c25d6c52cfe24e5ccff5e0e40845d7250c7d,1131c371a394e5ee6531f94579e17141dd9d7cb197e31ed3232950d3ca168260,0.3154,15539,65886
ENSG00000055813,bos_grunniens,shuffled,5,04f5a04ea4fc6100e5b92af1b3d154034a6ae6ebbf930b74545a608072d9b898,40ec2ae2fec25eebf7c73b0fa55ff669e1c7de5d8c352b0e1dee3dd96d0fd5ad,0.0574,15570,65889
ENSG00000055813,callithrix_jacchus,shuffled,5,109c3ae2ee1f6bc5f7fe079de062ed8406df628501c909a9b1bc288546883f52,c285daf457e171eae88cfcaf047baea914caeb2e9734a6fd25c9379f1d7abb68,0.2028,14936,66411
ENSG00000055813,capra_hircus,shuffled,5,c70f8935415e08004a13f8668d9c5fc8cb30484812b074927581d05f537f30e2,1f1c52b9a3326ecb6c6b7c21730de4c0357d0c1ec0f59df3f1c451d49c120c1f,0.4113,15724,65951
ENSG00000055813,delphinapterus_leucas,shuffled,5,3ec12e59a14605a58424ff2508834071ecac56f197f91746d2d39b0ea226edb4,f2434d0dc283ec7297e6e1dc5fd53944f774b251a84a2f27f2f4b0d265333103,0.0801,15614,65827
ENSG00000055813,heterocephalus_glaber_female,shuffled,5,c4580881fd9cd9fb918543194ebaf35fd4fece1d902a4ef2bfbf8ca730dee0ec,da39ad74ccce3044cc47e7b2bf2b1b4c326cdd66b30bf2deed38b40a77c6b7bd,0.1002,15253,66461
ENSG00000055813,homo_sapiens,shuffled,5,5d79e73bd137010374e8360108eff7ff39daf1caf4615882f7d6dd3e3c9ea015,156bb72703ff4c3a04a32e3145fbd475b0df70e679c1cf05a7b0dbe0589d6b22,0.1685,12609,66455
ENSG00000055813,ictidomys_tridecemlineatus,shuffled,5,908b4eedb58bad30d099c5d4f2fc062f1d485871b0b5240e0dd0bf9029700fde,017e6a875c387abf8daa6be61159513bab097a3ad7519ada32fec2f72ac1b0a4,0.0549,15184,66516
ENSG00000055813,macaca_fascicularis,shuffled,5,3bda9010156ba18805d16d1bc0d08c16581384a9010acc1d2a19c6ad3331c06a,c1cc7a2e36f284f3443b2638a54e8a22caad7c42d905a50d9a8011f289db3a45,0.1298,15006,66612
ENSG00000055813,macaca_mulatta,shuffled,5,7d0a29f9fa870d6bd0c6088abc94a05a4ecaa56ff7e8335f8df8d2fa693df1f1,0a957603fa4e154a7acda6145d6986bb5c2bae0ff751309824af58d145d17ff1,0.2351,14886,66645
ENSG00000055813,macaca_nemestrina,shuffled,5,df9df39a0a2f987cb27df4e5f0d78b28c8f9a2ea4aecb7c8e701d35593a72f05,c9ded26c051f21d0cd4a007fbb2f905d1b009b9aacfaee1ab20f93c47cd7d767,0.1215,15029,66572
ENSG00000055813,microcebus_murinus,shuffled,5,7a25cba4e70fb142b8d7f0251873bd7291d68b8b8f4cc5984a8687a390ba7b2e,a696347c8d2930f54ca64db4702f56c3a55aa9d1b4ed18252fd4d688e98d387f,0.1944,15391,66205
ENSG00000055813,monodelphis_domestica,shuffled,5,1f34c9bdf8c7b406850aacaaf5722310cf4278f1826ff4663a6c30319cd45503,c1e33507ed1ec932e523e3bd5e42a797467418c2c9814b2ff5e1d2c07389218e,0.0668,15183,66622
ENSG00000055813,monodon_monoceros,shuffled,5,992498bc487a3477d822cae84a69df91c9ff7202dcaff290228416abc1a661a0,a1c383b503fd20e002d6b782b4b46725557873e29e84dfae32dbe8eac7de7fc6,0.1772,15629,65862
ENSG00000055813,mus_musculus,shuffled,5,87e757a9430e122cab4a6c135cdddce352f355185ceb0c50495e9a93b9e08e0b,849d39604ae88606242fad58473f86bf0ab42254ba644d9e1d5e821ad9fe7660,0.7612,15329,66739
ENSG00000055813,mus_spicilegus,shuffled,5,3a929159a00b0fea80f4eac3fd0f0831fb7559dbd8d0c6345c36b682aeb4ff65,2b851c656b015a32fed9f585fdc9d8e93880c3a8b8dd81275abf110ea60ab72d,0.2948,15294,66714
ENSG00000055813,octodon_degus,shuffled,5,46f43be1a80309a032a39a8804cae0fa6a6a24383541ae0f9777ddf44369438d,14a26eb4090f1508d0c6d5afde7bbf51f8a94e1909ab762bc53ca268b25c7126,0.0331,15327,66854
ENSG00000055813,ornithorhynchus_anatinus,shuffled,5,bc6d7ab2efdecf7660401c354ce0ad3bd5d3dbeac27e22081aa8a52a2627916e,6f03a1f40ad0575643e1e26cd6ef19f0b71ad65b36e8a0cd22be622c357e5459,0.1523,16142,65732
ENSG00000055813,ovis_aries,shuffled,5,a8a0ece4251c2f2db8d6d66dae9a2f2423aca0f0b9e79fb077c64a2102ef1522,4c2932b0d5aac060ed88e81462eb58155386ecf3165bcfb3671f76b440ccaa50,0.1307,15630,65994
ENSG00000055813,pan_troglodytes,shuffled,5,84706418c842c0bd0bb461afd3560e240fde9aaecd22b7215880b0b6dae8ad2c,1bec903f5b3d17aee6c56dfd8527739c4f0a8af73aa5aee9a272e71a9ac2aca8,0.1179,12666,66493
ENSG00000055813,panthera_leo,shuffled,5,2856dc869e85f3b3919c0483e2766212e276b899b0612327e83c9d81f27ec0b5,80ddb79f24ce19f663055249a8426c54100921acb41f2cb475021a5f9880201d,0.1079,15381,66260
ENSG00000055813,phascolarctos_cinereus,shuffled,5,9da6f261e9e3070b7723d08228d64b66fee25a44424602e34a98b5075f2be118,3e66a3a2dfe1192293ddb36fe380b08e8b932927f5c351c41c5398eeb673d4d1,0.1386,15352,66437
ENSG00000055813,rattus_norvegicus,shuffled,5,a6c7d9209fe059a2ea1b19331a212819a8d0557b7ce048cce07380e35e0ff599,e702561e95eec7ef3195c2f5fd7c53c6a0d81b3adbb5e2ccfaa84dc01d56807d,0.0574,15205,66670
ENSG00000055813,rhinolophus_ferrumequinum,shuffled,5,c9539c59402d08047080131fbe6fc58ed9528fcd339b4406f7811a8798caf850,b8c0cfdc4830b980b99536b00aba118d974e29d49b15d36f8b1202b25b6643ca,0.0271,15475,65886
ENSG00000055813,rhinopithecus_roxellana,shuffled,5,f9ef990fc5d6727bcb282455ef3120a7c6863c29a688a876cebc35c6c339ab6c,cec8f9677c28c6c6c8992afd0e67b64d458ebc2fc6afb855fca5f8a351b95aad,0.171,14973,66511
ENSG00000055813,sarcophilus_harrisii,shuffled,5,f7bfbd97c949be616020da4696e359f4fca5a14aabf98284ed8da08e91832f03,e7ce712c7acdd0fe62300c92794ba35a377ce1c71d51ca426aaf2631b6790397,0.043,15244,66551
ENSG00000055813,sciurus_vulgaris,shuffled,5,bd0bfd47f848027a98c2a1f1f3be5921ea89d52e8143b0929c15dd5357d49ce2,f78e36e715a37991918171008784106dd24aeb2211d16b7e5f143ef025518bb8,0.0386,15430,66479
ENSG00000055813,sus_scrofa,shuffled,5,941e2ae1e6980d25d0b07204aa395dd40624e44a1073d8e2dab36cb01de75998,8e111f847b81cdb698ba6d2ff42af16521fa03eb50389b2b682a7381663f615b,0.0479,15454,66330
ENSG00000055813,vombatus_ursinus,shuffled,5,121e6bc67855e724cee3abd0ef4f67985620ea9e1aecb7adbaf714976f7c4fc5,8616902405cd0f4b95486d2121380e0eba8784f7e84df5511876ab7952727b2f,0.0601,15298,66467
ENSG00000055813,ailuropoda_melanoleuca,shuffled,6,6f3b0437093a9298692786c41f5b2189f5de3a0e3b6d3052ff57448383ff6cda,e43e520cc15cf16600fabb6b986f08ba7541d4ada361369f72e0d6fe85a2769d,0.5524,15792,65964
ENSG00000055813,balaenoptera_musculus,shuffled,6,f5ff809c149a5545cc0b34f026c15c6ef725422ea4fc8aa9cabda01141deda1b,30c44093b352305144b9d255673fd91c9a762a2df01321abaa11918567e67a18,0.1673,15624,65861
ENSG00000055813,bos_grunniens,shuffled,6,5e80b2e6c9e1b6526b85527fe183f6df4d2ae129b2a004aa247bc6f91eb9c105,29a7511f62dc3c6aa49b7d321d092c98a50bc2dcf83cbe59b481f1120bbafe5f,0.0369,15665,65835
ENSG00000055813,callithrix_jacchus,shuffled,6,d10b8051f610e6e21bfe5dbf0b307a8a745bd7294730a581f691a1ab8a856c74,6a4277ad596bdd1d0c7456a13364a9f890f72a778a83c818332b59e98d656e86,0.1958,14995,66499
ENSG00000055813,capra_hircus,shuffled,6,5eaf6a75739bc260d738d47b88b3bf70e6f1456cb320de2651f7e5f629c89e1d,abceaf3e0aada5cfdbbf0494bf8086767b68e50de3a1903c8c6d4dde6e918bbb,0.0271,15742,66024
ENSG00000055813,delphinapterus_leucas,shuffled,6,2b3550457ae7213e2761946d0c8d37dd7b6fa987e0a80c582a1d259b018790ff,45bbb85e3f1ab4afa310a751483c9f6dddeca49d3de581f767cb13c8c5e24a2f,0.1903,15624,65793
ENSG00000055813,heterocephalus_glaber_female,shuffled,6,aaf3f310623e3b777a1879842124a3029b1ca66fe62a6c3a56d6378c9d89a031,713209844db2ef6e30d376372a58dfa3d3b5189df6a8fbe4bd3826fbc5209752,0.028,15236,66388
ENSG00000055813,homo_sapiens,shuffled,6,112fa1279a67473af7d3538b0a33d26cf6d9364b9f905ed8bd54db20a048f200,a5a1e849ba07ffc468d451bb7a243bc0e5b9a822c1caaf5dc11dd94f8060e13f,0.2948,12633,66473
ENSG00000055813,ictidomys_tridecemlineatus,shuffled,6,f19213582b3a37b286006fdba114deb6e041a3d90ed2e7cf02ca9cc991720e0e,d1c226d686e291facfdae0b28dd8329c91050c067cf9afd7aa2f89e792ec930e,0.0679,15287,66540
ENSG00000055813,macaca_fascicularis,shuffled,6,746f24fcdaa3f40f32f7311d00d5b85965176b8b7d7af0ce9f8cd8c86a98747d,3b13fc327a500fe3ea86f7293dd8150120a152d36918735bc3841d9bcdd1fae2,0.0392,15016,66593
ENSG00000055813,macaca_mulatta,shuffled,6,486b7f4eb1fe05fbc82ced21dbb77ff41b59370e948699853e9a6d68f0b054a5,a3fc7cf5b97fb889b2e3833d819d276fbcf8af8bd090a4506a303f158b1046ae,0.0658,14881,66570
ENSG00000055813,macaca_nemestrina,shuffled,6,849773a9e165d14beb1a9112f8a45dd50d78da9a988bb95491c08a9c32cf6b2b,f049d1332c693a8378a88b20e84f50bf4547815866cee3aeb8ce2b6301ac55cf,0.0501,15029,66622
ENSG00000055813,microcebus_murinus,shuffled,6,6930f03f28b93d840302d6d2e2c1229ab449dbe1e215e77253c5a7c24d2cb250,3174180c44f6535bbb8bad26ab4ab92e3effc69e3ade3abe74734b32e4587fb8,0.2928,15433,66235
ENSG00000055813,monodelphis_domestica,shuffled,6,788489039c6b5b1486910cbec79154b50a98888abfc42c73291ed0c7ba72effc,120866912c483bc446b7d7ebad238ee7044183d52a4737ee01e166ef95f75242,0.24,15294,66622
ENSG00000055813,monodon_monoceros,shuffled,6,c604fd7f34d25b79cdd5c3f77bc8d448bf5568a66c7ecb7960b5df13e114c1a9,09533258bde20ba9d88eebb6dd427760de76dd4381812d330ac097bfa64d70f7,0.2207,15586,65880
ENSG00000055813,mus_musculus,shuffled,6,c15ad9422086aec0e652d077c3abb79f214799cbfe1385bf54030016cbefbe93,96b72190588b0b633ae4a34e38d4027576b793bdcac3e238a7cad157162ba9a4,0.0889,15353,66692
ENSG00000055813,mus_spicilegus,shuffled,6,56377adbe6052dc370432fd7622c9165614c5233f939c81f6b76fe5d72ad0979,ff9792575f199cfb9821915071ea341c89bc2d97d9bb4343c296602cc47bc296,0.4425,15294,66674
ENSG00000055813,octodon_degus,shuffled,6,4dd45b89b272baa5d70b278e530bee6594e8437bfbcc50fdfb6282884f35e651,cdc29567e463f0323eecc745c463608904998e13431a934ab0d6afea60621ca9,0.0471,15392,66792
ENSG00000055813,ornithorhynchus_anatinus,shuffled,6,365bdd765e40eaa8972248fa776fa97d7c2ddb1981633fb99c97139e55adc0a5,4e9d17fdb507963132935e03f60f6d2358a511dded4ddef8bfcc58a7e1c35c7b,2.0858,16089,65711
ENSG00000055813,ovis_aries,shuffled,6,9536d90b008d94945bce7d8dbe3a345e0c9ee16a718f87ea87239ffba392d305,fe1e63a8134af293b2b9c8db672c5da45c2330d74b68e84dad4e1b051d9c9b40,0.0958,15653,65990
ENSG00000055813,pan_troglodytes,shuffled,6,0ddc9493c2c43ad748b93190c7cd8f5b495e25829ecdd988c92d6dca92c200f3,8da9a370977c8d94cfe2fda4a86f4d6edcfe6485234b5c17452fe121abab3ee9,0.0944,12660,66597
ENSG00000055813,panthera_leo,shuffled,6,05e55be2a8ced51cf17273b004cd371d01c4eaf8467f58318c0ce806778ea0b5,d996c10a7505b2bd6ce0cdb15ee06de70cfc386e86fa078f5f335f52f75a0098,0.0225,15430,66271
ENSG00000055813,phascolarctos_cinereus,shuffled,6,d2bb7fc26b860c7277c356497d89cd5e9c6e13a456f9c62b7302a953f983fb54,5ed2ff80de772bfd5cbe04c55896ee4cae0d380f8d7c54cc3a25315cc0d2afe3,0.0766,15380,66486
ENSG00000055813,rattus_norvegicus,shuffled,6,cc70ab283a278b0953bf994da930d6bb35d1d8ef7046ba027196722afd1c3d38,e2c5e46f2572f9f7389306c6353bb47bf3db830cb00c8e54bdf8610ab71262d3,0.0411,15238,66747
ENSG00000055813,rhinolophus_ferrumequinum,shuffled,6,a5db9ce6d538aaa747d1d70926e776c49c8fc5a2ff35d3249cfd8b1af8b26c1c,b56ef7d349b2b2babc537826eb83bcf4a6f98d45dcb2336d8bfcb80e9652f22b,0.5176,15507,65919
ENSG00000055813,rhinopithecus_roxellana,shuffled,6,2e778d3ad1d38dc02427a3ca7d39159d931af7fbffa28dda1f54b40570a93110,34391926cbf3e31881e6d20c0fb6732f162863a08b3176e39b652394d4f3aa63,0.2223,15009,66457
ENSG00000055813,sarcophilus_harrisii,shuffled,6,20748a087b4c69fc1e3d9670ef960a68571bbffa74b9026501a5adc294952775,608237e51346734c7ef3abe27aa56e1a743b1eebbb469a142d767d9d75506a97,0.0838,15231,66522
ENSG00000055813,sciurus_vulgaris,shuffled,6,6f5e02f6f26c5bfe6b9d30b02620c5f6cf921f63ccb2dc4245deb99f56e2ecbf,8c05730115e4c1277d340a4f41f418c231daccaf1a95a0fe6750a477c1c18f28,0.0479,15393,66467
ENSG00000055813,sus_scrofa,shuffled,6,080707598a282edf8ce71217589b70c17d2f05de47e5cf5037e6518ae7ad7741,dc3853b18c7b676623dfa843736514a2bce39948df143b777bba247f2d448aeb,0.0825,15394,66351
ENSG00000055813,vombatus_ursinus,shuffled,6,5df16af092d21269673c42cbf04bc40e06f06f21ec7c15aef6c2bb75efeca738,fd046a1d1d6adae07500593af2d0eb7a92b4abccc65797d6d0ccec652c9ea97e,0.0813,15234,66467
ENSG00000055813,ailuropoda_melanoleuca,shuffled,7,b3fb55b7986cab47d4d94e8b70ab10abcefa5ca9fc8da342f380131c696d70ee,219a4225dfe47255d1b9a3c56544be17bfd68505c2b723fbde144ae0f0e91918,0.2207,15717,65998
ENSG00000055813,balaenoptera_musculus,shuffled,7,336a892e3bde4b74954de971bb3cc4427407eb1683cef9c24a50c0a181203f29,094b75efa472293d087dd8eeab078134200596b8724e66b202e8c8badfa80c25,0.2161,15555,65861
ENSG00000055813,bos_grunniens,shuffled,7,f744e231f0e4fedc388499360dc245fa8d703c1b7de1ad4af17519ae486989fe,52d8b8bb29e9cf902024d9d00ef5f9486835d868a6627d9c7f980290c62fbc4c,0.2028,15665,65964
ENSG00000055813,callithrix_jacchus,shuffled,7,c314fdf7d6f632a5759c6d30d2fdb57021b6ba53f37a4844c9185c0edd7ae8ff,8424730075ee8a4f7434d4f4f4a493140b8e3fac42bf877be526e3ca2222366e,0.1095,14936,66532
ENSG00000055813,capra_hircus,shuffled,7,c82338ff5ca4774765789982d02f6c7bcd5ee5f01a9b62a499af0598c9b80deb,d345d9cdcc99d90cef21ace42ce0c3d496157a02e33b98789467ace704f8c5aa,0.1972,15769,65955
ENSG00000055813,delphinapterus_leucas,shuffled,7,7ec054adb2b22e7b3c371f0f6cdcfdb85c31a967e25d509d519490d838bd088d,3a47cb8fe070c10d4e91749321b16b65d4f9969a8c2cb8ef4d8529b5e732fa92,0.1512,15608,65739
ENSG00000055813,heterocephalus_glaber_female,shuffled,7,3e24fdaf4bc73a98ce0e6fe31f1064158282d0d9f0e7d59885be860f57cf41f5,5b6f676717d11d91fd4149b4a94c5627ba6fa3a3c4750d9d1bf263a605ac19e8,0.0288,15266,66443
ENSG00000055813,homo_sapiens,shuffled,7,f0d459fde38eae36ac4efe86947c22ed421bda0f9cb44037808fc72b34e705a6,af857bc2291fdf200b6a596e7d57c0c5ae5c569f1b5a9d23251002783708873d,0.0629,12633,66439
ENSG00000055813,ictidomys_tridecemlineatus,shuffled,7,bb0ece72ab1d4730dd8e4b34cfa4d7a7eefe5012913c40de879a30989cb23c0b,413d9f20b6cd585d7e2369cb24bb5b56bafe8209344cddb72758ac8309074da3,0.0225,15207,66503
ENSG00000055813,macaca_fascicularis,shuffled,7,b4470034b9bb798d9e7c04d83764e6780050ddca71633284f31e3b021bb4a193,8e53e175e9676e34e52b5966126dd6fb1e10fad2654361e2773d1dd5a9ea640f,0.0721,14977,66601
ENSG00000055813,macaca_mulatta,shuffled,7,361de82129382d8c8ee04def88fc7eec93a7887b6bf0228527ead084bd752c72,54ef84d6a2036718d56848995065f1f73f7d9b229b8a188e517d36c1bee7e1a7,0.1591,14871,66599
ENSG00000055813,macaca_nemestrina,shuffled,7,abfff882dea8890acc703ba1f5ac3243c47bd3d4fc0579773de99188863cd696,49d2de45a50a4accb6844c50e2f2ba0e2c83dd82f2f2c3ac771936b94fa9de8b,0.0375,14941,66616
ENSG00000055813,microcebus_murinus,shuffled,7,02b744098da1c3c20c92e0f5737df065842b613a578a7d1e402197042bfbcd5c,32c127fde63dc0fc4a7af1834bdd3f3c9eda1ab1121bd29656dfe16ffce4788b,0.1512,15439,66201
ENSG00000055813,monodelphis_domestica,shuffled,7,d872074dde7b4b04dfe14951890ac9747f44b578711b98f75fd62ba3aba3db8e,de0d04957db8c0206ffad91161ba6be48b129976a292950e799923cb6f20cefa,0.0838,15168,66628
ENSG00000055813,monodon_monoceros,shuffled,7,e314254efb0806073eea526ca053897d5a77e0092129c60fa6f2abe9b03c8375,492a09579811f73a99976c7f00fc2f313b0456c8fa2df19ee5b093e67d17cb09,0.1661,15610,65910
ENSG00000055813,mus_musculus,shuffled,7,3aff43540147a8b2035d6ae53b7f33ebd6df99b3f5beeb6246a294373bdc84ea,df6aa1311fa4ebc5a623bc73471ff7be4ac34a282f34bbef08490c03b212811f,0.045,15329,66640
ENSG00000055813,mus_spicilegus,shuffled,7,a7e9e3315ec382d7830e0d949c3e07d93216f1add7909c92e297839e4c67a0b6,5ec081b866ab4c5e4b32fbb1a84efdab36dde39a512587296822231be43829c5,0.2468,15276,66631
ENSG00000055813,octodon_degus,shuffled,7,4681ffdec390b00031dbc4a8586b4a079e748fdf8cb327b5b315b88f2bb9461a,2b9e9000cb46d39dead03985e5c5baac15eb33f4b483401d733a4de028559d5a,0.0336,15379,66730
ENSG00000055813,ornithorhynchus_anatinus,shuffled,7,401e2dbc2a0408f7959b8a5db945f4357c5abae6df83318c87c1d54b6fbfca60,b6a9fcbab5d6ad5ab95e665773b5a761dda6490f18c3d90c0483abc32d86e1b7,0.2792,16209,65821
ENSG00000055813,ovis_aries,shuffled,7,bd49b864dbf762cefaeb1b77d330d333388efb4bd7626550e7d0346e7d43b803,ea4150715193c143fd5a87e3c5bf0bb49f5db326c4050c7b915fda1a947cdc99,0.2626,15604,66030
ENSG00000055813,pan_troglodytes,shuffled,7,ea1757b43bd42e9c08bdee2b4b6d559f64929210d3d731875492631b0a6c9bc6,9d43844567e7d2461d78216fbc2669627824c91f7623ff64df8b61895e812876,0.0743,12693,66575
ENSG00000055813,panthera_leo,shuffled,7,382a63c89561db3e731c709016cd69eb6d436c1370ec5a37f22bbf934e9d831f,e681f29b7272f07c6b0140fdb5b76078f426aed7f3c48307ae13f2441468a482,0.038,15402,66286
ENSG00000055813,phascolarctos_cinereus,shuffled,7,773ddf57da34262c4a91c73c252b58922d21330f6c789339f37a1b44c98a07a0,579aca46323886043a075f573b74152ba7eb5ab0a1c5d4876ad17293341e2dbd,0.1032,15386,66462
ENSG00000055813,rattus_norvegicus,shuffled,7,83431ade15467ce551a76e909eb39aeaa7511bacf73f904f05870459742c1e76,8ecc47f9e2d3ae21ddcb43c44c9de4d2eadbda07d8019381b4e94d851d0f9301,0.0838,15211,66670
ENSG00000055813,rhinolophus_ferrumequinum,shuffled,7,5244799996097f43d9822de843456facf738282c85ee69107e2ac69161474f5b,284848d5d286df11297cd09389a507b245bfe95dbe8e0ac651f51a2e520582c6,0.0639,15485,65859
ENSG00000055813,rhinopithecus_roxellana,shuffled,7,cdd32063c5c74251f7ffe1125416a4350f1b3c3cc4731090d549b4a20225ef32,a210684deff8cd8d0402844114f905e4b7fe3463d32c19b88ac35f8d2964d16b,0.1626,15020,66472
ENSG00000055813,sarcophilus_harrisii,shuffled,7,5dd6902250bd47365d94fff0adb257a7a1e1d487790b66357974a79abbb741d5,45aa0bb0edcf15c86fa03114949b6d77dd08124ebe97c2fbb9c1ab8c69e5a718,0.1785,15226,66481
ENSG00000055813,sciurus_vulgaris,shuffled,7,7e2df34845d9e71d1e49e4ebf317cef3289748e4c9a35d0b63112a8c148dc612,52b1ae7abf12cc030ba2a51082885a871efde9ff31f55620c5bd31c34685ac80,0.0464,15464,66467
ENSG00000055813,sus_scrofa,shuffled,7,ace38958858f1791b0e95d4086c9788d1b25459e0c3d5ce1c88bb6d9f7360028,d54813c13a57c83bc5493fbab27284f0ecd0685ffae6bee51e28d03e72744058,0.0541,15479,66363
ENSG00000055813,vombatus_ursinus,shuffled,7,0995d37d66cb04d464acd9415ae7dc0966ae2ae75248b93fb27801625a8c7a3d,623fe1644e05d75abdfb88ee4392086dc196050a87225cd07831ba5ae667ef9c,0.0766,15221,66467
ENSG00000055813,ailuropoda_melanoleuca,shuffled,8,3ab4bd476bf8bf1e32f70fd63e8396cf90b77aed0a5186f7e576467221ae22ed,6e18b314688bec34009d6b483eeab4a0b722dda29eedef65746df44059f4831c,1.5632,15788,65964
ENSG00000055813,balaenoptera_musculus,shuffled,8,c5c296e074811412066d8ac0b2cc4e6f25fef140a9e2d4019036ed4c8bae0fe8,2deede868061ba1dba50ce0e35ddf8ace4aa1e312e6ade435ea9ef3258d4d2ee,0.171,15558,65850
ENSG00000055813,bos_grunniens,shuffled,8,70f3bb266c412e8e8635defc77193daf307ae983c6409355e20fe4a1b379f7a4,fba15519c37d0b89a9a8795dfd441c981eb94fed64652811864fcfaed30b8bd9,0.1197,15626,65938
ENSG00000055813,callithrix_jacchus,shuffled,8,36853f545d08863e37abb81daeb452d8d8a042605d8ebbd5a3c87a504100b7b5,b5270cc824ed2a265b4ce4ac60d7a06768eaa6d53c3ee26c726ef4d9748c3ac7,0.3029,14930,66482
ENSG00000055813,capra_hircus,shuffled,8,71443021f540e2a27a3a7187d34ec1a988f38507461e163de75d5b2ad89d4ff4,f5af289cd9e2d2a22a2c2db4719cfb4ef6565ce9997e7c22ecc270c2a38f7797,0.0336,15788,66063
ENSG00000055813,delphinapterus_leucas,shuffled,8,4c1fa713bd877632e8259a8200d9241eaed3429e9641d4783865c21311871537,fcd3ea2968afcd7293faa67105b7ccdf984c6a6e2fa19b22c9b0cc8bf52365af,0.1889,15572,65856
ENSG00000055813,heterocephalus_glaber_female,shuffled,8,938e6ef3edd1820b42b1c03fd8e98ed188bbe37e1a10d485f7eaddbd401d07c7,6f2fc83e553ec992cf91020c0091b1321fbaf4173b344663c05423cacc1a7e5b,0.0336,15274,66412
ENSG00000055813,homo_sapiens,shuffled,8,fa3e8ea36b7c1e49875ded1147eac318c04cb3f50bc7f8b1773cf22b2e980b4d,fab9f3977337c5a50fe5a40adcf11de4fad2ac8433f39589efa2fb559cdf376f,0.1251,12645,66403
ENSG00000055813,ictidomys_tridecemlineatus,shuffled,8,0de38a455a8e82564fa1f851e27da6f0b7a08710857c885f861ed5c42f51da0c,ca8f6cc9bd9a7e3cd49835a5840ee6f304fd31437547c495d25987d412ee4720,0.0375,15240,66473
ENSG00000055813,macaca_fascicularis,shuffled,8,6d2c15279cd7b525355b9ead384a2b958f56bd495a18921a9b8ba6bf9519be67,182de5a522020780cfa744afe0ff6ef251a1a79ac0b3d9f9bbbbddc7db04595b,0.1591,15032,66570
ENSG00000055813,macaca_mulatta,shuffled,8,e1a5ee0b920a497959f8154609a3f766246c4a69f32ecaa0156469a240d9a2c7,3b393cb0f708b17130c8b53da471d817d22c96f14275d667f147414f53b7ea21,0.1427,14838,66607
ENSG00000055813,macaca_nemestrina,shuffled,8,a6ac16af63e7d9aaaf58465b34ad9a37af683de172c18246dcfd1e36095c3cc2,7e3f21d38a9abc12af722da2f89293248c92c3f255fb560093929f8ba3c41522,0.1661,14941,66563
ENSG00000055813,microcebus_murinus,shuffled,8,30c5884418a2d1009559579b57f4555336f92604ac043638a506a25fde31e2c4,0ecfe903b5eb64aa7f74cf8f56e3c4c4559c214b5744e8a5d19fe54f1efdd575,0.2161,15359,66287
ENSG00000055813,monodelphis_domestica,shuffled,8,15c6ba4fb10e0caee66b98b7e2e5bc137037de0a268a8d0e5a8eec211f076c86,af7d37ac24f2dd39d69df5c879156b7747f30fe57f4b68fb3aedb03787b88a57,0.2072,15255,66609
ENSG00000055813,monodon_monoceros,shuffled,8,33d34dfd3680d51735a02250f4706a33bc2bcba03ea79b1cd46d67863028800b,3698bc4b2d499c83bc4cc5bd266e1f7272beffeaa2498737839baada7830be5c,0.2626,15662,65726
ENSG00000055813,mus_musculus,shuffled,8,4d49cbd7e2e0c9628435623e451cfadfe515bbf2678c8ff5ec71ac788c629cf5,ded936dd7c18494af42d47b5a083c28215dd946f89b1579137c1a6a9121eedbf,0.0457,15369,66735
ENSG00000055813,mus_spicilegus,shuffled,8,3e29063db113dfc78f38d278498bc902d7692a6798e82eb30eb05502409f40b7,c036757f53c7760b4c8443476c0b24fb45b981cc2342499290c148ef0a7de83d,0.0721,15294,66750
ENSG00000055813,octodon_degus,shuffled,8,19c7494cee7dc80e140ef81513994dcd70794430c0208926a593bf893f2b6288,cfae16be778457d8f778e984fc1f0a2ffd7d5d2bc9be6b6b575bc38d6f482b8f,0.4875,15315,66798
ENSG00000055813,ornithorhynchus_anatinus,shuffled,8,4a5a95c510736954da3fd345336d2287fb898812b10cf8b9991ed0dbed20a4f8,edc907fd3ee8d7b476f0bb49ff9a0117386aee8d9f8ea35ca5e912585d473506,0.1366,16173,65775
ENSG00000055813,ovis_aries,shuffled,8,c9da491ccf8311c8111b5fb305583f5eaa8ca305adca47fc339cac00b5411929,34bcb0604c6c328262f73d9c221486829fc657c0eebfd73ce4540bf3fe00d793,0.6556,15589,65952
ENSG00000055813,pan_troglodytes,shuffled,8,1c2c7793ea68e4e4dd65121f91fff2b64f4d02f60613043ff8a31da9bab9db9d,ae1cdc12f150fb343bcd61c4911024b8d83f8286d038e3808b0f3b814e85fc21,0.1336,12576,66541
ENSG00000055813,panthera_leo,shuffled,8,c214cf24466a7554eaeb375a103669da2a9bf76ccf64e59baff9bdede5574719,ac4116aba85721fd46e6e258b7584b8b0e54aab009fd52bca35be1eacb137aca,0.0375,15357,66286
ENSG00000055813,phascolarctos_cinereus,shuffled,8,d1042c95033645be72c42709c2a7d607a674786dc1239d57999d8a98422470cd,9b7b90004ead14a769788d479551503a2827b49c3680b4fceb6321a75e3c0136,0.1298,15347,66517
ENSG00000055813,rattus_norvegicus,shuffled,8,22314ca463d199ac22c9b56796e21234ab2ec1d94bbffd97358393a89451aaa8,f1274239265ca04acd918ae7ba307799f667d10060a8c62786a992198826272a,0.0679,15268,66760
ENSG00000055813,rhinolophus_ferrumequinum,shuffled,8,4b045b6c9b942fa7ef6352f55e1a504d45aea5a1654b31073ef6dea8d7eb6d8a,be9887ab2f90471e9cec5b85bc6577fc67ed5eba90aff839d8a24007e4767f9d,0.0699,15444,65940
ENSG00000055813,rhinopithecus_roxellana,shuffled,8,82cb89dde2f817fab38cfe11f3e0916b21daca4efd87fc5f2556963c2e79a56c,d101ba17f8847010e90bef725ac9a6b7499b1f39180a0e3c2bd37be7d8319306,0.061,14995,66442
ENSG00000055813,sarcophilus_harrisii,shuffled,8,c20c54c104173b51150c131837f038233d3b4dd915f93895403e8481df94ec8a,ec80b62bc3c028d3d34b9891166a3b1d054a6e2834f8ab6d58a7e939cc76124b,0.2072,15208,66554
ENSG00000055813,sciurus_vulgaris,shuffled,8,29a2178d794fdcd5687a0491927af68918e36de3e942ec26dec3945098ded8eb,f616d77d5cf3df997aab750b2787167c8b6dd58b97716a4ac8a69270c0a244b1,0.0721,15447,66510
ENSG00000055813,sus_scrofa,shuffled,8,9f9196fcd276bfbc7a5d7085cb42818cf7deac962b4ee0bd910f6d6a28746ffb,28f988f67df1ed365447dbeae941eab216badc91dd6387759ecd16bedbebd7a1,0.0789,15404,66299
ENSG00000055813,vombatus_ursinus,shuffled,8,0c967d611ad5d742f1abd8aafe3207916d080f09048239a8e7e2550fbcaa1f30,a2a1189c8e2c4b76233fd52258de65bdbe92b6bbbd27b65d5ad7e23b0fc22df4,0.0889,15210,66513
ENSG00000055813,ailuropoda_melanoleuca,shuffled,9,92297557829c161a51b05f5571a891bf9e2d4017a194adfffb03cb991401a28a,7c4cb596a1798a42a0c21cc6cb31012e357d1492125612905d01f83e67721fd6,0.9051,15842,65951
ENSG00000055813,balaenoptera_musculus,shuffled,9,bef65ccaf5f624f07651c00efd3029a9f1a51255801e21d85b05202ecfc33239,a1c21acf6fad644c728ff30c4dccdfee6f0c3684f22e5a4c1e4f223298771acf,0.0958,15533,65940
ENSG00000055813,bos_grunniens,shuffled,9,988746fd81a440056580b00f7200e6eadc7c19d75de67f2585555cc9bb32e387,a7c49470849f083141e8677233914a4677c00eed323e4a6010d8cb12bc4533e0,0.1797,15728,65825
ENSG00000055813,callithrix_jacchus,shuffled,9,00f14195d3190dadda10ef0a1fcc9772872ecc2126740bc6468c25ce8d85b48c,ee01235e641bcf80810e2829b7d79e8b5c056caeaade87131d148a0b312fcff4,0.1545,14981,66493
ENSG00000055813,capra_hircus,shuffled,9,9820dc5928f481c73f5e39d378c7ed6b27bda825829992e4f9a499e68a0c7f8b,a6201cc87e5ae9e21903646899306ff21b6ccf86efd15205cd8e1d37b1568de1,0.0541,15782,65936
ENSG00000055813,delphinapterus_leucas,shuffled,9,e76276e8f6da70b83a426d402c0d673959081eb29dd9f1f38c0445db7f1358c4,81d805e79bd4373c24d89d1c51ef2e89e439486a9ff41d8a640420ea233e0680,0.3613,15634,65848
ENSG00000055813,heterocephalus_glaber_female,shuffled,9,f6dbf112edc5a638f0031d17d02af0226f389bcf21668ca3ee12335c83ffde90,f9425723c9b8a32c05672196bc40116a460e1d8d40d36cfad43eb99b28f4aebf,0.0263,15266,66412
ENSG00000055813,homo_sapiens,shuffled,9,ebbd09b0d64ae789a7f2e6b21926d0c640a71f458cebc0384e9785e81aa223eb,b6273d8cf13ec64e9a1dcb638aaef730755f2113954c85cd669294182ab6d070,0.0549,12627,66439
ENSG00000055813,ictidomys_tridecemlineatus,shuffled,9,0444d34ab2e9185012f5c1e0cc74deb2331982f3e44c45d6863e1910dfa65439,c7750ab9c305e8e8e7014464529f5fdab2db8c020d5cd678477c081591bf256b,0.0411,15265,66597
ENSG00000055813,macaca_fascicularis,shuffled,9,152c371827b6cb101dcab132b22019abe5f9514a31e62b38960a53409bf547dc,4e5b668af9a000cfa330e33cbf334d3834ce5612ce7283220cee5b8fb95921f4,0.0766,14977,66643
ENSG00000055813,macaca_mulatta,shuffled,9,d7b5134734c96549af4c5d5066ab9f28605e2dd5ec8485ab616749cd01c692e8,02648ff0be3b53295baa57839decdb7629853b7566a9fe5ae1530415ebc6e0c3,0.1986,14862,66511
ENSG00000055813,macaca_nemestrina,shuffled,9,a0969c9e4c8ebd4f928d7bfa08606f3615bedcbcd0738957facedad88cc8c8a3,660f3568c2fa8ab9fec6e66813e36d1776239fd9df6bda29d587855d2100ec13,0.0601,15064,66508
ENSG00000055813,microcebus_murinus,shuffled,9,9d40102dbfa95f5f784a723e42fb6a9b9407bd9b9699068f71695c92e6523f2a,b9f463c96813d8b28e601ea7f4bf4fc338cfff5f7c110fc56e01c8f6f29dfd23,0.1215,15407,66211
ENSG00000055813,monodelphis_domestica,shuffled,9,03de9c6f2ee867880068e329a41bcbd4a6021bba3acc7e97c6544f53ab4355d8,5b399d0d75a77d87e51a10711fb830fa3a4e56c481aea0a9f99cff51297dafff,0.038,15325,66599
ENSG00000055813,monodon_monoceros,shuffled,9,e160437312fd3873248a48a65d7ffa2b50deff6c55e31d7b05a93d84f39d0fd2,b38ca231e83f248e6751dc629e3322ea4cf50141bfe4e38e5cd163173b5dea96,0.061,15654,65862
ENSG00000055813,mus_musculus,shuffled,9,1f792f17cfba8769f1f131086760ad942a2a7a3317ba622c850b94cbdcea9f94,8c3fbf5dce2ff986bd8f4a62e9d540b5c688866f2090a6e2015688f1af8a86fa,0.0825,15521,66753
ENSG00000055813,mus_spicilegus,shuffled,9,4b61e3306eb0748ccd277fda1a86a6a85a8b7c5dfc477d23cc8ae121dcb37fca,8f152436f93f053494bb2b538bf67610a0ec7d17ea6321152a01c994949b40a1,0.0825,15307,66636
ENSG00000055813,octodon_degus,shuffled,9,b28855b191db7ca90d6e65eb9a8ce4f32879ac2aa34f6fa0a599c920cf206f38,5006f651f00c55af522be00c4740dce18407075256148f9a7d5c78216c2b4096,0.0392,15367,66744
ENSG00000055813,ornithorhynchus_anatinus,shuffled,9,cbfbaab6591616faeab58bf6860da75e5b2d283f7859d60afe885d7d97b5c853,740233c5ecd4107e83d593493a35f9d7fb2653cf0f2272c2c0d690c13460caf7,0.8958,16209,65861
ENSG00000055813,ovis_aries,shuffled,9,c841ddad1027c9a879b2bc3e653c824733b0c225f42e4f25fbf3655eeb30a643,91c0cf734a25f57e8cb3c447f8de833f0d4b1f5e15974af41e89f0046b450e3e,0.0668,15633,66006
ENSG00000055813,pan_troglodytes,shuffled,9,a832db05ada5d7dc08e3a2b3ed3b8f2a13d919277b3bcc5168127463d7fef606,f713171bf6de03f8a5d493ba058df5d3764e1ef21590b8573f95497a1cccf527,0.3009,12625,66522
ENSG00000055813,panthera_leo,shuffled,9,c78d8e052519589f752aef419d413ad0c34686611458622dc019cbbe89163846,64b4f5d1eefd0dffd297a47b5eb155f69c7195d54bbd18a32a4a8ca51e62bbf3,0.0801,15441,66235
ENSG00000055813,phascolarctos_cinereus,shuffled,9,14404be4daafb72a9ffb1c856a850a858a353b30c86f4f41a80d6037503f5238,8ea7954065ec2133b58c19dad056cd0555e16fa9d4aadcffb8e8f10e83561f44,0.1512,15347,66454
ENSG00000055813,rattus_norvegicus,shuffled,9,8409f4be62e28c4d8744740e164c0ec7299d60df96c73d1754a8ed68d9d4eb76,43d87c6a81141cc95e7bc76dc04bd0aeb243de19589ca21fff8d09db147d75ac,0.0668,15245,66696
ENSG00000055813,rhinolophus_ferrumequinum,shuffled,9,839a34a1ffdf8c4c506c97d22d51357e4107ab5b0b8c760291e511ef287d3ca3,006765ccf1f4460f4b5b6b7baae2587d38e7682f2d31008be919953d1e1bf49b,0.0479,15514,65815
ENSG00000055813,rhinopithecus_roxellana,shuffled,9,baca35a265d492bf6387054eb3f197adc90f2adc9991736f29eaa5a606def6f2,b45de4feccdb68ca78043ea6b931e91918ac92a86bb6c4d0c356313934297eba,0.4974,14911,66472
ENSG00000055813,sarcophilus_harrisii,shuffled,9,28d461d2264a69f31602bd4d9f8132688670925ce7cd8954910bce152254d41d,6db15b2e9b68bc48c7b120cc555914d0e9afcab2a8d979f4f1ee5dbe799a3b64,0.0464,15239,66544
ENSG00000055813,sciurus_vulgaris,shuffled,9,2b750583916652ad5e5665ad99096053c1a664c216bb95a0880a820c350a113c,3cdb3ebe92193465ac8f1cb0b9f5c8a3d1ff22280d5c4f6bba0ba6efbe9deb5c,0.0363,15447,66456
ENSG00000055813,sus_scrofa,shuffled,9,a4aef89406c65a4a329a31b6a109f5cd5757d228a146509bfaa2915dbf3652e1,0a87cc0cf8821db77b93602c755643f2e329e18a8c764e5d5e7a14fea22c3cd3,0.045,15427,66374
ENSG00000055813,vombatus_ursinus,shuffled,9,a93f4f0fd4166ec3daa344bc4a8207111ec71175646237291e272e8de6ecd784,c92cfb59b449fe081b1d12264fc027cbe75aa119eb7eaea25e2fc88768e0edef,0.0629,15195,66486
ENSG00000108231,balaenoptera_musculus,native,-1,95e7977acbe72219358cd11fb8476e885b92a58b12de4cbcdd7ec8a67262ec31,9d2bf273ce3d7a5b0c46a214652526438c2b3f4feda43cb0363f9d5de92e7f80,0.0342,15460,66432
ENSG00000108231,bos_grunniens,native,-1,4e6a88584f8d10758c3b0a6efd4d95dfdb623dc18adb82b1d6f09b8d8f126563,06c275d91db7b9d825e5e30c7b3cc893eb3def9e3493244e2cc610967db07371,0.0689,15576,66445
ENSG00000108231,callithrix_jacchus,native,-1,29a9a056fae8d8c7b90df22e876e902e669d706475bb3ee383cd0665c40b392e,6b0873cb0eb689bbcc9bf3d2acab89b45450756e2f37d00d4beb2361770bf7eb,0.0443,14499,66913
ENSG00000108231,camelus_dromedarius,native,-1,20d506e5599a4aab6d553b9edd03f9aa0fb61390a50ba6f89076c4990e5f3215,13cdfe0ef1c1e6e62ffcf392b4bd3d11fd74dc9b07f0410831cdfde9c8a0a37b,0.1734,15532,66291
ENSG00000108231,capra_hircus,native,-1,dc1d6157fcea6e3ce1b0248e0fb25f3cb55033d53522191e9276eab6fe863d55,1d396464733d74fede9c4e7c932c83048e94fa1e5999c6d61ddca74e67c9b1bc,0.1079,15619,66489
ENSG00000108231,delphinapterus_leucas,native,-1,dff25b2fbbc82a631f684b58dda8b2a9eb4098db6b3974d3d100b3e02eecfdf3,1668f839e3558f53dd437445439b9cc26e01f963840b56d47b2b119333705571,0.0347,15558,66422
ENSG00000108231,dipodomys_ordii,native,-1,14b61b7596861e7d37e15c33ca7f327ab7d96f76bd86114084a057a31dd4d74a,3066485debf6e6d7c3f894e62058dd23f9068ab7b78c458c83b6325e9d3f2a0f,0.1179,15260,66741
ENSG00000108231,heterocephalus_glaber_female,native,-1,4e31109bc284149913f6380a714d79cc2217eaa59891dd2fbe5376ee69f24a17,b9861bccccd9d0213b7c2ed6a269db4593b88ce42efd9700f82265a6ebee1442,0.0326,15347,66690
ENSG00000108231,homo_sapiens,native,-1,bdceb71f6f53870784cd51bed0674eb7ccdc30a6dd96196058cb4ac0f49bbfd8,eef1f495915b11a451a6d1d97c42557ae9191a00b35f5675a12cff6baea71110,0.0307,14680,67316
ENSG00000108231,macaca_fascicularis,native,-1,69bec3e5652ac87eef45e6926ce329bb15aaf021b52245bc747d209ec157ea84,36eb1f03da44ea605a4fec4883660185378ef2d66fe74cedfca3f1be1492ecdf,0.0229,14703,67222
ENSG00000108231,macaca_mulatta,native,-1,d777ef021c38b0caf1f1e7c8b516c7984cca5dab239dd128791a51981dbbbd6a,deb62477b59a09e025affab5bd0d06fe68eb5e948f32392bb55a89a56aba81f1,0.0288,14551,67227
ENSG00000108231,macaca_nemestrina,native,-1,7495c8bbc26628314701d63dfbe1eb5d99e51f4781be19642f36a70d4f25f7bd,ba5b7e0bfc7a31f2ac4ec0f300045d5a71d444c7e3ab35663a299e2bed82020b,0.0316,14547,67256
ENSG00000108231,microcebus_murinus,native,-1,a3c3471e542be986c120fd9a0e2c8fcaca630d76a1563989ac54ac5b0a6b34f8,c3c5211e3acde96f6c1bef0ff2ebf5fac59a8f52c4c534f0fa423e595f9b13d0,0.0987,15199,66993
ENSG00000108231,microtus_ochrogaster,native,-1,43e9e52d33ad2b7730843e75431e246e544ae2f7015f20eb174c70ade9e60b0d,398457247c2af605e11ca3d0114c21e0c9302a5201f4ef340bfe322e90dbb091,0.1579,15482,66763
ENSG00000108231,monodon_monoceros,native,-1,5a5fd4797367aef4a89fc18477e76c54e11c2f28737c3eddba6a439a1a4773d6,5434e5b19785462d4be0109aacb2368aeef90789025f9eae532cb949267336b9,0.0187,15516,66484
ENSG00000108231,mus_musculus,native,-1,3dc57b4bd52907e58b45d9b23407326cef5a4562bafc4c1b74d567e46a070983,e798276d6b7fe19fb5a21fd59f37f6893e7f8ee882814ed45adb88b8295b8c09,0.071,15327,66781
ENSG00000108231,nomascus_leucogenys,native,-1,c910bf9575713a7037b199fc55d5938aff64922f1f0c3703349c615294ff363a,11a5d68b4c1983898419b17116ff188156d083be8b9846c50c8d800772725157,0.0293,14578,67478
ENSG00000108231,ornithorhynchus_anatinus,native,-1,f7c870c55a6af4e5b098786234a4e7371858c6ed074af8a73d5e0eabb7b39e0f,526a6d0f82062958f8b5a22d15627e829fc1703a92188930648c7b1770710103,0.062,16340,65624
ENSG00000108231,ovis_aries,native,-1,213be6662dbdd62d946de014ac4534f5954596452ef4f70738438df0965fbc9c,fd142bb49304d2f55d098ed947e34357e6d4127a3367e62b614f9eb4e64c43dc,0.0777,15551,66409
ENSG00000108231,pan_paniscus,native,-1,288435f08074dfa3631aafe9979f5ec949cbacc4b7894796a83847dcafec4241,75479525c10ba2b11fab4be94d8791fe081844ed850f3ec6e11c4a792a6f49bf,0.0232,14660,67198
ENSG00000108231,pan_troglodytes,native,-1,0612c66adfb52d8dbbda6c7faa85067e604d4d45acd294418ab53dc7abb170a1,3158fee0472bd086dfe77191dc03e0bd0a49faa1964bdffefdfaaa58fdd25be7,0.0176,14682,67242
ENSG00000108231,panthera_leo,native,-1,d1c45c67090b6ceb071731dfa377235173950cf1bd6eb71d55c4ae0bcb614587,bf6b88eb93d211b3bc7bd433e76891592ccaf41267d8f49c87508214abb32dcc,0.0114,15466,67017
ENSG00000108231,phascolarctos_cinereus,native,-1,3b349354412301e6e329a4953b0c152da61ec18d959ee99cf4d687abd404aa05,57626606cb7509466a19f77a9193aefdc42529e6a47b9c4d1bd1d00c6cc46639,0.2014,15093,66637
ENSG00000108231,physeter_catodon,native,-1,ecef6a77c36319daf392e131162d59dc8af0e056f0a68e8c3eed71ae98439986,e1f42d96e61d0c210c7f39670f6aa4905129bb7ad891b53d6c6d23b8d6b942d0,0.0267,15623,66555
ENSG00000108231,rattus_norvegicus,native,-1,0ff6c0771243de2f9c0e3aec89d6eaa4f82cdae265fa2b840f4ab49dc3c2987e,9e2f11f0baf15e833b71f1383c35ecc84cba2e5d36e16d736768b07c1aa56337,0.061,15308,66517
ENSG00000108231,rhinolophus_ferrumequinum,native,-1,bd25dc2441729cd669f496807683fad8979893fb4b80c783c0a37fd67b8ce8e2,22dc725fbc0aac9bace7cb576debe2cec5ddf5911ec4161e6ea8d22da8ee54e2,0.0549,15471,66503
ENSG00000108231,rhinopithecus_roxellana,native,-1,10fb90242ff7f1006a80016748fb6773fca45e89480f4098f2e001c0015f4fd5,21c77ab12b0af9d7170541c10f3691eef7dd9b1af44e1a60a638ba350bb67967,0.0592,14533,67260
ENSG00000108231,sarcophilus_harrisii,native,-1,b372303772e5461ca8ed0c9c51de124933dd6b008ae397e83bca102a0279901a,8880039d038369c20d2e3136b524602b75d7f54c5f54e958e3182b227de0ebcd,0.3806,14873,66753
ENSG00000108231,sciurus_vulgaris,native,-1,74d5dabe8422b16513d05504ba941165fdcf23a74e36d850e768e5a06adaa1bd,4613e474abb667a85fcf41747576360ad51fe84f1158ebe8e158f7847f95937a,0.0411,15210,66677
ENSG00000108231,sus_scrofa,native,-1,32d1347b5792003ff47a87baa4deb6137168e6fda204c825154f923dfaeee371,4c53bf9c41271779eeac9a27995d36564e6833fdd68bb642d413a3b18417318b,0.0863,15194,66603
ENSG00000108231,ursus_maritimus,native,-1,574a3e320a2a1ff20c580fab9fdcc2744ba58ed23dc0662af517acce57728168,c640639380bf15123ac21002029003508d060b6c53baec507a4ed4ec4e0d71b1,0.0243,15549,66479
ENSG00000108231,vulpes_vulpes,native,-1,0b433ab661b2d29f891479bec88cc0e96ffe2bf190081275b543044f9ac90220,77e1b91ea34a632c6fdb2fcc4e3b081910a070e6bc474374e869638f652a497d,0.0352,15084,66699
ENSG00000108231,balaenoptera_musculus,shuffled,0,bc596effeccacac9f8075b9c06fe0a3b027706345d5ab4b91810a6bbbdeff34b,56177c791e8a88738197fe4bf0aa11029c952d3210975c13e2baf87bcdee64c8,0.1145,15501,66341
ENSG00000108231,bos_grunniens,shuffled,0,c0c5025b803447b38da9a4f689988550db99058afeb2c5a3c763a6c512dfdd5c,918c8922ac1ee62dfbb6f428cc3a37b5d0d5cf8e42d950ab3e568586cd2e77aa,0.0501,15654,66453
ENSG00000108231,callithrix_jacchus,shuffled,0,be42ad7c3b1244fd1c868eecf05ffd40bcdef41f0259f1aad4f006b764f7786a,aa4712089893e3b49d2749b670c4dd4ae511fa5c57555193847520a171e96bc1,0.0417,14619,66813
ENSG00000108231,camelus_dromedarius,shuffled,0,6ae9f2d36e3c3fae94794d4cbcbb45d4c48558f4314950f82ea7b1fc82b1c4e6,3e6258438f2c00b7672bd5af27bde70aac55ea4d6463c5a991eeda00ef495101,0.0457,15558,66176
ENSG00000108231,capra_hircus,shuffled,0,51ba02189088cdef47520730ff9248a0061086cd59762f2c432de5f6a366f8a2,a17e8004d469ee938a13fa9e691412914e2870a70b611104e81fc6b46f45d4f8,0.0987,15672,66419
ENSG00000108231,delphinapterus_leucas,shuffled,0,b2d8fa283fac2f68236a70a3ee6a4c125234d18f5a5f62dfd77d8d3de82e06e4,411d69adde37e140f69484aa48cae39372cf93d98e992196e3c0780ee2e7036a,0.1416,15614,66269
ENSG00000108231,dipodomys_ordii,shuffled,0,ca0bc9663d12e13f4a0b7b88b01742eb2f22b1896a842997e011ccf441ea5684,6ad1cd6adc3b681727cf2d4f02069485d14dfe0cd1f8b3f075ce7353099edd0d,0.1032,15358,66714
ENSG00000108231,heterocephalus_glaber_female,shuffled,0,46b8e5b1f5ef8169c5bf747bc3563200fff5ee6442dc4a4a8505c1841f21acf6,9c8e1df740eb95c06d5d7f42928d4411b5f4df07718dab9f454f17bbf97f0d7c,0.0307,15446,66552
ENSG00000108231,homo_sapiens,shuffled,0,1b68e872b5877b39d2d1651547547a8c205ef5702cd169d683d81db787234873,2f8532125deed723aca10280a52931592f578c35be3d9f7eaa8121394afa320b,0.0557,14689,67345
ENSG00000108231,macaca_fascicularis,shuffled,0,8810ad2d86592b5198a330e62befa3897eade0fe8060a1168e1c609d2adf7fae,821549c22c80bbd48a2f2c86909c5e630d0f65e85f000917bbc06e0e73dcc0f5,0.0549,14812,67198
ENSG00000108231,macaca_mulatta,shuffled,0,d001ea544eaf73804a4004ef34487f161e7c55a175e5cdf71ebaa56677d0d0ef,60ec16078a45d85693a4c3e585d45413bc15ffd948366cb97bbf46e7b97f1b93,0.0574,14616,67227
ENSG00000108231,macaca_nemestrina,shuffled,0,4671a974a7d66208ad2befef4c8018d634d79adcf1f4abdb45fea01e2f49e48c,69be773cfc7b9dea3ee2b52ba77af077130adb0ab3213c1b247125d4914b65ea,0.0347,14594,67265
ENSG00000108231,microcebus_murinus,shuffled,0,09c26691a1acc224f662ad848cc6e4b9234d34defe3aadddea3eba8ef561c523,bc1bfa97ea4fc260ac26ee52add32524a0168b6724139ea1782911e5d198cc02,0.0509,15188,66957
ENSG00000108231,microtus_ochrogaster,shuffled,0,215dc6e03c820851c3ea52f04f8920fd98c0b025fdd120b9cebeb4cae43bf014,86e79c651dce3a992ad6f0e3d8978027c5262ae6f06b08493f1715ea65af7a95,0.0404,15651,66626
ENSG00000108231,monodon_monoceros,shuffled,0,d6643d6c348c4cb197c7a2c4daeb63e64c3e895444fcb9a090176b383e495105,26c6b99b059229c065650691c1693450eb6f23cf735bb3c35bfc95344707a0d1,0.0699,15629,66429
ENSG00000108231,mus_musculus,shuffled,0,1d20613cc986c631e00826bc42498d7bfa19ee5b2beafece1c30561fd0ade9fe,8612162959c5d4fbe0e8447afcaad7638044ba5fbb31c0573a969a70e10e61d1,0.0944,15451,66680
ENSG00000108231,nomascus_leucogenys,shuffled,0,4f88e5f218880fbcfced6ebb851b503f48413f4d343bb2a1faf7445966099d81,def320476d67554db68db6fc825070b9bc48cdf40bfa9d9b5911b20705da6b88,0.0352,14556,67487
ENSG00000108231,ornithorhynchus_anatinus,shuffled,0,2164de24322ebdb0186178bcf1c904f8f5bd1cdf929cbab15734bb6870f31c4c,33a6d4af0bbeb11077718357c19f376b81c6962ea277471c43ae34c6c480e511,0.181,16437,65631
ENSG00000108231,ovis_aries,shuffled,0,5365f6674d9d02c28b38614b1f47df4808d25fea962fd82ad1e2692d0093c02c,641e23d3499270ee6e9dde0a388fc11af2ec6b6eee2b016f82f352aaa2004264,0.1317,15676,66417
ENSG00000108231,pan_paniscus,shuffled,0,474b1b4fb3cbd1fee3b6cdf53bab46d9a432a6ab218724797a1410ba46f00f53,fb983d464f49a99a0bd883e2b9c6e613b35d4b67bc28b78f75305185fc1c4493,0.0263,14660,67170
ENSG00000108231,pan_troglodytes,shuffled,0,0e5a62757cbabf6cc38d03655c66351afd24303d0f65e73e56094ffe1856c054,2a46eddd2c608206f9f953a3950e495b40a811fade22ab6d4be28319ae48977e,0.0284,14731,67273
ENSG00000108231,panthera_leo,shuffled,0,5d32f242e7c049f77cd78df90bab7744fdcad830a254067b6455395bdb09e15d,fcb4528d51b141d58d6bd9c54d01cca4c65d383e2e74f6845cc295d30ba5b2af,0.0298,15549,66981
ENSG00000108231,phascolarctos_cinereus,shuffled,0,4612a5eb57fa446c02c4c535076b2afe477bfb4c06113cb4850c9922be24106d,a1cfb4d72605b55bad4efe74d6db6228b323f048bef7faaef5fd2c19538468c9,0.1734,15126,66600
ENSG00000108231,physeter_catodon,shuffled,0,7da61e717f58668bf3c36f046fdacef426f4bdd422015d343c4f1d2fab5c60b9,32deb6238c44d4bc74b8c548fcd8e9d82a4b9e5640d7b0394fd683542e08e7d3,0.0889,15679,66576
ENSG00000108231,rattus_norvegicus,shuffled,0,0ce27ec20eedd3927f6648db85ddc414cdcb82ed832f4fba1a5ad4347a856632,e8e8b64b9674ed5f7acd2fba5902496ce50ff352021ea5880305ff799b858d1e,0.062,15382,66449
ENSG00000108231,rhinolophus_ferrumequinum,shuffled,0,8d91ccca0df8b0fc79aa0886a2430421ef8afffaee30ac97c5937be2c50ecfc6,004ff9e98e0227363918116af41dddda2d81d855a5fe887ebfb66fcd25d47487,0.1197,15494,66486
ENSG00000108231,rhinopithecus_roxellana,shuffled,0,ebcb3a2ffa4a7086316676e5a7ffc050fa19d4bef7bda271df7c271ea8d6db98,17024b5ee7383587a2f9ad7288907325510da349210b5c92a0582f1b2eef839c,0.0363,14566,67232
ENSG00000108231,sarcophilus_harrisii,shuffled,0,02a4dc7fdbe8680bd139e3b2ca6389927ed8aa50e691e1a8d2352b7d2d1d6d8d,f08b31558b75d1c7cd86d8d068ef869e969be36c43242445dd856d7b5e6a23eb,0.061,14873,66690
ENSG00000108231,sciurus_vulgaris,shuffled,0,9f0d15b105e18a406c15dcc6527c42ce1f56929346874da55937f5449108b824,df1a92757e4bf6936d1ae793c0f75e49e73483ec7e3fc43fd488f0c0cc3213df,0.1063,15222,66639
ENSG00000108231,sus_scrofa,shuffled,0,c2b0187c0f378a510ea8cdd01ab7a76efe3e1d8bfd4dea2984ef2f3155f218ac,f8bb9cfb62ab01da9944ed459bbd0a6cb1906c1752926bed800b9b10e1e9f115,0.0973,15177,66652
ENSG00000108231,ursus_maritimus,shuffled,0,e5890f281e0d2103407932547ff1a10c80589ca88be19102ffbbeeaacf22f0e2,bfb157a348e89f2680a6e99e269333f98972f954f8e7fe1136f9e6d45ecc96e5,0.0557,15544,66376
ENSG00000108231,vulpes_vulpes,shuffled,0,bbc965c7438d9236204489827945dbf7ee0b6dce6a7dfec53840dde64ba960ab,54be58bab8fc5b42f78281108e04b7e170fa3ddc229735fb4630c4134e1747e6,0.0392,15179,66628
ENSG00000108231,balaenoptera_musculus,shuffled,1,11bf74d3b43716b4124d31ded0a643d5e2b66a0b61cd2210c10f381e2f731dd6,c2a1dd839ed3916d07a8f76afa08438110015d46c79d8b4f3d224e17158e1031,0.0754,15533,66386
ENSG00000108231,bos_grunniens,shuffled,1,bec5256215a0f30011ff774b9d6e6651952dd88f27b270479e32f00d7f8b5fc8,d3e081e4bd2198ae8f3a2bcc4d05aed3ebb86a62c2d80f4e3a1a6cdf30f6d4e5,0.0889,15699,66482
ENSG00000108231,callithrix_jacchus,shuffled,1,f6ed035a16458eafbc1b8bf16e9fa9e184376d2705c9125be242ce96643eddcd,016ae544b9d099e9b2604375e236be389775abc9e6cd9d41c1a7dfe6e0c72734,0.1215,14603,66835
ENSG00000108231,camelus_dromedarius,shuffled,1,805f216308ef6715a52fc5cc93d5842f21ac3895677c2f3dcc7305deffc149e6,c081b339e9a8ec75d9d5ab892ac5901b3c554a124af7f50502cf14c3aec33dd6,0.0509,15555,66189
ENSG00000108231,capra_hircus,shuffled,1,f3c24cbb2194cff6e20a82ae3158a3d4919d373098f68e1a36434e55d993f8a9,af205fccadc4c5f643b346480eb341c8908362576600b12fc2ad1590af534a84,0.0423,15641,66465
ENSG00000108231,delphinapterus_leucas,shuffled,1,4d4a71a95e1bfbae94e524ba7630b1be283df30e73dde5fdcaeee913660f31ed,9beb58c5e5b61936927a0f109a284cc854bf2a7bf2304bf05c5e0cc0167b6338,0.1179,15640,66353
ENSG00000108231,dipodomys_ordii,shuffled,1,cfb406048d613d9ddb6cf364f3a5a8e456b65e222d9e2e151cd960368961af0f,cc71d34aeff52d82ef4096916e8f74340a96c39867222066e1ac0d28213f8275,0.0541,15270,66737
ENSG00000108231,heterocephalus_glaber_female,shuffled,1,26ea6f76eb4a3bebc6c46d1ddf008c9682c65a799f3689e7155eb798d4aecf32,e78d320627df3dde12df9ecd5670db5291af9456109df289ea773eff21e96497,0.0358,15433,66670
ENSG00000108231,homo_sapiens,shuffled,1,ab3d1faec69a57735dd5dc7bdec3d3e90aa2b25b96f99483768d2b54e720fb30,78ec3934b8c608429ab258ae04c5477ed0af59481b47dca073fe55e9ecc82589,0.0342,14711,67323
ENSG00000108231,macaca_fascicularis,shuffled,1,6400be5b74f8171c41aaca523ad4e5d7ae50921a7d44a29a3bc4d7050155c2fc,8042f4fe2bebbb899c8b231d68d60bb738400d867712cafeaa15cbf64a1f13b3,0.0532,14812,67190
ENSG00000108231,macaca_mulatta,shuffled,1,9d6d8649855b02b04a8169436fc6083fe34a871799583d2704f4c2b73d502e8e,8663fa7cf99920a73e6ccbfedcb86b3ce58074a236c8a7e9611895cb088ef9a7,0.0267,14572,67288
ENSG00000108231,macaca_nemestrina,shuffled,1,19b0818108bd68e2bcc78b8d174ff0c423b63f81a67b04ba6919cf2165d0debc,baaa6bda35f0b8143eb33df0266282c2b27b6b1e8dd9cdeccbb9cbf2e359721c,0.0298,14618,67237
ENSG00000108231,microcebus_murinus,shuffled,1,ebbffbf66c45ed3d8eec5a925f3204f4dd95b975950f2414868efe43c1ef8d62,fc8b66d8a53be9eab83b368efe031f7307c0eaf842932f8b0d9647abfc434f4a,0.0486,15194,66933
ENSG00000108231,microtus_ochrogaster,shuffled,1,f62997e546d73ae1cc886de9f753a035784ceabd0062cdd8e534b450068e7f20,3a1ddc3d41553eb8154d96aa57e5fadf10b91611a638e3d053c539df6b7fda5b,0.181,15518,66727
ENSG00000108231,monodon_monoceros,shuffled,1,e967f2d577398015998e36a2e666bd3c3acce3ba60ca2929ae3955e86e94094c,9672963a67c133aa97f73b0c2a6cdbcfbf7a0bf4bec01b4fe12d34bf28cef962,0.085,15646,66519
ENSG00000108231,mus_musculus,shuffled,1,4a6daf0d72cf226ac9946b79a47f1b3f134a39c2f6100cba4cada2af942ec4cb,fed7e0444899ce7aa5b004ecdd69dc19a1ac955bc401ca83ff2cf5fcf89b7947,0.1002,15416,66680
ENSG00000108231,nomascus_leucogenys,shuffled,1,4d6dd1be2c33a77b30bf965048ef58642464ef8d6665a50d4711186815329374,519db4dc03fe665f7a48e0fdaa93496bb9ca0dae55ecae4a8ac17d6a29c1798d,0.1179,14616,67478
ENSG00000108231,ornithorhynchus_anatinus,shuffled,1,c4b75002ae876162a29506a546b0b3153b66aebae2738ade1caab573f96cef06,f6b6be45d0ab27cdda48b89eabc16c6162fdd8b66a5d5ac1ed64979651561746,0.1128,16437,65587
ENSG00000108231,ovis_aries,shuffled,1,3405c7178fe1de50c1fb569108cd187961317a2a09a14c352497a8c661cc8f98,e7e26c0a17ea442d74002fbc59217fd58b48db92ce3794704adcac56530d61a0,0.1307,15685,66403
ENSG00000108231,pan_paniscus,shuffled,1,fa25b9dd50b87f04456e520488822bc08502590ce03aaef5d0f5cff3d32e6476,4513d394cc97863e77ccb62deb17c99615b531e6c924e2eec51a4511f5d544e0,0.0754,14724,67189
ENSG00000108231,pan_troglodytes,shuffled,1,6c561113850966fe0e6a090e155a4622671cec8aad89815d8158236de73dc3da,8a3801b1f0c40f9025fc7a5443e67b53f0d56517c446d85c1c99d057f99efbce,0.0532,14713,67270
ENSG00000108231,panthera_leo,shuffled,1,34ea0effd70eb7d7b3cf003ecbb953039fee9f5a4230a56a59a12c81207951a2,4656a97f7c66375cd1d86a8fad0e74595a3b092a3fff7a147a1076d2217437a7,0.0259,15466,67041
ENSG00000108231,phascolarctos_cinereus,shuffled,1,be5b90dbbc59c7ff21400198a489a820b6457582456988af59e7a6d6cdd47e9c,ff537babfc7aecbedfd1f1659641687151a548bc065ef2dd086532c6c33dfe49,0.1501,15214,66540
ENSG00000108231,physeter_catodon,shuffled,1,b751d9b85eb88bc5016c85178196a524850be85f98cd9f67fb8ba78ac6b92dba,a68e22c2ef1ebc920c9843317111b10abc0d1eec3338932ef715ddc8df987bba,0.0493,15687,66481
ENSG00000108231,rattus_norvegicus,shuffled,1,20d218d5386361ad82cfcbb5f25646403513533cab4b062df54590643e58053b,12e8e2daff99142290c89c2748d3fdaccabb864fbc8cff0553c0642ed485956d,0.1307,15404,66407
ENSG00000108231,rhinolophus_ferrumequinum,shuffled,1,5a126b240a74146f6753f1b6e31e9a9839e88fe269215f6d7dc5de96e6c66412,936a786bcb134da435e733e92f9f9c225dab4f7eb4b789cadd4a2244f5483502,0.0592,15562,66486
ENSG00000108231,rhinopithecus_roxellana,shuffled,1,290bc3f4d67a220f22c24faaed5c722ce60b598baac1b1fb9141f9b2430a8f1e,c6617d943fcbb64ecd936976d2ee40b78f5063d5fc114a3dcfce2108432cec73,0.0302,14620,67255
ENSG00000108231,sarcophilus_harrisii,shuffled,1,918a9ecf85053a77f1d7251be7c9e92d2fe2b291cfde6d8d96ae6f84a59f735d,6b0d3e423a5a34220901b229bc7d4a56b1e3a716c8e4596d8dbd799ce3ad9eb2,0.345,14866,66666
ENSG00000108231,sciurus_vulgaris,shuffled,1,29ea5b66555259769d63f4b2e93f59f82ae7a371425bd1a549de5069e5f5b776,322159968235c6442c9f7ce22a5dc058566146cb8f66f98cbe476ed93ec933a4,0.1986,15274,66639
ENSG00000108231,sus_scrofa,shuffled,1,363fb1165534b8f368a51e7548eea0a022618bea9ff9bff1408d8c6582e67fc2,b36873f287c8fa05658beb0c5b80b86dfa6043a38a7516d9a0a7c1d82c1a8ac8,0.0958,15191,66611
ENSG00000108231,ursus_maritimus,shuffled,1,255d4d5e4d8a72046125d7052d801b21a90812a845a3aad3b50c358b4bbcf5ea,9f6c3ff1a54cf6989fa7b0e58f6ecfa39f4a4679905e04da43b4c592ad3d8af8,0.0509,15549,66473
ENSG00000108231,vulpes_vulpes,shuffled,1,9d52d33804a2b251f03423cecfca98270bbfdb4f7c59cf940501b411c04a6302,16d8680229b26d96b7d4c6b0e064e842b9db9554808740f234ce39652f2c3d91,0.0263,15122,66651
ENSG00000108231,balaenoptera_musculus,shuffled,2,a23940d4d32f1c5cd33eeaf2fddff7558c83725bfd771c45ffb96defe61cc80d,c1dd23e36ffd3c1aab63dfb169cdda35b37dda32348d652c4316578b80f37dd7,0.0566,15559,66404
ENSG00000108231,bos_grunniens,shuffled,2,31059a504d4e2b72177c6ce57d26c2e3bbe94cf9f0de66ded9d20a42561872de,40ac5addf6a618833706bf716609ee93c83221b91db9a37298696f1122ca119d,1.0742,15694,66413
ENSG00000108231,callithrix_jacchus,shuffled,2,4ec2b3003129b8bf64bc0197c948e54d886aec17117950b2c127c34c0e87caea,d86436daf139a84d171aef6f50d9bfc824d019f18e13ec0d98ed3079a85cfe99,0.0386,14612,66907
ENSG00000108231,camelus_dromedarius,shuffled,2,7a3678a1ad07a316325f70a9d679c690d3eb801db80116a0b1ec34484a9aa2e7,1d518c1136dba0550d5010f09e7dc1f7e64473224cb2586c8a311a4a4a85c145,0.0743,15532,66270
ENSG00000108231,capra_hircus,shuffled,2,7157f23e0fe1fa605d1f73ceef92568f5ce10ae944c501d4be2ab981c0295eef,0c8d4f61c2bc9318a19e8620b827a570eddbdb72e57f595bbd34186192421fb9,0.307,15709,66367
ENSG00000108231,delphinapterus_leucas,shuffled,2,857dc71e10692bfbe38f31b41311c80c7a5852e17fa19bf9a91bfe86d43879c1,da084b713ffedd25ef355d88051d616d7dc5e3d850396dceef655e4d60b93e17,0.0801,15603,66368
ENSG00000108231,dipodomys_ordii,shuffled,2,f2ed07dc653d83d99c8da823287d78b9700ed068736a04a680ddde744dbe3f4c,5f4711e590e30a86cff2e959c14db2b85196210a92371bd0f3c96a80c7544679,0.0903,15366,66707
ENSG00000108231,heterocephalus_glaber_female,shuffled,2,36df3b2d7517744a17c10215c81ac81d96ee8d8a854d057c6932769293d6b418,0167c1232e4f428051fcef5d64ac0cbb547535e2488e9f22a42fddf3a0815209,0.0293,15433,66646
ENSG00000108231,homo_sapiens,shuffled,2,2cc85666e095c79905af25f39298d66c9c406d6a01e55db373ebb8d319baa660,1fedda793ab62807756d07d4367c8c6347cdb5a71d386e6ad0194117ff004df9,0.0486,14689,67336
ENSG00000108231,macaca_fascicularis,shuffled,2,b7be8f692fd63dd4552e4c1d2400905f758c8f1a5752d008968642672e0b8fc0,571e41d0a100f17bf73448544eadba2332013efedb97054c56779a9e571638c9,0.0601,14703,67198
ENSG00000108231,macaca_mulatta,shuffled,2,b067ee4a0b7069cb7d28f71b18e8537f6aed2b22194c94d8b9a1ec22655cbf5f,c1ad1eef8c35f8805fd7caa99bf2e8f4d1540b8f38f7858884a0c2d70d561766,0.0668,14580,67246
ENSG00000108231,macaca_nemestrina,shuffled,2,21766bd9553763951c64fd7bd30c21e810f75a9946cb9f5d318fd3d7601911d6,3028698eea861a0fbf84368ce2e7a5f05f64b25bb03865526cc8b7cbf9e4e23c,0.0557,14642,67289
ENSG00000108231,microcebus_murinus,shuffled,2,00590627c94e9eea8d137bdcc379102ae330d198b41c467dee2b51aae0d460d3,8cec77bc11d43d23a528c6892227eadc0047a1b63d716ba4e24b151d76334a24,0.1685,15231,66938
ENSG00000108231,microtus_ochrogaster,shuffled,2,d3524268cc795fc869528a766ceda86f5beee0e49a571604499e526c32773f0b,012a725650951961c3f888d4c3a2d57116771054abc6dbac0f38e15ecd97f02b,0.0566,15663,66700
ENSG00000108231,monodon_monoceros,shuffled,2,7a5889fc382198a7474016f68446b7a3cb903b20e4ebbe0d34c41575eb926d12,467002d37ad4afca8721715af4396dc8834712f2895c92fba4536cf398575d02,0.0524,15588,66429
ENSG00000108231,mus_musculus,shuffled,2,39fa95327bb91a216e8029ac68930dd322a5e6e149ada2a6bed7ae13934453f1,96f25fd65d1d52671ed8671ab532ae4ffbde8ac608f7cff1b81e9d2571a583fd,0.0574,15477,66654
ENSG00000108231,nomascus_leucogenys,shuffled,2,1b57de3857a141304e10ba9081625a0420728ad3c44148d6427aa851f85106ee,85c8151a78bbadccabe07a40e7637141797359042f0f8949d071a96ff573dc0d,0.0398,14597,67466
ENSG00000108231,ornithorhynchus_anatinus,shuffled,2,38f8e960afab11e6c5fbbb897b486f3aec6838b1c6a7cbc701410d77f9ddd010,89c849f6d60d7d9bf482909df5d70a6958703fee6fed8f26f8912791e2a04ff5,0.0838,16479,65624
ENSG00000108231,ovis_aries,shuffled,2,1cad2b6eb5d416b2fd0399057c97c215c7e7c01bb6a4bd5b55df3a1e2d3ed7a4,6a93db5c143e7dbc700e1b3f5956dec23ef9f37f22c1a16b7c960554ddd3f2cc,0.0732,15668,66380
ENSG00000108231,pan_paniscus,shuffled,2,7ac2d67003f0507902ae41b384772c0e57e15ddd304807389c0f8c20935500da,f118905a35ced0b387e64d045a01ce109bbad98a1d9894a8f15feddaf05787d9,0.0293,14782,67178
ENSG00000108231,pan_troglodytes,shuffled,2,137d453b718644709777774be90c0b4f0cf7acc5fe37ec4491ae4958b4cbf374,2f54cde4e822cf5ecd8fcd72509430b67bfef968d59d032a416f1b60ca0756d2,0.1785,14769,67263
ENSG00000108231,panthera_leo,shuffled,2,02e3f3fe2e90d2943250a4f10a2e016bf6fb4aaa7157aad04ec36c4d3e539708,c79fbbf4584f56d837773fa1b64ee716357fb61f1f943e5b172144acbb350654,0.0369,15532,67041
ENSG00000108231,phascolarctos_cinereus,shuffled,2,bdd176c84dc9ec8304042825c4aa707075ec63a0a95708950a214d33d9a6cbb9,66bfa65e97ccf84a2fccd134b44978f40f6bb10d18c2931ac4ef2c3d92799945,0.227,15149,66534
ENSG00000108231,physeter_catodon,shuffled,2,84f83e3c7e886ef7c5091c841139217fd9f61e2a647bf8849b4200970692fccf,0a713fef5f4f42a0979256f6d9b6eafde82ae3b17280a0dcc94238478a0b68a9,0.0437,15745,66498
ENSG00000108231,rattus_norvegicus,shuffled,2,1f524a6161fc2843c9a0ac42ef127b5a18faacb40b206ea086c920f18f82c8da,7ec72b8aa982eb01974f2ff0c00b9506c2d762cc17c8d8fbd2738677cc843ea5,0.1437,15371,66458
ENSG00000108231,rhinolophus_ferrumequinum,shuffled,2,153c5b223bb1fd06cdbdb23b0b6d3c515e04ba282e1d0ad3fa5fc36098adbacc,c1bd59a170fe3ff79c6442b0f8175c3884d98414d5f83f6961ed2cce419eda38,0.1079,15531,66486
ENSG00000108231,rhinopithecus_roxellana,shuffled,2,e449f66688a6520b5970c4c79522443e2608ec65f213d00dc5c71cea205bfc4a,e8334abfb4279dbb55b555f6b4fa1bdb7cbb8f33c5aaec412a9d4eba4c55cbb6,0.0404,14648,67212
ENSG00000108231,sarcophilus_harrisii,shuffled,2,c488a7b74f56fa15dbfcf9f00b49d24cea19582b4be18fd47485635a5e885121,5083b407f2f5333b8908b5838e9d17c375e4adc461c75e449674cd77b01fe7de,0.0225,14945,66802
ENSG00000108231,sciurus_vulgaris,shuffled,2,5ad8fb75ee67248b5add605934bf867ab705ec9d2557cf717586f4871ebee3c3,2d576eb70416d41ee6ba980abe60ef9fb1aaec376c1874efa59752885826559b,0.0369,15222,66565
ENSG00000108231,sus_scrofa,shuffled,2,87927a293e52a7e4451cb542f29963527abe84f75c15e5dbd0a12ac1946e016b,a189c08238c89c168d62405fa0074ef2485069ed7992e40749511ed52551941b,0.1591,15177,66625
ENSG00000108231,ursus_maritimus,shuffled,2,3a2108d016e290e6f44998c24f2ee8e59d79dec76a8545348711011378cb0c48,9b666435a2bbb5ad3e8f577017e116d4b6fd0079f9c2e9a6549eda5e1b438122,0.0222,15564,66411
ENSG00000108231,vulpes_vulpes,shuffled,2,ef3460faea4204a5369655e69419cbdc1db1f6bea98c26c3a47322093a5d256c,7016203ecf59aa50d7e264f8f8e328b8f91d61705f74189d8f9edea9c617df41,0.0411,15258,66651
ENSG00000108231,balaenoptera_musculus,shuffled,3,ed5c51424434265b796ad983b7eb1eb0ddbc08475c1936e409cbd958b3a22dad,9cf035b3917843c1f1e3ad541055abaa7d34fa08cf999842a09dcbd8f2258dfc,0.0437,15543,66328
ENSG00000108231,bos_grunniens,shuffled,3,fd48034425441c43cab96217847dc086fb5ac2b7e2ac2483a8867e522b75c634,e312e1d9589c36484751cec77925d3e46f2883172bdbcb35f269de20b32c6615,0.062,15626,66453
ENSG00000108231,callithrix_jacchus,shuffled,3,82196b80dd5ec2a3a266994ebeafbe0703782454c013c2b658bd902b185118cb,d5e8e26ffbc3b5ac1ec5aa2c931f8ee98a4462e71d7c610f7775b0155085a936,0.0486,14603,66894
ENSG00000108231,camelus_dromedarius,shuffled,3,49e5067d424184203ade93b191586d08c05441359f77d63c229eec566c1f1ce0,a9fb04298eba738fa1e99608e93692b06f61cbf47a8c1965510ab4981bf72501,0.0679,15558,66214
ENSG00000108231,capra_hircus,shuffled,3,76f2e3351f9f59878d5c0f71235c339618cffa820a5733784f562e5908e35e89,225132a3873280503dfae4e9f6c959d55d9f2fef17a2090785fac717aa2d9cb8,0.1336,15672,66479
ENSG00000108231,delphinapterus_leucas,shuffled,3,b393c08f567c9ab48b6264bfae41c03739459809f29927ee364f5d543a47f812,f6a51fe9122c0533670d13408e77fb1ed0ab6f76cadec923baf8ae0c3262bb7f,0.0443,15681,66315
ENSG00000108231,dipodomys_ordii,shuffled,3,1119c249864c6005b08df8ac487712b4f83159b125703ca086545165fd8cb91d,76bb7b4bb6424c194a7ea0be87a609a5b2a9b04914aabc5b19a8aeb360eca5c7,0.0721,15334,66618
ENSG00000108231,heterocephalus_glaber_female,shuffled,3,3ff72eea9ea23887dbf47baa0dd47b3aaf797f8aaa0ed8a2d1e3e83fdd203afc,e8fb7352f6b35523769f7646444d66863efbcd149f5452c9063689cd40c45863,0.061,15420,66631
ENSG00000108231,homo_sapiens,shuffled,3,54f54db18714322efecdf3aeba5d77e69d576807c4b1980f5d6418dd72f85c2b,f0c302ee103bc7bc267543e857991cc802746b6bc02f8dffe926654bdd64cf85,0.0639,14788,67301
ENSG00000108231,macaca_fascicularis,shuffled,3,b70db23cf76faa153bd52e8e69824a62040ea7e834a8858658d13191314ad99d,85ee8a959e88a39726f2f97c56f781429535040a9f28947459d93abcbaf1e1b6,0.028,14729,67236
ENSG00000108231,macaca_mulatta,shuffled,3,9b3fa2296379f68e3c03ae9098b55aaf0c48b7bfc121cfab666d28059c4cfb9d,27cf0b11717498ee095b51b88d9e3eceb3bf1695b22338ef04a4b4a7d8ba5b51,0.0375,14639,67189
ENSG00000108231,macaca_nemestrina,shuffled,3,567af6193266c7d7bb914e5bd3d6b8929e1cbd2fedabc208074366cc5efa398e,c256b9cf14d430f07e9c34c4f8edb1233ddba176ca5476740129acd165d44657,0.0471,14642,67256
ENSG00000108231,microcebus_murinus,shuffled,3,89b3610e0f1e7d534301259392132a2b61ebb6aacad7c10325a7d83ecb4971f9,335c27aee3efd3b0675e60447df7ac9efc7ee13dd134aba28e42264f8d814692,0.0398,15330,66999
ENSG00000108231,microtus_ochrogaster,shuffled,3,e44f140235be145f37b705c4e438d62bf3ec8ff83cf84785707670bb5ec60bdc,f9918e3f5e32463059ec7d420789708802547cdbad1014b78c56ba776bb68287,0.0347,15604,66639
ENSG00000108231,monodon_monoceros,shuffled,3,d64aecec66c2b6704d613b306f06d9d1bf36bed14aa82ecdcdb7d26a283aa989,1cced181d2109d1d810159ba6d4c70928bfcf48f49f763056aa21074e07f0db0,0.0601,15646,66484
ENSG00000108231,mus_musculus,shuffled,3,19e8c9c2a1aa63f7912fff36cfd4706c13465f668cb1150feb520d724ae8e736,10a8b5965aef0dc11d0a48983788a37d79a57ff58aac5b6cf3637dad586763a7,0.0699,15435,66704
ENSG00000108231,nomascus_leucogenys,shuffled,3,2bd9875a218ca1c34c175174e48cf0206fdadcc7bb01c3ca3de7cdf7ce2c7008,920d2fa9ba96feab884f89c78e6283f2097e0b20737734bae105b8966b36b343,0.1889,14570,67422
ENSG00000108231,ornithorhynchus_anatinus,shuffled,3,09afef164440aa71bb7f0ce76e3b71c013b49bfe9e0ed3a5bf119b746c501e7f,430953da52dc93ce6732ca6a54084d9bbd73fc49afe0da8bf2b3e479f1544c1d,0.1326,16420,65639
ENSG00000108231,ovis_aries,shuffled,3,7bf5d2689219f4ec816bf88d1951ac279b6ec664024d30aa3cf8492d4b5b89f4,5de4f1a6341f17058f137fea1381e33a19fe00d1d0fe55ee9dc2fa266566e31a,0.0592,15748,66291
ENSG00000108231,pan_paniscus,shuffled,3,1584594bd490089d87f5b74e322b042249b98cc39dc63b60d53cb9c98748e48e,da4afec4bf56e424aacb2f3d7caf1ca9053d6420ba122f0889de80f1530cadb3,0.0263,14690,67152
ENSG00000108231,pan_troglodytes,shuffled,3,e01c42571e0c6706316ace3b641276bd666e0571151d1aaf30ec8d7e5e091385,ec2e448ed0d9d7894657d8093c09dcd660ebb4d3287f032201d880cbe259a310,0.1458,14755,67220
ENSG00000108231,panthera_leo,shuffled,3,30d4fa2dd7965c3f506140d2dff463947b53cf16dd8d48ee7460296e8e73683a,b421d3924ec19f5e2d4fd4ac7b096bc04c1ca5745e1f7d9b20ffffe36e14e3ff,0.0133,15500,67013
ENSG00000108231,phascolarctos_cinereus,shuffled,3,4b7e7087b64117b70c68114885374f81c3c33545c6e4b6c925f2ea1f7ed4f078,103d9f6e47be5d4b117977403821ea6a48407b0c54b802a16ca1bee665585f74,0.0601,15175,66631
ENSG00000108231,physeter_catodon,shuffled,3,26cfa90b829daba4a5ca0cbb1cd7fb0920052bdeeadd8ca94b53bbc5d3911b5c,041a8d975edb29e7004a9a64febe2d5812531f0c828c2f5255bdeb697461d0f4,0.1145,15675,66441
ENSG00000108231,rattus_norvegicus,shuffled,3,a6019928e38593a00ba822f56182e1f194963dd682dd0c2ceca0eadc60e7be6c,6726458026061b958dcb14a36d03320bbd9d0402c4de286e1500e00b44e8ff3c,0.0801,15349,66463
ENSG00000108231,rhinolophus_ferrumequinum,shuffled,3,0bfd683a25b26db1e95821fa8c7ee93903c95cdde259b5a4c542b7057bf5a8d7,9d4c750ff7aa9e8afd8b2afa431cfd58737e1a004123826dda66e5bbe7228d7b,0.071,15609,66531
ENSG00000108231,rhinopithecus_roxellana,shuffled,3,69f1d14e8c28e57b0a83811c1178e251c7ce1b8a0ca145a29d96c77e62e7b26e,4ac78121d697b2c05fc113498a87e0dd7f33f7a2487466d3dbe856b16a1f1380,0.043,14613,67266
ENSG00000108231,sarcophilus_harrisii,shuffled,3,431f32dc849e38a7813ac77454a8a8bd3c1e915eb66aa49a75dfbebc2c8a6c4f,8afbce98a604639052a16bd023cc8ba8377027c2a734657119862a7a0fd0275d,0.0423,14901,66771
ENSG00000108231,sciurus_vulgaris,shuffled,3,a17816fe96fe07b4e4343c625120a0abc7ff320f8f3cbef2864a758b4cbed6cf,3b564f5c778991c50aa01feb16ce8ea63afe5658a3cafb46344f446ffa56c38a,0.0721,15335,66579
ENSG00000108231,sus_scrofa,shuffled,3,d4556da8d87f6f2b35cf735a3267543e28f859e9a46fe54e0a7db214520e3bbe,c208987474f313c36be4709e16bd387c4f6b81af2e782bb3e30f98502c8289de,0.1346,15223,66611
ENSG00000108231,ursus_maritimus,shuffled,3,8d339a74341e6d0aaa25f5d3a9a482ad4d814f19025ad496a3bb850f8ee0d3f2,9dfbd0cf6c3c6d8a10ec2a0534ee5e5eed760b23335eea6d8459e8f7f9096357,0.0903,15584,66358
ENSG00000108231,vulpes_vulpes,shuffled,3,d3bf6e025b6b075adaadacf4506dee1407d3f58b20ebf7ca5054481688956dba,1dd68801a6550c29ec3ae87b99ee0509d38e52d62765864ee04925796a7458e8,0.0404,15179,66628
ENSG00000108231,balaenoptera_musculus,shuffled,4,b94680339af69f073928f6c0808530ec68acd4b61d93aa89efeda430e5979b18,11f09e086af6485ca83cba1ca64f8dfac80344b51a18b4b6f8757723bac9258e,0.0464,15537,66392
ENSG00000108231,bos_grunniens,shuffled,4,04937cdfd6afcd89fe4abe0275e05742991648e0aa3beb3f5fe510f1b7cef27b,72273a05d2e7d9d695893eb6ad6bdbfb747e4d423fa95c96842b7822afd3b33a,0.0801,15674,66423
ENSG00000108231,callithrix_jacchus,shuffled,4,fc89a898bffd6378bf9f211da92a9135754a70a19d24effbabbd24863ff0698e,bdfbb1c0e19fc0a5709755d1f6bd2f537aa98c89cde0f17977bf91f81f413046,0.061,14623,66894
ENSG00000108231,camelus_dromedarius,shuffled,4,feb60e0eb50b562ab10cf828e691c86c01f2172feea935a006156578aaf50fc4,647fc2f66868ea7fdedbd5ea289c55e5287754ec425659616fcf8482472137d6,0.0699,15618,66204
ENSG00000108231,capra_hircus,shuffled,4,b531df983c463fed04f602ec034c5a14be6a747647c3e7feb642fee157e0c47b,45c69ca06daacc0ecc96598dc9ecf1501211228c6dade57af4af9809f31e53b4,0.0479,15658,66449
ENSG00000108231,delphinapterus_leucas,shuffled,4,ed749676c58e58246700f1ad19eae499452bff602afdc00499b8d884840d1966,3ec1654c5fffe7ec916e27719ab8afce8181381aa24b037061fdc84eecd2a45d,0.1269,15603,66315
ENSG00000108231,dipodomys_ordii,shuffled,4,8471baccb9ac0c00dc2c90968ed343221024989517c08f3dcf77e1360f70860c,fbdc93fb0ef1a2b1fb2375a5b7c1edcfd112e1513485d2ca142023062f891c2a,0.4495,15347,66679
ENSG00000108231,heterocephalus_glaber_female,shuffled,4,34107744b9dc518cce04ec98566814512ac376533d4e9ef118bfcdb4c33507e2,d85fd46ab4f2cd1994bffa4bdda5863f395245c670ac3613cb3d625140fff651,0.0263,15470,66631
ENSG00000108231,homo_sapiens,shuffled,4,ce99b9a8b6e3aecb2ae3f8522db0d3673700d993241ed4829b169e766307c17c,e3d544b4ebb9eaaa3573f0abd39042aeb7141a397b4f83a91d76d9405cebeb46,0.0369,14701,67323
ENSG00000108231,macaca_fascicularis,shuffled,4,dfb43b5bf12d5078a7120fea42016d6ab75a9e2e8171e482eacb7ee0ba332d77,2a59709bfe3e0909d5c7e3b034a37f86055c17b77048d8dae15253b478ee83fb,0.0219,14776,67208
ENSG00000108231,macaca_mulatta,shuffled,4,99854aae438002bcdc511dd68bbc7aa066d743edf20e400830901bbf23baedb8,59abffce11ee367273bd8184b1d577a0fb9a55004fc44ed42c315f9753480d7d,0.0404,14565,67220
ENSG00000108231,macaca_nemestrina,shuffled,4,82e5446f0cc295a3a95ed9e0ee53a12d3718ff7a073d359346052316e2dbb613,38a078d4473bdcd43589b7d46e6a41b8df4300846d42c8369b3d8b4439db7e95,0.0298,14558,67302
ENSG00000108231,microcebus_murinus,shuffled,4,1945d7548297480ebb6c765d873f9982b8ad6399077535fbafe14559860ad888,44d86956a35f39d261065c68e4ff2f388a46c8a88db97fd42e9df41ec2b75dfc,0.0801,15211,67006
ENSG00000108231,microtus_ochrogaster,shuffled,4,8313cdd373bc4126a871746e9e9b0c72bf1915f68117d1691a5c2cb0757922fe,3834e3b6fcca2fd00095d3bf00cb24fe88799e68f52303e6b7adc9792561767b,0.0838,15505,66687
ENSG00000108231,monodon_monoceros,shuffled,4,8d316cd1e1e6190fede520111fb585e502e9954ef320c1196a4eed2ad86f9dea,8a4749586be54e15199b890a186dd5094c1d7e68ae86fef18a6406f7a24b8810,0.0457,15553,66447
ENSG00000108231,mus_musculus,shuffled,4,52ceba21a9749bfe97313a87d4f669743be7c719bb941cac91bc6a820f720788,4f1bad814b08278d4278bcd549e02b1f7c4339689c55f20b84ffb739f1b444f8,0.0574,15446,66704
ENSG00000108231,nomascus_leucogenys,shuffled,4,19ed8091a9b321abc2c8a0faf047562adebe7bc4cad04cbbd846dc3cd207e75b,13a54e866e1ddcfcf08a0467ea592310591c5fe192a30e34c215c5c153014564,0.0557,14590,67440
ENSG00000108231,ornithorhynchus_anatinus,shuffled,4,b95fe5069394bf8907247a1617ad16a2be7e451f54650342901b151eec886734,29247728d94046adc226f1f74d79e73532bbaf478fde558613660a0585f47221,0.1162,16443,65571
ENSG00000108231,ovis_aries,shuffled,4,29a70afa8fd6361b6bb59d591b7e013e058af8416167ecb1d2a8885c096866ed,dcd6f918b2feb4bcad844bce8a1cf8f4323b3b0e94090f0c71321da8f9f54a1c,0.085,15722,66348
ENSG00000108231,pan_paniscus,shuffled,4,e65d69061127dcdc2f2a6f17f75dcb217cdff77465217dd5c03dddf5cc81610b,f31c871416565d3c3194d13417c5565db81fa704fc9c62f71e147b92938ecf97,0.0464,14672,67198
ENSG00000108231,pan_troglodytes,shuffled,4,53118cdcbe9b350c90574ab96dd7788d5097a385395f2869c235c6b69a6650b3,ebea9b2739e19982fe0178e700ce5d6e55d33f92a999632f1f4cc7bf711073a2,0.0916,14734,67232
ENSG00000108231,panthera_leo,shuffled,4,319fd24936ccef8699ab783a865abb0673f35b8c4dfdfd4fe5d1b0e769358773,cd038843fc598c5984413b200097f9f98ba662ff3c3475de29e0fc8987b1ef44,0.0347,15568,66967
ENSG00000108231,phascolarctos_cinereus,shuffled,4,7f33b5a735a95354624e82300c2adfc7d73ef6ed4f2fd032d445afcc398ed928,acc61fec81ca621b90466ef913ef7a5021d68948bb4259d6b1f8270cdf541611,0.1944,15210,66588
ENSG00000108231,physeter_catodon,shuffled,4,4b6b37301f7a81ac19ebb5beae9c52f97bf30174ad9bce259a4f20eba5540235,316747087ab8514f75a66cb21efe8ef3bf82158f99af199ca70f48002f2f0c47,0.0876,15706,66541
ENSG00000108231,rattus_norvegicus,shuffled,4,80a54c8795f72eb96e1d1ebbae6008b6ebf5cc4baa8340a1f8121f2baf5811d5,d259bcd70b7ccfe1ad3283102a2d852245ceb694f70244a31bb621b85b6a623b,0.0566,15343,66458
ENSG00000108231,rhinolophus_ferrumequinum,shuffled,4,90b4d12d54678b3396dbd7951e6e8731aad8bf6525ebf19e81786cfb4cc591af,033e390e0b62efad455e7c6b40cc2d0863ba54fc9588fc29a21906a03f2292e6,0.093,15502,66480
ENSG00000108231,rhinopithecus_roxellana,shuffled,4,5883c5c68db271e3d1e25b417e5fa03efe695bd79a93d570b8a40d24b4f910af,2b3b2bd715246621d41f29f4f3f9099d940af8baa05a9479ccabe155549aa104,0.0889,14590,67248
ENSG00000108231,sarcophilus_harrisii,shuffled,4,f5e9fb585ca7c260f0e562c672cc02b40b66a0512caa4a52895ca367b79733d5,5856122bee440d81f7a380ac11abe3eca2d213ab75357b59e470cea4117251e5,0.0754,14854,66753
ENSG00000108231,sciurus_vulgaris,shuffled,4,e91c2b446cee48cac303b08d5e78709bc03126724d9febf27d9f192eda38db11,b8e75177cfe91a538089edf805cf79c6d148b599e854ee0e75563bf1f29b51e8,0.0721,15265,66561
ENSG00000108231,sus_scrofa,shuffled,4,9e44a866161ab6fd30cf09a460cba63b1d0c19b75983b8011a1d6c0634b965ff,5508434873ab66ef79f9a98fd1cac5585b4ac4ead68c5b3955c8748a42a46ce3,0.1386,15254,66603
ENSG00000108231,ursus_maritimus,shuffled,4,9b07d038cd9583879e36ddba5437817bd8c2a98a92a303046575f4a267ac16f9,e25a21989ca1f424757493a1d59b445192d00110ac40cbd0b71e8feed4eb5bde,0.0263,15595,66458
ENSG00000108231,vulpes_vulpes,shuffled,4,caa63dd9d2a7ebbf51cac4b11669af856ed6b2eb4c9ad485dfef928d1e487593,5109d7a1c59385d0f57fb00b3f8905db29c5e9938825f51268a5008be06905f1,0.5565,15189,66642
ENSG00000108231,balaenoptera_musculus,shuffled,5,389f46d53d642467fe8d330080c173d0ae656a2a2850f2ad2329facf873ff30b,93ae18db5681a8e082a73b836678c17172efc85798c47d2ba0cafdec62902ca5,0.8436,15585,66400
ENSG00000108231,bos_grunniens,shuffled,5,56f0eac10de2f3c0e615edad83bf6c8e53e5f2e7c0c7cc8599bded166337088a,6ea89c426a9db9fd80edb6ed08a03782e98e2431908373a25a3e1d7eab1358e6,0.0549,15739,66445
ENSG00000108231,callithrix_jacchus,shuffled,5,a879efa8d9b8a1e204576e79c595fcf22b97fd6d48208382af8c641168552f25,91ce2f6d7da2ec6cdc3929fa46d00e9469f0f898771730b2a55de2cf164eb911,0.0916,14623,66874
ENSG00000108231,camelus_dromedarius,shuffled,5,06b2f95b77c3976e8de0f89f74801b19a8cbd1f1e17a2b2e2809206bb45abcbd,1cee4b4033266ce33a8b8fe8178de11bfbea31438678184d079358a34e533bfc,0.1017,15512,66219
ENSG00000108231,capra_hircus,shuffled,5,ad1aced37e8c01a214c2643d7a35281a7abf6af19aea9f2141c07ce441917ead,b4d9a26523252096ad97621cd1d8c5668889b8c4674dae3e05e03278488c534c,0.1048,15777,66465
ENSG00000108231,delphinapterus_leucas,shuffled,5,3497fb567e222d5bd9d4e5ebdf0c8f6c7b2d37d1f47c7ec6345940e5b2b06cab,ba57f75171f15322e0fe22dcae0452e29e0db46da799e5bac4066562e19a784c,0.0486,15575,66422
ENSG00000108231,dipodomys_ordii,shuffled,5,89ce8c53ea7e26a8c2bfe8bfca87591831ef67cb4f2ac04e4224db71c4f6bdd5,8963826db3d109b80c5f3cb78e5bdfcb1a16d96be62094e21197d040a79205b6,0.0766,15334,66714
ENSG00000108231,heterocephalus_glaber_female,shuffled,5,02fb56ea05f9c191c96e5768444568b2f977ef48568638fc7e9818358cef67ec,26efb3603160cef45184efdd939109e07ff6e434b3cbca9677be5b25e17442ad,0.0629,15427,66616
ENSG00000108231,homo_sapiens,shuffled,5,2dbf0091f18e4d3303c8a3525bb0b500ac47dd09ec5a3cee03634031d719b9b3,8aa75da29a0221c8e44742df8a073c29595c4d2e39cda33b271cc0f9250c4a03,0.0583,14674,67269
ENSG00000108231,macaca_fascicularis,shuffled,5,740bbe74bdf8620092233d684d7b58bc334a527a9d8bfc8af079fad9a08186fc,4973c66bc99d6391c9a00717f682c749b67380f25a33cab515282c69c8135c11,0.0298,14795,67216
ENSG00000108231,macaca_mulatta,shuffled,5,77ba3d25f054165839f393cbe1d6f461d221366debed0ac4252ae45a51ff4643,e85c301b2238d8ae0be30e32af1ebd96a1293e0da3bb780f38da4b34dc442151,0.0298,14605,67283
ENSG00000108231,macaca_nemestrina,shuffled,5,f59a0a24b682954930b266c14bfdbe6969a2ddc32e710db1f4014726a8de074f,20bde0a848f23cc48bcb49975bb95e6cc7a7e624f53110e9b4914d5fb6d600ff,0.0479,14578,67271
ENSG00000108231,microcebus_murinus,shuffled,5,bf23cf03cfda19933de3b77d778020223b5d3b56f099630318797db0b204dbec,fa72afe371e0aed521e2a3a22827e3e1b04f65a69cf58cd7c9c6cd9f412568b7,0.1233,15224,66985
ENSG00000108231,microtus_ochrogaster,shuffled,5,22adf6bf3e1dd3b8f41aa47ed15d373ee97434dd7188d76bbed6180cf567f7de,f1ac7cc11f0474eb113c5f5db107fafc5530087b3aed07414d5ab7524ec85e10,0.0557,15681,66677
ENSG00000108231,monodon_monoceros,shuffled,5,2fc0522410946daaa503dbca0dab0f2014dd680a5ee23920d64ae4657290deaa,6dbd99c678b5cd365efe906f33b6d0ab1b19cd9400dff5ea09b37ff97822c98f,0.0411,15594,66398
ENSG00000108231,mus_musculus,shuffled,5,2809a32b61b7e419cdd3952f7dd4e7e346c939296a24c926b0d9ea92fb356bbf,fdb940cda61fe2e8dc38aa10c18f7f4e93bec54ca345455f2368a275210e92e1,0.0629,15446,66700
ENSG00000108231,nomascus_leucogenys,shuffled,5,f4c85010f31693b5fa8f69259c1b5361f6e19a1bbe99c58ea6b5eec01e3c5f23,9aff88e478d49d07353a33ddebe2064df35699ff5c33e01cbfffcc3e0f64c3d6,0.0541,14621,67511
ENSG00000108231,ornithorhynchus_anatinus,shuffled,5,68c6ebe52d7c4e19b298fad5351cfff3ae829afa2f70413b0e2f3f79e8d9efc3,9dda89eacf5c5617a3007c64a03278ce9e9df6f45a3aebee7c3fbc9ad4c02882,0.8947,16452,65639
ENSG00000108231,ovis_aries,shuffled,5,4bd0f1fde79e5332544d817429686117fff99a312854ba37c20f4447917f606c,8e67884ee2bea47e37ce2bd0677bbecb5dd0975e1949378f7f8d096d16c55255,0.0973,15641,66372
ENSG00000108231,pan_paniscus,shuffled,5,ca4d043b11c418c028e65af38f61d1639c670a367c249ea3ec66a22822f53a7d,b335a7576ec93edd54bf83cd0d547b61756056e2351adc2c4a9781e4e5349281,0.0312,14771,67182
ENSG00000108231,pan_troglodytes,shuffled,5,ccd68cf932237f38281f0a9e17defb319cbff14843685e4559e6254606497db6,f7e55a7bd60ff719350d6de663fcd3df85d568233f56df1a9e71b917bc5214eb,0.0743,14724,67263
ENSG00000108231,panthera_leo,shuffled,5,ec7e795c1bc1a501a4b77461ae77669811ee57462d7c28dd4dadacfcb3e19471,ae0e96f98c67c3a68cde3b8c616b0860ff0a43132d12f9528e9dee89c5debd6b,0.038,15526,67006
ENSG00000108231,phascolarctos_cinereus,shuffled,5,e142fb422838afccde3c35b0fe89e8e77b6cc5189dad2ed13ec12ea7048ce197,176076cca93bb44cb055988c8dda9d0b9eccc1b97b32e108360514f4373c0c54,0.062,15141,66631
ENSG00000108231,physeter_catodon,shuffled,5,9046097fe858ba2196810cbdcdf2f642b967cfefbf2b1c1281e3f5f6f87dae72,49da6a69d33061cdfa8839e074bde126293e97fee2605363abb07dbd237185a6,0.0743,15726,66487
ENSG00000108231,rattus_norvegicus,shuffled,5,8cc42f606e330f86cd7cc1d2043d79d76ce9f5a0d0cea3feb1bd12abc76ca85a,4860186994bf148bc0a8c1f43869882ddb34dcdcb2f8296ce624ca42bdf73552,0.0423,15388,66487
ENSG00000108231,rhinolophus_ferrumequinum,shuffled,5,e4b59675ec7653d9ed33e0b6ee5f0b9f4fb5c0ca389e3fcbaafcb2546f17bdbf,eee44be8560a20fcb8b6991a1193ff2f0c47de2aeecc2149ac6b9a654eca7121,0.0813,15510,66448
ENSG00000108231,rhinopithecus_roxellana,shuffled,5,31c44355b60a6e1df9762e7768b914a7e1afb5f69fcb838d9fc42c9b238b5ec7,a7b3a89757358d205f4ff384052d710fd00eb54cfebf7cb1cdd642ac443242e3,0.5674,14525,67266
ENSG00000108231,sarcophilus_harrisii,shuffled,5,925d984d0803a6cf403e726232d92f3a845b89080d8703364efc4ad5e73c74f8,80359d9dd838f657653d8ea48d08f6a260fa1c66be34aa5a945dbed5388497cd,0.0336,14913,66698
ENSG00000108231,sciurus_vulgaris,shuffled,5,bbb6a3ce4c7b3e6b332c39b94b370c1d007089fac0f1dc933d74b12e53617bc3,915e09d733bb8cda4bc2cc10034b56c9ae63df605d3393e1c570ac59a6411baf,0.1179,15303,66617
ENSG00000108231,sus_scrofa,shuffled,5,bc5b7c56a28ada670696896dd7d5edbbe800de01a017d4b0b8bd5e2a381b3694,a2433df11527bd5fb745b94e0983d9ffab69607951e0b9778e95d79d1247f0da,0.1288,15201,66592
ENSG00000108231,ursus_maritimus,shuffled,5,8502b2977afe78141a627c24e71b3be7b0a593df8b7a010db3ed5ef383bc4e8a,b15dd4a166f05e7006efe4a50ed37f40a70c2c3ec5003e3083f7ac254c7ea831,0.0404,15603,66365
ENSG00000108231,vulpes_vulpes,shuffled,5,5303f5a8e80041a4c1ac03a41d4ff555d995e2952e521add4a9bdaffa09ba638,1d78f033ef1ca1935441e9b8efeb05c5031569efc78d7169027a28bef634b4cc,0.045,15155,66604
ENSG00000108231,balaenoptera_musculus,shuffled,6,54ff192c546d05efa59b9d2d149c13ff423fb4ec255d051f7ac4daedf6f0a7a9,02426eaf613e71567b035a601168ca3873d6a66bdd071a9ec4ce2276762bc64b,0.0754,15537,66445
ENSG00000108231,bos_grunniens,shuffled,6,f6cdd84de76fd1187f0ddfa3873674fa8785408506cd293152f553dea9359176,4fe1bf842c0700f358b60d2ae1c050a1221e1f16d52fac44978dc9ac00ed8b66,0.1298,15699,66409
ENSG00000108231,callithrix_jacchus,shuffled,6,172bc907803f4d97dbf24a42cbe3892abaffb4cfd1de08b78e9f8e98f4957234,3b33284ca47f7a810be8223a825a44632d81d2a2f0fafd948b3cd38550cf0b7f,0.0247,14587,66824
ENSG00000108231,camelus_dromedarius,shuffled,6,382e2b0bb01cf78af36e9cf4b8d6d9ee3e98c4af9fefd4105e65c1714334811c,a2fb680fff39eb9e57a30b82c04e860d2d5c0556054b1ef5f22df78f96eccd11,0.0347,15526,66160
ENSG00000108231,capra_hircus,shuffled,6,52f9833f7eab68b2388358830ccba8768b30d3f9eba0c38bc20c58ccdb3f1a9d,7850607a220d3f52dc6e6db0a12dacb1b79883cb56a2cf9ffe01a20451830524,0.093,15635,66419
ENSG00000108231,delphinapterus_leucas,shuffled,6,7ee5015a2ef7d737e69c7c28d06ec3284fb4a23d67c376cf8bb6e0cefcb46135,49d8cc3b13e7a4bc6bf21ed4af24cf11ef8117b40a7a2e098a73fd02d91ecc98,0.1197,15567,66329
ENSG00000108231,dipodomys_ordii,shuffled,6,c99729c5c33f94bdde07d67d4da1b6abee074ac668be01c09eb5d256889d364f,f4f14a0ba3fd73b33e6de524b9f92feab7038067c2fb3a1925566b6793ba4ac5,0.0916,15270,66732
ENSG00000108231,heterocephalus_glaber_female,shuffled,6,54735839dd824aec797dbf7c569143d70792344826be63a5d12e49246c852345,b322d90cadb50657b194208928b8e730e3ed0130f943dad1a9e9d7bdd8644d2e,0.0777,15446,66591
ENSG00000108231,homo_sapiens,shuffled,6,32fdda850b02b6421a28eac7728f584da1f20a2ee7de20826ead4b03a3eea273,030f333017e84fe1ba1ec474690e3d6ab4738c147650168702416e3e13c23eb3,0.0501,14701,67403
ENSG00000108231,macaca_fascicularis,shuffled,6,b67fe1d925d1ed8d380c24a0b7143c1a5e3d509a56adff0f63ddc82d28bb1a14,56d0e69756b4814bbc44538ff7d06e52efe8ab3dd14fdf6bb3b2117b16530671,0.0215,14760,67241
ENSG00000108231,macaca_mulatta,shuffled,6,bfefa1e4ecce6c7d49ef3129ceaa9766039b5b1bef126f924da2d9d8619657a1,bcee68fd6e75dde0ebbc4564e5bf2f3fba8ac415b66519411780632665f3aa1a,0.1759,14565,67261
ENSG00000108231,macaca_nemestrina,shuffled,6,28adc46d08e61b9ca88de4860dc984b5d890d7e085e3233d32e22a3843dc99e6,ca3bc08846119cb8fe7be5e6f43f725a1227e9d1c4d59a36afd2d35f8c9bdea9,0.0358,14600,67233
ENSG00000108231,microcebus_murinus,shuffled,6,6a4eb5096190d861e0f99f799a1ed5327c44adfdc8dc7857d4372fdb6170bf43,9bf8069e0f6c5f9c836e7e06da0958eaefe7ade25f5f00a2ad5a9e141393c91e,0.0732,15214,66938
ENSG00000108231,microtus_ochrogaster,shuffled,6,e8abaf96ca3100682f0db21e631cd8d910359c6d1b9ae20039a34e4119a5214b,6c333753c9dd46f271c292a2b792ed5edc541fcb8275ac444b6a493e1a3ee03d,0.0549,15495,66707
ENSG00000108231,monodon_monoceros,shuffled,6,3b25a5e4404be5f4388792c301da0f4112880b03b6efb1b91e829c3ee2dcb66f,e9fa343bc834163b034085643d441e0b78818006eed13a7f707148a34762b071,0.0789,15640,66422
ENSG00000108231,mus_musculus,shuffled,6,cb5cc28848ffcadcd41867fad01905081c8bf63528b7abfab3d493bef5a3c8a0,bcc6930a75511a7fcac7e235f1ca5eb4f5e78a02aa94f79ced538fca7ee56595,0.0889,15464,66649
ENSG00000108231,nomascus_leucogenys,shuffled,6,8048c572858bda976f57566877b42212438e2aa1c2dd8cddcf1fc9985a319c54,48b66efe25037b96d0acb37cb8c5a12642c27baf54e3b0f8333696d86525a527,0.0801,14583,67497
ENSG00000108231,ornithorhynchus_anatinus,shuffled,6,4f1f1a52c82b01e58cd01fc7663c5ea68ad88b437c76582ed720fb9e752f1a12,51c0912652c25330a9abc4cb0301618147d48c19d8239c4c86374a2d17ad223c,1.2596,16496,65645
ENSG00000108231,ovis_aries,shuffled,6,01fbb6a32fb741de5a5d58c9a87bee8f7d562882aedd62586d13f9e976e4b862,cbac562a5ef6439bb1c0389c490b986485559e8cc54633b98fca47e0d891fb86,0.1307,15714,66311
ENSG00000108231,pan_paniscus,shuffled,6,07e1ccb3d4509e3296bfd01436f6c07770c739e89d3e8eb6d519a50359152161,fd6c58d354d97638941b241824ec087ce94d2cd4c5355c1427f89090dabb67c5,0.1568,14761,67211
ENSG00000108231,pan_troglodytes,shuffled,6,782ece3720c2f8701bae13e35c28cde1c5f6f63d1d147e38cdd6d442f57cd5b9,85429e0ccc9daa9a09cc81422b33f11716c4196f8eb657f14d60061d32113e0b,0.0293,14713,67232
ENSG00000108231,panthera_leo,shuffled,6,5d54a657453610dffd2e10f60b475d6ba7d94d185239978ae5d0d8f802d51bea,3d43a91cb51c09fd997e6a7fc7bc89c17dac5b38a45478f03f009e5bc9b2a162,0.0225,15505,67077
ENSG00000108231,phascolarctos_cinereus,shuffled,6,1e80477e5623bdec9a4c11682477f20907eec782600ad36d6c674ca3f727b4e7,6458fc58660c435bae6161718d4e434d7c6bf799cf9d81347acb0961209827fc,0.1759,15159,66631
ENSG00000108231,physeter_catodon,shuffled,6,e5b9fc048bcab8673049d365340b7dfe5fe9469f9e695a692f6a99fbfe4ed1dc,344e7900cba5e004174f8ffb222797e7ed13dc68be639f5df45529638346e433,0.1145,15693,66464
ENSG00000108231,rattus_norvegicus,shuffled,6,743002806a296dfb666b034e282e275259d85c2d1b2771915b54749028334f9b,e7cf5dadf18b008689fe94c45a4b3973cf143afb8d837a8889ac303388306d9e,0.061,15337,66480
ENSG00000108231,rhinolophus_ferrumequinum,shuffled,6,8f7560dd43fb68520dcafd406486a577a68d600152d71fe44a9a9cc54cfdb0ee,0dc8d35f3fb2e72702994b1678db43b8e4e5388fe35fb1fbd026c4f3d35591cf,0.0889,15545,66425
ENSG00000108231,rhinopithecus_roxellana,shuffled,6,5bcf95cd58cd7857fb51517331da4800e24101f165be53e9b94132f2a02972c2,a7fbd61750a3cc474df09a98aa18e22d4a00dcecbaf44045d79f77723300963c,0.0331,14521,67212
ENSG00000108231,sarcophilus_harrisii,shuffled,6,03fd06d534f52659cb1e85e4b01d0e388afb0d6f9eea2b9fea6aabc6c5866db5,28ff79ffb98d5efa998a3163270a063e27e7df24205b06585b8bfd3689b87476,0.038,14859,66742
ENSG00000108231,sciurus_vulgaris,shuffled,6,75cb8ba3d56cefd65da8b41abffa4faa16c9933992e6d0e28712fb8db7ed5c12,e38fa8a9c4bf6a2459df7623a923e8236cad88aa7df999b3ddca94a8a1dbb00c,0.4287,15271,66599
ENSG00000108231,sus_scrofa,shuffled,6,124a8075d9e188aa17f4f0350573f48ebacceccaab2f6eed46d4cad4b6507c42,0df69b280da8b99683e2975f6c047bbdd70bea8a75341a3a4f94bc5a16fa26cd,0.1512,15268,66545
ENSG00000108231,ursus_maritimus,shuffled,6,4b5952f00b0a5ff0ca614d2c4cd75d2b0ba9234fff3feecc6cde138f7a46c984,8cfbd23db4829360a89d629d7e1817ebf453d4697dca813308d4a3d81bb370e6,0.1785,15603,66438
ENSG00000108231,vulpes_vulpes,shuffled,6,72472a2dba9b6cf9f3ef2fb79a44bf1942faf7f38835a94b38e2803c3e2ea3cb,ab4a9fc36e9153d7b009620745dc0bce5e14278d8ced0d48162666aa311d20d0,0.0271,15159,66647
ENSG00000108231,balaenoptera_musculus,shuffled,7,380b0418584cde8be5ff26717a874792fa3da18214e590858d69ee4582ec8cf3,ed34be317e0a17436d55bb02de89cec2e337baad40ea11fa9fc78565c7f7bc9b,0.0825,15474,66278
ENSG00000108231,bos_grunniens,shuffled,7,1999d1ea60e2747b9d76a5231b3440e66da0b27bab4002180efc2e9788779674,6af2c9028ca0a713c654b0b0ab9710cfecb4a5cedbcefa32528b26cdb7ea1c21,0.0404,15668,66438
ENSG00000108231,callithrix_jacchus,shuffled,7,4fbec2e7d3ad4cf809260aadc4f35d72b163f4b7bd023db9b4d39be0d8991339,85d07b80e035396c88280b8b2a92da8c62a77a479f295e8cf3b9a56b048b803e,0.0358,14671,66868
ENSG00000108231,camelus_dromedarius,shuffled,7,32ddc7e9e75c200ea6466536caf374e7837e10905514c98a032d41c8044e6941,44813aff9e5dcee016109e3a305e68a9808c4215eba7d430ff25ef31a3b5b34a,0.1376,15558,66327
ENSG00000108231,capra_hircus,shuffled,7,86f87f2617822cb9bf0d36ed22f4ac0a9a1f9046bbc1569283110e4f66c035d8,3d0d99e68d5c5b605e144108c58ec6550da1fa773dab7b99be07ede63c662a68,0.061,15727,66465
ENSG00000108231,delphinapterus_leucas,shuffled,7,0ccc3eab2edb1833bf7732780e61b0c67207e502a8ab1a8cb9ee758a15d3e5bb,41845f8ca846be784e1465bc504c0c49d6064d023aa642d878ce32104b4118a4,0.0754,15581,66375
ENSG00000108231,dipodomys_ordii,shuffled,7,a26fa3537f30ce64bb27db2b609b193a763b7cfdf0f57483be7c97ffdee4852f,5022df10d0c3da847fb9aa1322fa52f03c6fb439f0fc6f729ed3a730238fbe0f,0.0398,15328,66703
ENSG00000108231,heterocephalus_glaber_female,shuffled,7,0a570d0688a89dfc825247582118ba531e912ffa255eaf4948d6f62142caf796,28a29b7c2edb481d3a6d7421c9198dff1dda56eb18864a8c5252f255219726a7,0.0777,15407,66616
ENSG00000108231,homo_sapiens,shuffled,7,49615a599bc161a92dfb577824a95c5c308a9f149c889560159db09ce9d939c7,fb6f8cb36804b5c79aed0fd882fcbe570afe3ebb57d0d96f7d926b385fde2432,0.0648,14674,67316
ENSG00000108231,macaca_fascicularis,shuffled,7,18efea7933e702c5168bfee6125772429efafd636181556b2e1c8561fa19b3b1,f954b89a9c73ece7d8c90dab6e6f28b370cf9197e1d28b2be83f883a6d40d957,0.0443,14697,67216
ENSG00000108231,macaca_mulatta,shuffled,7,e99b748d292307683c4b51030c94865e68d9c0c218649f1a0910dc059c3530d4,7759439abad78df1adc1f40ee082e34cce2cd96da987ad481a3cb62dc0378d20,0.0267,14616,67250
ENSG00000108231,macaca_nemestrina,shuffled,7,0821218ea9287d5faaab293b06f9f6076ee3d2d67123d528ecaf7adc3a2c40ac,77a073c0e176f09f77cea2e15c5ad5e79a7b149bcb98b16a008a0069606a9510,0.0205,14654,67276
ENSG00000108231,microcebus_murinus,shuffled,7,f9e9069c74503267ebd481f365d33127f4dec723968f8503fdcb6e50af90c6c2,db4861cb7659910b61f8de4a771f634d0bfdbdf7e864dd9e4c109ef110e2441b,0.0658,15261,66975
ENSG00000108231,microtus_ochrogaster,shuffled,7,6b553bb09c44b166c9116ecb49ec1858d6332b5ccef29f60a577a20c41ceca1e,39b3d9b3abcf216061c2511aad698ba18954e2654f5d2c58fd6b9e665f3d0ba2,0.0471,15524,66740
ENSG00000108231,monodon_monoceros,shuffled,7,e289a7442b76abc3183eda689cd120467b8b6bba0223c64bd2f1e9284e102950,78d543e959c46f7cfd39bb8c92bfd867395235ce4c03a7eddf8f183b88d4399f,0.0916,15612,66406
ENSG00000108231,mus_musculus,shuffled,7,f6949e1b3764a3051757e8063b36c8e079af0d4d27cb8349c3273c79826b3490,1e0811937e3d67ae203245ee58618cdd042d8612a7683ef57f9798cf30c35252,0.0417,15428,66704
ENSG00000108231,nomascus_leucogenys,shuffled,7,e69d30239fe537cdc8c53908a1d21226ef298b8b1f6ece8f6714818e88e61d87,4dfb8ba94b2e44e7134349291b585419fb1880acd7d120e1bbcb432f4ba25cc3,0.0423,14556,67428
ENSG00000108231,ornithorhynchus_anatinus,shuffled,7,d17cdf79ed8bffd06a61543b54d53d306d7122fda2edcd2227e8ea69e29668d5,79734393d52d9391c704f195323126f9353dda61db2fb3ba25043744ff65fe27,0.0592,16456,65581
ENSG00000108231,ovis_aries,shuffled,7,7fc255e5783bcb4b72b2fd23d2e4c55ee91a5caad10a7f9da3c5843c64539118,e7fcbb1acd97f1220812635808575ee661d55e41745b2896f477ebef8e19180c,0.0987,15714,66397
ENSG00000108231,pan_paniscus,shuffled,7,9b73cb10bccbacbe22c69f65f9edb1e3fe352ee92d4aacff0d0daf77f154838b,0000d0d070580d90ff70d1cd50610edc5778f0b173b9152cd1bea1b4d462b9f2,0.0331,14716,67189
ENSG00000108231,pan_troglodytes,shuffled,7,d0ea3ec02513b188c52810003c5225c3b3a5bd51f1e70c7a2f4a53db8de5f7e8,93016c87ba1275b1726de5f083a141bceb0820b8d75e7794c63c9cf95ceed6b3,0.0247,14769,67232
ENSG00000108231,panthera_leo,shuffled,7,c319c0ff6a6a3930ae1f3bfa54507e698b8df61115905ec938899e90e41e1628,6fc6c07b71459eb859f6fd3bc5c662d7f9badfcf39d60f6aff4895e45f680608,0.024,15505,66986
ENSG00000108231,phascolarctos_cinereus,shuffled,7,607af31c351acc482cf984288c3df0fa5be9dc99f55b858577c4fa41b838744b,2ed0ed3cb240399117d744b8abf1030622388e0d339aeb57f94262652c2fcf21,0.0732,15168,66631
ENSG00000108231,physeter_catodon,shuffled,7,975f67095c6956e19797be24e80e9e4a1ad4256d29fb6c1f1084ed3eae15facc,37b3ce84d655e10dfd1cadf4f1047658ad5c64f7ae196c69acf71691ae55d8f7,0.2485,15740,66481
ENSG00000108231,rattus_norvegicus,shuffled,7,2e9e7c2156ed0255347521a6b0a29d8f07bf4e3a6e59c4bf3256a4bfe14c7591,bbc7135abb6747e3de660e5d03679507544999183903f51abe89fb7f1839a81b,0.1448,15371,66420
ENSG00000108231,rhinolophus_ferrumequinum,shuffled,7,66933b7be8dae4dc568be6ad93eca5f3ae86a6c7c8075e5d93e2b8ac8336daa4,e71a1b77bf0888f4317a6bc555142b8f725dc32b415d276369d57638937009a0,0.1944,15545,66455
ENSG00000108231,rhinopithecus_roxellana,shuffled,7,e2633dd641e698516fd6587e80f0ce6a9442bbabec7605ff902d2d6c1985ba0f,a18da6dddf37633265678615550d99f43c42b30426b16367933a7c21eacb4b86,0.0352,14626,67266
ENSG00000108231,sarcophilus_harrisii,shuffled,7,f02b7a557991a858f6cdd386a454e338f409db8d22ee1cddbbd599d439b58f9a,92fb3a6299973d92377c9e67829f1429143156912f3640d800bae18d1fec839f,0.0464,14960,66724
ENSG00000108231,sciurus_vulgaris,shuffled,7,b01719256ab54515aaa89e60a3a625a313ef0c842c992b4b9cabcb1a871ea6bc,2bd3bb6f7e55cb2237ef52cede517b5bcde22ba3d2deea52e62ec0fc840f8bf6,0.2207,15291,66617
ENSG00000108231,sus_scrofa,shuffled,7,b9b35ec869ebbda3a7bdbc5d59448657842f11c638f5aae964d5310e7a9a7273,fb86b27f67fc13778406898e29e3da028f129aa1bc535f79a1a12ca534a40f34,0.1747,15254,66688
ENSG00000108231,ursus_maritimus,shuffled,7,3603e7b0f84d9071d832cb6f85fa0cb6d0028912dbbaf901b10429938b4217c6,a78eac94cb0be09f69a571e9f5674a19431ca01f57d12bd2f17c4603b82a5bcf,0.0766,15618,66458
ENSG00000108231,vulpes_vulpes,shuffled,7,b36908a51e4b35dffdf0604b4054b7cbb1a24deb632bbba36d2f76b02d18090c,6662ac66740390162f165b48d3b75e73a55de469ea062066d06cf74fc01ade4e,0.0944,15231,66628
ENSG00000108231,balaenoptera_musculus,shuffled,8,83e947a9816b6d7606e3a53185bd0ccfd32748c79061566bf895ca41dd7e617e,7cce755804fa0993d3047772825ebbd647058d95efd167b4a83a95e91b66de61,0.061,15597,66474
ENSG00000108231,bos_grunniens,shuffled,8,fd92fa895e7c9f12ceceb3246543a8259fa68cf7563ea8b3871b92fcc5d1acbc,2dbeba1ee7b7a3352e5cbbc1207fb1b61306c4d19e7d97cb61d37903d6a2de62,0.0509,15668,66346
ENSG00000108231,callithrix_jacchus,shuffled,8,51f63a8be86fe36d7622f91804f7b9e86bdf3e8f9a735dbb78693151eb0f4110,f8e1a17159c518d1e37d642e67dcde89f9e7ebf40bdd9f8a7093559c09655d30,0.1032,14623,66831
ENSG00000108231,camelus_dromedarius,shuffled,8,66aa31e0f12cbccbe5b9a3cc268d4e3df782c73e02ceaee26ea0bdfeb01709f1,81e002bca5a156343659b3ecaf84731bc88e110dbfce85b6f70cc7ea20acaf27,0.0601,15555,66232
ENSG00000108231,capra_hircus,shuffled,8,a62e5eb9e4345056f6ec5adefce6409be7718c7db6c5c555c6d155770dd09b92,73f2d6e8865846ca782cbb2e254a1455eda5d2978237fd34ba836f69d15911d8,0.0293,15663,66436
ENSG00000108231,delphinapterus_leucas,shuffled,8,5a0ff4141e24661b92452425b75c31d21b5dd6f5e2c8f3aff843320ebe04c0ff,f7a5637ecffe0589017149f58c83791842cf3ac7d52b536c631ba5b8ac8cab7c,0.0958,15627,66341
ENSG00000108231,dipodomys_ordii,shuffled,8,82b67f678ba96b545e518a1d7d3cf6a4aca212eb59d81431f2bf88a7eab8bee6,d41460f78d101db31772dc2b48aaf568884d0f2cdd8b76d4598760789c1d5978,0.0825,15344,66664
ENSG00000108231,heterocephalus_glaber_female,shuffled,8,5c051eda7324b234be24f65c44842d601f1410a4b9401a5e0ccb80bd7a1cef33,5ae166e8a6ee0dc551bd4d45db6b686c7f7e966dae0af28f14a843a73abb5580,0.0863,15393,66580
ENSG00000108231,homo_sapiens,shuffled,8,55092d98fd5c11fb1fbdb96c9c71e760bec9aa45437b945e89bf76415ce611b1,d2908216c6dd0ca237a9c53f2b9cf5aa5a1ecd6b2f2f97b37bbfecbf384d7071,0.0743,14730,67353
ENSG00000108231,macaca_fascicularis,shuffled,8,60c31e25a92897335cee728762ae34bc1d54e860913d73ac13184e8cae36ebc0,f4277d679ad31ef2c29e54c385f6cd2f48130f32ae73d54223ddd0536e150eca,0.0743,14795,67158
ENSG00000108231,macaca_mulatta,shuffled,8,f4e155639b4e69ecff4a8dadedb2534e5f1abb0e7403e8a6116d34ea87a71f3e,3d3a60fb6e2417a391f07484dcf518bac652373f9970532901745932654ee452,0.1673,14670,67212
ENSG00000108231,macaca_nemestrina,shuffled,8,74ec5c6569d998e916062a26ac0af65ea283c3c9222e916351189fdd6480d4e6,b846d1dccd3269d3d3e913f46e8d5e3d6ff66e0436b326e372e3de06f03823da,0.0411,14634,67256
ENSG00000108231,microcebus_murinus,shuffled,8,6cb10897442022beec86ee717b3756a4fc64e34c0076a66fa10935a9f05b2171,c7c8b76a7dd6f891e0280a71579096cfa51ddaf4f4b02a5986603aedf6d61a23,0.1458,15310,66933
ENSG00000108231,microtus_ochrogaster,shuffled,8,fbeced701e80986c7121a5142fa56db90e9fa8a60d423434a3b2c32db01d1a2e,d6e3dcfbc2790dc41b70b0046e61a27771e2687364222bfcdf5864509161037e,0.0479,15562,66707
ENSG00000108231,monodon_monoceros,shuffled,8,32902b75af70aa544044b42ee3b062e37ab90e710abe88a15dac4cd32d2c2d13,45d2c4a54828566961bbdfde4db1c7d92bf3068bb9804fd76c909e6c2b90eb55,0.1317,15623,66441
ENSG00000108231,mus_musculus,shuffled,8,57e9ce9772aa25fd67df561e0d8c6756a226f697e574ec448242f69668cf370d,348dc18ed7746e686a0e480ad81ba104e262a1fbe3ddc46534ef29484daa212d,0.0699,15378,66704
ENSG00000108231,nomascus_leucogenys,shuffled,8,389b92f3792bfda91f8964a23a00b40d63582bf6449f48fd5e3512320b1d8c17,a258106d51366fb95c06af6e963f2b0bf948b27cc5f0ec51987f72c184f20f84,0.0777,14537,67487
ENSG00000108231,ornithorhynchus_anatinus,shuffled,8,72bb040ee76b6a1f95f122b651b3246bc2a1d23521657c9502a6bc9fe0672f5c,62af7aeb612bc3f9181474835fcb5a59a7c5e01fdc3ac58b9b0b8e33a42cd6e7,0.0813,16405,65480
ENSG00000108231,ovis_aries,shuffled,8,87dbb8d3b3e314c110db31ae71ba3e69d68723f5ccf22b52ebd24e2de68ac897,554b185751698e0948c6b54dbb385e8643ff80a97f03a82f1051ee626231d2ea,0.0648,15714,66422
ENSG00000108231,pan_paniscus,shuffled,8,42805883517228c9c7d8d9bd562d00fefc8a34898acefed9cc503cc13daf6ec0,49a74096b06094f1ca5d42ef19bcae283fec988117e1c6b6075f348eb1596da7,0.0566,14698,67247
ENSG00000108231,pan_troglodytes,shuffled,8,e24629b9ae27d3bc0b751ec74413a99c9ff98d05b5d16e62cf2dfc25e6a87213,2c20c1d1c9075bfc1917101ab6a8f351c2fb289aa2fb8bb8b97b61d6df4db380,0.1017,14769,67321
ENSG00000108231,panthera_leo,shuffled,8,57043d3e9c8feec9f594125d1d85d36ba5e9b2c099fc8448f0ffa63bfedfe919,3ac6d32ce8d32ab19658adcb06aaf9cd1e003a64d5d4fd8c6dba202d14880323,0.0184,15500,66981
ENSG00000108231,phascolarctos_cinereus,shuffled,8,6e1620e6aa2c2682eaef1d28be1c251e68b90f2df8be97e2a01c792da62c4d60,a3d0be2d26bc05624467696b41d4a19416d6245cb120d84ba6d734fbfa49ae2c,0.085,15159,66631
ENSG00000108231,physeter_catodon,shuffled,8,9603bc71d4898386b17fdcfbcc5b0872b40a89773f0fd1ec25554eed473e450a,be01746fbb763537cdb8a195505d1fb8ea553d52a97ee4975050e85623988dc1,0.1145,15653,66471
ENSG00000108231,rattus_norvegicus,shuffled,8,a1579e4ff3fe1d993fb01abf6a406b3aebd4e6bbec8a4051ca6257e82d901dd2,5879bf23cb89a17e8b3fb6a2473c612c4097e2f5a26c9740b45a924579d79a80,0.1162,15371,66573
ENSG00000108231,rhinolophus_ferrumequinum,shuffled,8,f08d3752ff3ada602d918e846d219752ee754f84f91f2b48bd88a9f08c2f3bc4,c2ca2e30c4ff01f559e1bb61c043fda33b87abd967a3e945700db33649cc16b9,0.1279,15539,66514
ENSG00000108231,rhinopithecus_roxellana,shuffled,8,f12175d4bcc3461f527a5153f6a95697fc766225c7e75ef4293cf8f0764c7669,e17d440218acca63267e528e89c077a04d46ad52b2082b53f8a2b41d6c9f9635,0.0958,14668,67232
ENSG00000108231,sarcophilus_harrisii,shuffled,8,a81a3aa1c55c5e0f108c6993b1e10beb50317319747ed2e3fe5982571ba2de76,fa9ab11482e17c66efa9554fad561e2435c8bd30772401b9a18dcf772a8257d2,0.0516,14890,66708
ENSG00000108231,sciurus_vulgaris,shuffled,8,990ff0f1e525b2f8b06ad1203d205be04ec9eeebcdf502cb1ab0a1d1149380d4,11809c1a47e486c048e0e0f8d43210818165591162cc49c9743c5ee1dfce4d63,0.0648,15274,66586
ENSG00000108231,sus_scrofa,shuffled,8,8bdaf7d1f6e4d3a56adb4618542b12f3734f50b5e0f2f9624f809b717f6ff252,c5086ae83c53fabafc659e561b8edde23bab10814b2389957de3419b4ab1fa4c,0.085,15358,66562
ENSG00000108231,ursus_maritimus,shuffled,8,f6909bc7677925be1e772a47bce75d4a96102246a8a1fa5b0c2fcab2efc773ed,608ec69969152dfc2e689ea83df60f00c2020b5633a8a5132873c406e9638f5f,0.0699,15595,66370
ENSG00000108231,vulpes_vulpes,shuffled,8,39fdb3daee6427551a64da9b43543ca76587d395d75c9079f577e321384bceef,8e3daaa7f6204264fdf298b4661f9266e781aaf559587de0e91115d7df2ac3c5,0.0398,15201,66623
ENSG00000108231,balaenoptera_musculus,shuffled,9,6793f9bf3374e65542275ae5c32f9ebb7ed6d39e9152542048cde6e0cf34036e,cbd2b571c7353da27a37776249949ff486c8f9428ea3b32074419aca31f86945,0.0766,15492,66356
ENSG00000108231,bos_grunniens,shuffled,9,4d533e3b565236a7d2d659a437c4940f8429f5c491d93210193c818654884066,79419cecb53700bec3d0bf1a03afd5047be4cd6d36c18c59c5fff22657f4b8c3,0.0486,15689,66386
ENSG00000108231,callithrix_jacchus,shuffled,9,b979ecef1abae0eacc8216020e4de870826ac53870eb5aa4f588835d78c99b45,df4df3c0028be161fd1853bc8dc0f0e0b7f72aa7f1ea4e8785ac73f6a204dd94,0.0298,14547,66831
ENSG00000108231,camelus_dromedarius,shuffled,9,41475c192e4727dc908701471ee8fa3a5fbf474314c6009dd07e49f8b8e9083c,f31d25634a5911ff7b07e3d992e1224a87e1146ee6654b28faa261aae6c05861,0.6782,15540,66223
ENSG00000108231,capra_hircus,shuffled,9,9a3a8c1b0dc3944993ca08ec13597610b3c882586c15abd3f3f609229351b5f4,364a307aae5433a9ca352bba8bf503f6e9555c1ac1c2f6d35f47645eb232d9f9,0.1269,15684,66465
ENSG00000108231,delphinapterus_leucas,shuffled,9,e4196fa044280857cd6637bd8c49bb4c0cf59b242259bfd98c489e43588713e6,91ff0b7b82b8d596f62581f246c914bab2ac81c75e186b695cbae9e89dfe615b,0.1002,15621,66329
ENSG00000108231,dipodomys_ordii,shuffled,9,e2b598bd89d13e17682350ff6fa68cf64d59c97e63bb587b66358e9e51dcaeca,03a8799b4fe44dff2a7d2d37efbc22cd43079699c4b699fbbee3641b4168352b,0.149,15366,66641
ENSG00000108231,heterocephalus_glaber_female,shuffled,9,701f90fb0644cd44b3dd8bb668e96d6705b904ff047daf843f01df5a0c7f40af,6a85576426965a419a8fb79422ca7e71a5f93f46cb744960dc3fc36bbaa6be2e,0.0263,15440,66664
ENSG00000108231,homo_sapiens,shuffled,9,5ef879146f3ccb0601fcb4636328527cd7c47ba871c934c337bb9b2243b8695d,19556894e95a57d40cba9666b91f6807c71e46b7293495bb95b3ae2709879981,0.0813,14664,67339
ENSG00000108231,macaca_fascicularis,shuffled,9,23751cec07f244e1baaa29c9f5443a034163d8257f86fbc3a82019586920a1b6,39a49bd547d3f956cb38d626554766c6003c1b7fe9874b2e7f7c05b81838f22c,0.0316,14812,67208
ENSG00000108231,macaca_mulatta,shuffled,9,d1a5fe015c8ef44404d4fad46e46ea4d64debc7d791cd7ee437a6d081ab7aabc,fcb685b603d3178454c90e7c1a04d32ddf281c7b4d8de24a19d7edec9a5a0f73,0.0298,14632,67271
ENSG00000108231,macaca_nemestrina,shuffled,9,89452ae42a256339febf4970a949ae862facc4e405d4f0d174b230ed47baa46a,531bdf27ef9bce48a7a68d6fe3a6710e03b9758db4c8f686303552aa69f96022,0.0222,14571,67245
ENSG00000108231,microcebus_murinus,shuffled,9,0cd380fc8c017b970ac626fccb374a0d319681d81a401b7b6b0b6701f7ad778b,66a70522cfb5a848902271bc9bcfaede2fc68f7300a1b92b029e34bf0f3deb9b,0.0699,15224,66993
ENSG00000108231,microtus_ochrogaster,shuffled,9,e3526d9ac60599a4aefa1dbf3f3a5d507b12e4264d4b8d9314a8d7b9725ef41f,b76d8e0ff2de1c7d50ad9c363d04c3c4281b69491c405afb96d1018d11d16c4a,0.0601,15566,66635
ENSG00000108231,monodon_monoceros,shuffled,9,e9073d269f01a19765bef0e5c5cc3a5a0ba90b4013668b400e614438d557f1ee,f4cf60c1d7dc0554d1a2963a5060c50a736a8fd191810c330307bf2283fa87cf,0.0316,15612,66441
ENSG00000108231,mus_musculus,shuffled,9,8827d27c1ae974c8b98d659c7c17cf24b93ecee89f8b8306da4733feffae9fe7,71013642f0cd33acd091488e3f1c5073520aac416b4f8dabe5efde6a5461b63c,0.1673,15464,66672
ENSG00000108231,nomascus_leucogenys,shuffled,9,2720ad3078da44991117a6ed2b0b62b133b04a372362fff36fcfbd47e8479eb1,334fcba66e32c5581fceebece6c84b5ce9377aa024682e0ab9a74ade1d050eed,0.1568,14610,67432
ENSG00000108231,ornithorhynchus_anatinus,shuffled,9,afac59c1777601b933d460a8c0f02c5c4f625374d3e84702d7e72dd38b9579b4,4bcc48b48148f899e373897cd337a9942bfca9edc4089252055ba79be2eb922c,0.0679,16443,65595
ENSG00000108231,ovis_aries,shuffled,9,b3075e5c0550f870777a68a3e915f0b29c0e6d27a8b35f6cd8ffe04228e4e746,95e12082f6f5cb9ee84d0c16dda730266444cd12512c3708ccc0a9c8fbf666d8,0.0668,15676,66333
ENSG00000108231,pan_paniscus,shuffled,9,e5869b2649fb8c0d3dce3972c4a131ba60a7fe28fef2b4e74ffb27ebc453957c,661a9b4274f48c89583af9af1a84786376bfbd3e6759c96acbeb177bd1d9c9a3,0.0302,14698,67217
ENSG00000108231,pan_troglodytes,shuffled,9,ddf3ebb2622309b885baf7eb17cbd75ddab4b5609de705faef887dd40c630a4b,a7c086da999be1386f6d2ddf3fe95dea451ed0543791b5d3255cde60ced795cb,0.0457,14740,67250
ENSG00000108231,panthera_leo,shuffled,9,5308a848531e3bdfbc93979af2c5e37e9e5a9d73413d2da0aa3e89fdb4179478,1bc4e9ea38c7b97c828fcd2182ecbb88131636c1e4a9b8e165a22edf32f40b05,0.0789,15526,67026
ENSG00000108231,phascolarctos_cinereus,shuffled,9,00dae859526cadbf7464e4b0cc5f4522fda49e3c763450a49012c99d29d01d01,45bdc052e63cb51feea2130a9bf6ce806c0551e3f2dbc62e4c0b0f9dd8825782,0.0801,15109,66595
ENSG00000108231,physeter_catodon,shuffled,9,871d35c0891a7ad90ef9bfcfdb7cca4c63429522d11d7d0087edb4e2f80a91f0,52d43954324e5bef55e30eaa5960a77608a0a51039b1fe254fbe6dd4589751a8,0.0471,15713,66504
ENSG00000108231,rattus_norvegicus,shuffled,9,4a497067b61da03c2ff01e23c3ea68bae4a73fdead55b4160f51c3deaaeef55f,0e97f9cc0f3ed20a659582af81ddb628674936bd839632433d32fce50e75075f,0.1649,15323,66508
ENSG00000108231,rhinolophus_ferrumequinum,shuffled,9,5945b947e9d10a1088c5729a0593125397db251f4e5e5828ab8867e796d78b6d,01ca88ccc16b2da2a0bd2853a6ce566ebd692a63e0f1495a34fe7ca76c4c19f2,0.1162,15531,66375
ENSG00000108231,rhinopithecus_roxellana,shuffled,9,9d638ee7ab5870523022c6c908d44229ce01e348788475f34e7e2aae6823244d,b41edc91ff2aab1b90e86a2bfde85a0a4e03fe1735bfb4abf9258159bdeb8b1a,0.0392,14648,67217
ENSG00000108231,sarcophilus_harrisii,shuffled,9,791416eb0c7c96310d75827ed2d8bdb23f087a5ba5e64b65aa234f70a637cd9e,15d9686b582ed6104666c020ae9c8a805a5f5a18d7e2ec1d716ddb844fc4d0f9,0.0326,14922,66732
ENSG00000108231,sciurus_vulgaris,shuffled,9,505d6b5e17818dcd0c6b8a80ad47cf787056ff575e6815f651eb40634fdcdb4a,3cbbb86d5a0c84f38aa484a1171176375feeedfcaee3a131fd089606704d3675,0.1356,15287,66579
ENSG00000108231,sus_scrofa,shuffled,9,2ec2791c552a5bd80c305350c3e5ff5ff1222ea3f63074164272f2921ef7e9e9,99065bfb1be57caddb9bdd05e2235372a4c3f669b6b62a89f9b86c6ea0456fb4,0.0987,15304,66625
ENSG00000108231,ursus_maritimus,shuffled,9,046862a80d66a482a682afe323221079431f84a2767656aa5b5c473318d6847e,e566ba93043d18f731c972d57c1a8ff2c3dbb1bb6d37f007ec94239efb24d4a8,0.0352,15659,66358
ENSG00000108231,vulpes_vulpes,shuffled,9,fab50860fa430f671507fa1c76b1c8da22a42b1de08bc24efc7eb17702389da6,677e9305b7483ac5c00ca15ca56456c6e0f1fe196d02272555689d706152bc1f,0.0509,15195,66669
ENSG00000154930,balaenoptera_musculus,native,-1,40153279136587817627d46976924c73b2e73eb77bfb59d26049c769a5731ee5,195712c13e2ad6f2996d901d7052941558f10e23c127d995dba836754325cb15,3.258,16110,65962
ENSG00000154930,bos_grunniens,native,-1,1212336b6cfd2cc7a81981a4c07a27e2740a5cdfd137fb82ce6733b9a515f255,1dd5243eafa324fc98ea2b364cef1a0d1143122c39432fe31f72b5262aefe2da,2.1822,15887,65894
ENSG00000154930,callithrix_jacchus,native,-1,baad165b8fcda5fa55539e2ba5383cd1dad9b252f12ce20ee1100f737091aa6b,9fcd991205a6bfbd4ac61abf528d78530f2a57e4d4f9cbad95ccc3e2641d72ff,1.7982,15479,66094
ENSG00000154930,capra_hircus,native,-1,393660f18a4deded5dbb8ab3a4e8a6b7dbbac4fa96b473360607b9673a3b4581,1b7e91d4dae258df0e86d8e4480bcc2544424f0cac3c01b42eed33f63ba6ad4f,1.7657,15885,65904
ENSG00000154930,cavia_porcellus,native,-1,e8d3540d6a7b854c117934841403d05e2af08cfb9677a5866d025874213efbc5,a0131a41299daefab1461ea8831dde9183d5e402c9c30d28bea9e7ab4bdeefd3,1.2097,15249,66408
ENSG00000154930,chinchilla_lanigera,native,-1,4fdc5c25f1e6fb70c05ddda4c8093dd8e582e403786163b162985bad90be63ae,76e21851b0fef8f00c75aa45a57fcc42b8a2b3a23a42d942661736a0d26a2fc0,2.3079,15556,65912
ENSG00000154930,dasypus_novemcinctus,native,-1,7be244766c781f8b3044fee7192e508261996977a5d26e050b139151209284d8,bcd9352cfec568a12c7f5dc60831a2fb3fd85b6c75018c3326ec8ffd13176ee0,2.8267,15260,66303
ENSG00000154930,delphinapterus_leucas,native,-1,206ef5f1d077a765fd2662b9c09ff7a257cbebde10995a0c3a9daf10a25dc328,aec664140af24779a01dd410cc1222af07317178432aa4de61c3fdaa98aeb9d9,3.6057,16271,65998
ENSG00000154930,homo_sapiens,native,-1,883dc4df4fa20e8bbcef17b899dbecd2c3668bd1f7223847bc35fe67a143e3f3,97b67e22633417c5c718b782e9225214040b8abe54591cd7bb105ac39cc93aa1,2.9447,15670,66839
ENSG00000154930,ictidomys_tridecemlineatus,native,-1,cc5c4484a02db07407758a0d77d0424d8fc5843c02180ca7c51baeac64f207d4,85db37fcb1525767920c6d9c57f3ecaf38c97a30c2fb59acf5dd645c14dbc77e,1.3944,14922,66668
ENSG00000154930,macaca_fascicularis,native,-1,e57893b6433579932f815ae8f944dc00b812d171fe041e4b2b084c6eb6449b61,a97d87dab837df955b130f5ebf75f4780906da5da3a05c4a893e20113beb61b3,3.8496,15660,67637
ENSG00000154930,macaca_mulatta,native,-1,7f0936f7d5454256c253d6b45d68078c4ca1ceb29edd662c296ebc36ac5975c6,b63688facae1507d8c780ab3ded12d2e3b1f08ce7492474dbf05d66960794503,3.5298,15680,67632
ENSG00000154930,macaca_nemestrina,native,-1,a53c1f65468931bd1c8e64c78b8ab056383b8d6314d8f68e33c46f01025dc2bf,2f3be1f5774b7be9702002df54199feaf19c1b2cb6875863a758cfa754885b4c,3.5905,15592,66379
ENSG00000154930,monodelphis_domestica,native,-1,485deb80eb4c52d7a0ce9eb173b02977587958ff2fe4ad68b90ff9643d32fb29,1bf6a8d9ec989889631ab5d475a06e46dc9a4d07649b43d6e98ff7ca8f3e46b5,0.9333,14486,66807
ENSG00000154930,monodon_monoceros,native,-1,0e761da1627247b41ef143d40bb1846d9d79c16c1b201913b2c7b9ad983d294b,f4f5895b201b4a55650bd3a1bc17ae0235822d4a6bd6d059a9f4018b748251fc,3.0933,16245,65992
ENSG00000154930,mus_musculus,native,-1,d0b14cd2ddd029c728ea95b96860f77e54d38ad503078e3334077ff68c6bc240,9d63c2e7747549d991cbb06d6be4766c7c7356da58c91a3743e2b4c7928661e0,0.7633,15457,66382
ENSG00000154930,octodon_degus,native,-1,21aad4caeec2e6990d3dd58a5ead59fceaeb74a8514bc0bd9acc65e061b06c0f,ddb55dc1bcc5898678299655a3a3d37e8e35cf0b52294ea1b0df2ac6b59035a8,1.7593,15478,66101
ENSG00000154930,ornithorhynchus_anatinus,native,-1,32e633474fede15d3d913721aa51cba32653556ae627c0f2146bb5d92852563f,c9910f7f0017bea508240cd6783083bcb69bead414362049785573ba3e92836d,3.3634,15519,66233
ENSG00000154930,otolemur_garnettii,native,-1,219ec4532f0e7ae47ddf05781feafa9e1b05abb54bd7348cae0675299f3c8ccb,f196c96ee32bae4bb5177df7c658a764a02fe44a4b9c8a45da2f70cfc69f3525,3.4843,15163,66428
ENSG00000154930,ovis_aries,native,-1,47fc216c5b84335de7f945bb3d5a2de6eccae285b008dc6d72262314e4f6b732,c721f7ca0399f98d55b5c81c2eae44498d8ce1b709de00176d8d88f2206cde2e,1.5508,15744,65862
ENSG00000154930,pan_troglodytes,native,-1,59b9a3494c1037a6c3a87ec0e69f9ca4b36b1cbdeb623aa3e3b458ee5c03a3be,4eefaccc4aa0b343622d176e2a620dd787cebd1051f0ce9c7b181031246ed854,2.7533,15624,66420
ENSG00000154930,panthera_leo,native,-1,5fe9aff7d1c95df9b1a5886e1a53a1ffb3bffa91b41b010e0ee2b4ef9814aaec,c4190d265a05c8ca1e4f458eaad8586b14c0213eb2f350f36656d3c01ed74777,2.812,15235,66433
ENSG00000154930,phascolarctos_cinereus,native,-1,6de42ae9c5a2dfd104b68616b00d9baf995b36cffc612b1e2058b6df75fadc62,e5e9b9d2df75650f7b72d1b5aa0c12441f128c5aeebce3bcc066104d7d17bb0b,1.8837,15120,66410
ENSG00000154930,rattus_norvegicus,native,-1,1e1493b09a61cae3fa9b5889e16cd57fd57037167fdb1d4a91f58432f5634664,3e9cd1e5b71de9fee478e8c389f40f7d14809d87197722dfdc004322740e4f54,1.036,15611,66267
ENSG00000154930,rhinolophus_ferrumequinum,native,-1,aa27a944dc49849696b4778b15f9ccf2da98f96f5b98838e3fb6bf45a90ae145,fe5156a0807b01a0259a96065cd2d3a5c15e03bea04a75c64e122e586abda79e,1.557,15736,66552
ENSG00000154930,rhinopithecus_roxellana,native,-1,be28d305df4467b527e651a9346fbb06ecb0370ba2db7316fe3ca13aba3f509b,f19a42089755555e5ba0947ce1476e0741e19c1d73361078760c15be3815409c,2.6949,15640,66336
ENSG00000154930,sarcophilus_harrisii,native,-1,a6b92270837699e186316f2446ff38a3875fc0a8de3cb1cff261c2de1b0fac9d,8eea2dd8526fae819c3961741a09bab380b4bc3af7b428d49091e2073cecd31a,0.5674,15219,66602
ENSG00000154930,sciurus_vulgaris,native,-1,72d59e990062ce2655054122ebfc59a35154f3ea8847d12366ef1f8bf22d9f94,d12474cca6d539ca1e70bb9ca92b95f62aad27782b5390a8f2d1e16074e64b8c,1.6004,15030,66707
ENSG00000154930,sus_scrofa,native,-1,2ab37f4d1b436bf5063cc577a1d5c85eeb07fa6bf22e41586c8a455690f9851e,6321222d072440be1386ac0bb6ef57e8f08011405ff076f13f52a9133d4c9449,2.7387,15650,66003
ENSG00000154930,vombatus_ursinus,native,-1,c31aa5363970abf5340b8c70429c71eea9f0f8e3d8e052a661138362105ff10a,1c187a87cce5528f14cf1dea3f9c51869f59d03db9deed4feff28b397ee6ddf2,1.7335,15229,66355
ENSG00000154930,balaenoptera_musculus,shuffled,0,d596e67ec355c88b0aacd124ded9d3f50b01d9f7f2e55c551acbeeec2d4239b2,62391f3d6ef6c561ae4523a540b7510be1e226446383e4d49562a27f982dc940,0.2831,16296,65854
ENSG00000154930,bos_grunniens,shuffled,0,78f865ade9fced119d39180c7ad7e488d46c59642404ed67d328b1ccdbd27eda,198c77ee4d21911d24519645b5ac7f72255edbf57292ee8c9371868ce3685a49,1.2015,16058,65918
ENSG00000154930,callithrix_jacchus,shuffled,0,6ecb5963060befdc335829df3a4c6974e665b94977c14c27403cd0c847fbacd1,84166d875eb7af10b88a88a65c3764cd41f7e3f1ad1dd254a26d13be16e2e359,0.2736,15592,65963
ENSG00000154930,capra_hircus,shuffled,0,a5e8167898f49fe6f8367ebb85fca5828956138f274af23e4b3f20f46b3452c8,b539d03f04a4dbace17b1a8ef04903820b97ec66ad9abcef2ef7f02eb4cd1f85,0.9656,16001,65893
ENSG00000154930,cavia_porcellus,shuffled,0,572dffac8635dfaa596a8b1738fe03dfaddccbb6732852988e2bee23d3c062d1,2f72b7d3d427673b61b5e5af88d92878841f331ccaf6e07a1fd60a2b1f7b2e07,1.0665,15363,66359
ENSG00000154930,chinchilla_lanigera,shuffled,0,f1a0990883daf7150992db8627d702184fe9ac255a699b75bc0a6f2cf6899660,7cdd7fad63cf0e79a79cac43653adbad8af416875434071b6e6d7020ddbc7cfd,1.3247,15679,65889
ENSG00000154930,dasypus_novemcinctus,shuffled,0,0c6b3ab3ffc8f2d83cac6bd0d48aba5a0474ab263304ed6a36db3a867a44d5db,635a058186fee7d2785841c6d747fc26363bc8bfa38055a7c8dac22d6e0f56d3,0.2192,15344,66230
ENSG00000154930,delphinapterus_leucas,shuffled,0,e676b81de46c11913f700c44fb7e9b43283f575e4cd2aa6cfa9c189483705be8,9c9fb3bacc200d481f172c8a5438fd09ef46151e6d282c731b792b32e220bd09,0.285,16381,65970
ENSG00000154930,homo_sapiens,shuffled,0,0e0dd4110641aa6cf8f6f07ad4a386532a66dfff4307da43ae181d300f03694b,a3bea76faf8035e4356fdd34f37168b00a90a13fa05f65acac2ec6e602223926,0.0789,15736,66848
ENSG00000154930,ictidomys_tridecemlineatus,shuffled,0,deff18a9ff556a82582ce4bb9071dcd123901934e32875165da82e8679c74b71,565a6f24296e6ad1319d6cca4cbf460fff414b824912de7f1ec4d5931fd386d9,0.7607,15058,66549
ENSG00000154930,macaca_fascicularis,shuffled,0,55c392b7e1f63f3c7097da7db5f94a9629d7f00213689e1ca00a4fe8ccad1508,21e56576d97493eeae9fc87ce95f586d83d5aadd950298c430766dacc7adb878,0.259,15716,67567
ENSG00000154930,macaca_mulatta,shuffled,0,1d506bba145e7985eb19bb7cb9565a6325102127cf3862b772692a64297aecc5,cc2451f4b7f93e8b35ffd08d85093d3310fd2990c51b85338f060cc9ffb03915,0.285,15758,67672
ENSG00000154930,macaca_nemestrina,shuffled,0,0cc683024230b22e186690b1308ac3332dfa0493269285318c8f9fda70f96789,204e682a8dda61cd01af9f705c4f421ff63ac1509588ea59e68bfda51f3f74e3,0.2948,15627,66356
ENSG00000154930,monodelphis_domestica,shuffled,0,7f5d56899b0b121c4a177fab6c03b41f0d530c0d22e00a257403a8eca767c835,93a859ebd90df7d542d808bb89414183892766fe5321bdaabe020e08c910b91a,0.0766,14518,66843
ENSG00000154930,monodon_monoceros,shuffled,0,ad8a0c7e47a9642ccbe5de2d219bfc890213377f2bfc7d1cba69fe62238ccd48,9e027b023976948e505dc05122003ff40fe73e8a9623545922bdc4e4b08b139f,0.285,16429,66023
ENSG00000154930,mus_musculus,shuffled,0,e1ffb0e87666d948087b1b3e19b845d0cd8782757989b3b777cf3a79e44dcb44,7b0b4153ee5fce558a460a9d9b4f9a40bad2168bf53382014f4da1f91eb75062,0.0789,15623,66396
ENSG00000154930,octodon_degus,shuffled,0,3211f717aa4f07cd87a2e4f26909f294d54550068d6357a2736c242f9f615603,6c6eef3c2a2e1a27a762cb40ca133a0aecc4afd2e66dde4070e1d2f5ec095150,0.9499,15526,66129
ENSG00000154930,ornithorhynchus_anatinus,shuffled,0,e15aacfaa1c7838f83a282341a122616cea622d51e333b55fa4e508a46ab758f,b390c600f9ccc8a6f4a76130ebdec5faf95af5825e25e36e6e93263f1b5af26f,0.0601,15610,66145
ENSG00000154930,otolemur_garnettii,shuffled,0,0d14b9fa8a3ec440ae0488e69b7c57be85287adf09c727396ab665155c3eb738,a9edb90d03a80932a8630c903edd3085328f72ae528066e7bde7031e5b314eb3,0.7067,15152,66288
ENSG00000154930,ovis_aries,shuffled,0,13c91de38d092af07ae16d8efbbc2dc396fb81a806f232448e5156132183c2d4,55a5a8ea27a0c3c29078004b7f9fffcd405c15e9bd4ed0ec5150a6593f62283f,1.0134,15800,65821
ENSG00000154930,pan_troglodytes,shuffled,0,08b360a29163902856603f259adba2014364893f60dfe54af4ceed885c2d3e8c,0909c3b62473ed666b3fb701c0df098bd39c51f2c654ada69ded86528f365c61,0.7844,15677,66339
ENSG00000154930,panthera_leo,shuffled,0,8d28b3c3521d45ced36e54fb4915305fecaddcad6f4aac64ad700ab1cafb2a3c,6d8df65dfffb87f236bc5376ed64b3888136f03de3e0ab7e0131356f57b69b5c,0.0639,15402,66325
ENSG00000154930,phascolarctos_cinereus,shuffled,0,eb959ca51412e559e30236973b44ee0f447f4c192016a4e647d4ae55e6c21033,aeb767e44ee54c31064f05a040fc79c90d74ed7408f175838144a602254b83b1,0.2755,15293,66401
ENSG00000154930,rattus_norvegicus,shuffled,0,58d515871b56dcf0f047cd9c83f905d1b0307a8deceb7cc3c00338f8790a2c13,0db41f6115520abba90301f4792a136d4761d84891015fc55e01e4855f9e3087,0.4581,15684,66193
ENSG00000154930,rhinolophus_ferrumequinum,shuffled,0,9b9c27a621d8893260e9ed0faf21c2e54891ea41d9798dc268dc0d07d899fffa,6451ca058cb891338608ddf11ebafe5d848dae9495681dc80e041c7384cfd82a,0.0443,15736,66472
ENSG00000154930,rhinopithecus_roxellana,shuffled,0,9a57595dcf72d5d88ae91b335f6b51d012306cf59b7aa5e05fedb7c67acdbfc0,bb4448a2ea0ca170d75659ff1609a0987137d5d092f9376ad5585716085ca89d,0.4034,15680,66317
ENSG00000154930,sarcophilus_harrisii,shuffled,0,814aa0096ca64327d7499af520172252ecd4cd602f85123934aabc8b42d9763a,01c574e104e9cb31a671f613e8a2ec5f21245f6c3acbde1036f5cd57c3b376a7,0.4653,15233,66626
ENSG00000154930,sciurus_vulgaris,shuffled,0,9ea9266b2bdc520430f814d22464249459d7779563d8f3ccf775d37f4e1d5996,1b5689a4f6c587b2cb5d9875c335746e69a075dbfb4a062b7bb839b41a14b021,0.2831,15176,66452
ENSG00000154930,sus_scrofa,shuffled,0,f3de188768a34cb8a6479cfd9d1f9f9333ef0b9fa085215ea2edce48e84e2b75,a0f957a4c76cb17e723b802bd07d9cb0dda13b5579ed1e69e25ecb12b6cb774a,0.6267,15729,65958
ENSG00000154930,vombatus_ursinus,shuffled,0,6fb5975204ed37a3ac20ddf62593526a69389b63340875dcd2318573ef74d5df,17f4155baa23a9be412328cc881ae77613bc3472027250f08c07f9612ca84c90,0.3507,15352,66331
ENSG00000154930,balaenoptera_musculus,shuffled,1,254c6cc3949d8233b31ff6956af74de5cb8a8d6e4abc41c1de2c84ac237db301,2feef95c7e827975d0152dddff5dbf6224afad527e7c4cfc558c68fa62de0d72,0.2485,16246,65929
ENSG00000154930,bos_grunniens,shuffled,1,da7a4dee552ba8c555d2a02ddadcec683396013a3fce3218634a1e4323b66854,a22ae032d7fddb2ff1f0391d56292210d5ad265e90a4994ee2d00319e13f7f1e,0.6087,15942,65918
ENSG00000154930,callithrix_jacchus,shuffled,1,ece71d83cca7c883df689f313f77eb192bb3562624dc5e5a3ebcbe3b42d6fe62,cefe5c37581907d7aece7cb35cc6f3e169bbbef4da707f69badd3675041ece28,0.24,15596,65976
ENSG00000154930,capra_hircus,shuffled,1,b883de3d86caf9e9119843054af7c9126265d13acbf17cbb062efa9e8ca7021f,9b1035bded7382cdb8d87e12057a35042ae0946c8b24ff918a62bdc34371954e,0.5303,15958,65855
ENSG00000154930,cavia_porcellus,shuffled,1,06a889b70fbb89fe2a650d4276f33eb8d6d779cc8d0b09360787e9eaddfc8e6f,b55d9ec1fae228275808c466aab8f738eed51acd0922e44af8debbc9a9c33516,1.036,15297,66350
ENSG00000154930,chinchilla_lanigera,shuffled,1,289002f198054d69b296bb01129bba86fddc23a0c93eff638fa9f4d5a7b6e006,fda3f4363a548f48810a582f7f74ea0cac4c764790e0e1b369b37e4e708e7c00,0.6906,15640,65846
ENSG00000154930,dasypus_novemcinctus,shuffled,1,4e17d706a19228d5f079ef8d3d0983228e411a8adb7af8f5e1bb8a5640e26de2,293a4c9b0619294a4e811654add2168bd713df59129740da199ccc672bb24171,0.2177,15407,66201
ENSG00000154930,delphinapterus_leucas,shuffled,1,89ef9b84aa2dd9647e6c82416ed22f032185314f6bb377e6fb83bcbc221bc145,cda084cc90e1d76bee879ae4bae307e73cdd1dd58b859032ce15c778608d67f7,1.1475,16345,65938
ENSG00000154930,homo_sapiens,shuffled,1,87715dccd3abf5a4bc8c00396d5e17c9ced4bc37c32bc8baf0d151d22b5c9f1a,e2a3842217f499d208ee71a620af1d9d0f7844eb75b2e47cd32d52eeb001e52f,0.2057,15741,66774
ENSG00000154930,ictidomys_tridecemlineatus,shuffled,1,db14f1ea614c0faccff9a5ae2cf6e40c6548839db89eabf03033f189a4c6f2d8,2f77c0ac8caea989b5274df8ff263e034797612391417ae51f9d131a94004e6c,1.9704,14992,66542
ENSG00000154930,macaca_fascicularis,shuffled,1,4cdebb289eb8c4cb29120ad4726f3ac5abc98c6a254db6cbb33b9e8acc4e392a,12390fccf2746fd32d30fba78839d3e7bdc8c816347fb11f750afd2f793dc3ff,0.1889,15647,67622
ENSG00000154930,macaca_mulatta,shuffled,1,0def151c320dc5442888ce318f08efa3bbe9c1a50e2d195c2281fafed52696f5,78321a3c3d7a6987ba8ebbe6a63be43f21c9c9f60bae8cafb8f069ae328c6fe5,0.3316,15769,67688
ENSG00000154930,macaca_nemestrina,shuffled,1,a2105c99c9b9428df53d911ea04dafcacc7d8aea550bec18a900674e3e589def,481c17b18493329678113a96deb61e4cebbc6a0d31056d9bfb27d07487333571,0.54,15612,66323
ENSG00000154930,monodelphis_domestica,shuffled,1,1e71f61cdff6b349fefb5bb3702b3411ed35d378657d0641d8053337a2741abb,9ee9e5d5f2351fc443bb207a497441111065a16f10a919f11a5aaf08ae61ba6c,0.6158,14559,66831
ENSG00000154930,monodon_monoceros,shuffled,1,6377ce9f70f81066d1b0671d2b11d49ad5144e0f8b8f231191b3d871c9a371b9,d06554b8fb964a21831715bbcd23a9f334c5f77a1382bc34c1a1d39fad794fa4,0.3143,16344,65903
ENSG00000154930,mus_musculus,shuffled,1,b7c3ad4efd16ad408b413260d8e7d2ec81ce5394e8831bb5a5c0ef26b371eddf,c89a1a5319d0ad73f5a68940b887b8a83b61d824c0835c74b06013189a832bb1,0.0583,15560,66412
ENSG00000154930,octodon_degus,shuffled,1,d05c7501d45bf3954e2d5b0726053556ed9a514e90b3c6048c3bfda9d46a94da,ec3520a0599e49cea94849cd20fbab86311e623bba45bcf8421b9e887890c2c9,1.508,15545,66074
ENSG00000154930,ornithorhynchus_anatinus,shuffled,1,b596107c1420d887c816fb7b3b7e66cb8f5f5a261e290f56d455435cb225ffa2,9a1fc03e9cca1f5df8c46845d98db9d83f059695b4492c2c9a68b1b154160801,0.1298,15656,66153
ENSG00000154930,otolemur_garnettii,shuffled,1,b3352b7cb827672b316671a46cd7490e9c5a3954e011439387bcef476e5e131b,49de880bf7450f25452458fa0ece03bb3b16498be1dbe2fce39d5fad1bb21899,0.5051,15203,66358
ENSG00000154930,ovis_aries,shuffled,1,17e23f10fa275fc0b1023475eb98e4ffce1d2294aab49164863054d83c6ba21e,8a734fe229e50baf55f0983f453612d7779b050042a87441af2ca1b74e0ff58a,0.5532,15901,65817
ENSG00000154930,pan_troglodytes,shuffled,1,ed7e290b7d630cd9882200026314b084f3f1855cf1915a0f9c1402b8dedf22f3,89c9af6dfde1909e22a178f6dffcfcdc027bdc95de55f95b1bbfa271e9c9f631,0.1326,15631,66373
ENSG00000154930,panthera_leo,shuffled,1,8c0205a74337eb16d702d9e055a0f65ffab0b334d74191b5c23fe8b7153992d7,72b8cf714a12daed07a690a388fdfd146ed73c93e4fa2d4b07a21dae1bba54ae,0.0743,15458,66378
ENSG00000154930,phascolarctos_cinereus,shuffled,1,a8bf4c35a2a88048bf4f45c6225fd5b329b534b22d60bb009d1ca6aafcc4a985,003662988fd1227c833c2550853c15a246ff89f596181e162af5d6f587c76641,0.4074,15288,66413
ENSG00000154930,rattus_norvegicus,shuffled,1,77c427032bc73e820c7d9b78b43817d0e70f96a9669908e9d36bc402b4b47fb5,9583b17a63e01cc60f547ec328d660625add159daf365b99bc48257e65a000ab,0.1614,15742,66146
ENSG00000154930,rhinolophus_ferrumequinum,shuffled,1,e4914aaa75c37dd38dae1113e4585219a697ba250258b60236e80340f1c37669,7ed64055139b0d3e76e66bb8420fbe4a23d07db87ae6d56411e590211304a49d,0.0509,15711,66477
ENSG00000154930,rhinopithecus_roxellana,shuffled,1,f444f8dfc51088e5d82ddaef405aeca037f8b36916d543bd47ff7d450b4f4eb2,12f0dd3fb297da393bc4a948e2190e284dd2a119e91e059135fbe199c57782e8,0.3819,15706,66359
ENSG00000154930,sarcophilus_harrisii,shuffled,1,c284d73e1735452c0085f141e1b4ce1138616429d4b81af348e4fe96560dc1cf,4dab1ae5d65bcfead65ab6c0a762f7d4514b61b5f67a1ade0cb4ce60459842e8,0.0876,15274,66612
ENSG00000154930,sciurus_vulgaris,shuffled,1,494886c73772c7d538f5076f1eec0fa54cdd02ae0107c383ef6b9f1e86b1d4b9,f13a498e3deffec201a96c5887121605f499725857812781af38f86055451528,0.1649,15221,66486
ENSG00000154930,sus_scrofa,shuffled,1,0fc3e61459c03a22c33179b9057a885edbb4d80855c4f5612e666ce4d9aa47fb,f32bdf96dd0e55adea8e3d5fbe3e1a0c2fe3c588e0f98cbe642ef18f3842b74d,0.1944,15701,65911
ENSG00000154930,vombatus_ursinus,shuffled,1,4caf9d1374b3b30ba0cdf67023980ddc96416121e3f10a914e4edfef6ffdc0f0,26b4bac14f3874ecf7ff4ebec0f484366128f4565ae480bc6e7a22241979ed52,0.6042,15313,66314
ENSG00000154930,balaenoptera_musculus,shuffled,2,e268fd1bf295469184f8ac2e3a919f9757d978923411d2ad0ce52621f83e14dd,210efebe9e6f9673b0ea11e96d9f69970e388c2123465a1b62ada3a021450ee8,0.285,16315,65958
ENSG00000154930,bos_grunniens,shuffled,2,1603cb6b381bd820c439e0bce2fc89408471860e255b7bab2908fb81b6154a9b,c3a1ed539518e760b07d44f1d11975161bbbc44535d95b931c4748aa86b43e53,0.554,15971,65861
ENSG00000154930,callithrix_jacchus,shuffled,2,f241433f3054b6d2c112c1569653048e0a5a616913587e895dbb56677bd4a1ad,0dcd4035657e15fb3cb428a236c214f13ec801bd3fd814cb6046bd042cd10757,0.1523,15592,66011
ENSG00000154930,capra_hircus,shuffled,2,8e822b37662f50aaa649a059a26826173dc2da31b9c8c480c80342a35b9eb4ed,aa599b6fff93325b6dd142272b724da3aa244105290ed2dc8a71e0fdfb897d99,0.3091,15998,65880
ENSG00000154930,cavia_porcellus,shuffled,2,eb23f7216b63b90252023909b0958c5080c74324c1a90ff9ec51a532f44a2321,efbcdbeb278fae20f7b5cf72ebf37e8f8916e6de530ba58dc8bb668a92f3d015,1.3651,15325,66329
ENSG00000154930,chinchilla_lanigera,shuffled,2,d06db00f7a37f61ca50c209c4c814f215e4b0e65c33b4158e3dc82bfa53cee4a,e2fa88d6727de87fca72fb2823cacd03d717ec0b4691a4ab0e40e0c272ef4015,1.1475,15620,65811
ENSG00000154930,dasypus_novemcinctus,shuffled,2,38f25ca5389e6865c3f096669c0af51162782ea8b7b6a584e0dcc83c88bee0ab,d37d3cb6a4c8834a3497b661fb743d7335a75f425449fe720b9710af57af5f99,0.1685,15299,66197
ENSG00000154930,delphinapterus_leucas,shuffled,2,35d1f32e5ffe1cef1005ad2551c09503d3c93bb4ae2044416548d1d374e55f97,d5b0c967217943f533d2b00dcc632e5a83476a52c178e0e72aeb4c0e69a5036c,0.2928,16340,65891
ENSG00000154930,homo_sapiens,shuffled,2,287d89aae590630bf4a20d90fe5cb232f7fd53e0f4a2e1d77378967720541edd,a04943b989f10bd159a7e8aee81272a6d868ce9b0b5ad1957d12bbeafec99bd8,0.1063,15755,66820
ENSG00000154930,ictidomys_tridecemlineatus,shuffled,2,0982af44739364efe908c0f49682196121d720e6e61213f7863ecfdf5a65ab0f,d5b404f865bbac43b3f2434d4235e5c8a35cb2257077e47180e261819e5e5cbf,0.3338,15005,66494
ENSG00000154930,macaca_fascicularis,shuffled,2,4715a5a186275d55cfeb2d629c53869f5397acfb36461c1eddf50557c1da49fa,934276a17a1d0c5c7a64cd2a41a80c942300a1cdf770e75d0c8ea07722af7100,0.2502,15660,67644
ENSG00000154930,macaca_mulatta,shuffled,2,f0c79f590ef077e32388767259370244f18e76eee0df26bc108bfaf4e83c3e47,6db83a4e7fc4e8b3490bc0dae33b57e90d1c45ed2c2616592b006537979e1db1,0.4166,15742,67608
ENSG00000154930,macaca_nemestrina,shuffled,2,a13ee23db231cdcc5457b7a0ac990d82d282b496230046971126d4907de98dc6,ccbbd4b78edef41f26094042366db27c7db6b4a17bbd28a3c9f7bb5891d07e75,0.4246,15638,66379
ENSG00000154930,monodelphis_domestica,shuffled,2,fa8e9c54a4fb9eb8afa023f33d5d445c21b7b37e586c2f7459747d8ab686fc84,052b9f42099da24cc0b07b5f609be55c25b9720cf8f8e58dab7f2b05fecef42a,0.1002,14559,66843
ENSG00000154930,monodon_monoceros,shuffled,2,a322b5b5027a72002e77d1174642f1773acc9028c79162a88121e7245f142101,a5630c535a9d0918e9a7b74dac552cd7800d84f1cbe8420675eef9c08c031ca6,0.2948,16390,65911
ENSG00000154930,mus_musculus,shuffled,2,4c77371d293e7d18bb2a25cb457ee531fa64f85d30231549267a644b899cec19,723e12ecf4012a7dd101a809fe1c76f9613ec249e0eb5c67df9ea2973d557da2,0.1197,15539,66330
ENSG00000154930,octodon_degus,shuffled,2,9710931af9d862fb6c9e835ffa8e928a9f482efa0a3d9e192b6eca8194f588c6,2d3c5e549ea14bad7f3511d65cf231e6b11222c1bee3415176b99fc3c01bf612,0.9961,15533,66006
ENSG00000154930,ornithorhynchus_anatinus,shuffled,2,280bb05928bc46a253d49932fe8626ce14c0fb270870ad40d18083ed5e6937db,b0b783c0667d8a88f67dab8af097a574f290adf8be917dcea86f6e9c7c53c410,0.171,15616,66225
ENSG00000154930,otolemur_garnettii,shuffled,2,de91b36401835aa9905fb4fc7d0812b45295c8c58fbbc1ee3e3f231bb654b93d,e39d8a75b1a79a276bc811357de1a0057e646a9012a947d6909ed24efce937ae,0.2831,15248,66393
ENSG00000154930,ovis_aries,shuffled,2,6e78b3595d983126a1e7da767dd1bcf45e30a381ba249b891a1b8cfb65e223fc,5e403900c20836989b33e4d9318cd0f1611a5d41009a20ffe7ef45df9a543c7a,0.9535,15788,65770
ENSG00000154930,pan_troglodytes,shuffled,2,5d57aa485af5089ae09c4af7e5c8af813eb484e85c15a49b2f8500d2c9152737,2239c967186e92d44086c442934594aa04963f4993cd47e784bb48f6289b24e6,0.1326,15642,66420
ENSG00000154930,panthera_leo,shuffled,2,dd667e5ebc4040db05e42d1c0c46362b5b394346e10c917a12db5cce0c439246,0e22bddf9d7e2e9c2de2da8dc589e45fb7409d0364ea0b7a68276312d89c10a9,0.1095,15397,66265
ENSG00000154930,phascolarctos_cinereus,shuffled,2,1214aadb4dbd22933d5e4da840d1a3d1c1f76a200597fb1c024f94cd7963ba48,aa3716a6ae60501ccd824b18c33aeca86d4c7abc09f3e179f4053b4b4d7ef9e3,0.3133,15304,66410
ENSG00000154930,rattus_norvegicus,shuffled,2,03faca448bee8267d76e20ece3afeb175b8a95f50443155848c773af36f73164,c8669db8f4d38a67deb326c32591e973cab79caf1791b0789fbbb6638e7e5d77,0.1545,15714,66244
ENSG00000154930,rhinolophus_ferrumequinum,shuffled,2,038368bc052f42c5b05ad82e0a22651c6ee4aa97ae24f88e15fc572a277f36c9,96ac9bb30ffc8a22faafee4a46b8f73d9b6d5f4fd16d9b126a3822fbd4ff3b08,0.1626,15767,66491
ENSG00000154930,rhinopithecus_roxellana,shuffled,2,9a83681a87e620bf7bd812f831f65eb3d053552e30448145fe05e3cbfb61017a,efc843c772454837a29a88d856c5785c32f5418a08c228282d6b19340dbf5138,0.3589,15750,66336
ENSG00000154930,sarcophilus_harrisii,shuffled,2,6bdea30bf7b91b854f7f09c6f9023945c3b7ca8547a184571f10463466ab7f42,eb5b596f93e32a104b4d59c756d75f5265124be69655957edad6c7ecf960b9df,0.0916,15253,66570
ENSG00000154930,sciurus_vulgaris,shuffled,2,5b6c99ca9bb4f0fcb4a8c46e92e65f6471a1c069b0d3de16b99068ad757ecac8,19eb10d5dbd3ede1e41b7c5efe2cef80b5616ed4f1cc34829c244c8b9153c2f5,0.4748,15181,66491
ENSG00000154930,sus_scrofa,shuffled,2,1a9ad4a146c440f60885c5796ddb971536d2d234948ac841710dbcd5ca6dac63,a89f27d8add440a0c5fe0b2a081128c95a6b49d16aafaa11deb606b7c0933de5,0.1579,15738,65970
ENSG00000154930,vombatus_ursinus,shuffled,2,83d37722ecfec9020b0e806db8e6d15322d982696774c4e5a2ef1f31d503b7fd,46e32341ef0845fda306a86ac1265689fd4f9d6a30f3ea3e23bcf3d3f229fe9e,0.1637,15352,66257
ENSG00000154930,balaenoptera_musculus,shuffled,3,c3b5bc79b189c91860becd0786172810e717d6ea8be275ca029cf8c65db5ba66,68532b50b8450f268265acc55223548ffa67458db89771b7a2fb49a49c485e6a,0.6235,16241,65849
ENSG00000154930,bos_grunniens,shuffled,3,80e07433421c36edc26f5589a94abd4317239a6bcc37b71f13af1bbad70c42b6,a06586d957c62ba04393d63b3314e3a61f25c37d70ab008f0d4378433e1afab1,0.5691,16033,65840
ENSG00000154930,callithrix_jacchus,shuffled,3,31358f0cbce6cf0fb2dc7e9ff7e61ee2fab0e0c09b99c0cf95805b6dce129dc5,8336d2439777a434e60d77f51f117589f2e83c778739ad041c7397c4f5ed1ac3,0.193,15608,66022
ENSG00000154930,capra_hircus,shuffled,3,5cfe2d834d385f70a49fe00930f23780f8eea2eaa7d71befa60cca42dbf030a3,d674a21b2c900e6df4a0edd4bd1c4cf987331143019110f43227f6087a3c3d42,0.9039,16016,65874
ENSG00000154930,cavia_porcellus,shuffled,3,1ed0f31e4f00b2125c4e001f190f30048a59fc6a378b3daf1ebce8910977fbc8,9bd64dce7fd9a37e098fee11d94ff5f6341763cb6cfc20b1c569eb72652dc08f,0.9404,15318,66329
ENSG00000154930,chinchilla_lanigera,shuffled,3,19aea8f676d0e9a5b51984fda438b93805360a406a1b2e8800890f74c3483b2e,ee551320336c1f1b622f8ea07dacae7f4ffea5ef5b786a76430cbb6b1ecf2bca,1.7787,15679,65846
ENSG00000154930,dasypus_novemcinctus,shuffled,3,94455b52c53a09c3fe48c8bbc03b381c2902c9cf6d7cac79cf1f9c1e2fda845f,2479adff06a2fa464e3dbe972e814055a81727eaa1bc0f40ac8cc43a5149e32d,0.0987,15338,66148
ENSG00000154930,delphinapterus_leucas,shuffled,3,9e80cc951f61efbe0421ed7023eab97016e79db58893627d8dee72e2a1995f2b,7347d32133abef63f6dc603fda99c02fc2724d19c18027beabab41833e34e3c9,0.48,16428,65931
ENSG00000154930,homo_sapiens,shuffled,3,67ffff1afb6838358ea30327e4660a1bdd016097cdbc74a2dbec43c2abb72593,282550fba8ac65c92228a5648c8f883c3e6019bcbc3d9b0d26ebb7ee7d2583f2,0.1986,15750,66811
ENSG00000154930,ictidomys_tridecemlineatus,shuffled,3,7cdbb5f730fa2ba91c897aca07ab2a968885fe87fa239e9a26bc588016b3158b,ded2b64237cf3b1ff743a2e11fddf90647fd2b8c83ae2eeb2d4f3995dd7da849,0.5768,14979,66516
ENSG00000154930,macaca_fascicularis,shuffled,3,33d6e1606b93565968c54e5e8ac799ff406930ea4a2275fa8a13db551b2f14fd,12c54c327d239065e7f17088ac8ab8d684c1a4a9699ca139ce6909ce3b5f8aa2,0.3957,15739,67587
ENSG00000154930,macaca_mulatta,shuffled,3,754df72d0ea98d19088fef9c21f1d7dca16e6ee997d47e88c31616098c5a2027,e9d0921c5bfd3d40e78a32e0181ea32f56d78b7439c6e6971ecadf5fe4145bb8,0.1661,15794,67664
ENSG00000154930,macaca_nemestrina,shuffled,3,8882c3e68052869ee2781a09d715e525af98eb8d81bb9a181cb6c34462ccce58,47e6fae3a07a1505d9116c0953505146fc8a434e704e05affa3e398b2df7fdba,0.2116,15617,66340
ENSG00000154930,monodelphis_domestica,shuffled,3,d489bef0f1c74831bc7006f6171ef9cb0741e2e7063d675d440441a6f188afbf,67f9e689d560b1ccf534f3393c212737029885b784c4f0e0011f030d7044e7d0,0.1797,14453,66775
ENSG00000154930,monodon_monoceros,shuffled,3,e1d235f00217c0b75749aea770f0537eb9ddaec970c66312abc42bb76f01aae0,34c038b87c2fc1990a65ae3110cbaee59ff5ae7560c542e7eff6e05e7f3b4e64,0.6025,16374,65980
ENSG00000154930,mus_musculus,shuffled,3,258bef7eeaf4f0f33997f4b61718a63192c1cfb78bae9a2a884e303b429d8b47,0b2d20c1620bdb5f70af7924b985c4d46bf8e71c06a0bb83dbf49a8528dcace2,0.1279,15570,66337
ENSG00000154930,octodon_degus,shuffled,3,4278dd466e6c7287da596487ce27a8eb898a0f7013bbcc368a040339dbe9cdea,243f5a22ede0e729041c83738a2db2d07d4d5c294ba222b213a014f1a826a963,0.6655,15584,66006
ENSG00000154930,ornithorhynchus_anatinus,shuffled,3,5078fde38167c9b328eb2cd64476df8cf593b81a5741dc699df7a8fd161c5b1f,3337f2d1f636b0ba6ec7150ccc7bd0a4aecabb5c78645148305f66f070364522,0.0876,15642,66191
ENSG00000154930,otolemur_garnettii,shuffled,3,f1206c4a9ba248c4caa3e04b96cc7ca7778a69620b8a278ac49085b543662181,8d2f971fcc01d118c1e982793c9f8502d64186f770ea64b34f457e47382656b1,0.3154,15218,66402
ENSG00000154930,ovis_aries,shuffled,3,db64e9ea58639f22675802cf1ec067f04e700b37a16bba8853806b75a6aaa777,f94a2db32c00b016d3cb0c5c3150aea013b4c876675c5da9d154dc581695d0e8,1.9772,15861,65801
ENSG00000154930,pan_troglodytes,shuffled,3,3e8ebab8116008da182734d075265b3a62447776455318d2972796c4e7b613d1,6581f37657e82eb8f38b489dd09e1eeb5e1512cffd999f632d670a58048cf0bc,0.2773,15624,66414
ENSG00000154930,panthera_leo,shuffled,3,58ff8c5f4bfed5b3155e37d35ca2834ddd96dbd688ef80eacbe9af1999f5f54b,f267b1691deba9a5ebd11a7b47492bdcfc97304a3d857c0e67055cbc5214dfb6,0.0679,15458,66335
ENSG00000154930,phascolarctos_cinereus,shuffled,3,e9acff2b2a0b187db3f93a78afe8dddca04067d7e1c164f775eb58c94d8e3455,523b89158a46ef4597fa28be695c8004e914e1470f731ae1b829a7585368e5ff,0.8117,15313,66442
ENSG00000154930,rattus_norvegicus,shuffled,3,7348d3b25e9ee43f97cc5f4a58c1c86c8ae4f65dacec573d97d9f83a306d6d0b,e47c28c0de0a8ddb5e84dab706e41c44aee0f38e55efb483f6bf6fa2a3c9e215,0.3305,15702,66146
ENSG00000154930,rhinolophus_ferrumequinum,shuffled,3,c41dacfd202d738c025fa8a364e0134d266f338aaaf0f74982490577e5cb72b5,fc6ba5955f1c6ba6c5d2c02228c70db14bc65e16075f579db1aacdb39af8c730,0.1279,15747,66435
ENSG00000154930,rhinopithecus_roxellana,shuffled,3,55e3a296393c685f7a5db7b556c107621f0652ae07c2d5aeb5ce8c0e059ca137,fc75415603b9219d8511671b33dca5357b7d8d280b3cce6d4e2fccb526917b40,0.259,15652,66341
ENSG00000154930,sarcophilus_harrisii,shuffled,3,d54ad243590ddbeb6490e0e600fdaa398e0d07ebe6f26475452eafa1369a7177,c38709a7cad62cf7093d09db75bccc466cf7e997f1a583b9d8844719ccffa2fe,0.1863,15219,66570
ENSG00000154930,sciurus_vulgaris,shuffled,3,0ac4f05e0636a359c64dc5b9d2aff88340bdd82f3f9f687417a0d7633c812e9f,74f6ac18e4bac6c56fa53506050c16f5c3cc8dc9aae1aae01936a31dcf529816,0.4219,15137,66471
ENSG00000154930,sus_scrofa,shuffled,3,258a69e5b6ad72a99e86bedf53eeb9d305290fb8a194cf1a70c3ea6544c90107,7ffa893ae1fcdd32fbb2fd8f0a42f70ad017a975e3ef93353c203f5d10724313,0.3207,15745,65904
ENSG00000154930,vombatus_ursinus,shuffled,3,f4ac7d3a4d7921c0cc42ed075b200f34e3e7e56d138c477a6d3b67da59d3484a,f5a6a59144e6ced58f4a95d5be9fd8643f367b2dc3ecc4386221ce9dc65a9993,0.1095,15378,66257
ENSG00000154930,balaenoptera_musculus,shuffled,4,413d34715418b0bc98edd44bc1883cbf259159515582d1f82f1d2104bdb6b317,30dc992dbfc23e9c5318963055a879496cd41f0c441c9f211a8ec9d7d8a2891e,0.4905,16262,65866
ENSG00000154930,bos_grunniens,shuffled,4,8555f842582d15c495718709a8152baf144409fe76915ac09d949fc6cbaeacef,f07739468c35652c58127fb69ed306eaedd6edf0878248e67b4ae508af0e5355,0.307,15945,65826
ENSG00000154930,callithrix_jacchus,shuffled,4,d9fc1fcaeb091113dae945f30c27a0aea22804822311dc717fd07aaec8ff8437,3fefeef08bd17de46a8624d4017999b6b188158cc72e192b3cc85b2a65a772a8,0.2161,15592,66033
ENSG00000154930,capra_hircus,shuffled,4,2861ad60dd214852814d181ac63b7aa661acea3aa34a63cf92210bafed0d9801,43b7761611c328441556545ec8f58a132b06ac08dfc3e7bd3c56277120fc8a4d,0.5499,16001,65855
ENSG00000154930,cavia_porcellus,shuffled,4,7a7455150b877382b6ac734d95dfee5f3662459d1facc48f9bb5aa17fb345500,957d7c2d11557ecc66ab6c236e6d48c770b0c6c2194f429b2731ab46a917df2e,0.5491,15439,66376
ENSG00000154930,chinchilla_lanigera,shuffled,4,b9ac4bad8e3f751c3d282cb107e3d2184c8388517e05d647846a101e5429b159,769a36d2c18a85ad2395f49a90ff077e465ea59d5a07ea77c24330fd9ef68ebe,1.508,15625,65843
ENSG00000154930,dasypus_novemcinctus,shuffled,4,d13a3be0a1d33c00c1f9e6590c586313fe34c824912162d74536ff31efe5996f,e55dbbb24da406a1705d68bf994ce93bbb2355c34b3bda5b958b1f12be342e9b,0.1903,15286,66201
ENSG00000154930,delphinapterus_leucas,shuffled,4,d2c2f8e8e257a8a0b31c96b13701b03f0f379142c6e43ca7acedf4575c36d10a,e0d035fd6670d527daab67ac7925d469257759eb09e3d62a4446df3b2b0ea93b,0.4411,16363,65970
ENSG00000154930,homo_sapiens,shuffled,4,038e92dfd227e615f4f7af7181010cfe6b9df3ebe770372a338a60dceab4d8ee,eb6cc74f435f84e66b7cd137a7221cb45c944edf858728000c5aa36612217921,0.2101,15716,66744
ENSG00000154930,ictidomys_tridecemlineatus,shuffled,4,6ea1ea6ee728a636cb955818f1e2642327771c3da219109480948c066f08962b,9e866c3c69fca45c7e8de6eca248452dfc8e8cd124aef7cd36c97236f7259eba,0.1685,15035,66490
ENSG00000154930,macaca_fascicularis,shuffled,4,b83cbe83266f131c2846be08d4fa4cb7f70cef9465fda6439765c9590cce0c75,b06171e3b15968d7791245d5c9cbe5afd1960b0b3e8c0d851f8bbddb5d00c443,0.4009,15652,67622
ENSG00000154930,macaca_mulatta,shuffled,4,b5d4c8ff862b084106e79cb9e722d0be270f8663659be73079f610e35abc237e,029b88949504c2b6c990f3f861cba06e39dcece34c2427ba575f563481d22342,0.2968,15675,67628
ENSG00000154930,macaca_nemestrina,shuffled,4,b5eb0c78d588395f9e96d8920df6eadc0e85754a83fcd832cd642cd9c5cfb0d3,3c08129d00018c4c4f55bf86485a43b472c30db4fadd1b79718b3d6a57555e72,0.1534,15667,66365
ENSG00000154930,monodelphis_domestica,shuffled,4,14a2f26003d540d143be3fab8ee2a099fd8ac673924627c425e9a439cf1464a1,54fc9c11404c9e9314c6018c95a3e60f016dce8bce1e4030dfb538c1a5bc88cb,0.2131,14559,66831
ENSG00000154930,monodon_monoceros,shuffled,4,f0fb3a9024bac2455d8168b5eb47512e64efa3faab4add3b0d62ae57c7c3a85b,96deedaea38b86c01df25be851b26f27a826c2f57f8c144647469dba0420511b,0.5223,16374,65944
ENSG00000154930,mus_musculus,shuffled,4,24084b50808107d42aec647a33e353f8efe92948800bef72eaad52d4313377e2,a5f61c45eed31b83647bf2b07ca3e210049a28f542465054d90c339867171c5f,0.0838,15594,66355
ENSG00000154930,octodon_degus,shuffled,4,1a24173202af35fe1f989e4d3bf38fcad99b4c706c01ac6874dcbbdaaea0798a,ad575558f8b2cb309b01215dbbc49282b03634b76b5a9e7527cc1bcbd17d544e,1.2764,15627,66026
ENSG00000154930,ornithorhynchus_anatinus,shuffled,4,e6bfb863d240460fa8c08e2cc16ca2d8cc24eca37b257579d5acc782161bf3f6,c1b0b7d490fd436a37e5eebdc3b9292d52d2d5c4a98a67328d32398ec6dfca27,0.0347,15663,66114
ENSG00000154930,otolemur_garnettii,shuffled,4,54c283b66982ff5b6bdf502d2c3cdd7b6b0a4ef12314c92fcf9bbe08812cb8dd,9ba172dafc27fa38a04e5eb407a365efd69fcf0f8b56bee9f4a30201f2761060,0.2192,15190,66378
ENSG00000154930,ovis_aries,shuffled,4,238a57d382b6e1e712e057c6b11381f171957c68e884206b36a7ab4a1d25de79,7b6ed6dd17b5bfcf61426c8de217c11de2eebef9dda2146eeea3a374833b4391,0.554,15763,65789
ENSG00000154930,pan_troglodytes,shuffled,4,be620f6c4ff5ee408f3485753c19835290c6e3f0d6b2652059e6936ae5b71456,fca619a2ab0e1bc894f16b122a5b9b9d1d37e2df18fbf5c2f38e36d0eabb5363,0.3484,15637,66466
ENSG00000154930,panthera_leo,shuffled,4,3e9c71911aff8899c0a41cec78462c48599633b6208199f24d4f5ecec2b7a842,adcf18398cc714439a56775d312e307df69da8258c5d3b679075b90c448af4ae,0.0721,15402,66294
ENSG00000154930,phascolarctos_cinereus,shuffled,4,9a4665e94da91d7633add0bf6923db6a592bc96352fe42a4b72aea82f4efdd3c,eedc1a7142e0ef575dfedbaf452da42abd3e1386f4bc45e34f4f509e445bcd19,0.285,15284,66387
ENSG00000154930,rattus_norvegicus,shuffled,4,2308684969321866b721620e690124f3a1dc123033f71b369e7cd476746ef405,a8a62631ede4ccf6181a8098f03d3d3b79722ce93b4a8ccf21fd848193ca3274,0.3856,15742,66193
ENSG00000154930,rhinolophus_ferrumequinum,shuffled,4,15d7a406aab74b7b8313000477a96d1a2771ee727571949ef6a8f25a18a46e8a,5b45e09f263653ad8a1f87438862d8d5ac87f7983d680ce76be9b0527e557567,0.0479,15767,66512
ENSG00000154930,rhinopithecus_roxellana,shuffled,4,a12dae982b0b313cfbcd63b2037674e7b53b0021b3a1ff7eed9bdbd57a0c6367,29a8c485666b34ea462ab5562f4732ebca9ed5f8d921254be65093e1738138ff,0.6866,15789,66359
ENSG00000154930,sarcophilus_harrisii,shuffled,4,9d3e605d787b8334c4096f54cde90b9cae650c9386a9386fe366fc93050c4110,677a0db2145c32b516b6e63df2a6d3d8156c3ff474a08d4cf8e347355e9ded0d,0.1095,15253,66581
ENSG00000154930,sciurus_vulgaris,shuffled,4,d18000dd64e2eca8660b0ed2a1a8371b5b7bbbb84d4dac1cc61ff477444bcbd2,3739d8a6807f53caf12efbc29232ba3459a0b8deefc5f4056cb57a9ea389baad,0.4481,15176,66445
ENSG00000154930,sus_scrofa,shuffled,4,3e1433e78dbffe2216ed0be740878619c408e1264b39b0389a6f135a3bab49f3,c9e93069c214ddaf7f654760e9d3807107eb57eda4a79445b391aa24be9110ac,0.2014,15722,65928
ENSG00000154930,vombatus_ursinus,shuffled,4,6548855acc83c9fa85625fb7f2fedb1208e1e53b4864213f2b81558ac1bc3d86,6538f367cca4722f12f3d12ec3aa4c9361a36065e91c0f5e716b67a131f59241,0.1602,15328,66396
ENSG00000154930,balaenoptera_musculus,shuffled,5,b779d2e044d919daee06e8f5182b6e7d5a673acab300906c780e849418097332,6f47707bdc313169e1de680ee4dc303dbaf7e84bac541fcafdd10f20f512b9a8,0.4453,16224,65901
ENSG00000154930,bos_grunniens,shuffled,5,68ad209bb81a7fa7b87cd88836a9e9479a6308ce4f13b8c6dbd693ee402cbb2e,1169f617386326c7422a4b1d393826a45137e2784ad9b9ab83f08884c8bb1139,1.7399,15976,65835
ENSG00000154930,callithrix_jacchus,shuffled,5,8966b03665b589099499ec769a3a1bd288afbae2115c2528c461d93a4c90239b,35cbd9be2dc7b4c24dc286659246916c59c3f79c95d0c338a8fa4ef4152b8326,0.1386,15548,65976
ENSG00000154930,capra_hircus,shuffled,5,658ee533a0653beddadfc5fd5b5788e2a87ef03f63acacf1c04746cf3209f478,d6d0e6143629650237d202305383dbb2b534875f58c5c91b63b6ff7980692ab8,1.2512,16013,65831
ENSG00000154930,cavia_porcellus,shuffled,5,5b13edecd87a5d576078b07ccd545906ba2fc2529fb0fba873f19cd2c92b8802,cba67a8905289f50a012fe281d165ef78a752007f4acaa767565397ac1ee095f,0.9368,15392,66324
ENSG00000154930,chinchilla_lanigera,shuffled,5,cb6f7f3e7030f26c39f7a34f63c3fa63a73bfcb8da80f5ffd324a70d425f0ae7,fd8f8b6d2d02f006761611f5205af83dab045bbbac4091e15de27802da5d3745,1.268,15659,65843
ENSG00000154930,dasypus_novemcinctus,shuffled,5,9e4d7a6fad042b560291584342583bbb3b942d71c71f654d5c88dbbf6714e2da,adbe9d14815d8123015fc73def9e86d7e48d84195d1da47d6e3515d96de52c68,0.1406,15305,66262
ENSG00000154930,delphinapterus_leucas,shuffled,5,c537d8b98950c6f4a529dbf05441ed4d5d0cdee33f73ef43dbe0b3846d87c95d,fc70c2e5466a0fbaea9b6815d42181d078646fb9c811db15ca390a603fee104f,0.2928,16345,65931
ENSG00000154930,homo_sapiens,shuffled,5,46517f0078b0b07995d6d7f930796969b9f01f1b20b42960f6f301d1391ac52e,109ac9d1cb755c0f46ec2c510e5643e3c5fbd56f95a6ff2e6a10b0bb11dc6d9e,0.1637,15683,66839
ENSG00000154930,ictidomys_tridecemlineatus,shuffled,5,46f97d44e5b7a7c2649beb50a4bdea1bf3aed76572447e19758533040187ced9,59916856330aed771c6e56fa8c0e7f5a9824ab1a5ccb739988386351f5ff0948,0.4997,15005,66490
ENSG00000154930,macaca_fascicularis,shuffled,5,98102e565d2649752669f8f65b873058f747aba824a80f55e96cdab368d364ec,e66f3932541de95fb26e7078c8c2995a35a33efd5b80caf1daa48bf366077523,0.2451,15700,67607
ENSG00000154930,macaca_mulatta,shuffled,5,e1cb6c9e9298a53f8b1ca5f48a0e7675d4b32dea434f4a5881af5b9ffc957d44,55fc9fce0c92c57da63fba9c23f52f68e15a4fd592f248d8617eba714c186464,0.1269,15742,67608
ENSG00000154930,macaca_nemestrina,shuffled,5,ab073a43eb5988a2a74af933be02d92fbbad17113fdff2b17d7d44f8de4ece9f,db3dc57f60bcc660e781ef54633c4916ab40692a8d7c06df378a474f4cd310b9,0.4439,15612,66346
ENSG00000154930,monodelphis_domestica,shuffled,5,09883bfe99b95ef243b1031bca068cd4cee0c1e22497aa654f61b06012ccdd08,52d4528a321ad8a7630012e12b54c18d919408057cef8c5d683e065a3a10d5b0,0.3218,14518,66748
ENSG00000154930,monodon_monoceros,shuffled,5,e9a854326f84a68557559d7d196f846a6a6b76b1b3a72ae9537a1b22ebf952ad,ee9792125072bcc064101cd3c840d91de87add829c9761c1a277026299f8c410,0.5666,16363,65998
ENSG00000154930,mus_musculus,shuffled,5,39d5a3952c25067b4f0f2e8103dcad38c39aa4720e92c88284696b4a929b46d4,8098b75e321fdd058f089b42692f4c070b62112b284df9e890374777116d1677,0.1079,15565,66348
ENSG00000154930,octodon_degus,shuffled,5,f1b5543859ee2892a039a3cc514a1285d4f333eafa5b6dcaca17838a7f3bc368,aedc6ae2fcd1bc28313b24eddcafb16f6c0ee7f80ee48c19c1b8b8e23149ee13,0.3218,15576,66062
ENSG00000154930,ornithorhynchus_anatinus,shuffled,5,d945547db94e250c40988a0b6680d44dc6311e5110c4aa66478eb79f9eb792f6,79859c87b6c2bb88ba81b7dab9f7bc6b6df5330b7012e1f789ac24d52b844846,0.0916,15671,66134
ENSG00000154930,otolemur_garnettii,shuffled,5,ce12b26e635f620205f3879b7af30484acb8252c9664328ac64d6854d5a423bc,faff8a3684647a95c83a073048e79f3608ffeb884ed415dc7ec5af04f1eb835b,0.3462,15248,66370
ENSG00000154930,ovis_aries,shuffled,5,812879dc3272a1e4c0f0ffc925063a5d3fc89826e06cefc2a0d58ea45d92073f,097dfaf4891ae3634aec92e47b04bd4af173b1de668caa964b5e10775cb64331,0.2417,15792,65832
ENSG00000154930,pan_troglodytes,shuffled,5,3578dcf3e6da9bcf634b2775017e963c6abe16e65c385c9bd75fe9061d5307e6,fa14d4db2c59f4aab203990f4c0e98471708bb746519706a4ba1389c8dcbc77b,0.1637,15660,66414
ENSG00000154930,panthera_leo,shuffled,5,0178a625ef12648d587425b6625cc97b3d159a009e76082d978643f2ac126376,4d185a98d843598daa0fb63ce99ccbfaed8f424e9f724eb5431074fc9b1f137c,0.0549,15369,66322
ENSG00000154930,phascolarctos_cinereus,shuffled,5,917d02c4c3f45f3673086651c22ec889e29671350f0e2b2ad012b40d89167e60,91eef50b79e55483be0dbc8211eb387c763eb39b354118418284f022f0af5e9c,0.554,15221,66436
ENSG00000154930,rattus_norvegicus,shuffled,5,66df8458cbb3088732678f45533d77aa9655a40f0a5c1521653612283d4edc74,590146aea6ea234d78704830517c72e0351ded3be44f72d31674d01e27dd2463,0.7229,15742,66146
ENSG00000154930,rhinolophus_ferrumequinum,shuffled,5,b3d1a4bb91687ff045f901910c81ed4392ea45d51da7d790e603d5377a88f84c,fc86a6c9524fd0d0bf66112ec0130aa7731cf297469955ef67f88b7eb0bd63a1,0.1048,15752,66472
ENSG00000154930,rhinopithecus_roxellana,shuffled,5,cadd0bacd88f6d6d36fbe226d4f17e30963ca3652f1729d43ea263cd42fd2cf6,a04cdd0c63e66682eb62ebf6953ff54c05e7ce9f576d5b184dde7ab4bc1b45b1,0.6163,15781,66332
ENSG00000154930,sarcophilus_harrisii,shuffled,5,eab169e6ce89c0bc1f9d74606e1d26caec78726468530913af879a01d057253d,352750fcd367004109b6f674868ea40dae8f1eb0a31d33808c39e3a905942e3b,0.1095,15324,66602
ENSG00000154930,sciurus_vulgaris,shuffled,5,f2c7806cd5ce71d9525b9fad13946748656c52bf98ff46adb7e04d6d4a7b7050,0c02d1b856041780f8f641af0f9665e23d90da62d3b38e590a236d1ef7feb5c0,0.5335,15142,66471
ENSG00000154930,sus_scrofa,shuffled,5,3a2d5331a10fa4b3d1360a607a9896c35d4e64a077513398306e44b268f9304c,2365d4337f768e0f6e9367eb0d5de0f284624add8fed310b253bebcda7cfd623,0.5129,15722,65943
ENSG00000154930,vombatus_ursinus,shuffled,5,7e37be44a5f9ded66e7bbc7e9d7709f933cc31ebd97017f38d31ea7a3ad9c343,55a02de7ec372995dd45e50d80ecc80ccb23d746770c477d89c3a8a525e9a1ed,0.2116,15385,66295
ENSG00000154930,balaenoptera_musculus,shuffled,6,d5b9689c35abd3b76ffd45ede6e0f7d4c0b4d3f9421be4170688b97f713f7988,a552137d43bed2ec142aef1fb7943ef7b2714341b61f1158ea9926246999733a,0.1579,16315,65976
ENSG00000154930,bos_grunniens,shuffled,6,9c21acad17b4ba65ff78abb6772d1bcab44ea5eaa80fa38afccd5ed75e8601a6,abb19b128226a9932c6265340f48c89ac142a95ba0dd79940e9911ae1575a7e4,0.745,15945,65912
ENSG00000154930,callithrix_jacchus,shuffled,6,c1860a0dd2962192dcb824823eca76571362c33acc694a353a9927aaef9a8986,32255062471c392d60162eed41b3e307bc75222e8b074875b75970e77afb4bc9,0.1386,15572,66060
ENSG00000154930,capra_hircus,shuffled,6,914ad13f01a070c13c1b9cbe320e8cbcc75ba6ec6e902ac7bc425bfe1b35a833,f38c295a4492a83e0a3dc60c9e6817a9cced3b61615db304fa3f7d4218426c36,1.9839,15998,65874
ENSG00000154930,cavia_porcellus,shuffled,6,5f50314b1c40e1b8d9cfd0b7fa90014d1618b1a2dafd402090bc12f28f7c51e9,8fdde4317b8dffbb3c8c38566133a0d216814a18f41d4e1cbbe27ca494e49d13,1.8047,15355,66359
ENSG00000154930,chinchilla_lanigera,shuffled,6,30a128e4f1c4fd4f161dcc1b7770632cbba99753cb9aecb151bfc4a650947783,3ac23e4e54cc6e6d269442f8161b0f02384b65062e7d0cb14757fc1248a3670c,2.3927,15630,65811
ENSG00000154930,dasypus_novemcinctus,shuffled,6,eaf0da0179eb3dd3c9c56eae8a8dd42aadb25999047865a0a39e65d058da9f22,f526e0f921aa8ffba47e033fd1a8a7970e7f281d39ed653795e722f66d242aa4,0.1673,15299,66169
ENSG00000154930,delphinapterus_leucas,shuffled,6,d7799f0ee7a2d1990ff6b82f912dee132a980463a54b230cb186e86593cd725b,952ee2bf7e30ac3453f46dbf94a4dfab8bf2ba7f24dd0b3b57ff5a761a2cca9a,0.7748,16495,65902
ENSG00000154930,homo_sapiens,shuffled,6,18194a4d8738d6e439b5af3f83e079e343e323b456ca1842675475ecf26e929a,9ba903bd2752e5f22371102e54597d5858a07aa6b757ed98fc41401121ea5cf8,0.1863,15660,66820
ENSG00000154930,ictidomys_tridecemlineatus,shuffled,6,7461c0bf1610408e8f4b554c555de05d1986369c83c49c9f7dd6d8492625e2f2,cf115a7b190aeee3a1081f917ab80a825d76bb86e8e95249e0f4a5be30af6f27,0.2072,14979,66537
ENSG00000154930,macaca_fascicularis,shuffled,6,248fb44719ff2809a3f22adc10f32118bb95864b401817c38c876a507ad56cda,7aa75ebfb8595cfb0d74dc1734632a867c3a62af0d1c53b843f30382ed9e3ce2,0.4667,15694,67607
ENSG00000154930,macaca_mulatta,shuffled,6,5d417419a8b24765b40d81645c8728e9ed7d02392ba4cabff50bbe38296a913f,4ea2038bc4ff526787a55da9d042ac6bd78cbdb0ffa48fe2dee110e000d65737,0.2812,15675,67596
ENSG00000154930,macaca_nemestrina,shuffled,6,badac17c1c7c22bc504cd21c4ff99a6a72711c06cb81428017a671014ccecca1,72c5b1158d30cfcd593a2893f3f39e89c663e31545a33f4cb618fde988c213f5,0.3782,15712,66387
ENSG00000154930,monodelphis_domestica,shuffled,6,6f030c43cd72a173731652915583a5818c6e751419e3779c96b6f90b4b218d91,62181ff284b2c71625e0cf6bee98f32a01227619e008d5cf745989464dc31030,0.336,14524,66894
ENSG00000154930,monodon_monoceros,shuffled,6,5e28462fd3c2f8bb1ad9797f7050a5f4a2330dc2c73205d7b5747495b9533210,e343bd9f39f93f38313ea8ee6f6e525423e7fa3ec5650ab173ada38f80a8b25d,0.2014,16398,65958
ENSG00000154930,mus_musculus,shuffled,6,28e8c67956aa8e273585f69b6d2a53cf01fa0cd018041951842b01c4f715a269,d0b33209232449c3e7c579a27edbbee06daaf43abf337f35101adbb3642178b1,0.1197,15553,66407
ENSG00000154930,octodon_degus,shuffled,6,09cdeeabc7daf6d34162f23044dcca21537902f48e3edfb5d4f5faaa96f3a6c8,fb373597f6a91f238897aef7123e76215afc0e41adec4eef788112c984752b4a,2.5213,15653,66019
ENSG00000154930,ornithorhynchus_anatinus,shuffled,6,51faf6ecc12dfb2fa70e912c93acebb4dccf5ad0aeceb0b3a023d6fba94c47f5,e0fb769d4c4e5b8d9dc4a9ffcc39b0528fe37597ff4589f9f8ab9c00933d1504,0.9273,15671,66228
ENSG00000154930,otolemur_garnettii,shuffled,6,51391c779c324cfc3373c961abb4a7fac5e69a8fd98a1b2575d13f73f3f5998b,df09dfb8e233666dd47aae6f0e5dc4951736f4a0be81131a20da3424c60f9173,0.2485,15158,66378
ENSG00000154930,ovis_aries,shuffled,6,0f8ff4a1edb9c575279ef8017c20b83e0487848835c909e39de2d7c0b04114a0,3345dfb648567adbff3e1d9eb602a72e86fc91ff882023161da0b3b2473078cb,2.1961,15728,65785
ENSG00000154930,pan_troglodytes,shuffled,6,f85fdae382e2a88a9f7c72b8cb3aabf79689223cdb753b42c94f5a9f5daca368,7999006f82296670797fda3490cd66e589720a1476dfebeb9c5978c36af7ffd8,0.4748,15670,66398
ENSG00000154930,panthera_leo,shuffled,6,3f903e93b0e2d08f01efd10a112f604b13c44a2eddf1dbe3c926722c557a853c,07f3db29e0b4c4b3784fe7c36515fa2f152356737fdde7b5f9959245896ec50e,0.1197,15452,66330
ENSG00000154930,phascolarctos_cinereus,shuffled,6,4fc6cd7a756092245436af401b9d8d7cf9b20b71d9aa86f5f10ee0f384bb9119,4211da987d9b557d61baa91bd340194ba1ca7cde6c85dfc9b85f360f0826cfb1,0.4193,15264,66394
ENSG00000154930,rattus_norvegicus,shuffled,6,de5672af8e081d51be903849bd9f80ff2f0bd907a2a18c629a6c2f8615c5cda7,abc31abf57050dbba0f8f3f8901bacdbcb3d155378961bd4a582e80b7d5baa94,0.4383,15714,66178
ENSG00000154930,rhinolophus_ferrumequinum,shuffled,6,2032bb181a06b4e1e28e7d15f1a83b3d26b0d698189ce8115c7bfd239684843c,b2e97463d2088ec0bbfec77aa2dc7e605b1e97900037c7e0ccf43fe52a29703c,0.1288,15814,66458
ENSG00000154930,rhinopithecus_roxellana,shuffled,6,7f5852b96be03b11c74d01d544e14a8e8b0f52e22713dc20d4680838bfe3f1fe,01a2ecf2fee5ae9fc25b771870c414a71413394c4812abbe6e667f83ecd194d3,0.5335,15732,66270
ENSG00000154930,sarcophilus_harrisii,shuffled,6,96b6532576a25905c2750297fe04549f3350a4858134c91372ddd63953dd6c5b,48965ae270f5929a9ecd4fc8608f38338d96cdba620406157f9589fe5aa9b021,0.5632,15253,66562
ENSG00000154930,sciurus_vulgaris,shuffled,6,c37f5a452ee2f9b221c0016cfae94fde9868672efb0253adde7e75722876b2b0,88d6ced45fc552c32d58f4e07fa69b9185bccd8e738cf1331eadc05c2d25fd3a,0.2014,15136,66586
ENSG00000154930,sus_scrofa,shuffled,6,edaba8fc68736c717457ecf6036de9f0df33248cb4389e3a00108f5ed54baf0f,b453ceb4ae3a51011082409af885b83ba58dd63460847d768f2305ce0ff1acd4,0.5742,15745,66026
ENSG00000154930,vombatus_ursinus,shuffled,6,81f74afe18f7e36fc95e3ecdccda1780a39b4ed86311fbc9c534abd271646ebf,a19adefadd002d1cb50d53764726ea4d4d95b90a22d027c3d2b459ed9633a979,0.4074,15390,66277
ENSG00000154930,balaenoptera_musculus,shuffled,7,de0f9bddec130bd35112089b807ef1c4e13e87c46a52138242da3b1dccba2083,bc43397eb68edc4ec92b6e701e7e993214787c7b2b4b4d2b7567c652e4899ad7,0.5082,16253,65826
ENSG00000154930,bos_grunniens,shuffled,7,4f7519aa86e3fcf44de71e9351ca838f854539d53a9d30e84c561521f4393ec1,5e3a56ebb4b2fff56b88528cb458d2667e1000cd7f09c5c35015d2f0b74afc47,0.9464,16015,65912
ENSG00000154930,callithrix_jacchus,shuffled,7,f0615103e73569edd0df97ab92daaee833b91775fc62ab8be8f617cdef7dca17,5d4b84e6f8d02d41d5438431bfb8d933443ef363a65930c39de53f5dedbeefa4,0.1673,15560,65981
ENSG00000154930,capra_hircus,shuffled,7,e35ee69c051363205a3b90aaa7a19a31116f61d987f733e97dd530cada2bf27d,74d3d7e9c0a0057817855aac0c14f52b752aea5c0586fd3f25f495ecd2043f02,0.9086,15937,65827
ENSG00000154930,cavia_porcellus,shuffled,7,6a3dc8163edcf8528ce2a18f708d4f974b0c9569a1ec1f8a97e7af3c26d4c2c0,de7607a07f4a4981849b84f475dfac30338b3da391d2766bcf02fb1ac0988fe3,0.8526,15363,66387
ENSG00000154930,chinchilla_lanigera,shuffled,7,9c46dbe3a66c11d50d77d0de08ac3c8740be8825ae5ff58730b15568b487f660,8578049705ef6f9a619271e9d65ec1f1e8ac3a506977484247a02b84b1a63d79,1.0259,15589,65860
ENSG00000154930,dasypus_novemcinctus,shuffled,7,d4b12cbcf005f92fd45c87a910f3e71fb44c5062e0b698f9f63e547b99c2d3d4,dd3f587dfc6205726f1f4741d1b15c321a2224ae51c608ac0f990d459b40aa97,0.1836,15305,66141
ENSG00000154930,delphinapterus_leucas,shuffled,7,d822efbe6bfd07e82efebaaf84a3ff9ef51a0e7d8edc1e2500483d8f41b7988b,2b7a2926377947abf86348a964416407a5550754bd51f9fa83fff645e6112b3f,0.5751,16369,65816
ENSG00000154930,homo_sapiens,shuffled,7,b550369a80f71f9fec4ed32742c55d857c8b14488852b76b3f072341e7795052,c53ab2f5ce3387d52e2979a09de5d36958daad85bf853d04d7b871527d79ae14,0.5004,15705,66811
ENSG00000154930,ictidomys_tridecemlineatus,shuffled,7,2873d9b91b77412a48506f9a455ff30397aab5ebb0122909d684ff6a510a617f,e8541ba5f5e4a3efe1aa0e80de99f9092e6df34a4b8845a7863986371372fea1,0.554,14947,66549
ENSG00000154930,macaca_fascicularis,shuffled,7,c41302cce0a3097da6c03f23e60f4861910718931426e86d5103c50a8e06b8a6,0819230050a02cfa2d87dd49bc28567643b454c912172e8dbb76e63f3894e35c,0.2043,15706,67629
ENSG00000154930,macaca_mulatta,shuffled,7,e57e62a591263eccde83215eeb6614cce84611a4d91eb5ee693855cf28db7803,8ed461805a5925cf068b034cd35eab37bbfd7f2cd0169819056a263e24515f95,0.3009,15829,67558
ENSG00000154930,macaca_nemestrina,shuffled,7,004fdd8099a1c81ec802719a593188a3d271e1c43ecf33885f5ba3a5aa7f9051,03a1e3725083eb1640a50c1a0bf6af1edf3a4e058b00f5334a2f7b9a092aed69,0.2434,15650,66401
ENSG00000154930,monodelphis_domestica,shuffled,7,37cf26f2720862a63e11e9df1a2ffbb7dc01d79249d9b7b22ed39d90950bb71c,75fc154fef6e5cdcc65745cbc5ff1b7dfc04a0a47eb2515c7a0229f0d668c3c7,0.1048,14518,66748
ENSG00000154930,monodon_monoceros,shuffled,7,09eddd05c2d20ec61969bd06c96d50748d6ccd81e134994a1b1d801c28e93974,9aabd4159f3dd96b81cf998a354f5af68fdbb17876cedab7700016f2b29bd28e,0.2177,16294,65925
ENSG00000154930,mus_musculus,shuffled,7,a969dea73c8531d740b848b8dad78011b2da28cf6b04235d450f1bb715b0c893,6cc24eaeaec665924fec185645c8487cb64ecbd2dff4efa53771d4ff537567ae,0.2662,15582,66330
ENSG00000154930,octodon_degus,shuffled,7,9bae275dbed403e7ab7620e293b79d43a64053a228ac1d9e7339d595ca531ff4,3d7a23d6f754205db797741f568f73c98bbd015347860259469cb009f8341b28,1.0562,15552,66090
ENSG00000154930,ornithorhynchus_anatinus,shuffled,7,cd028c1ecbf776f23987a7a9779898f7f26af0028f98b60b24d0164e694ee55f,58ab701f88cfc5ec6857bd5b9312ab3e78962d165a0765241592b4014dfca516,0.1233,15642,66210
ENSG00000154930,otolemur_garnettii,shuffled,7,9932cd3063ca4cb3dcfa1384da10894daa159aa48666c79442338524c112ad02,6952cf70e31e38d0323fd1ceea6561b403452176f47d20d73e7e20cfca4ab044,1.0845,15263,66354
ENSG00000154930,ovis_aries,shuffled,7,a440a819e3d6ed0ab55c7694228e3f45ba9bcda717b45573a6232bc44a214ee4,662f2c5ed7dc4683688b106f3af095fb58e415ab7873bebce625c704e2652054,0.5989,15828,65817
ENSG00000154930,pan_troglodytes,shuffled,7,7136ecfd7e2b1291de76248add37791e7cd25d1f746be073ae6f57680b80bf3d,510138428538730e845880b9a67fb3f3f5f3544c4612606193655195a75d8908,0.268,15660,66367
ENSG00000154930,panthera_leo,shuffled,7,67606560a908015f163caf5c26f32385a9f46ec9aab4c4c9e93c71a6b9b8e562,0d63c505eee32119f7f684a2efca6274f90037a481cc0ca2dde325239cb32211,0.1366,15374,66342
ENSG00000154930,phascolarctos_cinereus,shuffled,7,200816c796e7f4db232d47dfcfe92151c570e0e36757795c430adcc59376df81,18a9074445ecac99755e751afd97871f295909d4b5631e73bc2a1a1c5ec8b940,0.4667,15250,66413
ENSG00000154930,rattus_norvegicus,shuffled,7,de21b5f542b86c29a6e8a58685a68189c019b134cf7ea673d24d9135d98286bf,e706a586c9b7d35051cd5c99f9f30ab4bb2c8dd7f6be05bbb69ca7a4bf1704f0,0.1626,15771,66193
ENSG00000154930,rhinolophus_ferrumequinum,shuffled,7,ebdf087f7df3ff424d39cd0ceadb7a6cb0fa13489e87d47ecdb4757e102c45a2,c11b4630121cf6c5447cfde8e8bf38d30834702c5a6b1e6916237992454bcd8d,0.0509,15764,66507
ENSG00000154930,rhinopithecus_roxellana,shuffled,7,45df39a516b2b78795eacbcee5c34678339b7668c9fe3e0963ae5584157ea8e6,881ef64979b0e91ecb2e364450db1b34bb291d39ffe5f7a8a4a72f7d2bd8aa7a,0.3112,15732,66317
ENSG00000154930,sarcophilus_harrisii,shuffled,7,2264e89b6dbec916902a8cc3bba7e6262026e5c70b3c40685c317465a7fe376d,e0948d7f55d9316afa24e7468ad6244c3ce654252276fec2d5fe25fc6102a80c,0.1063,15292,66576
ENSG00000154930,sciurus_vulgaris,shuffled,7,14185242fb9a1e13a479b39fda515c000588453bba262bc6168617d127aa09d2,92a3db3abec4b179659739e6d0c6528bfb30460ecb158c6d7d6888f2081431a4,0.1626,15210,66404
ENSG00000154930,sus_scrofa,shuffled,7,cecec1947ac49c98260e9ba8b0eaf2b35a949960bc82ba64a4b7233be41de1b1,cfcad6e22c7aab61c177cc0191238a3121983adf1e2fc6f7193d470e18328fae,0.3613,15624,65935
ENSG00000154930,vombatus_ursinus,shuffled,7,597eae557e1d9e9a735f4cabab11230b5481941b7738b1bea122091826df1aad,6dbc7c66f1d46970665526f08842eb904317fbe959cbca008ace4c84b9d1ccf9,0.3382,15361,66240
ENSG00000154930,balaenoptera_musculus,shuffled,8,6455da768ad82a7e578bcc05ebded9d4d92427c403b199c317e7925db9c5225a,fedd85b8691a08e03dc155b5225d81ec66f7cb24f806865872e77703a448620e,0.1534,16289,65854
ENSG00000154930,bos_grunniens,shuffled,8,9dcbd3cea4ac7a45014638e89a842f1485997c3e10575433db4462f5f4c4242c,7b5e1486569339c98d70ac0b87ac18fe468ac420234baac6aab4e57f8bc70a35,0.4581,15945,65849
ENSG00000154930,callithrix_jacchus,shuffled,8,50d6d6198344025cf943e8c1dfa39d4c21508f55dd916848d4f93475542c2470,3fa232d57ee9a1b5626deda0461b6f4fbbc5314c4e37127357d6e6354f1adada,0.3228,15678,66018
ENSG00000154930,capra_hircus,shuffled,8,e779a86bea59037643ea26d3a04693f0b9b22c6ca47025afc631cb6270f5c00c,3345e5b2fe4a81d14b017e6d28bdd44218a45cae9935fa02800b95cf5d4674f6,0.3945,16026,65816
ENSG00000154930,cavia_porcellus,shuffled,8,3ed0614c9049e28019db5c0d46b62eedb2339ec5b482e00978de2bd312c95efa,c68ae1fe212dd822a09b50df1ae9dfab35a7c0cfeb6f1befc9140bf790c2bacc,0.8303,15404,66392
ENSG00000154930,chinchilla_lanigera,shuffled,8,67d276414b15419c40965dd7d55667d137ca89e0255b0d62cfd09a120ae07fec,fb563a51ffca316af4764869be9394e5ca542c08d126ec8c2e19595c7e772b3d,0.5129,15755,65836
ENSG00000154930,dasypus_novemcinctus,shuffled,8,b0514ee8356d65f993ffb5981a795d96fdb058361dcbaae757319e24a20b30b2,ab0a9fc2efd01c986930c92596e5d3c2a89853d40acffbfa31a2b70232f71b20,0.171,15332,66190
ENSG00000154930,delphinapterus_leucas,shuffled,8,298403f28ecb566caabb3154958751c445ae3ef7975fe85f0535e340f8b8cb29,f53581507f66649a8a1e5a4c652eeb4d310e560744f134e84e6ed44feb6a9ad9,0.4638,16401,65909
ENSG00000154930,homo_sapiens,shuffled,8,96195169766ca3b15c51722085bd285dae3e185b3b590918fc085649fef3fad5,41863b461bede56ac19d3d3678df42e277afa2623012b5fe008e0d56097ad2e9,0.2554,15683,66833
ENSG00000154930,ictidomys_tridecemlineatus,shuffled,8,e4117799b10b2a6aa3106955906f2d3ebc383172ff0b4635ba8cbb4f29e6867d,edaebedc89560c55a6c2657fb1d7b2b5270886d79bb00db9a03e90d797e1b6da,0.8832,15005,66512
ENSG00000154930,macaca_fascicularis,shuffled,8,f4c3af9b724b8d5673e25ed56a8f32f2bea3325ab9e98bea2a0d2f094fe98a42,43817b73242ab923b0ee5445ea0fff4811e1155b2f5cbf30740c45000be1d0bb,0.3806,15672,67644
ENSG00000154930,macaca_mulatta,shuffled,8,9716514fe1113e88c1c7237450ecd5db4fcaa145f32b0daeb064ac0fbb35abc5,d291ae05cc798604f92578a4384715b501abb1d25dbbb9339eae87686f24467e,0.4453,15675,67608
ENSG00000154930,macaca_nemestrina,shuffled,8,c3a295d18cb9ff835f831f2d742ca8a011c4d4ecdddfb6d708ee23f5db26deab,c18274be114fef6409da51dc6e7c7b25be608d3747f17a8b45d0076c8b77fa2c,0.2717,15705,66346
ENSG00000154930,monodelphis_domestica,shuffled,8,9ea59d3c38a68c42595c745dca4b52d5aa92f30b79e3cccb347095d9462ba8c2,7ca170f3e5b7c9abba5a8141caca9ae63b8860ec0cc366fbbf00a37370df80c4,0.1722,14546,66801
ENSG00000154930,monodon_monoceros,shuffled,8,b401fc7de40a50a922995c2d9cb445fd2190917e0f99a80ab5a9e0b3dfe246bd,93922f2092fc6c7a777e3311510de0faf3173a5c58aa7a0f05387a2f53638268,0.4219,16429,65992
ENSG00000154930,mus_musculus,shuffled,8,bb6162f252bfdd05929f6f2a9236380218bb6ce4d9e5346a4ce287abb3c5c5f9,24c9ce6a0b64685eaa70e98d7af4e552ee25d2b2442e6d0ec707bbddf8699e7a,0.061,15575,66330
ENSG00000154930,octodon_degus,shuffled,8,06e96e81d8311d64103945f03d67a1c07e2304edfbde720f51a9768f427ea28f,35c968d948854efd288f050228d33f2758c650f6dbf1ab3b24a86b0a7f8d5fe1,0.7701,15603,66056
ENSG00000154930,ornithorhynchus_anatinus,shuffled,8,3c0268c0bd3f1e3b13ea0a8670ad078780ba489b1f803274f7b850131dcb07b9,6325662cfb5105a9f0e054e6a986a0e3bd355318135a23ff2562b1db75c9fc5a,0.3648,15634,66153
ENSG00000154930,otolemur_garnettii,shuffled,8,ccaf417a67a9f263cb3b18c1c7e46dbbbaddbef739c271573606c947a0a78ffc,3aa5710a51578cfce5873f1e19f7e54cc29698ec8ac601fe73a9d3207bb36c6f,0.2057,15212,66345
ENSG00000154930,ovis_aries,shuffled,8,d9129b226b955de8b61f6c9aa8b4006918acccb4a82c75cf8de631bb45e192ef,5a4dbe4b0c73011b5b3c8feb9832c3c416c0a329d5555954763d210dd2e4f947,0.8514,15812,65765
ENSG00000154930,pan_troglodytes,shuffled,8,64c5945ee1cb4ede956d69d96928b5761eabd49c052626596dfee2cc00676264,ba63258da7ec4f8c8c52865e7cec4dccbd234119e4a94758b137d79c63389310,0.516,15609,66373
ENSG00000154930,panthera_leo,shuffled,8,5b257e9888179d7b506cd5e87af61472a60ff6bea5488480c07335feead1ed11,97c66cd4133896bb97a3516779c306dac8ff716d3d928765fd787ef79a77bc57,0.41,15466,66365
ENSG00000154930,phascolarctos_cinereus,shuffled,8,6434c543d807c9070bf236aefb3e799d72ecf1abcc5b6aac099b1c633f51aea0,8648fb4c02d460a7e088a90de791a3edaa0beabd239ed856fef9db98e7969222,0.4943,15264,66373
ENSG00000154930,rattus_norvegicus,shuffled,8,1501e9b82e10380d363e9718769d34c109722233ba7729a154c3ee3ef1c32ca0,187ef6d64922d801f64fc1f0e127d6e881a99cf499e5bc05a18c6d46c660280a,0.2662,15672,66211
ENSG00000154930,rhinolophus_ferrumequinum,shuffled,8,83df094a3b26359396545eea0d50a592b3df3358bb3b017589f42dff6cd46d96,7ef5ffef38ec06de103b3cecab0a07f6ef116bfeecc78efbed816387f04fd44e,0.1032,15741,66491
ENSG00000154930,rhinopithecus_roxellana,shuffled,8,0f5ccb641cf299a6a89cf24b4d91f21e861f15b9eee533171af21a0560c8a388,7267d5f63750882c9703dcde5e7e451f3dbeae40961b0198536f163752c76d5f,0.4179,15702,66300
ENSG00000154930,sarcophilus_harrisii,shuffled,8,8d6c34da391dfd787e828ed81aff9f3a8aaf637a07e2262e5ef9dfba27bf77e6,4ce85b36b80dd556eb5b1563f8aa5db32227b9d5d296de0defaf86e461d31ced,0.0743,15278,66602
ENSG00000154930,sciurus_vulgaris,shuffled,8,e7540887739c47f2a29dad96d6613dfff4f4f8c71cec8a1d57777797139ac84d,af9d87cd695f007bb5c94033d3d554fccf004ce3637904499390940a2496e36d,0.5742,15210,66396
ENSG00000154930,sus_scrofa,shuffled,8,1402955c7c8c684266421741287a0b16c6492022c34704b46968058e875a92ad,065a1eae45e3f3acce88e59fcceb6f1f3bec0e88a8aeeb6ae4b8984fc9eb12b6,0.3218,15701,65904
ENSG00000154930,vombatus_ursinus,shuffled,8,573ed368d0a88f31b162899cc50fe9ac45bec64a5ce62de0d58403ae9aade11c,8e067c1d0b3500c4a04336488e059bb829c33ce0453f33408fa690b5368e1c6a,0.1197,15367,66331
ENSG00000154930,balaenoptera_musculus,shuffled,9,4923663428fb137261da9219875ed5cfc651d153ef0104158478de31015aafdc,8e1dd566161877df7e6668733838331ffd1b33c2112a23db31d4284943c50d80,0.2644,16233,65886
ENSG00000154930,bos_grunniens,shuffled,9,3ad47aed124ee0f3ac7bdedc53147bd647a17db754281c52468ec9bdadf9f546,c3f4d5fc40448621c5f84b72b9675181878d144188b54afe10bd0008fb49d630,0.6909,16007,65928
ENSG00000154930,callithrix_jacchus,shuffled,9,a77fc614ff1934c50793d5f6723ee7c60d3d3a557f0b6de04740a67acb7bce8e,b959da72618568cccbe285545ceac1b849346e1e5d6ffbe3d0c5bc9df64a3c42,0.1685,15608,66011
ENSG00000154930,capra_hircus,shuffled,9,23e5f0c66fec2df6b4b76db4eff045eeb6454ed9bbf9b6ed1ed64b4bb19cb51e,f5f477bc65fa87c371725bd7f63a6ead012e83431f1a82efe9821a34e929a944,0.3566,15971,65809
ENSG00000154930,cavia_porcellus,shuffled,9,7960e5159c84c76f18771f495e057ac13b5f611c35c60bdc47c3f48eb7a937cc,0eeb863f659143bc7f18a64aaeb9b83af61ae50f2f68aa454b7a74b74889578e,0.4126,15404,66367
ENSG00000154930,chinchilla_lanigera,shuffled,9,6f54001a689399b46d2f01c13562d41a071a09e7c2dd926ba0fc5c4c92f7608d,fa5d6656d173b627981095046682beacf6e7aba49b1277d022eb556f9ceae1cc,1.1105,15679,65786
ENSG00000154930,dasypus_novemcinctus,shuffled,9,80b36e85cd4b680e3747a09db4fca40c389c1247d499e6cc77c2f117f3a9a4f1,1a0096c03021434ab3e4e9e51085fe6d131b4683fc3a8d72e6ba7d8f9974229f,0.1501,15305,66201
ENSG00000154930,delphinapterus_leucas,shuffled,9,67ab01c77ef6816bd3087b8dea07453e33266330005de356feadf7719b673a12,3fc62e02ba51dd75f133a3c569360c9130a1f9ba9feefbc9a702f71f53528e0f,0.9608,16409,65970
ENSG00000154930,homo_sapiens,shuffled,9,76450d794f48acad3bd35ced682d1ad9ed0ee0a2b428c2aa545ae0e40e729fb2,1da2228df54baef154abcc094bca4d126dfa3f1fe31e2f75abb9c4dd3a465d1e,0.336,15700,66806
ENSG00000154930,ictidomys_tridecemlineatus,shuffled,9,ff2f50b1c49ac9bca3be8ab1381a9814a45260b36048b7352a5b358553208f80,7f66016d02ef6f7abf58600551162f354458901a4d2f1d5ffd8e643c13594327,0.2792,14999,66579
ENSG00000154930,macaca_fascicularis,shuffled,9,730f52a63f640127f1ce27a4457d54156d39e7f8cf51576c23ed8308377a4656,cdae824195de4830876377e161775dcfdf53bb8590ee1a1b3148f5bf7eace97c,0.4624,15706,67602
ENSG00000154930,macaca_mulatta,shuffled,9,deebac47c4c6521d65719741dadd87feaab2c36ab54f51e37b7dcc4a8e285bf8,44dff9ce51fdadd73c1f8b1fb267f10091f2f1c4c235200b612818ff9f181626,0.325,15720,67580
ENSG00000154930,macaca_nemestrina,shuffled,9,e94882c00db663151d19093ef5948a86aa7c99c1549bf4aaeccbaaeec356482d,03b05a01cb8d0e8a205e12db970e58b9a79cd02579a0877f2d4fb36f267db4c4,0.2968,15658,66314
ENSG00000154930,monodelphis_domestica,shuffled,9,17c6aa34968be45db9ac7df17bbb4017d23a415b0fb04d6baf139a0bd0b8915e,d8b230ef522aa24549b76c4771d519d2cbaab92bf769d40a36f3976170935295,0.0486,14506,66807
ENSG00000154930,monodon_monoceros,shuffled,9,766adab2864282b6a3cd9dd26368bb78053d819a63b926a85de06152a5407fb9,5ac6d5250236d863f83ae72174dc70ce2ebbf605031e57beed5e905bc72edb14,0.4682,16367,65973
ENSG00000154930,mus_musculus,shuffled,9,8bcdf7d108433a78857faaef5ca21160f96f5c814d4c2d290d0d690463a3ce81,2f4ddd126fcb129522d86f326605f20e05ab8c5974dac78b079902a50ec9067b,0.1002,15539,66300
ENSG00000154930,octodon_degus,shuffled,9,83d9432f8a78f248700d4facd544d2ada40810365c629bbe95953cfb09c7154c,b3c908eb64ba94d25747e1bbc7fb2dc19352c0067d97bdffe22888b4b2c20728,1.4358,15591,66014
ENSG00000154930,ornithorhynchus_anatinus,shuffled,9,0bf81266557e5accfc969de20c30f10da69d121851c32ea2726f98aa3ea5d0c4,35545a9a93e2a0b2fb29891b26062493b275da90550ef73dcb499be247e00ff8,0.061,15622,66153
ENSG00000154930,otolemur_garnettii,shuffled,9,0caa5bcd3b388d14e1ef5af7ec96797f8f07ebe01684035fdae7d7ee2db10c59,4434d8969e65334e421f8f28fafb5fdbaa9080279fa4d785ba8199e0182bb44f,0.2968,15235,66439
ENSG00000154930,ovis_aries,shuffled,9,5f3b7a3502eff0de6a5cbcf7c09ac6c58246ba828c5e6078002ac5f5a063cc0b,c89cc9afa7490ba392cc054bd0e78819a7b4bcca767c7464f94678c741ff7838,0.8695,15776,65821
ENSG00000154930,pan_troglodytes,shuffled,9,926e4acb62e8e7512efc8393bf8d056490eb8c9e138ff6b15005e4a7cf950015,acd869698abcded82bf13add1c7649b103385a6d7e09608ebf0caaba6d5a6ef4,0.2101,15679,66398
ENSG00000154930,panthera_leo,shuffled,9,595936c49407f1225268f8efea9747d18004bb6f1f4e90e66544ddc17bc1f371,7f48b3373643b021ce5225dbbb0c6c14495ae258875002b32459ff7d92cfe572,0.0863,15327,66356
ENSG00000154930,phascolarctos_cinereus,shuffled,9,30337220858066f78a258c06e0b948ba6a31d1929ba655fa85c6e6ac71a2ca18,86eb28505be97996966b9c2da3dd631981c27e7f5cce37bdba28addda9a09b4c,0.7999,15284,66356
ENSG00000154930,rattus_norvegicus,shuffled,9,980639414f127c48a8e8a85eba181dce779cb7046aefc08fa12b8929779593a1,2ae1c6ba8c7446d06a1526074f6127abaff7d67810aa2a6aba382d9f9e94eea1,0.3009,15742,66186
ENSG00000154930,rhinolophus_ferrumequinum,shuffled,9,5f3a6fbc00f14acec0981b63f9044945f153b30bf1c46f471d33332b80358b10,a7868c2daba343955115a99913863b509966f6794c2160d4ea27f7f004ca018b,0.227,15736,66498
ENSG00000154930,rhinopithecus_roxellana,shuffled,9,eb1a713294dea2e05c4d935d49c2fb561c20d10f2b582101a5e45ea041cdb4e5,d08e92b45e9a7b78b9fc929b0a2e3b71ce4538c3c77c9243aa1bbd95610e2864,0.509,15702,66308
ENSG00000154930,sarcophilus_harrisii,shuffled,9,d991dc52d3a28254b256ecbc13cc56c8ec46034194a09b20a834e6c42b80b51c,d01fa1dc5fc72e2696f39a9535670009eed427f171742a169e199ce0dc1455e2,0.0903,15258,66562
ENSG00000154930,sciurus_vulgaris,shuffled,9,7e6bcafa4e4a19887c78445c9b72545ce0a80b96c8019543e53e82b079dc2144,8b2caab304b98e150a1da3b14c7593a4fa35eb8467f5ee7d62cb287014c2a31a,0.3945,15170,66464
ENSG00000154930,sus_scrofa,shuffled,9,fb2cb84b79259bc0aba37ac7be21f6ec63d464fad0424a5925c692a8d0cdc6b4,4be20cfb9c2acae1424ab664d51b1a9755c6f63c0d44e1f1ec43557fcb8c60cd,0.2238,15754,65964
ENSG00000154930,vombatus_ursinus,shuffled,9,2cc9df63720baa7434d7435c578ed32b7195fa9530e6d6a54d50706a18e3917c,2f4b2985a8592d803c083f66a4e8dc13d97d0365609e9a4f74a0c2d6def2db8f,0.1128,15328,66288
ENSG00000126775,balaenoptera_musculus,native,-1,9922c4cbd7374171b80b509d92c831fe9ba4acf8b1901cc9c04fdec1b46461e8,772259b934b8d2640f6346a586718b29e1295e4e6ab0c438f63a1b6da13afbca,1.4477,15317,66294
ENSG00000126775,bos_grunniens,native,-1,86ce213f5069bee5946dbd30df4d798f7d0022913186241572fb30609e129bb5,7f0a950caeb97cb05e0fcb1f1896b238cd9b50a534076a2119bc5d52d563caef,1.6696,15487,66111
ENSG00000126775,callithrix_jacchus,native,-1,ea78660ad5a71ffba0bd281effa634f7a270087c9527d526f288c7214fe08b8c,305c06bb22bb25eabc17689bd9121909622cdaf1bef22ab175b494994d830308,2.0858,13576,68359
ENSG00000126775,camelus_dromedarius,native,-1,7902127c1e5c3ff47532a2cdcf02105d69460b0e4eeb385264a29adab8750750,3ce3b5b9cc7ae79138c48144ee58b8518fe5ea58e417dc2a49e339c3a088b702,1.6633,15403,66393
ENSG00000126775,capra_hircus,native,-1,05c31f0f8bdbd81f64e8b10d075e584027e9f9d7904603ef5571455b4457e72c,9394ed2be5eb088dcddc0a0926a1aaeb770b03efcf00f7bcf806a7df4549a04a,1.6823,15525,66175
ENSG00000126775,cavia_porcellus,native,-1,c3a635b6b10a8484c07d250f5626cc04a14231aee7aa71c5cb8d8bc21ab5ccdf,cc446a316816efe83f48b70c08d29ba044df98ab497beede7712e8770d889977,3.258,15040,66662
ENSG00000126775,delphinapterus_leucas,native,-1,9812ef41cceefebdaae4460189b32659d3fe74b2141549470ca93b375a07581d,c32c6b8b341224adc3ac22450db9f6c40b4c19da75c37d510a01ee521f7be65b,1.371,15513,66200
ENSG00000126775,heterocephalus_glaber_female,native,-1,07b149be1cad3d9e7d8affa844f5f9dfd2c0a14ba6d49ba9e768c7c697a65b54,b69d6f859e99a4853e050a92ef48923f9f54174624ccda21f8bd6904260f8b4c,2.55,15197,66645
ENSG00000126775,homo_sapiens,native,-1,2f67abb029e2c55734cb53b685e14a63bb1c02a46d48dbc5c5d9206e87aaf470,a4f1e47aa7abdb0d39901511e87fd556f7e17a141e0ba50c30faa69d794738c0,1.4298,13939,68214
ENSG00000126775,loxodonta_africana,native,-1,d83ae98334c9e2f8b4ad2f3aacb97d476c5c5c8da108f89c3f1a912e5a692009,ea0ace3ffe2276aa4eb026d32568db287a3d43bb132bd415d7abf34bc23fc096,1.0871,15440,66549
ENSG00000126775,macaca_fascicularis,native,-1,397063c5a81df221cf89c0413cfa32ad71fb46845b57f5f0e49394ccd9110801,33962402f17571b6b2b59fbd41762be8e7755a1617822a57c92aff1d5a77b65f,1.7528,13843,68259
ENSG00000126775,macaca_mulatta,native,-1,cf1178cce7fc841ad8df8b3b93f1f09c101c242fee8e362beac5ca38d7cc5f12,84bd9a208a7c24f366bec43ac98c6cc7df3e1d43efd35e12d9f5cf27b455488c,1.5632,14165,68301
ENSG00000126775,macaca_nemestrina,native,-1,6a81e98c25582e3b1266e0b8d1bedbb624a2e80f6d713d9e75a2fb0471cc7640,d0fac7fd3bbb9d211a2e1b4362d5d6c1051c2f579d54ebbba7d66d21f710ee1f,1.3477,14172,67718
ENSG00000126775,microcebus_murinus,native,-1,da961e6fc7cc62df606a716f2c318c3aa0eb38771c17eb9832b9a7717872e61d,51e2ed2bcc7f2d7564731a47a05f1329ede78d6945925feb97caa60961ff8e4b,2.0653,14900,66893
ENSG00000126775,monodelphis_domestica,native,-1,1fb59fb5ae1b89d5b65f35f10de6410a325149dc874b31f92ff69a0b87fe8c0b,67471078ea6ca87dc81379248426f0448609ca2c05182bacefc82c580279b94e,2.2658,15230,66931
ENSG00000126775,monodon_monoceros,native,-1,da019abd40117b6fcaf1f3402909dc0f27edf105222abce2d6c26482f2da19dd,1c17cbcb57307c12d7f075972c0c4d4118c47487c486b4cb4d0505d15230b920,1.2317,15584,66284
ENSG00000126775,mus_musculus,native,-1,77f4464992c21e2aa33d57bcb5ef469b279fdd48bead3ccb84ad372a992cfb41,8a09e17a0ea841e92d289a489e5306be30460aeafea6eff4636488d205f01015,2.4211,15011,66609
ENSG00000126775,myotis_lucifugus,native,-1,6576d2522a986eea2bc392645ad1ea45c3c5a2ca6c6b8d7da9051c1467694d1a,3225376a99c625cd6f823f921e395d58ec9efd89fcbd37b0d2b9dcca00a459c3,1.4537,15594,66465
ENSG00000126775,ornithorhynchus_anatinus,native,-1,17b55963caf3c7d462f50f1e63c8e4c7859b629c7fbc7fbf4ce5e700eb714633,0d4a5a68a8f4a512ee8c4b1391467504f3844639da95b9186b174d459721526f,1.9906,17460,63798
ENSG00000126775,ovis_aries,native,-1,aad853e1604665d15428581278268b7e87e6806c17302c0ba532fa46cffce609,8bfdc484cf8afb29026c710aa4bdef58ad5f15f59a6b9ba2d11378b4451d9004,1.6192,15460,66144
ENSG00000126775,pan_troglodytes,native,-1,1a24076eda9c2cb355c7350dca613dfb882c603220fea23d6959a9471eb65aad,687a8896b1b99f909089bd9f9d15d5eee63fd0fdb056f3e5e42316e3af9c0f98,1.6129,13984,68190
ENSG00000126775,panthera_leo,native,-1,5e2a9a123951927f02e152a58e315f791ea444457bff067a9479ceee312c4c73,28ea8286b49c34ecbc72daae3cd469480fcae13e1a7689a7c6a73ef267e51465,1.5019,14897,66910
ENSG00000126775,phascolarctos_cinereus,native,-1,c45c1253e2eb694435704923f4170239afb77a806fdb52ece30949c64fdf9cf5,8a27d549c86726facf0c9710586ec97042d6b8a8b026707c5f3e23a6348c2195,2.322,15530,66405
ENSG00000126775,rattus_norvegicus,native,-1,236cc1e440b36fc7129c2fea13cdbc2d2ddccac05465afe3eae8827bc1613c77,263125e056f4b08c2f1095fdcc672b30fb214fc3901ec461b42b38650c0fb0d6,2.4782,15211,66518
ENSG00000126775,rhinolophus_ferrumequinum,native,-1,1e8bdfdd38bb5a67eb88fd6b0625747126354a164f3a0004b2a855b09b1df324,87f5dc2686dc85220f7527c67fe19f87452b8ed3c8da9f723fbbdec0be12948f,2.0584,15629,66303
ENSG00000126775,rhinopithecus_roxellana,native,-1,7a927a0a888f08ca4ef8977bb93e06f619c181eeee3096347f85a9317db4a881,69c8c8a51bd16847389e69c9ceb41ab3c0c7308e38abce303974614fee6d6a24,1.9637,13929,68152
ENSG00000126775,sarcophilus_harrisii,native,-1,2a0aad24d48c9c49ffaadff3c5b56db8f07e6acc8c9da14d8a5e33300c9e39b8,058c270e443355f16fbac2be8831a838ca9395280a55f5d3797d9137ac94106d,2.4069,15176,66836
ENSG00000126775,sciurus_vulgaris,native,-1,6b0dcf3e785518eef9d5502e033db22b29866ebe1a65a22ba8cecae76ef67661,44b4ae904af972ab71e749eb8e14deb1921fb992ba95e70fa29d231240e17a53,1.4777,15372,66770
ENSG00000126775,sus_scrofa,native,-1,b1d847205c995070ff6f02312deeb3e299b57cf21fe41c5882f775fa0ac871a0,a498977bc9c5c60477af26d11b7c811cd69ef29ad72e7bee688e906751df040e,1.8969,14854,67093
ENSG00000126775,vombatus_ursinus,native,-1,3795c3c59c831b540d7b4577581d7830cf55f85f34844fd79b0b8b75a2c69830,1080f1c28c4cf9ca0000e20e714c7d9814aa61c84868ca97560a52e0f2295065,0.5582,15069,66705
ENSG00000126775,balaenoptera_musculus,shuffled,0,e4a406254597a40b5a51de9e84fccfdf5398b3e8d1b4ea76f6bacb984287fe0f,9837e9577a3c44069812e97abd8e427beb7214b9bd7a1a201ce6308cae48f766,0.4179,15376,66268
ENSG00000126775,bos_grunniens,shuffled,0,50023f7c705d28f106d88d04c2b3018548c0545e68dc2437019a6df7feb41dc0,5d16bafe046d338b58bfb16a701c2ecd9bb05bbfcd12791424e1c61e93cd72b8,0.3427,15543,66070
ENSG00000126775,callithrix_jacchus,shuffled,0,e5c5717f82da518f5356bd43b891cdc8929d241d641a3ca3732ce929844a8fea,44d99d3f2c7dd5d59dd5c420657858e20aa94d20b15e2a2098640fca6e2ea9c6,0.2699,13969,68075
ENSG00000126775,camelus_dromedarius,shuffled,0,539098b2f58846d03255b963db9a32c2e59f0e7ca0dfa8d915017c7ef5a6e448,4881c8e4c059da4f9ac858bf5996b4eed323099a59e306f8fe589f3b209977f1,0.3906,15454,66258
ENSG00000126775,capra_hircus,shuffled,0,48917ab8699ea6ffb2bc69cdb3c11b861b7ab82039c39fe52b64a5998ba28a91,8c44a73df6339e893bc1158b8a2f79866bee42818214551be32b2f741c0acf2a,1.2512,15588,66168
ENSG00000126775,cavia_porcellus,shuffled,0,cfd4cf8e98f80dbc9d73bc2509823ec0fd69056c757bd4ffdf3e30236d247756,76718780eefa4617259158f27411814ba984f2879972d750867d5991c6908a2d,0.1179,15209,66630
ENSG00000126775,delphinapterus_leucas,shuffled,0,7fbbe436182b38d60e85b0da39065d787b75ec2331653030a55dbb68dc8506e9,18176164aa08e0ca0393a049bbb83db84aeb5ea7239c2f29ac744d434d8ddbe3,0.2238,15640,66096
ENSG00000126775,heterocephalus_glaber_female,shuffled,0,3975d1dc2b0f91271b3bb150a7ddaa820ab11b4c399ec1980c95cc95cf1b18e2,8bcc43946d777bf9c26b660f1e1ea382c5d4f1bcafe753ec2a1b447cef255b17,1.0184,15299,66550
ENSG00000126775,homo_sapiens,shuffled,0,a39f4e05d02b3a4fd58e5bd2c403d12ec784435990f06bcbd6ccbbc260444169,e0e33e6bb8c7de7ebaee388846a9cfd47db07536e15a2b88bc8f816ed3ebb1e0,0.3416,14101,68078
ENSG00000126775,loxodonta_africana,shuffled,0,8e883a125a83c77146e7141b2cf5bb3742ad9dc7643a090adf7d3ac3ac02d428,5dd3baef5fbdaf2fcb7cc2dad647f6b84a08ffb04f1358a2f5dc63d31ef40229,0.2177,15480,66433
ENSG00000126775,macaca_fascicularis,shuffled,0,60cd9512552b5d13c6d41c6debf71b336af909031ea41d5cfa0f3dea5788bef9,55bc67d01acea412547a6744c23e5760069ba39eca81a251a469ea03585b96dd,0.2485,14129,67871
ENSG00000126775,macaca_mulatta,shuffled,0,55edf5351f91962fa90f453369eef2f3f32d7e467a6faf968a0cbbe836d575c8,b77ac550f24c7431e79ed7a52450799b21662dbf58d0c68819181a924225c2b0,0.426,14267,67924
ENSG00000126775,macaca_nemestrina,shuffled,0,099c3795cda3e4903a06601fc57c56c64145d9fb2750267d5f39dba5a82c209f,513c4357d1c82ab1ec2eedc93678dfadca1db9b93d279b29627692c21bf21f6c,0.7865,14330,67455
ENSG00000126775,microcebus_murinus,shuffled,0,445f8958d46eb6b3543056a706bdb1829807566a449985dd94a922f5c6a91bd7,f4176a474f26e2b12138e004b2fd81684b36db69871afc3d622441222ee0cb30,0.4233,15045,66712
ENSG00000126775,monodelphis_domestica,shuffled,0,bdd64b355326cdaeb7e9dd717791a452a96e32c4170845d32c6822dc705957cb,bd3a871fc772a043adeabb54c54c9d5d4a5fdb29a08c223288847e007426a2e4,0.0574,15382,66861
ENSG00000126775,monodon_monoceros,shuffled,0,925bd2cf1cc97c4a8a70cdbf7cdbafac8e3391edcba7b4ac57db9bafd3553ce9,c94cff10034bffc0cf7447e924ce956d36b51c586d7ea853d11473798ec183b9,0.3625,15725,66162
ENSG00000126775,mus_musculus,shuffled,0,5081645d8a82ed884a532131b45cf77ccab83cc5d40eaa394bec3a59aafe2ad3,9b355084238492b566236c11cd8b116368e481dd0b292200ff8a2aedfc6e8bb4,1.0562,15243,66424
ENSG00000126775,myotis_lucifugus,shuffled,0,eaa59494837a1d0670d91cd61176db81b4b11e29c516acbeaca56f79f145f2c9,401a40f30a52ab184799d6358043f3f2850029a92f3e765a84844a74eed224a3,0.5344,15622,66378
ENSG00000126775,ornithorhynchus_anatinus,shuffled,0,ea3edb519e80c6ca85598aae10aaa475fbbafd8d54221d67197c75d2284d7f56,2b21c497f18d8fa715fd089537152efe7659fbaf48bc8a8554dbde63b9b8c0a4,0.4951,17634,63676
ENSG00000126775,ovis_aries,shuffled,0,a86756b791acf6ee83758125609e5baa73e20262e97b3ac86f14debed89fb65b,bb66f241ac31ed9e8d0df0b336528404cc385c819d714cf19e322f6aed913255,0.9016,15563,66078
ENSG00000126775,pan_troglodytes,shuffled,0,0771694d81bc0fe2e96790df928062dc38b62468682e9b794c3c3f6835900328,82f5e4eb9aed1003deafd0bb3625e64e00b7d029044f73793292513a70345f30,0.5641,14162,68018
ENSG00000126775,panthera_leo,shuffled,0,e77a755d1d3e5273621e581c453b5f5a226807366b8278aea1647fd47241e936,615489ac01a5de43164f635b4d094282f6937ae0d973d2032a7213e5edcca205,1.254,15046,66795
ENSG00000126775,phascolarctos_cinereus,shuffled,0,c5757c0fe24920ba2209388f7350a935362eaddfec60575d60095ef722e2ad57,17846ad98b641dae61aee97e6bcc2744b0c61161b8f4f08efdc2b378766d5143,0.5335,15564,66415
ENSG00000126775,rattus_norvegicus,shuffled,0,2b90d3054fb32bee94bb270b7599ba98e8a38978ee1a5adca37e2cb4946d890b,85d553288fbe677e901ed1e3c42111881a07edacdc10ca5a430ecb551a3fdc32,0.6109,15311,66391
ENSG00000126775,rhinolophus_ferrumequinum,shuffled,0,0ffd59da31e6fd941949199ec5c868faecf3fad8b271d5514eb6d1766cd9030e,489c16d405ed75344a24be752d97ff095d5679ee13972841f08e9dc17f081742,0.9608,15707,66223
ENSG00000126775,rhinopithecus_roxellana,shuffled,0,3668955ce5801fbb385ca60f42183c18248f73e23cc196d705c6dbb002fe09c1,e63d9825f48fde94922d50f52ac8344ef659eeaf4ae78bab4e8d99db95b7aa11,0.2302,14086,68010
ENSG00000126775,sarcophilus_harrisii,shuffled,0,808f115501dc7b64825bfbe4595e7e1e80d994761217ff6222f5686050045814,17de5a1c50ab4a3969d77bd121f23f42d47bb5b9dae0c5bc5f1c3d45e0cb55d0,0.6577,15217,66767
ENSG00000126775,sciurus_vulgaris,shuffled,0,565c8319c53fc6641ba90eff1f0b761d30de103d23d200876f3ed5e36b50438a,1423eaed59438cc068967aaa11d34967664a9d40fe221cebc30b82f829c94a5c,0.4022,15425,66757
ENSG00000126775,sus_scrofa,shuffled,0,2424ef05aae4927eb9017fe5d89735552ac525c17f1502f4278e6f8a84a6b159,b77f5755a93b438c264f3469b1aa00b95003c22fb00f949d6219b8296df17d1d,0.41,14884,66948
ENSG00000126775,vombatus_ursinus,shuffled,0,0efc3e7bd536010f85bd5719f72f740543298c6f42d39d2e1d10212b5f317601,a1ade2a7e008fb65a73e779ea20c822fa3a79e0b4de5e98a74cf8403f7b5e420,0.1944,15028,66666
ENSG00000126775,balaenoptera_musculus,shuffled,1,03ff5f68a7c86b49fed21b068e42d529474483bfb40e70e2403f3182149f8c41,1c240218369e2e73c4f30d621b4a661f2f8a4a67d77ad7187543248032a9dc50,1.1105,15371,66298
ENSG00000126775,bos_grunniens,shuffled,1,0276da9605833c0557ee735729447abbb7cff8e1afa86aa1e23009871588aa68,57edab3b5aa7cd706a08e7bca9b6e9cb24dae2502bc538b028b727b0ee7eaaea,0.0944,15578,66046
ENSG00000126775,callithrix_jacchus,shuffled,1,0b02a028db4b01684ad99668cf4ca8044768428fda736ca6f2616ef5f93a8b72,5c40b10affe9078827917291ce7a018e04a9fc9deb87b30a7455b0e31438387b,0.1063,14035,67929
ENSG00000126775,camelus_dromedarius,shuffled,1,c6277683040f804ed4d0c89824d4fb74cdc5d9c43d94ea71913247ec5006d82b,0e5cc6b0e0036a562d9207d7ecf70e32452d8bd04ad908cc5865463ea09c9d69,0.6367,15374,66331
ENSG00000126775,capra_hircus,shuffled,1,c1e054bc866dadf9737cb6033989dd7afbd6be9ab254b22fc904e7a38d56003e,cd7e63d994fc2b1e092b57f25c81e5a11ca53dab5583046c124b33dbd68969bb,1.1263,15635,66080
ENSG00000126775,cavia_porcellus,shuffled,1,2f32bd67d234795989316306bb9194862efb3d7547d69264fce81f1db532c92b,77b77ea1ef6234c145b7adb44aeace541cfce1fb3c788a801e44b128c4e8953c,0.2207,15175,66590
ENSG00000126775,delphinapterus_leucas,shuffled,1,885b4a867d5d17bd38016faac0a3bbe81e41552b513f5f9a9c61218c3bdc66cc,06d4a582110656eae20a3306ca1e1964b3341451ce54e4a5783eb64fe743df34,0.2028,15654,66104
ENSG00000126775,heterocephalus_glaber_female,shuffled,1,886d800ff9383fc06efe822768c288e1c2816a9760161082d06395a1bd3da266,21a02843c092036b0372ac213dae357200fb20079e823258621e8ac51fa51177,1.196,15272,66487
ENSG00000126775,homo_sapiens,shuffled,1,9dc68f989a0bb09ad9e1161c213338af963d04b9793f3d001e587eca5df365a5,5b79cc9c62a4a0a7de2aa40176037f98a8a1f417f0e6585bd837f2a9880bbdb1,0.7833,14077,68038
ENSG00000126775,loxodonta_africana,shuffled,1,cc9170b5a80704f36bc637841bda47ea9d9dc803e9fad08d7337a29832b1c334,dd4c46d21d0b0513f99d947c8e6770d79e2f3cc8a8fba832c07310ab7e73196d,0.0876,15494,66424
ENSG00000126775,macaca_fascicularis,shuffled,1,99d526ce88f1e17a70a432d297c494ab214f6498c7a4628331b4c2e2f54ed98f,e7598fd385de6ae96f22816b2d46948bed5f076667e076fcfe31afd80b632b6c,0.2717,14088,67896
ENSG00000126775,macaca_mulatta,shuffled,1,ac76eddb11793359c34f807d0b30e1f9f702cb92ef97f9a8048a7954cfdfa82c,a2c2a16d4f33001aedacd721ba677ed633b61abb47654168c69eabe52bc6b83f,0.2116,14177,67919
ENSG00000126775,macaca_nemestrina,shuffled,1,d777c10010b6bc5bf729e8dfc3f019f7155b330c8c479529cf5d7d3af41797f3,a772dacfbc9cd9704b2a8a3d668ec693b30d80a5f31e9fc5c2d4c3abed55019f,0.6676,14323,67425
ENSG00000126775,microcebus_murinus,shuffled,1,a8f7b8d0c3a658de31e3f53df1f804a0273ebb4ee7d5434deb212c51f7db96dc,73e6bcb25d309a607d63492602a1f4d04a47b947b4874e06fa360b6c20cfddbf,0.2417,15068,66655
ENSG00000126775,monodelphis_domestica,shuffled,1,77214e264e3aa7f23699750dec577457e864d8fa3b211fa96bd70781f61af168,36e44100bdad11041d1f901aa678186d2ee84f2559aa6f97a2b8817dc0f6dc76,0.1376,15310,66962
ENSG00000126775,monodon_monoceros,shuffled,1,48b453b84695dc92ad6e8821afe8200bafd20be522b424c11d5a4576602581c1,f88428d1ad79e8e02d4cbd3f91ab6ce7b4488d6b9a055717ba4cf3a3f0baa8a5,0.2014,15694,66194
ENSG00000126775,mus_musculus,shuffled,1,f70705217289448ced25429543f8cf0cb54944c49a6f0677cb2c94d6448ff1aa,adb909388505d0cd630a42ec750bd783a2aa769ea8a6b04c953dd839babda8b6,0.64,15255,66404
ENSG00000126775,myotis_lucifugus,shuffled,1,57c41aa6decc7f23779ff5af3ebce4540f43e9bd0886c5542cb7b844ad771de3,f0fdab1eaa61de5d940df91fbccf157338d64217a5fb9dac52678e53f477c477,0.3382,15594,66312
ENSG00000126775,ornithorhynchus_anatinus,shuffled,1,93f4a87ffb7c2ac01b44917bba365e7c7256d9c18ae9b9aeb3eb92e979fe7ef0,2d17226916d5efedc261e81a85475883111e97d7a1ec718076fa2ecb7a148d4b,0.3175,17594,63676
ENSG00000126775,ovis_aries,shuffled,1,c5a72ee6573820c5cf09c4dc2db2473484e8035b995d9dfecd8aa9dbead3497a,46742f5ffafe8e88d2747efddcc4da53e481ba0c4078432e212253794652cdbc,0.9051,15487,66070
ENSG00000126775,pan_troglodytes,shuffled,1,6556368fdfbfce52ab89e3642a544dc15c5bed9aacd057b03419238af1585842,088e9781d6a94b2942fdc716e97460140dc4f47094896162ac9e506c09259f8f,0.285,14080,67989
ENSG00000126775,panthera_leo,shuffled,1,91083617acc287998e8c64fc69ce4e17d70b22a51c428441991e56f68ead7124,0f35b2e81b4fef7277813799cfe3a8a5645dc3c87e0c828c73030a85dc8b5a1f,0.8248,15000,66761
ENSG00000126775,phascolarctos_cinereus,shuffled,1,c23f8d8d75cc97ab7b7ee3764f1822e0e3387fbe06ab441538325d88edee4c35,aa850f84d20e2bf4a13bed06bcfa4febeddab66d15d2bedbf5d3f03c5ced9201,0.2302,15493,66422
ENSG00000126775,rattus_norvegicus,shuffled,1,3f1cc15d7f0c69fcbbb772cd1c771d118a9a12af2121ec55da5bed9cda9dcc15,6de99aef09f2c8fc9c396e0e33cba99b67c33a1af719b9523b09efb493614966,0.7261,15296,66355
ENSG00000126775,rhinolophus_ferrumequinum,shuffled,1,1b5ded41bdc07751d5a91bdcbfef8dc6977145817e767ca1f9b2607bb9fc68b5,95ebc522b91c29a76914319e5c1120bd202eaff42f0423e0b93a95024e6717e9,0.588,15674,66210
ENSG00000126775,rhinopithecus_roxellana,shuffled,1,693ff4fcf9d78f7d2e751d165150331af7df856035b1ad0e5a1b10464f4ab6db,a1bf00230603244491a94378fb397564b1404785be0d0d30c14c370f0205b77e,0.4852,14161,67990
ENSG00000126775,sarcophilus_harrisii,shuffled,1,1a79e2b522bfd4a8f57818771add48bb6dfa9c5a2407aaf0dfa96dffd6806dbd,09cba3d4cfaa59633b8b622a2e9c148ab5cc00d661391ac9773e0861dbfdf052,0.0789,15198,66736
ENSG00000126775,sciurus_vulgaris,shuffled,1,653d26bc5fabcc519f983b926c6eda11442c2e265cda192497e02e81de0e9019,c0b5a8a85cd2ad44f5a4efcb9107b4586a374efda823722603bf278c04813666,0.1336,15415,66668
ENSG00000126775,sus_scrofa,shuffled,1,2bf41fe902d1b1f75b5ea7c9baef730f104d242fad8aedd2b88f2db493663c5a,68a8f9a106264e67d83694ae7814232282042f310f3c2c50606e63358f8e828d,1.3477,14870,66970
ENSG00000126775,vombatus_ursinus,shuffled,1,f4f34754dae84bb9be1410cc6c839e7d62204f14a396ebcce8d3d0fbc3963fe0,b637e72c9b5c86201379671c01920cc5af51560ccca143e35797e002b49ffd8c,0.4981,15128,66673
ENSG00000126775,balaenoptera_musculus,shuffled,2,74ba88a0b54d1a78bec87eb1a4d2e58df70a31d70e368bddc2e7340f7a45742d,85b9bd466828c359b6d00be1a6b2953a3931c8f2be8e2d523f76d8320739f685,0.3601,15330,66259
ENSG00000126775,bos_grunniens,shuffled,2,3f8f8bfa7ccd1336e15ae26ab17fbf645387d2b886b6a046a96c814b2a93451e,d8f5765523da03dd3f071f46d5aca67d0982b25e5991152da57aa4e3de8c648e,0.1376,15527,66049
ENSG00000126775,callithrix_jacchus,shuffled,2,fb1e135ca0acbc49e2a28ca687e17699415be0352639ae78fa075dc2e685f1fd,0173bd2f93269984ec3969b1c2ab4581cc2b1afdcb8168eed0e9618620232c28,0.0973,13993,68009
ENSG00000126775,camelus_dromedarius,shuffled,2,9f161e623c295e264be5acc79b0cf7b15eab463a013ba79e57bc3ee7bdffe562,d713bf2795892cef41f7ca15b480a19f637d1abb5b052902fb9eef211c1d9b45,1.4239,15508,66286
ENSG00000126775,capra_hircus,shuffled,2,a8705d2f77cc4cd41cc75a6d1e4d913bd0364df6bfac8f2cf3d3928f151203dc,2ca9dcabc0e146c27609018f126b3b965f8e3328a86b2cbdf9f4834de8577eea,1.1316,15573,66159
ENSG00000126775,cavia_porcellus,shuffled,2,bb1953e08a37fec13686e05a4ba5ebe6532fee0b397d3614e1ce1ce5ad83a767,84078ce8e024e94444533b82ad09a68c9a6587b7c6babb7bf7e4c5010869ab0d,0.4425,15189,66590
ENSG00000126775,delphinapterus_leucas,shuffled,2,96b5111d974a0f773c6ff124d4b06865de62754049d222497708d8a1e4b8c603,0183947eb2be6bff51b06628550dc080cda0ed0c43c424162c6f97970fab1318,0.0549,15619,66156
ENSG00000126775,heterocephalus_glaber_female,shuffled,2,dceeae41256add1dffe0d127df589558677a3360db4d1e44f63b4c2e8e4e4cd6,769e92d2f36799627aea15db406cf774012a352bbe823fba439865072888fd72,1.2905,15222,66480
ENSG00000126775,homo_sapiens,shuffled,2,62d04ed97eb850aeb9487254eee70d9677a85bd9b9ea1f03ae8d7b400cfb9d21,3539dddf487175062b6136c0ff6f052d4f39c93c38ed7ab92cfd55542993b944,0.3394,14130,68044
ENSG00000126775,loxodonta_africana,shuffled,2,d0f10f8596922411fdf001399a1df4f3d6154e4b43bcba76785b32d3fc634b09,5766c50065d8e64623d57826c6be84c9fc1d625c9f296e6eae482ebf7df23e34,0.7457,15554,66481
ENSG00000126775,macaca_fascicularis,shuffled,2,cd853e70fcdd134d1f874fdf0b56105a4265fe1f1fc33b3c07cb08b6346c4708,7e927ec30458c8e7022c79c6a68f0fc1c097ddd66e4a9d5ca8d30bb63360f920,1.001,14088,67817
ENSG00000126775,macaca_mulatta,shuffled,2,5c4f408da10ee6d8df3121cff3effddaaa97dd163f216a5573c4761e9722cf07,c5ee678520f878b7505b29a23600370b15866db8522a5eb131068ef5d2359183,0.1317,14291,67891
ENSG00000126775,macaca_nemestrina,shuffled,2,bc2e1c8910f4c222f5855e179be03e2041ba9111eea70c1878b8b23af9e473eb,c196488d797d14b0c1d59a481c6dd641054d2f088b482eec4cb6e6e2bac44051,1.1988,14302,67473
ENSG00000126775,microcebus_murinus,shuffled,2,27d3a585a5c059d3a9bb5fc36cc222a8c834209ee20e6c2e2195a2679a74d0f2,3f6f79732e41d22e31aafb1831de283a220ffafd92fead6ae13419a37aaf4327,0.3531,15021,66698
ENSG00000126775,monodelphis_domestica,shuffled,2,4210a674512844a67aa11929a9d3aad90e9abe279359361a43c35aacef098867,a23462c649841a61ce238ec8efebab457a1f1a1abb2614d57f4f0e5e78e4397b,0.071,15316,66918
ENSG00000126775,monodon_monoceros,shuffled,2,79f3d7534cd8dfdcd881736e0e742328e7718436f26bb522f619782eacb4d6eb,ac853accef1e4ffa8cad82e0b23c89a0e72dc6b5d749778a74efa5b355380b57,0.2334,15679,66126
ENSG00000126775,mus_musculus,shuffled,2,60a21320cf1dae594d8f8d50bf045747444d527dcdfc889d3ef27ddced7ca64f,23d6405e237d3a75c06af907d460dd4faeb782af97f10bc495b6a5bc972b4265,1.418,15202,66495
ENSG00000126775,myotis_lucifugus,shuffled,2,f176d096fb3e111fca9b02ea8a0b8f3578729f670aefa5bf9a9ed3f41670defa,cc8412af80d7ce9cebb61a5dacf2e4b06b4c8435c7987689ec4b2d079d9e5ebc,1.1053,15599,66384
ENSG00000126775,ornithorhynchus_anatinus,shuffled,2,0b5a6c2bc69970ec8785dae386a3d300e21c26f4d7e8a3c49059b2e24686d234,e2eb278a2d239365f1bcedceb1e351a1af001cf4f79ca5822c6ad49aee8e96b5,0.2417,17610,63725
ENSG00000126775,ovis_aries,shuffled,2,d7ab58b09d299fe399cb2711b4f81acdd6f583c82457c820107ad56f063c56c7,34d68cfec6d6b9439c0310ba3e4470a46be28ba1cc2adc32185761319f6bd5f5,0.8359,15545,66070
ENSG00000126775,pan_troglodytes,shuffled,2,27f8a319a659aca056d38423e5ae4dc068f6a1b49604f67e61558ae43ec351d7,55f3891a5025e6ec546eb6e6982429cec9ca1c03695a126225206ddd38b75a8e,0.48,14147,67995
ENSG00000126775,panthera_leo,shuffled,2,981863c00b84ff99a418991639a095cb8d9c00c80eec37200710c32f6e22bd1a,3e3ee88b7c47c9b1ea6e1d584673ebaed94f07a312f3b97eac39878758b4f87c,1.1001,15000,66826
ENSG00000126775,phascolarctos_cinereus,shuffled,2,eb2b326bcfd38f4990ee68803d97c73752211e13043c99d165cbe6ca16f52ff2,a496cebb79dd98ee81c7d1276db74e7c49cd7d42d26f192a47b6992146ff6c65,0.8752,15543,66384
ENSG00000126775,rattus_norvegicus,shuffled,2,6fd03f2cf8877e85dfaada24c2a3f5d2d10498350ae9bea656d1ba1fb76d1625,c6ed0b29184f4456561f94c33ee282e5328281456293d7a32496ca78cbe08988,0.7304,15307,66380
ENSG00000126775,rhinolophus_ferrumequinum,shuffled,2,606ee3be56301489581a5eaf3e3d28176ccfe43b74f7ba8a6cb444cc8cf9ce14,7a383dd1e2f5cbe8714821830c74e1d900c10fbe221508ff13c536ecce65321a,1.1689,15685,66184
ENSG00000126775,rhinopithecus_roxellana,shuffled,2,bb9d0f0bf3f3775451059d45946e0a956cd3e594c17eaae9980ca17a4a22b403,1278e9d2bda312f7bebc2ed0f8b803d910e359eaf2782ad89c86f6b314d9d243,0.3819,14055,67963
ENSG00000126775,sarcophilus_harrisii,shuffled,2,5c51bf4be161f31ce1521c0c9d6f967d192bf9a8c3dd6232e6b88709c6155abe,6820809c4c69f227dad56ed197a661d56a5264a64d734c3d9779bf2996836edf,0.1112,15249,66804
ENSG00000126775,sciurus_vulgaris,shuffled,2,cc00472fd13dfa3c6a4675889bc2377c9b5b129c3d9b75b671f7963808e48d78,7391321ce8c800995de505173e550c29dfced6adaa1f53c59f8ac7a1191c840d,0.3196,15496,66650
ENSG00000126775,sus_scrofa,shuffled,2,d5c6c0699f30f029a5f633768978e3f8fe838b2affd2ba59b01a288709676439,51ffa6798d39902cf92743aeb469f05f626d36f999f1a1b75e37f12f77610350,1.0259,14851,67029
ENSG00000126775,vombatus_ursinus,shuffled,2,a6586e46ecb6955bfcc28ae2fa62866362b6a637804cce0b8a2b742fb927858c,cc99ed8636f43c1158a1d2198739131d7e4196d70545bb7d927f5ec4fb23ad17,0.2087,15086,66692
ENSG00000126775,balaenoptera_musculus,shuffled,3,345e6b15812b96aecb6b945a8697c83ab5e3972e5763f24e4842c883df4ad59d,fbc922a8071fe0177a33a8a7183a3f272d5c5811173f77c6e966544bb79150a8,0.8052,15423,66274
ENSG00000126775,bos_grunniens,shuffled,3,d095971fbb30d7648e46e3685f0e2240739c35e5b7fef53d760943e07769b8bf,f482ea9a2211f8e68d84a093d0fcf50d77d15b279beb852ef581b12553e89a54,0.4867,15509,66015
ENSG00000126775,callithrix_jacchus,shuffled,3,9277b5b4b0136c8cf2bf154974cd4f2b27a7bd1c8440e5149976bec88e2e80d2,8b8dfa7df9156a591bfdf53a5e6c7571afb9c0a9a75ad6fa55672943c5c331c3,0.3427,13959,68006
ENSG00000126775,camelus_dromedarius,shuffled,3,6570a9e6482f82a87816fe801ab57cc4e9b34f238edddd26f9fbb89e78ff897b,1b0a4cc32899568e21bdbe33bf07bf7d1fb4cc965a2630be9ff532bd9c8b68c8,1.1158,15454,66419
ENSG00000126775,capra_hircus,shuffled,3,e90a8cf2a7f6e71d06df28e4f0008adf30a3ded765b60623d881d10a50443a0d,a7f3fc004601fa5537b59715284ea0ab226eb6854f12fabf27ce30dbf53f8dbe,0.6905,15573,66191
ENSG00000126775,cavia_porcellus,shuffled,3,b6a7786627ef0ffc994925dec2435fe21d4135cb1f388da58d403c1dd9cca140,f80d6defd14db51fc60d67df182eb4cad83da367a06e56de912b600192ec58e3,0.8582,15223,66508
ENSG00000126775,delphinapterus_leucas,shuffled,3,726b4575824e06be9e2be76352d45e102b5a1d30486312d126bde5cd058ae3c8,26e5ea27fbf1de46aaf53bcdb3f6bff9ce12660447226cb41c5280d20828311f,0.1162,15562,66146
ENSG00000126775,heterocephalus_glaber_female,shuffled,3,978fefbea4181ba94a428495164f672ee04f365c88e71f227713868e7ba75f21,fb981283c56520db88d4a4fd350201f86874bd73480f944fc44a8028fd205f08,0.7137,15316,66600
ENSG00000126775,homo_sapiens,shuffled,3,b14fd3f1eaaa78b02e918dfcebe8ecb03b28a2343485b71ad3e877f5327b8ef3,edfab7fbeb59f225007bd868afc2aaf68269139a97309a397f86abc334c91da7,0.1346,14108,68017
ENSG00000126775,loxodonta_africana,shuffled,3,8e5c1c1be019b07972869027433b18919b89af768e5c513b7798b738895037a8,dc8805dbd5bc8dab3d1d563efca4785f63460807f213a1732c4c313b5bea6505,0.2869,15449,66445
ENSG00000126775,macaca_fascicularis,shuffled,3,c95b8b4320eda52dff77d3bfa9a1e55273a27c8cc4839ac69a569ff792164d50,41ce0a479491cbdf25d77c359060a2e1974846ae801e3132f3bea515508f7978,0.7053,14156,67806
ENSG00000126775,macaca_mulatta,shuffled,3,60ef5ace41a1510d8822893c852af31ffa4b94890b17d968e809f45a49757510,be1530b74502de7f62b86c0713ccb5d5a84d8d23e3a9144ef8b2d0f60016f268,0.1215,14225,67843
ENSG00000126775,macaca_nemestrina,shuffled,3,c887d78b309ef05b975a73170317cad582d2a07ba65834c9cf95b5eaed735804,97299d7e10a1e40b3740837da3ac1caa18432c146230ce5090472e0572e7d41f,0.366,14294,67443
ENSG00000126775,microcebus_murinus,shuffled,3,0606229e418556707922d5bf602c1faa1ef18a066d169f27d18113a6bb66a83f,8cfad87f4fcfe0c753be192d7000f8dd5d26e9f6b18435b80a594499bc8e39dc,0.4314,15075,66698
ENSG00000126775,monodelphis_domestica,shuffled,3,fae664d99822361f9ff6fa98bac05c54ef597d38d63abbe6ae90b4fe2e2cde1c,c375076111e263781e9cfb84389804d16f8cd8ca151e93eb35b007b42d446da9,0.0358,15260,66861
ENSG00000126775,monodon_monoceros,shuffled,3,3f78086d758e6221aaab5721d4d4f8b318c80bcb6bda88c4570489c9e7d7f5a3,a09c06d3123b5cd2befd178f2433c2b7ee17c2d494ee887309268d48bdbaa9f0,0.3196,15739,66205
ENSG00000126775,mus_musculus,shuffled,3,3606add8dcf4948ce2dfb953b8eabf08fe29cae005a861147f65b23f47dec5a6,33b0ed27f0591e873b58f81dd4074b195e0b4e2faf08cb8b4af543b1ab6007d1,1.0035,15236,66430
ENSG00000126775,myotis_lucifugus,shuffled,3,0baca67a616525ff394bff5ba321bd5040d8692a4b8272a435e1bd0c635986e6,92463d802562c36beafc1334f30bb07682d78a33352258b119af8499bff689b2,0.7246,15627,66374
ENSG00000126775,ornithorhynchus_anatinus,shuffled,3,7370bf81cf0257335b1f8d977405e6951e59bb55bdc1f029f36a75049bbcf52e,a9f5230273346c8e0b9764c1cf6c04f386cbcf22ae1d17a6ad7aeeb7820fb35c,0.3721,17610,63647
ENSG00000126775,ovis_aries,shuffled,3,4fa343d182c34f8f705956c87a90b3c1a89d74f87f665c77d1347ac7984d55f9,fbca62473bb11199958da9f9f9bffbc0d24bf29c8417ae5fcd253533bbbf1d83,0.5963,15575,66064
ENSG00000126775,pan_troglodytes,shuffled,3,6959cf507a604c1732ecccf9241d8f5a1407f704d51b89cfa7b2ce5923223e44,4ddc6d349ff196134cf949cd981a4213876d7d4d344e1cf89dafaac2ed0adaf3,0.4328,14195,68018
ENSG00000126775,panthera_leo,shuffled,3,e757be0cb84168efef48036eb374818338c347e6f78a0fab0678c39a41650021,7fe37eba85ffa6c0d4a323a576f4f9766c096d7f7cbb21ebd80318a65c5eea62,0.7,15033,66848
ENSG00000126775,phascolarctos_cinereus,shuffled,3,706afc6ce2d4b984138c65834cf9f8b17f6d5d36c144e19f2059cda4de45b0f9,fdb702d60220f47c5810b0925ce620d7d012d7be6ab61a653f3adef75a2e6f82,0.8854,15560,66331
ENSG00000126775,rattus_norvegicus,shuffled,3,99bf89d03d4142593a50f148b7ae1b0c5f29c7276de687b4cef78d77c8f1f33f,75cd74f8ce45136381a5d411fde10cac97b850fd2dfcb150cfd1f2d2608fafe7,1.6569,15217,66436
ENSG00000126775,rhinolophus_ferrumequinum,shuffled,3,a3003c469b1e34773cb6e4e637879fb4e6ff9c98a6badd0e621937563f2fad77,ae7c1abdf902a89270d776c601f4610ef6aa65ae2fbc287047d4c4a6c8282a0f,0.9356,15652,66178
ENSG00000126775,rhinopithecus_roxellana,shuffled,3,647714b84824a8b0d19c0184b8f247b478f254241e2eecbfad8c7790a6f69dac,edebdcdb7ee68816936f20e19ad3fb11e1badcd62ee2776d91ae0e095232b56d,1.1053,14118,67971
ENSG00000126775,sarcophilus_harrisii,shuffled,3,d0366fb8b9ad3bd7b3156879fe3779adfdefee6acc209ffaf533bcedd3e677e5,a1df05066625cad9fa7f1cd569c5dfd9f8f40aeaf688ea65d730e818dac3e347,0.0889,15269,66772
ENSG00000126775,sciurus_vulgaris,shuffled,3,0566f97958bd64144f259996537b377f6274fcc51835b7865566d60d34571566,40b87e603a6851b36377c26420e8e93f0c16c57df95a4a431c6755bef4f5e8bb,0.5683,15470,66750
ENSG00000126775,sus_scrofa,shuffled,3,67152fd30fee2c05d2233ef9a67b968c9447be64141a01e7ed295f23723cc0a4,ff9b457b7fe331dc5b671c80eea2e9039dccca95e026c021302c6f405d34d16c,0.642,14844,67004
ENSG00000126775,vombatus_ursinus,shuffled,3,972e65eb12b097a8d4e9ca0d2e6cf6282a947565491a6de621d0459e358563cc,a77bd031ee3331002808be12e24fde0a509eb1863f1ed08a0718ffafd354a393,0.4815,15102,66626
ENSG00000126775,balaenoptera_musculus,shuffled,4,f17e0458598cbf294152ec30d8f10685922333effc0228a30153263273d14e98,63aaa98cee9e5ee6bc813fda16dd0b01e98eaf1e881a4d4d69ce7cdda07f06d7,0.8717,15360,66233
ENSG00000126775,bos_grunniens,shuffled,4,a85550d0670a7c5d13759ce685ddfcd304b985688a600ecfd2acd17216f2a77e,d0cde0a97ca64443a74e92fcc44623a9c2becb84403f510a1cbcf23502ecf32d,0.2948,15509,66046
ENSG00000126775,callithrix_jacchus,shuffled,4,2544a90cf2d9611d91a8c93d67362ef3768bb36076ddc5c78e7e30008c197827,69faa24374e199a6edf22416fd49d7fd54a64aa64c372df38b1f7bc95127ef00,0.5777,14023,68066
ENSG00000126775,camelus_dromedarius,shuffled,4,00993ef538768d4ca29535528430758a78aeb5b5ebd378fc903cbad6e122565b,6f38e9c75b1924dc8c810f04572ef3e2441b04737391cc0172a744e90cdf35d5,0.3228,15442,66358
ENSG00000126775,capra_hircus,shuffled,4,969b71de3596192a7c3acc30d5e069f1b55279cd0bdb7e0a54f9d8b2074640e5,f81b3c543c32315f2e34bfca99d3d7720e5e8ec409f58832af21fe064fa51aa3,1.0184,15614,66122
ENSG00000126775,cavia_porcellus,shuffled,4,ac0448af78a22a39414cd2b69dd2e19e4141dc941b639bb92cf271ad5369753d,ba1eb9068bd112baccf1dcc62a7675b4b195ca0e95287f1642ae0cf0eb115498,0.3709,15189,66611
ENSG00000126775,delphinapterus_leucas,shuffled,4,c1351a374ebe5bc876c097cb83e19580ab3143f3ec3c6ecb21e706c5cced2bd5,be99abc3b883f9e85d540fab7ec074cfdd340ebfe11483a40d8ef60e37c91c23,0.7542,15607,66128
ENSG00000126775,heterocephalus_glaber_female,shuffled,4,395da73cf4aa89534b0bef40f5ce199c0907547580928473db9b1a35abdc942f,1bdc6ed217d8a518c7a5f29d375619d3e7cdc6325105922555390b3bf377fecf,0.336,15364,66550
ENSG00000126775,homo_sapiens,shuffled,4,ab8feae6a9d90e7e31b1c26e916a48f3b54ffe8677f6a62050777ee43301d95d,6ef99989836c2f2aad81fe52e4bea4b8cac6b41fee870428fb6ffd9fb4ec6ac2,0.7988,14130,68070
ENSG00000126775,loxodonta_africana,shuffled,4,f07e9472d479b051190cec1559c9cdb330e8360968e21679887de5e75c2635c8,be8d49c599f9b203e1e073cb6a05c2e8ee52dcff4e55409dfdf094d0140e2b23,0.1944,15582,66486
ENSG00000126775,macaca_fascicularis,shuffled,4,b56971f96efaab9d4a15a6b4e9831c0da939f3e10003db8c36ed1ef7ecfd2de4,91f02c3056f2a952eace3012e6e91eb7d4f27f79f370482e485feb9808fd4939,0.4034,14156,67855
ENSG00000126775,macaca_mulatta,shuffled,4,c3b45ad291873644247e41e7b94413d27b6101259ecf53266c2ed5b16c010d63,458097801c0bfa822abdf67a10c8f5af284bce7139583634aeea77c8023a81fe,0.4287,14321,67873
ENSG00000126775,macaca_nemestrina,shuffled,4,a057c711eaf81efa1a54c78f7f31973b11948aa90f680fc5848e2ff643f283f9,82dddd5c7674732b4884894455de7a8bc83ab0e2cb2f9babd81d4470dbb49b17,1.3651,14335,67443
ENSG00000126775,microcebus_murinus,shuffled,4,5c0fbe25665b3448df3f15438bcd43fc60ff14445c554052ba91a146f9382951,aded5e3516da92579841931e9c68dd019b0014797f80529e9bf1d033636fba85,0.285,15050,66728
ENSG00000126775,monodelphis_domestica,shuffled,4,d050178e52a2c3ab776f392670d7e31c907a360c19c6e21e08edef2777038901,a8163096ca8b26b1180969bb591ef7db90ce9a147d443b25ea616dc08773733a,0.1279,15363,66892
ENSG00000126775,monodon_monoceros,shuffled,4,117258b89d9a2c687ba4f133997b697cd5c45f1427f9a80d00f34066a910d5d7,e0dbc00aaa0a04b38b05a7b125d82b1960cc165ccbc0d74be1a648d33bdc1d77,0.1673,15704,66147
ENSG00000126775,mus_musculus,shuffled,4,8ff621b55e0feb69047fcc2fb46f1e033ecdce2b32016401cfaa491f0318df6d,bc833a99b1dcaf9203d1e784f814155187555a7c5015e38d9a5ff31fe98f2125,1.1053,15155,66424
ENSG00000126775,myotis_lucifugus,shuffled,4,e0398bf553980742e3744329b382fccf2f861feb5651dddacc4b5053a80cbcc9,4dafe5c7687c9b3412d42071b696bebddf2ed0729e3f58afcb6212e9e936df6e,0.6775,15661,66327
ENSG00000126775,ornithorhynchus_anatinus,shuffled,4,17c29ccb6b7bb051bb6d977cd9055978b5fe3cfd9c9de183116f80c28418b7f2,c108a632cbe4feca070ceb8d084ed28a4cbd995c746c031992e13faeeac97f04,0.2755,17634,63680
ENSG00000126775,ovis_aries,shuffled,4,1cbe368a20be5ac5289b4723ae84c49eb9528d64fe013d460b47349a79c87cf8,5faebbd0a49765109b3d316965d3e5926b40587ac1cbc76b1c2705e80f8cef62,1.1448,15600,66107
ENSG00000126775,pan_troglodytes,shuffled,4,17e4852eb977c94baa8640fc41cc46010f61d1cbec1ecc907e37f62d524e8b81,6809c0348085fbb6f1983b30ac50b9486cea9c327bdde9bec887531a3c03cdb4,0.4087,14143,68075
ENSG00000126775,panthera_leo,shuffled,4,01a58079a337bac8aa5a9be8feeae901f8fa901258d0fef1785b0a487d879014,3bee1b392707710638b28956284db4c96f6f779e99c07b44969f10bbe6d91089,0.4726,15104,66836
ENSG00000126775,phascolarctos_cinereus,shuffled,4,4a6f802bbdd9e5f2eaed66e77d50aa7adb8ecce70334cdfcf0b4866fe94130ce,b81280dcd45d30b5e6ea461f64ec91896937c46ac5c8fbf41236852a5e78fd09,0.1614,15543,66336
ENSG00000126775,rattus_norvegicus,shuffled,4,f5d509b3387b23cc2a810069be696f90bc5fcea48cedcf3fda797579c816e663,91991eb4b840ef4e9c29836de4ddbbd11e11d519846fc89e5400b69ece2ec0af,1.3362,15301,66380
ENSG00000126775,rhinolophus_ferrumequinum,shuffled,4,f39c7e68e96b99c83944d82c4e42ae001c0fa507a8510d66629d213ef5e34582,15faba7a9f6dce7d30827fe0ceb97c63cff49ee171a5204d3fd2c5160ffa1e5d,0.8031,15732,66274
ENSG00000126775,rhinopithecus_roxellana,shuffled,4,c984149b69053883be6c157d61e1f91ecec6a9eb6d4472a18a2d612896d1503a,e11e3be7b052fe2a4efd86d606d7d49cbdd5b0e00aa24efb1be4fb5ad9b2736c,0.8058,14118,67996
ENSG00000126775,sarcophilus_harrisii,shuffled,4,f14f9eb3e3633061b219c4b2c893d7fc8e669e275b63aada4997e9faa53ba4ee,38b72ad141f0c18cf3ab747b41634011e37d58567d5add0fae9efb8ab5484bb4,0.268,15232,66787
ENSG00000126775,sciurus_vulgaris,shuffled,4,cdc398c157397e2b6f4e05731ce170c2ede17ed5c6df485810b8111abf6b9fb4,c6f5db321c0b13c9632f0726a4356c7ff9e6d2d2585c7d8472a210df5b38b375,0.4509,15449,66645
ENSG00000126775,sus_scrofa,shuffled,4,3e8269d946fe299689f0ee89f11fe78065bb5ea2f53bc9255cb59108e4da5b30,5ab83bc676a3a310f12da5ea32f3911bb733c490d21397f7259f4a5267652f61,2.3079,14830,67029
ENSG00000126775,vombatus_ursinus,shuffled,4,56fa080f0e31dcbdae83a7956affdb3c381dc218e191772e175ad5cf30d856e0,aee32bca1ae79a4e65ad95c0c7d85fa432f9da6373f7a2e5b6242c9dbbfd7e15,0.3496,15150,66649
ENSG00000126775,balaenoptera_musculus,shuffled,5,02914048d69e26a7a170620cb887aa0583a66cc546fc1c0c530609d19f10e805,dc698576ddf224bc2c97369c6971154a934e37bb8eea6e9880a666e0f719fb49,0.6875,15388,66254
ENSG00000126775,bos_grunniens,shuffled,5,44c7ddb2d8f31abb47a7e793f09ec4669d1358ec02cb56181d6fa10eb653d41e,f337fa8c5fd45115b8da55af7d0abc9fb0b3b2b26113835f2f4958905e753ed1,0.171,15480,66040
ENSG00000126775,callithrix_jacchus,shuffled,5,872a1fb52f9180102e4caf83c4d8d9e88b7d587086d4d9fecb74f4ba4a8fc49b,75e4ab3d60b167d70c30847346ab1d4d783489b5ebfe9a6750abc83b0b44a9c2,0.3462,14042,67978
ENSG00000126775,camelus_dromedarius,shuffled,5,a330023013f9bc4055ac02d53322b723106ab9e33387b93ee3b0a95e73bc8bf1,2ccfd211c1aed93aa4b70c5512da14868fc553a5391c8ad16061b5a89ebbf4b1,0.3672,15435,66324
ENSG00000126775,capra_hircus,shuffled,5,e5b9fb2841df37b78ce82f8e9829c22d138473a8f32413df017e3cc0b71b201d,22e08762dc72efcc9dffdec2ebc1a05bc1bec993afbb97ba0e6fe44d0ee5cbf3,0.5549,15594,66197
ENSG00000126775,cavia_porcellus,shuffled,5,009bd1c90ff8656ade8c5ae9a1888b95171dff034ce268d79c35c3d49edef4bc,37fdb69115e381527f16b82cd03d49bd56c6e5618e57ea64a967f05165b2b0da,0.8947,15143,66575
ENSG00000126775,delphinapterus_leucas,shuffled,5,9b517ef66a99d756b74f485c84b1d57e46d57a7fdf424b96b802847034db6441,3e904d5ce2f289a0bba9edd5d113ade5f52558a98f5351cfa6f453c4c304528d,0.2057,15666,66116
ENSG00000126775,heterocephalus_glaber_female,shuffled,5,746819ce591221ab1abde46bfb65393926b72d9635b073152d92dcd25e151e05,10d3f6a9646f341f9bd52f5bfa326d1a2d9cbcf4d3c428c2b548a55e24ac808f,0.5303,15279,66516
ENSG00000126775,homo_sapiens,shuffled,5,3cf4a93ec17e2908a83a61ba068b7bc85381b5562081c57e9f0d0aa33536d86c,772b7a289aa3e70bd0776091e5341c84517a0dea5ecf3b5745d8a1fe7ddc4af6,0.5798,14041,68085
ENSG00000126775,loxodonta_africana,shuffled,5,0725c14f0f54003a45f3cd00f40ca813dec6c8e46f7372680c440b01e622533d,e80569ff30e858355364486521b067a48dacb7dc8cb33ceeab983078f9e9ad9f,0.2831,15428,66456
ENSG00000126775,macaca_fascicularis,shuffled,5,0bc300065537828bc2710c1382be64103d9dffaa8a56e5b7b13c5df8bb818518,960e2f20c5f1d9953fcd1f47fa4066f3952f77f4a1bc723ea0ed47da4d3dfd5a,0.6029,14088,67817
ENSG00000126775,macaca_mulatta,shuffled,5,44ef8fc4496450a056d62dc0187bf1c484350cf40a1da7d014e00f2503fb8780,1e1a7396b56348db5bfd6358ab736dfe464366551913053948d2394b1e8f4c1c,0.5507,14273,67931
ENSG00000126775,macaca_nemestrina,shuffled,5,3fef5baf5ef8de6796936761f0d7216a81b8d2a498cd7ea0cecb6fb648c3daf5,27f26c58f1b17e3ccc69e9f1feb88c28dcfac086918f6389262a688eb5c6c324,0.4624,14375,67455
ENSG00000126775,microcebus_murinus,shuffled,5,a17e20602b90af23bf7c5b000ced960ae392f0c0655382bcc31c970c4adcbc01,477ae596026cfe4ea50030497f2c64a1b4f98eac032062be51dee703ecd24151,0.4047,14996,66712
ENSG00000126775,monodelphis_domestica,shuffled,5,52ea2b8c225571e2ee0ee1033f1689507b995d74202ba282bf7d98c071730a25,55ac0ed4789c2e329dc0f31cc92b116a5244c3f799e58b1608050803b8a60cc9,0.0583,15344,66740
ENSG00000126775,monodon_monoceros,shuffled,5,7226db4182ce86212fbc365d56f4c461d29bce341468f4b332d3160e00c47215,ed2817c8f712badc8da8580f778e1b2092fe2c837c3d70d6358e08461bed8187,0.7649,15687,66230
ENSG00000126775,mus_musculus,shuffled,5,58e85abfa88623d99902886286cdc46691d665ed619da24c4a0f8298aa092c34,55aad41e1288cca1991edd7cfce789a73c1ede8e66af2ea068205753c698e945,1.0085,15206,66436
ENSG00000126775,myotis_lucifugus,shuffled,5,354dbe4baa9871af8d254efd727b075e2536abc33e964095920160bf6eccabd2,ae51c5a0d182a4feb8b53667b17dde5cfeb0a30e7ce2bdd0f7f819cf79ab43c8,0.5557,15684,66356
ENSG00000126775,ornithorhynchus_anatinus,shuffled,5,608692f2310c8a31f8ae3b3d57e014b5d183ee247aaaa164bffdf261055266a3,76933523a423f52533ec69c1a2f45e7c5e67c9ca8a869160936a43c3dfbcfc41,0.1944,17624,63663
ENSG00000126775,ovis_aries,shuffled,5,9910c626605ea795c73147dfb5aecda2187134fec67af8ab4eb647b345ab2b38,8eebae0fe627772c0a7d827587a93e60953430d321a69a1bba17aa9beb66d2f7,1.7142,15567,66083
ENSG00000126775,pan_troglodytes,shuffled,5,3da17e245dc985074f0c7aca9ed513f338dcbf143a6e357d81dd2eb3bfe79f64,9f5d1124110dcb9345490667b2c2f3b9c42328afdd2c4ed56dba983dbe939c7d,0.6483,14179,67962
ENSG00000126775,panthera_leo,shuffled,5,0849ab34831db3c82261328e52a9cdd77f5cc2da6d1aa14b1b85a656a6220e7a,1a1e7eb3a653489d64fa0cba49be5384118090cf31ca537ab1f9172a73db96ee,0.2608,15026,66761
ENSG00000126775,phascolarctos_cinereus,shuffled,5,73525c8a94cce698b61f3972280b653c0bf21416388526d1a5bf0b8aad8bb888,7c6f91e69864dbe739427f3fe2685dbe2438c5ef4c7790d826615037d8f3bb91,0.2417,15607,66380
ENSG00000126775,rattus_norvegicus,shuffled,5,d15e8396a9c42435712c4f8e2a7b8ffc14baf5fce7ab79fb425bb1aef8a801da,edd562b0062a16fec69ba5581afc03b0eb0eb8c93b997b635fe0eb3f31f5d664,0.9262,15325,66386
ENSG00000126775,rhinolophus_ferrumequinum,shuffled,5,5346fc6255e48c3e2fe1020f2a1fd61874230620290bbebc36a3f61ebc1d972d,688d4648d21c6cea041dc78dda0f9990ca9ed09cc66da42d3c7e7621a183ad34,0.9179,15665,66259
ENSG00000126775,rhinopithecus_roxellana,shuffled,5,06679d4a089b8a464e4b64c0db6b177bd1e01ed9a5fb5a0e7e790990d9a21636,16a790d8aa09382c64c49e8c7ec628834cf1225dec0958cb7093a2c0ac9c6456,1.7722,14069,68023
ENSG00000126775,sarcophilus_harrisii,shuffled,5,22b6d746d6b26be31bc8c29008031b6482f3d81efcdc1b3063baa22c0af46b5c,535f9132c97ee0f27dccdd6e048acb725462c39867a9f0c5708b8c5da1bcf744,0.3637,15249,66753
ENSG00000126775,sciurus_vulgaris,shuffled,5,49495cd06703b5bdd366612616603a7569c4abff78a37aa0b002c6a71a47b102,4ca7960e36d125f09cb16887a3aff363d775dc74def685acde5b4e174d859267,0.1048,15425,66695
ENSG00000126775,sus_scrofa,shuffled,5,7d542dfbc593bd58fbf6b54f1be31552458fe782fd9d68cb446397fd55280aae,0c0fd2de81ddd8345fa7fecdf875480900ad979477a3856b86cd5aad14f66739,0.4726,14844,67036
ENSG00000126775,vombatus_ursinus,shuffled,5,e406cc2587e120fdb045d479684a5c8034e427127ccf6c9a9de785e77421ff18,9d9578c01f92183416bd6512e7407c95847ead85187947d215f59a6202c6c02e,0.7393,15128,66598
ENSG00000126775,balaenoptera_musculus,shuffled,6,69abb55505fcabc27613c2f5b6f4b2b7c5aa87265bbd7cf75ffc86cee5316e7d,284b20bdbaa438354d83716d94f18492bb136ea0e8177842aa27d1e73d93c96f,0.8009,15383,66192
ENSG00000126775,bos_grunniens,shuffled,6,d35be7254bfb36c68cf59d0bd862c291e0971479609f70ac25b972d5c2f56c74,fe7bb8794ea686da5c460cf8bdce7ddb10090121ab684bebbe5d54cda6cd0212,0.6758,15557,66022
ENSG00000126775,callithrix_jacchus,shuffled,6,aa4ec078a44fbcb1a10749b1bbaf78880a7831ac3879d3d40463473568dfec4b,86f6cf3dcf421f82a2a852f57df811a169cbf2b106981d61f153bb3a0ca18046,0.2717,13940,68051
ENSG00000126775,camelus_dromedarius,shuffled,6,f10e6b697cb118e535629d2e0029bf0b78a879b26faa85ca0b7d2998f9ad9765,272673e3bbe629b74f8bd7d20276f6c1102f20a61c58eb47a0385cdc64a2f8b6,1.1689,15426,66386
ENSG00000126775,capra_hircus,shuffled,6,6d53a12b52d882183eddd6f3cd848889dbd0bd2a40f5e2e1dad079a4e8803b38,01e5f0870cfe65a454d565c53184288fab522405e520397c98b053842800e63b,1.957,15635,66182
ENSG00000126775,cavia_porcellus,shuffled,6,f0c3ceef943adf100e675bc376347a09c611ed9eca0c81fdda35c2082a9b43fa,bb7c3953401d95de75cbff6aa3b0c3e06a0052f7c4b4491d53c0354b155a904d,0.5734,15236,66596
ENSG00000126775,delphinapterus_leucas,shuffled,6,b1c3a9d6e0edeaebb557a116565fc480ec24c452b6af7f802ce048c25f8f491a,3fb59c659cbe4830e0184786220f16d47f77ebe7e4f545e63bcc0ee8b46b98a0,0.1197,15607,66096
ENSG00000126775,heterocephalus_glaber_female,shuffled,6,3cade2421d7bfd43c9d8994fac535e11e47b0dab496b37a09c06a4eb52f1f6fd,f98d27647560a8a606cb024bdc8cbdf80070e6c1a1bf5d4cb73aa59ded3413ce,0.7586,15244,66526
ENSG00000126775,homo_sapiens,shuffled,6,b4777c0122cfc667ab57424ea527b007129af15c2b5398769c706e40e9439d90,dfe6693c8ebefb1bf1181d154273f7020a99e38bf23d580992eb77fbe9b63eb0,0.8314,14041,68136
ENSG00000126775,loxodonta_africana,shuffled,6,5d732106fe67a1f6895a76dda1c62644b127267cb95207394ff5ec445e4cc550,54567de6cd0f4251c2449781fa109e3b8276cadc4c28a4b3c7203255f8e5cbe7,0.4397,15542,66481
ENSG00000126775,macaca_fascicularis,shuffled,6,8a50c420c09f2fbb768a87d4741e60abe4230ca1e2a9a371f316a8859dafb48b,0cd9456f79b8c69c268c37bce1c68155a3de76b4882e653ac0e2745d63475d6d,0.8649,14119,67811
ENSG00000126775,macaca_mulatta,shuffled,6,ac6980c3496d5ae02667a620d143a00cd632d6d5fe145eec533a146924f81039,e6d36310b5cef2cb62dd715dacdbe7c74355c98e181776d349718e43aebfadfe,0.2087,14273,67779
ENSG00000126775,macaca_nemestrina,shuffled,6,6423ba8f94e1a2c452b65b9ff6ce03820289dd3673902e8223d6bb3911e7d978,84245cf94357adbdbd474f234dd22fcbc9f51d30da29c1904d2062cd3704aea5,0.2519,14323,67473
ENSG00000126775,microcebus_murinus,shuffled,6,b181de9abf987d90326b48c970c0f43cf5a3eefc5d00a82625603ffa6341fa33,9d8fea5f35ac0f6973b55ef200ba92181c90760244e31382bd34973cc5a118c3,0.3566,15050,66758
ENSG00000126775,monodelphis_domestica,shuffled,6,6c87045250a3e4e52103c9dd103ff3f37cc8649e81e64b7bd34996438da9e5a6,2fce51a0bc3320ca5f752ecfbd0221b08571a8dafa369c1b0810d196d38fc205,0.1614,15289,66842
ENSG00000126775,monodon_monoceros,shuffled,6,3d75550c24ca993cec8d952985181aada36ae3828208e5d4741140b15d8be1b2,e7d1b52ec451eb39989fb114b0fc09615f6f1dd11461f4bdabddef74b9064919,0.1251,15646,66219
ENSG00000126775,mus_musculus,shuffled,6,27969482f2f29261040861f2365e529031c8ea8c361df70ece9ba4e1443f5449,8f745f4e64c379028cc4913abb279c7038eec2ad51f88e454933d19c153ea89f,0.9132,15219,66419
ENSG00000126775,myotis_lucifugus,shuffled,6,e52e3f9ab738070f37dcea77ca29c6c9ff0d0d4e78958f8767734964ac975b02,4a085f5995e0510512f133d28f7647234b2337b18ab6573926bf9eeab4e8dd37,0.9571,15627,66320
ENSG00000126775,ornithorhynchus_anatinus,shuffled,6,72528daf131e829b0bb5e9c6e95f251207d50e55d33d0330faf4c6206dab1c4f,5bb72900fffac836febd960bb2a8a1dc5fc41d9621380dde91394e82a2f4774a,0.2238,17668,63685
ENSG00000126775,ovis_aries,shuffled,6,394c3129096005592e1f651dbea64063966844a9b50f2b67fb486bb21d2e17e6,ba04704e83ba2af4828c33621d2c14b93afe46c34c675b81413db852694a043b,1.3362,15541,66014
ENSG00000126775,pan_troglodytes,shuffled,6,7e3369f5062e826eeb0a6ce9f07a612bc5519a4f80e4a9767a132188ec98100f,09016a35c3c84600974120372cb3f3251197355f6f9b8cbda4dbe40c1164b244,0.3519,14122,68066
ENSG00000126775,panthera_leo,shuffled,6,f155983a1bfb1c13e0344e96ff8dde145fc15b2092766a1c23b6a2f9c75a3895,ff959b50285eb5c2bad741d515f5c5f5a3014b4a065f0d5b5e295d23036db363,0.1697,15007,66818
ENSG00000126775,phascolarctos_cinereus,shuffled,6,107838161f1bd7748ec34108afb579ec4199076f1209044304d83261efffbae0,b97d0307013f98c097fca2d0636abab6845ab030387c15d10b114280586c9eff,0.3091,15524,66411
ENSG00000126775,rattus_norvegicus,shuffled,6,44c97740ab12daa370137f8ba9a0063e0b3b1d2af58d9ba2ef2481870c530350,57d3edd5cc19d53b4c0bbc19134a2f77b5b39e63515c14e08f3f057f983ab555,1.5263,15241,66248
ENSG00000126775,rhinolophus_ferrumequinum,shuffled,6,fa8c308199239a1e987903e0e0704b3ad8add9fbc68ee72a2dc2df3ecc9476ac,49fbce84be170f06a938a591defb003b4a47267ea0559caea9203da18c9ba23f,0.6793,15757,66178
ENSG00000126775,rhinopithecus_roxellana,shuffled,6,58cbdd57f21d32714b9f5c7782892f65d48f2b83938a9461e50ee309c0ceee5d,ccb6c31b3dbda8f20e3d0309ff7450e9cc04f4a010c0be9934885555355f5e17,0.2177,14055,67984
ENSG00000126775,sarcophilus_harrisii,shuffled,6,06ab852d8ec28b471e0f64d35b5e0f1e2a9f406211b7e3e45acd5e0aa4542336,8c9d7376ca666125115264a3ce38c0487bd071a515ab17dc75b4a4bb65a73619,0.4552,15217,66757
ENSG00000126775,sciurus_vulgaris,shuffled,6,5dab9b670ade71fccbee3289ab6fee9e04e546616fa98f417f977df6954474b0,619abb5c752726b504274e7c56945a86552a9c96695e6cf374f03d57f1ab4899,0.1972,15444,66633
ENSG00000126775,sus_scrofa,shuffled,6,1c94fc8434d110ea78fa0e7b49832b57b86aee872d20b343d3f72a694a07833e,1a0e3fff61b20585c42de70b5bb6020e5df0fb5bc4bcab9504619fbb20261480,0.3405,14839,66938
ENSG00000126775,vombatus_ursinus,shuffled,6,e0f486fa1b2e02d857769b477d5af7d834486e422b728ec58c99bd8fc3ce5e5e,fe6e7322c6c914362b0c17aeb432331a024256d3ae9837c97be77e8b775b7614,0.9608,15086,66712
ENSG00000126775,balaenoptera_musculus,shuffled,7,bf601fff4ab66b7be1b2b08768a960e24aea50fcbd8b61f106f21b67ccb49559,57a3b13c72dbd04f8c8a1fa1c5e6d2563d7a0f80eaeaad57b3b5e0df9f49ba3f,0.2101,15365,66268
ENSG00000126775,bos_grunniens,shuffled,7,53b8365f15cb1038d2033e7b10287342e7316993e9f5f68c3df038260d3b2743,d7eca97326655aa707e81968522dfd705040c5460e486995850bc3288558dd69,0.6253,15557,66046
ENSG00000126775,callithrix_jacchus,shuffled,7,0e86492ab890254d37caaaaf8cf49c90c6560cecb1968b0fd7a464e4a971c6c4,7c80d2455b06e5bb98ea9131c34023ee93b7c2aae61c2c650d4e4966fb143f27,0.305,13973,68051
ENSG00000126775,camelus_dromedarius,shuffled,7,cfa2ea229782cf76cc06f6c965301b055d7445653724ee26b76331a1d044f894,43a4d1a3da385d492e60fa3055c1f7ddb3b3d235b1f3a875a0fc5848faeeb7e9,1.0923,15463,66345
ENSG00000126775,capra_hircus,shuffled,7,97a25c17d932edeefd0bac23f1556b735d011ab4b502cec540867c6dc7195dbd,af4b5784e8c20565fa34ef21ae38d5c5a9470e0c235e6ac4d69ef3c18207f814,0.5184,15582,66102
ENSG00000126775,cavia_porcellus,shuffled,7,80383cee296b9766b7feae7816074b92141fbd420d6182c5bd6fc3b7ecdfa569,70e5b9ebc828411b8494b3791e1e5522f5caf8ad541f79ea34dbd20cb68b92c7,0.1797,15157,66602
ENSG00000126775,delphinapterus_leucas,shuffled,7,8ba38ef06c752f69e2998bf0704bc56bb1b8070866f14f20aa646a058cadfeba,6708254081c9eac98edb89198fbb5c20000272a84f9e440997b767e92c511818,0.1512,15611,66152
ENSG00000126775,heterocephalus_glaber_female,shuffled,7,e0ac6738eea9108e14121693997c2113e46a8e3f1752b05ff10a9fc73c6bc3e8,82839a0ea0a5f03cb72f1bb9e9ca0e316176a36fbac0b6bd39602fc44eaeefa2,0.8085,15306,66492
ENSG00000126775,homo_sapiens,shuffled,7,bc111c4a8fd23f3bc96ab0226b112fb0aece21b3b1fea3e1a8dd83f77beb0a3e,fb64cac10cb19676bea36ba13fb8a65995a07327c38c72d043fa2dfa5b43516c,0.4301,14108,68057
ENSG00000126775,loxodonta_africana,shuffled,7,254ff33a68566b7ca11a62bcd9608bde21725431f1236cc7fb2a0cff2291b482,45166e3d0beccda72325291b5d4cc7e57d3054fb2387c3cd5d12929f9cdec074,0.559,15494,66558
ENSG00000126775,macaca_fascicularis,shuffled,7,3dcebcc30061842193483b13fd9fe97a81acd7d26e9ff37094acc831bc86430e,9acf16b8c8da337045b384f517bf4483418e5533b2936c97a8d33a4acccdbd57,0.5482,14156,67922
ENSG00000126775,macaca_mulatta,shuffled,7,67e9c789f78dae925ab29b8419494d59acafb9af6aa5771aa14241cc45d6357c,f091e982c67f1a6335f914f32b8a6c95ac8be8990a41bdd9aad5c4ad75b35bfb,0.4682,14286,67887
ENSG00000126775,macaca_nemestrina,shuffled,7,1dd76a714b31459636421fe33cffc348da2e1c550c3aa72279d1768357c763a0,68f14008e7ddcd86b78ebe85eb14de9107ef54b77a7b28e1e2823d7fdd7a3a7d,0.7876,14313,67409
ENSG00000126775,microcebus_murinus,shuffled,7,cba1b651d256dfd1edd88beff88408688a424613673e5aa0ab2b35bf72c839a2,cbf17fe0749f4f130712af122a3def59aa1a87793e8b0d82faa18cc76c13c6f2,0.8425,15057,66650
ENSG00000126775,monodelphis_domestica,shuffled,7,0fbc826f487896969f0ec621d1a0f2a512779baef05f074534c0863387635bb9,6f29a022738148ebebcb06ea91bd431e22bdc60e0608f65714d74806d7484dea,0.3745,15279,66892
ENSG00000126775,monodon_monoceros,shuffled,7,866124b2ded16bd21d98a191cc2c5040b85e8aedd4ca81759258b466cbf6a1ae,00d77c26ac02b7e3b2ea4b3d8490365bf304fa313ef849832f68a7e69f053569,0.6922,15704,66194
ENSG00000126775,mus_musculus,shuffled,7,59c846703a7d377ae45f0553023e3ce2a1adb9e24e3249b8d505b25db4484925,efc12295627b199387dcc537d33b1b698fb8dedfd6083e4fe3d4703276766757,0.9156,15206,66483
ENSG00000126775,myotis_lucifugus,shuffled,7,72c1c56a9acf0b086105af3ce2a5a325ee3b4753c00acb98cda8c513c5c35c5c,baac9f5a5fbfe27ad5e1988d19c4dc64600fd70e9c2770e62073106526de864e,0.9262,15615,66302
ENSG00000126775,ornithorhynchus_anatinus,shuffled,7,f8950e2ed30226b8c1c3c79ab5d125f96904896d0bb971c0e0ad6cab62bdee9d,f36a591cf0707b208387806aca47f4242798c743c69d2f18d579b798b8657c5d,0.2572,17610,63707
ENSG00000126775,ovis_aries,shuffled,7,d42ab1bf19568dac6d2b6320308899ab1dba1543dfb701e2ccef4dfaeab0ed80,066136fa756482db7f130531a1e1e92b2726bf2f4a073f90433ac3a59d26983d,0.6478,15503,66021
ENSG00000126775,pan_troglodytes,shuffled,7,ec334c64ed4019fb330f136c17c5f7a1d58ac829b13628be0b2fc5629d4d2b3c,aeaf275348c03c8f045acd236afd74c8002e0f6899f4134e465cc4c69ca64465,0.5255,14206,68029
ENSG00000126775,panthera_leo,shuffled,7,3399259e88a1ed1a05896fab187f4493248d334aa1cd860a62300970d74ebfa2,04aef3695d8c73944dc00358c78df0f80ea25957a01a7fdafc32b0c065e3de26,0.9404,15046,66854
ENSG00000126775,phascolarctos_cinereus,shuffled,7,e461410b0cea566e592794449c5d11f0e26637b759275729615299fcc10b26b3,c5b1e9f9f696abf8094af44214f8dcd749fd041b1573394eab91a0738e9e8463,0.3196,15564,66411
ENSG00000126775,rattus_norvegicus,shuffled,7,9709c6e99c7677df1b25abc069ee8c14cb4a84e0a092198d5981ed0e1b48e3f3,952babf306ee8a27b453730ec1c5a090e1a9e3a128f0efdd4ae3d1a94ba67cc2,1.9704,15284,66415
ENSG00000126775,rhinolophus_ferrumequinum,shuffled,7,d0dc545e592d253f711fd26bf58070bbcdc023f90f7801f07e4c6af3a0c60326,ddcdfccfae2805843f8d1ad4b2fff32ccbb547b2481aff9f94844fe3fbc287ff,0.5482,15674,66234
ENSG00000126775,rhinopithecus_roxellana,shuffled,7,8968635b324c5dc65e13837e71aaacb98830dbb45af46dfb1756d8d960a683ba,6eb5289aa50a861303d84f4641e7e6cc03b6f610b53b4fb8556b116c4a13081b,1.5632,14044,68016
ENSG00000126775,sarcophilus_harrisii,shuffled,7,d185824e69dd53f9eeb72197c08766203d6c6fac0d72729336d00f560edcd184,e53a4d275017c5c2e4cf65a6811a9085ae7bc7dbc6d6548d39cd85cc7566008f,0.2177,15257,66730
ENSG00000126775,sciurus_vulgaris,shuffled,7,da55aa0d649e448d4bc2ff3e9ef57a2565bdffc9c77029e398dba96ce81c85ef,b6369695b4df058970ab8fd0512efdbbcf43171b739feb6f95653480de253acc,0.1889,15409,66688
ENSG00000126775,sus_scrofa,shuffled,7,db6dd4c4776d0b7f285dc6595932f85f03d171f4dc537dbdaedb812983a9eadf,65e7b687fd6cdc3686daf2dfba84f69a708cbb1e948fbf530defccff38a604a9,0.7347,14870,67004
ENSG00000126775,vombatus_ursinus,shuffled,7,128f0c5d1f240d07c0a73cf3817a06da2cc34d6f827d76c23733baf7b7934746,18c31fff5f0e9a51eaa49fe1ce3d91d21f23ffd0b927f0e7605e1dd90f35fb2d,0.4997,15086,66590
ENSG00000126775,balaenoptera_musculus,shuffled,8,401a88cc2e60d8863018dc2a920d0ca5d2b6ba6c5ae1c3a651785fa27521ba31,29abe6dc2a38fb0f371a1b1f32372d3965ab140be258d8ca407b59ae63ebb8db,0.6644,15336,66218
ENSG00000126775,bos_grunniens,shuffled,8,b4dfbefb42aee07c8cadd5fdded2161daf5c894e8c0893bff9d2378103de7fcf,ebf4c5e61215201ae971e8eb27c161832c8622041fcf55fb6f0887c0a4bea913,0.1512,15466,66055
ENSG00000126775,callithrix_jacchus,shuffled,8,03785073e42905181b86d8d7ec2ff8e0d3754be963bcc6e8e6f1ba6f3a6ef3f7,2e3ddf9e5224e75889510140f8b4e4c62f23f751888e0df923ba18342e842475,0.2351,14017,67997
ENSG00000126775,camelus_dromedarius,shuffled,8,76447834307cb118c803a16e59e984cbbf92def04aff4483c781df0123579c84,2b237bcf6fdbd852fcc4264c90cd179aa91a78ac27d3f817a927d30aa08309f2,0.9238,15411,66350
ENSG00000126775,capra_hircus,shuffled,8,823fd4ac37410084c983b5a9c17a876127884c3dc5ccbaa077d34e86f56a496a,9b05f6b86a5f97cde1cdd2b6dd8dd085413b6a274b01482ee9b2c51887530bb7,0.5972,15588,66159
ENSG00000126775,cavia_porcellus,shuffled,8,61dd28b8e3dc26f7e420ad5b7ef2878aec93950d5d7d271ec11fbf41b05f7556,d773b6259b13aea8d45cd46a9accd1be66eea36d04604c4d7f8736e8f02062b2,0.1269,15121,66536
ENSG00000126775,delphinapterus_leucas,shuffled,8,95e624ad152a3b5acd3d535c307b1186ffbd5e7c31d671af246e29a2c2874735,ac654858526360095b98aa0609fa06c0bf5eb8d6623336e3f2ed5ff5e7c91798,0.1545,15707,66079
ENSG00000126775,heterocephalus_glaber_female,shuffled,8,5eb36a8b80ee424e958e9813ded83f1e1d5102bc6c3d29b99889b02a508ccfe0,db97a156253ebc1b0bf35a1e7639f1c0eba45fbc519e293e74e3c63eec8ea822,0.5876,15310,66521
ENSG00000126775,homo_sapiens,shuffled,8,9156315beaff7a63344c4cf8a7869c7690524743eec4e261c674d43eb4ad69b8,04370a920405a1bab761ad005f333ec10ab16118f7fc366b182102c6ffc279e4,1.3593,14060,68062
ENSG00000126775,loxodonta_africana,shuffled,8,cb5f75a5e2d3911d1c9a5e763e714c996e7a4aead991de95edfede1b23c6666a,a491f01eedb60b2528cf071c82f2a5c20b7383ebbb54226ca8488f5e16686ed6,0.2043,15542,66433
ENSG00000126775,macaca_fascicularis,shuffled,8,1975a765498cc957d37ccff5ff829307e6bfecb1b75236b60161015813b790e7,99abdce30ab86e17a1cf6ba740f55298bc8cb230d85dbcba1c305865f9cb7140,0.2192,14081,67847
ENSG00000126775,macaca_mulatta,shuffled,8,13dca706dfd60a9049d32a94fbc56bbd89ccb8ceeb6e2086eaa3277bbe61049f,e753664520fb3709c57cf989bfc653ae9848b4c381437ba84a257a9991323352,0.1469,14325,67898
ENSG00000126775,macaca_nemestrina,shuffled,8,b65925555e304c34708d5bf2c7f2c42570cbe89e4a35043888222a9418c8ef76,16e6734fb2463e465fde8b0d0b12a4ab03d475d437933bf6e7884b2a0102a744,0.7297,14274,67443
ENSG00000126775,microcebus_murinus,shuffled,8,765e643e8685e15a13c9101f8f972937897a6803464a720d1832998c5ce4d255,f67b35b98b44debc39811846f25205043f3215844a3da1b32690a602b861b067,0.962,15026,66719
ENSG00000126775,monodelphis_domestica,shuffled,8,77a1e88b71e9a5d30e2042a6710cdba73d23bb9a4ac06bbbb4b99cb875c5e2ac,5bb779358b2fb45e5d6f23fefbb86325662662a1c5513f1a6c47eb014a30fc1e,0.0443,15310,66819
ENSG00000126775,monodon_monoceros,shuffled,8,b2a6c81bc834acb4d42a229c4faaa5292fbebfd4ff2f40fbf26e1fb8bca9eecc,6ad1db1f6349ee3cecbdfc501a458b49db3131b0129882a9a0f5cf693e324ce6,0.3733,15725,66237
ENSG00000126775,mus_musculus,shuffled,8,c17b792ac9953b8a766c6f49e1e1721c0580b5ff6f139012649c274c8a42cb37,e63a9e8aad086b8e2fd16018b62b79cd526898d326b5a08d7a3292ade97b55e8,2.1407,15273,66457
ENSG00000126775,myotis_lucifugus,shuffled,8,56c61457c4b5cb3ab0357ce39b57d4cd17042b1545f21575efde74f1e5aea145,1d0ece861759a82e6c45e6e5127dfc7724ccda086d48b301b2d5d24fc3330aa3,1.4239,15615,66302
ENSG00000126775,ornithorhynchus_anatinus,shuffled,8,919fa37e8b57d3b116f4a146480fc27834d455fde220a5c6d354228884aa5b17,a955b5b7c7b67daeeb21a28537e0d5a8aefff39daa870dac9f4f06b155973c1d,0.2626,17598,63680
ENSG00000126775,ovis_aries,shuffled,8,c197f02c012096733b62864b761235d0c65749c38d190bf9f4dff6e2c95bc0f2,4140b39cfd1f52e3c9569892a5b60bbbff91ee2ca6986de88f57ca881697619d,0.944,15527,66064
ENSG00000126775,pan_troglodytes,shuffled,8,619f1413d7ceddc4dbcdd842a5a1aa23429e7c6fb43592dfe1b0f23761cf9476,1d49e91760ff513946de144a0825bd92fca71a51c6c330d488faa244c38bebf8,0.8134,14147,68008
ENSG00000126775,panthera_leo,shuffled,8,3f4aa2286bea359932a218fbed445b8d0a4096c3117d6a47537c27e1d1a99695,33103997e2739ab65decae704839659b359d9814d10bdc0c260749b2b620682c,0.1416,15046,66832
ENSG00000126775,phascolarctos_cinereus,shuffled,8,67b3798cb5375c4aa6cabf05f23ce7e85c4d5ed762c43510629b574c0da5d7c3,5d7572c9263a6368fcabb7e4233630234f48bdf12179200d9449e5852d6d6d9c,0.5507,15538,66318
ENSG00000126775,rattus_norvegicus,shuffled,8,91a1af1cf56b28b2a64623e0cf9af232cdea88ad2e0dfe44144858906eb0b935,2118faa98133fd086838eecaf6ad357e4087c7f1f905c467e3ed8dcf15015a67,0.8729,15241,66365
ENSG00000126775,rhinolophus_ferrumequinum,shuffled,8,d157bfc1f8ed0ba96abd8e8507eaa16317aea937eeda10661dd3ba4b2fe27668,e1ebc4576ef58e54ac158aec2914f16bfeb09c66640bf8016a065e4f5cf01763,0.7638,15702,66247
ENSG00000126775,rhinopithecus_roxellana,shuffled,8,10f6c798b6838311c3d5ac3d1a61a4938d0f2962dc177941494fea7a78e42808,f54e1d40c7966c1da83372e6e976b6046505a152c528db580e86f004df7db5cd,0.4793,14063,67971
ENSG00000126775,sarcophilus_harrisii,shuffled,8,d8e8acc5cdbfd6bf30ec0ffedc4bfeca6491b203ddefb74f7240ac114c60c677,4f3984d84ff8ec0e871ef2d3e6985643149c7bf9a8fce2ee0d22313548ca7b87,0.0532,15257,66798
ENSG00000126775,sciurus_vulgaris,shuffled,8,b4e47b34aea7f450e2ed7f592a10a8b840cb054dcfeb2e1ec54b67592802e0ab,e323fb85ddb4847366ad2496cade9f9f856cbb830a34e8c2178d1aa9a0bef65e,0.7378,15425,66668
ENSG00000126775,sus_scrofa,shuffled,8,98b0c634d3550d3969781386015d7302f84600d84a99e1addf85a7a4a8d0c5ec,d1ebc12486decf851ca4e49d0fa514b38b32ce5808bc00717e8c3c6fb709778d,0.2207,14839,66938
ENSG00000126775,vombatus_ursinus,shuffled,8,219b04b006ed36551a135022edecc0d15d1cd408b724a50be922b8de5ae0ffe8,ec9423dfce39474b83ca15f294d41b5c6adeaa3b9e4b5bb13f4d329cc4f945dd,0.3684,15156,66692
ENSG00000126775,balaenoptera_musculus,shuffled,9,7e22899e3fd88e4014f6b002fb0eb94ff3932e59dc91084eeefe613072588868,d3079a20755da290d18b64b8c37382db360bc0cdc3c0f228fcdd7136114dd7f7,0.5207,15317,66279
ENSG00000126775,bos_grunniens,shuffled,9,0bcb01fe7aa7cc51a77ed673fe202f868aee316447fd3b6d3967b89847cb7bb9,f7d4d838840a0545bc1cc75a1a50e7bd64a34f28d72e2c6bb61efbb7aa138512,0.9285,15571,66111
ENSG00000126775,callithrix_jacchus,shuffled,9,28e29cd8fea1e293c62c25129fe104cfb6f719a2442631c3ced73e1e655687f8,acc689593bab8cdebf270298392dadede165ac9f723ed704f537dc70e9635906,1.2345,13998,68027
ENSG00000126775,camelus_dromedarius,shuffled,9,d03589a6c959ba4d9c14de14a6bdf4475ceb139e0af99a9c06719318693a5b7e,54f32aeb2f5ad75beba63eb76c24a5897c34a0e009a117fbd2b41f1c80d675a9,0.5441,15447,66277
ENSG00000126775,capra_hircus,shuffled,9,c8af2a08e74b86ee4977c0901100577b071da9b3a687326e388da0fbd436ef8e,172878ad235982212b3ccfd94dd887b41291a60a31451561de134e5b22f0dd81,0.8706,15609,66159
ENSG00000126775,cavia_porcellus,shuffled,9,f3ff37113a9ed07e0240edf2cda78a303a0b8857e5d7c8ca57ef6a4e6371ca57,5809511808fe0e1def9054cce7fd15983157cf1c7952f545e35a443a2fb819d3,0.3427,15168,66554
ENSG00000126775,delphinapterus_leucas,shuffled,9,f303811a0198c2e620aa8e02e4f1324185cb8a2a53ebaeb4ac8dedb675ae51bf,0c7f141d5f758425a92ab99b342b4725ad4b248032898c155606b988019d7c5f,0.1673,15685,66116
ENSG00000126775,heterocephalus_glaber_female,shuffled,9,e80002e27d425e629bc694fc8046ebaad4836873fec3bdd525a8737ac43c760b,8a52add61a8e008f7de7ff1e9149c898b5801572938a6bc84152caed772fb451,0.2662,15306,66531
ENSG00000126775,homo_sapiens,shuffled,9,06940e33ec1627ac9d1d42ac4b40aa9c29a356140c19682f203b160c1afd39c8,46b8938702a0505bfbf8156b0e5d460d0ab23038fdd511f0b240f2f6306b1d4a,0.6711,14088,68044
ENSG00000126775,loxodonta_africana,shuffled,9,2399ac5026b4f7c89ffa2c3777531bedd8bbb5b4256712f170dc377b88b48c62,bcb5f902b11da2dcbea730eef426dc3b5000328af08b89318eb462bce19ecbc5,0.24,15593,66462
ENSG00000126775,macaca_fascicularis,shuffled,9,f678904614d1414e95808c139f88fcd671b3e8b6cd4a3b06214a48ffb876142a,ebf8b772ab87d28e5b40f200718690f560636b98e418e40e3aa4b7c490c757db,0.1063,14044,67911
ENSG00000126775,macaca_mulatta,shuffled,9,b861b7f232a216569b733bf2c116a7fd4becae722fb573a86862eea6da8970d2,0f0902c63d07a5a6ded14cdf4e93941d3dd1139f1e82a9c55418516af0e8f80a,0.3648,14279,67857
ENSG00000126775,macaca_nemestrina,shuffled,9,0d198b259e3650cb68b5b74e3ef960b15d831a859d27b044a21b36c6274778ea,e2a3919c85e90d882c68895e5c1dd9cea90437ce6faa3b354398056b1d760317,1.1663,14323,67532
ENSG00000126775,microcebus_murinus,shuffled,9,09bc7f1f5e75e6b0f55c54c091051e7169aed052708aedddd0291f4f806c3913,0f539ca51ae09597edffb42dcd8e8b4604016853f7677756441ace013ecca888,1.1475,15057,66719
ENSG00000126775,monodelphis_domestica,shuffled,9,28004c1b3ab388a9480c3f38d45e9835e1101de740ed2223e094caf1e47636f7,51b568cdaef7dd16f7ddbfd39f5858c8c86ce295cfb636e176c1114d2e6a0fa9,0.0689,15289,66906
ENSG00000126775,monodon_monoceros,shuffled,9,a3ed1b5685cf31ad6ad0a70b27e84dd70593709f9e7f41daa188f2fdf24d1cd4,7e618e17dd285a634c498f73e841c1c9e86be1f0f72adfdf8c6322f430a2d10d,0.3484,15640,66162
ENSG00000126775,mus_musculus,shuffled,9,e80f97663aea31a21f4e0406a58765e56660f958f954b23e9c53286cf63f66d4,a4ceb8a21f1b73a22a8deea2414547ee5127a98854f0bf003fff20959288dece,0.5263,15224,66436
ENSG00000126775,myotis_lucifugus,shuffled,9,acc0a209b43d9844191330a4edab9418d7374e39094b3faee9c20e33a810c967,0549cde3fef2fe3085d6fd6b06b20aebc7a3d7ed200039cc9329444980ec33d8,1.7014,15647,66448
ENSG00000126775,ornithorhynchus_anatinus,shuffled,9,df2ae63035836d20a4f8a54eacf0acf29c5244a7f21624ddd470f626188e4209,b7ee9efd00b3f457f7676157c4bb1788b79c5b6f52b1d73224de84a77768acee,0.2626,17598,63672
ENSG00000126775,ovis_aries,shuffled,9,9d50a840b60c95617fb08c60abbf50266fa2b273f02f4f50a06a54eb0fc43f7d,8902181e57e64a2e6dcbee5b5a11a40f48c61ac42be08d877120debe4280ad28,1.0716,15642,66083
ENSG00000126775,pan_troglodytes,shuffled,9,cc492f20351600855522076fcd081401aa01e2e34c0862c6beca92a23704b92f,6ccd3cc24f231f52c28d3f46fdf2268fce599f0f3ce900f715c2bafdcf298ae6,0.4139,14080,67995
ENSG00000126775,panthera_leo,shuffled,9,2514e48977ddb1c55305192ffec7ae53ada09a9edaa61949064351823d7b7ca3,50b889ec26efd8dbff7645265f5fe74c3edd2a2a7fcd54047d00a14298d9afcd,0.2988,15019,66786
ENSG00000126775,phascolarctos_cinereus,shuffled,9,8042c7f9ecbaa48042729bb74eab1ea56a8d57d93e2d24f16b9912a51cbb4f31,11588ccfa37c923446eac3cddfadafb6bb9764a128fc7a9a9b007cee987d43ca,0.7844,15520,66411
ENSG00000126775,rattus_norvegicus,shuffled,9,809a4be068b82abc790a2f59d20ab40af9ca837d52cb42a3483de6573611eb04,d9711eacd92b136e435d26e41034ec9bd19472e9a135f51ee45aca069459979b,0.7902,15329,66395
ENSG00000126775,rhinolophus_ferrumequinum,shuffled,9,89a4ce2a5dc2496fd03faf4000fdaebd306eec29539d6294441a98dbbd676227,0f7bf24002d65d17ce4e044a54b357ea23187a565b878b8fa246d8fd539ea622,0.2988,15707,66241
ENSG00000126775,rhinopithecus_roxellana,shuffled,9,454ee981cb6bb3c25a242c658dcc7ba43b929524dd7aff4eea93c0fde2e7c93b,ede7ec7b48d7f19b444d1ed928e32178fc1b0119347ffc29370d882e191a3456,0.4682,14039,67939
ENSG00000126775,sarcophilus_harrisii,shuffled,9,b78b8da650648add81822b0f1c610d73ec7ca792849a4033a6cee9f1725fdd98,4a5b0d8dffba1ffb5e84b7ba2aeb04a81f16dbaa236b009a2e0e45b3db8a7769,0.0524,15147,66767
ENSG00000126775,sciurus_vulgaris,shuffled,9,96e46126e08af20a8f6f54eb3ff36273394e87e0d6667f29a5580ce141523067,04bef72b28dfe3b8e96c33f55879e124fe59d16083bdce6485f073fd36e88011,0.9309,15457,66733
ENSG00000126775,sus_scrofa,shuffled,9,cc2fbd41c995877ad69ddcb973770701ff001d7ff34c9c5ce824ae13069c7cfa,338f4c520e4245132b790f5731fc531cd4d0fd9428961300bc9226e7d851669a,0.6347,14859,66970
ENSG00000126775,vombatus_ursinus,shuffled,9,72d5f40f20eaffe9f6e6f7a496fc407345b3681ce1d2ac098aa5929a8c3a65b4,16fa0976aa30d39805345ebd29d746291d187ab81e8624d6debaaab725b1499c,0.4807,15135,66649
